channel,store_code,sku,day,online,quantity,discount_value,revenue
Retail,S001,ST0009_M,2026-01-01,No,2,0,4392
Retail,S001,ST0036_L,2026-01-01,No,4,0,14496
Retail,S001,ST0013_L,2026-01-01,No,4,0,5824
Retail,S001,ST0024_M,2026-01-01,No,4,0,13900
Retail,S001,ST0023_S,2026-01-01,No,2,0,2398
Retail,S001,ST0006_XL,2026-01-01,No,1,0,4223
Retail,S001,ST0001_M,2026-01-01,No,2,0,2318
Retail,S001,ST0032_L,2026-01-01,No,1,0,3201
Retail,S001,ST0026_M,2026-01-01,No,1,0,2395
Retail,S001,ST0031_L,2026-01-01,No,4,0,18460
Retail,S001,ST0030_L,2026-01-01,No,4,0,11820
Retail,S001,ST0012_XL,2026-01-01,No,2,0,6738
Retail,S002,ST0027_S,2026-01-01,No,3,0,13542
Retail,S002,ST0016_XL,2026-01-01,No,2,0,3090
Retail,S002,ST0036_XL,2026-01-01,No,4,0,14204
Retail,S002,ST0015_XL,2026-01-01,No,1,0,3604
Retail,S002,ST0040_L,2026-01-01,No,3,0,1848
Retail,S002,ST0030_S,2026-01-01,No,3,0,3111
Retail,S002,ST0036_L,2026-01-01,No,2,0,7248
Retail,S002,ST0006_XL,2026-01-01,No,2,0,8446
Retail,S002,ST0035_L,2026-01-01,No,1,0,2215
Retail,S002,ST0047_XL,2026-01-01,No,3,0,8937
Retail,S002,ST0035_M,2026-01-01,No,1,0,1648
Retail,S002,ST0023_M,2026-01-01,No,3,0,4917
Retail,S002,ST0008_L,2026-01-01,No,3,0,4962
Retail,S002,ST0009_S,2026-01-01,No,3,0,11073
Retail,S002,ST0023_S,2026-01-01,No,3,0,3597
Retail,S003,ST0041_XL,2026-01-01,No,3,0,6492
Retail,S003,ST0004_XL,2026-01-01,No,1,0,2302
Retail,S003,ST0018_L,2026-01-01,No,1,0,1459
Retail,S003,ST0023_L,2026-01-01,No,1,0,690
Retail,S003,ST0028_S,2026-01-01,No,1,0,654
Retail,S003,ST0037_L,2026-01-01,No,2,0,2982
Retail,S003,ST0030_M,2026-01-01,No,2,0,4682
Retail,S003,ST0032_XL,2026-01-01,No,3,0,4413
Retail,S003,ST0015_L,2026-01-01,No,4,0,19984
Retail,S003,ST0048_L,2026-01-01,No,4,0,19808
Retail,S003,ST0029_XL,2026-01-01,No,1,0,3306
Retail,S003,ST0014_M,2026-01-01,No,1,0,4993
Retail,S003,ST0006_S,2026-01-01,No,3,0,4548
Retail,S003,ST0048_S,2026-01-01,No,3,0,6405
Retail,S004,ST0004_XL,2026-01-01,No,4,0,9208
Retail,S004,ST0024_L,2026-01-01,No,1,0,1684
Retail,S004,ST0020_XL,2026-01-01,No,3,0,11832
Retail,S004,ST0004_L,2026-01-01,No,2,0,6838
Retail,S004,ST0036_M,2026-01-01,No,4,0,12640
Retail,S004,ST0028_S,2026-01-01,No,4,0,2616
Retail,S004,ST0017_XL,2026-01-01,No,2,0,5970
Retail,S004,ST0026_M,2026-01-01,No,1,0,2395
Retail,S004,ST0035_XL,2026-01-01,No,1,0,4354
Retail,S004,ST0034_M,2026-01-01,No,1,0,4236
Retail,S004,ST0049_M,2026-01-01,No,1,0,3751
Retail,S004,ST0037_M,2026-01-01,No,4,0,5504
Retail,S004,ST0047_M,2026-01-01,No,1,0,3459
Retail,S004,ST0035_S,2026-01-01,No,4,0,15044
Retail,S004,ST0027_L,2026-01-01,No,3,0,6558
Retail,S005,ST0027_M,2026-01-01,No,2,0,6802
Retail,S005,ST0014_S,2026-01-01,No,1,0,660
Retail,S005,ST0044_S,2026-01-01,No,1,0,1080
Retail,S005,ST0034_XL,2026-01-01,No,3,0,3222
Retail,S005,ST0026_S,2026-01-01,No,4,0,4276
Retail,S005,ST0020_M,2026-01-01,No,3,0,9072
Retail,S005,ST0026_M,2026-01-01,No,3,0,7185
Retail,S005,ST0002_XL,2026-01-01,No,3,0,10233
Retail,S005,ST0011_XL,2026-01-01,No,1,0,2700
Retail,S005,ST0028_XL,2026-01-01,No,1,0,4557
Retail,S005,ST0006_M,2026-01-01,No,4,0,16572
Retail,S005,ST0003_XL,2026-01-01,No,3,0,10428
Retail,S005,ST0017_M,2026-01-01,No,3,0,11808
Retail,S005,ST0008_L,2026-01-01,No,4,0,6616
Retail,S005,ST0001_M,2026-01-01,No,2,0,2318
Retail,S005,ST0032_XL,2026-01-01,No,1,0,1471
Retail,S006,ST0020_M,2026-01-01,No,2,0,6048
Retail,S006,ST0049_M,2026-01-01,No,1,0,3751
Retail,S006,ST0036_XL,2026-01-01,No,4,0,14204
Retail,S006,ST0046_S,2026-01-01,No,1,0,4545
Retail,S006,ST0018_S,2026-01-01,No,3,0,11562
Retail,S006,ST0038_M,2026-01-01,No,1,0,4965
Retail,S006,ST0029_L,2026-01-01,No,1,0,4841
Retail,S006,ST0014_XL,2026-01-01,No,4,0,17948
Retail,S006,ST0015_S,2026-01-01,No,4,0,8108
Retail,S006,ST0044_S,2026-01-01,No,3,0,3240
Retail,S006,ST0034_L,2026-01-01,No,1,0,4269
Retail,S006,ST0008_L,2026-01-01,No,1,0,1654
Retail,S006,ST0013_XL,2026-01-01,No,4,0,18268
Retail,S006,ST0037_M,2026-01-01,No,2,0,2752
Retail,S006,ST0002_S,2026-01-01,No,3,0,7458
Retail,S007,ST0044_S,2026-01-01,No,2,0,2160
Retail,S007,ST0011_M,2026-01-01,No,3,0,9171
Retail,S007,ST0027_M,2026-01-01,No,1,0,3401
Retail,S007,ST0002_L,2026-01-01,No,1,0,3719
Retail,S007,ST0009_XL,2026-01-01,No,4,0,8592
Retail,S007,ST0050_S,2026-01-01,No,1,0,2131
Retail,S007,ST0033_XL,2026-01-01,No,2,0,2706
Retail,S007,ST0045_M,2026-01-01,No,3,0,12018
Retail,S007,ST0040_M,2026-01-01,No,4,0,4960
Retail,S007,ST0029_S,2026-01-01,No,4,0,5136
Retail,S007,ST0035_M,2026-01-01,No,3,0,4944
Retail,S007,ST0041_M,2026-01-01,No,3,0,7293
Retail,S007,ST0028_M,2026-01-01,No,4,0,12148
Retail,S007,ST0006_XL,2026-01-01,No,2,0,8446
Retail,S007,ST0029_XL,2026-01-01,No,4,0,13224
Retail,S007,ST0036_L,2026-01-01,No,3,0,10872
Retail,S007,ST0006_M,2026-01-01,No,1,0,4143
Retail,S008,ST0045_M,2026-01-01,No,4,0,16024
Retail,S008,ST0007_XL,2026-01-01,No,4,0,14680
Retail,S008,ST0029_L,2026-01-01,No,3,0,14523
Retail,S008,ST0041_M,2026-01-01,No,3,0,7293
Retail,S008,ST0008_S,2026-01-01,No,3,0,6546
Retail,S008,ST0021_L,2026-01-01,No,3,0,8481
Retail,S008,ST0010_XL,2026-01-01,No,3,0,2259
Retail,S008,ST0014_M,2026-01-01,No,4,0,19972
Retail,S008,ST0033_XL,2026-01-01,No,4,0,5412
Retail,S008,ST0045_XL,2026-01-01,No,1,0,3856
Retail,S008,ST0018_L,2026-01-01,No,2,0,2918
Retail,S008,ST0034_S,2026-01-01,No,2,0,9292
Retail,S008,ST0009_M,2026-01-01,No,2,0,4392
Retail,S008,ST0016_S,2026-01-01,No,1,0,3235
Retail,S008,ST0040_M,2026-01-01,No,1,0,1240
Retail,S008,ST0050_M,2026-01-01,No,1,0,3316
Retail,S008,ST0010_L,2026-01-01,No,2,0,8846
Retail,S008,ST0013_L,2026-01-01,No,2,0,2912
Retail,S009,ST0005_L,2026-01-01,No,3,0,2286
Retail,S009,ST0001_L,2026-01-01,No,1,0,3311
Retail,S009,ST0026_M,2026-01-01,No,2,0,4790
Retail,S009,ST0018_L,2026-01-01,No,3,0,4377
Retail,S009,ST0030_M,2026-01-01,No,2,0,4682
Retail,S009,ST0045_XL,2026-01-01,No,4,0,15424
Retail,S009,ST0037_XL,2026-01-01,No,2,0,9284
Retail,S009,ST0050_S,2026-01-01,No,4,0,8524
Retail,S009,ST0038_XL,2026-01-01,No,3,0,6579
Retail,S009,ST0037_S,2026-01-01,No,1,0,504
Retail,S009,ST0002_M,2026-01-01,No,4,0,2584
Retail,S009,ST0031_L,2026-01-01,No,2,0,9230
Retail,S009,ST0034_M,2026-01-01,No,1,0,4236
Retail,S009,ST0009_S,2026-01-01,No,2,0,7382
Retail,S009,ST0010_S,2026-01-01,No,1,0,1945
Retail,S009,ST0010_L,2026-01-01,No,2,0,8846
Retail,S009,ST0036_L,2026-01-01,No,1,0,3624
Retail,S010,ST0014_S,2026-01-01,No,1,0,660
Retail,S010,ST0022_L,2026-01-01,No,1,0,1106
Retail,S010,ST0002_XL,2026-01-01,No,4,0,13644
Retail,S010,ST0034_XL,2026-01-01,No,1,0,1074
Retail,S010,ST0017_XL,2026-01-01,No,1,0,2985
Retail,S010,ST0016_M,2026-01-01,No,2,0,2908
Retail,S010,ST0017_S,2026-01-01,No,3,0,6579
Retail,S010,ST0031_M,2026-01-01,No,3,0,13893
Retail,S010,ST0006_M,2026-01-01,No,2,0,8286
Retail,S010,ST0001_M,2026-01-01,No,4,0,4636
Retail,S010,ST0022_S,2026-01-01,No,1,0,801
Retail,S010,ST0017_L,2026-01-01,No,1,0,1062
Retail,S010,ST0010_XL,2026-01-01,No,4,0,3012
Retail,S010,ST0042_L,2026-01-01,No,3,0,10047
Retail,S010,ST0026_XL,2026-01-01,No,2,0,8726
Retail,S001,ST0012_S,2026-01-02,No,3,0,10383
Retail,S001,ST0028_XL,2026-01-02,No,3,0,13671
Retail,S001,ST0049_L,2026-01-02,No,4,0,16920
Retail,S001,ST0041_L,2026-01-02,No,3,0,4536
Retail,S001,ST0036_M,2026-01-02,No,2,0,6320
Retail,S001,ST0040_L,2026-01-02,No,2,0,1232
Retail,S001,ST0008_S,2026-01-02,No,1,0,2182
Retail,S001,ST0003_M,2026-01-02,No,4,0,9372
Retail,S001,ST0050_L,2026-01-02,No,4,0,6060
Retail,S001,ST0044_L,2026-01-02,No,3,0,10941
Retail,S001,ST0022_L,2026-01-02,No,2,0,2212
Retail,S001,ST0030_M,2026-01-02,No,1,0,2341
Retail,S001,ST0040_M,2026-01-02,No,4,0,4960
Retail,S001,ST0014_S,2026-01-02,No,3,0,1980
Retail,S002,ST0002_S,2026-01-02,No,4,0,9944
Retail,S002,ST0034_L,2026-01-02,No,3,0,12807
Retail,S002,ST0039_L,2026-01-02,No,3,0,3990
Retail,S002,ST0036_L,2026-01-02,No,4,0,14496
Retail,S002,ST0008_XL,2026-01-02,No,3,0,14997
Retail,S002,ST0045_M,2026-01-02,No,3,0,12018
Retail,S002,ST0014_S,2026-01-02,No,2,0,1320
Retail,S002,ST0048_L,2026-01-02,No,2,0,9904
Retail,S002,ST0002_L,2026-01-02,No,4,0,14876
Retail,S002,ST0033_S,2026-01-02,No,1,0,1666
Retail,S002,ST0015_M,2026-01-02,No,3,0,5154
Retail,S002,ST0011_XL,2026-01-02,No,3,0,8100
Retail,S002,ST0020_M,2026-01-02,No,4,0,12096
Retail,S002,ST0042_M,2026-01-02,No,4,0,4048
Retail,S002,ST0011_M,2026-01-02,No,2,0,6114
Retail,S003,ST0044_XL,2026-01-02,No,2,0,9498
Retail,S003,ST0044_L,2026-01-02,No,1,0,3647
Retail,S003,ST0032_XL,2026-01-02,No,1,0,1471
Retail,S003,ST0034_S,2026-01-02,No,3,0,13938
Retail,S003,ST0039_XL,2026-01-02,No,4,0,16700
Retail,S003,ST0041_XL,2026-01-02,No,3,0,6492
Retail,S003,ST0017_M,2026-01-02,No,2,0,7872
Retail,S003,ST0021_L,2026-01-02,No,2,0,5654
Retail,S003,ST0029_L,2026-01-02,No,4,0,19364
Retail,S003,ST0017_S,2026-01-02,No,4,0,8772
Retail,S003,ST0004_M,2026-01-02,No,4,0,11540
Retail,S003,ST0039_S,2026-01-02,No,4,0,8728
Retail,S003,ST0044_S,2026-01-02,No,1,0,1080
Retail,S004,ST0033_S,2026-01-02,No,2,0,3332
Retail,S004,ST0021_S,2026-01-02,No,1,0,3065
Retail,S004,ST0008_XL,2026-01-02,No,3,0,14997
Retail,S004,ST0017_L,2026-01-02,No,3,0,3186
Retail,S004,ST0016_S,2026-01-02,No,3,0,9705
Retail,S004,ST0047_M,2026-01-02,No,3,0,10377
Retail,S004,ST0031_XL,2026-01-02,No,3,0,8604
Retail,S004,ST0041_XL,2026-01-02,No,3,0,6492
Retail,S004,ST0016_M,2026-01-02,No,2,0,2908
Retail,S004,ST0005_L,2026-01-02,No,3,0,2286
Retail,S004,ST0040_M,2026-01-02,No,2,0,2480
Retail,S004,ST0041_M,2026-01-02,No,3,0,7293
Retail,S004,ST0023_S,2026-01-02,No,1,0,1199
Retail,S004,ST0026_XL,2026-01-02,No,2,0,8726
Retail,S004,ST0009_S,2026-01-02,No,2,0,7382
Retail,S004,ST0010_L,2026-01-02,No,4,0,17692
Retail,S005,ST0001_M,2026-01-02,No,1,0,1159
Retail,S005,ST0037_L,2026-01-02,No,1,0,1491
Retail,S005,ST0049_M,2026-01-02,No,2,0,7502
Retail,S005,ST0045_S,2026-01-02,No,4,0,8716
Retail,S005,ST0047_L,2026-01-02,No,4,0,11060
Retail,S005,ST0013_L,2026-01-02,No,2,0,2912
Retail,S005,ST0041_M,2026-01-02,No,4,0,9724
Retail,S005,ST0039_S,2026-01-02,No,4,0,8728
Retail,S005,ST0008_M,2026-01-02,No,2,0,5510
Retail,S005,ST0037_M,2026-01-02,No,3,0,4128
Retail,S005,ST0033_S,2026-01-02,No,3,0,4998
Retail,S005,ST0007_S,2026-01-02,No,2,0,7216
Retail,S005,ST0010_XL,2026-01-02,No,1,0,753
Retail,S005,ST0006_XL,2026-01-02,No,4,0,16892
Retail,S005,ST0038_S,2026-01-02,No,2,0,9728
Retail,S006,ST0041_L,2026-01-02,No,2,0,3024
Retail,S006,ST0045_M,2026-01-02,No,2,0,8012
Retail,S006,ST0027_S,2026-01-02,No,2,0,9028
Retail,S006,ST0018_L,2026-01-02,No,3,0,4377
Retail,S006,ST0029_M,2026-01-02,No,1,0,3675
Retail,S006,ST0014_L,2026-01-02,No,1,0,1800
Retail,S006,ST0035_XL,2026-01-02,No,2,0,8708
Retail,S006,ST0046_XL,2026-01-02,No,2,0,5282
Retail,S006,ST0044_XL,2026-01-02,No,4,0,18996
Retail,S006,ST0022_M,2026-01-02,No,3,0,14328
Retail,S006,ST0009_L,2026-01-02,No,3,0,13473
Retail,S006,ST0003_L,2026-01-02,No,4,0,3952
Retail,S006,ST0045_L,2026-01-02,No,2,0,6488
Retail,S007,ST0046_M,2026-01-02,No,2,0,3486
Retail,S007,ST0024_L,2026-01-02,No,1,0,1684
Retail,S007,ST0008_L,2026-01-02,No,3,0,4962
Retail,S007,ST0003_M,2026-01-02,No,1,0,2343
Retail,S007,ST0035_L,2026-01-02,No,1,0,2215
Retail,S007,ST0043_S,2026-01-02,No,2,0,8344
Retail,S007,ST0018_M,2026-01-02,No,2,0,1450
Retail,S007,ST0017_M,2026-01-02,No,3,0,11808
Retail,S007,ST0025_L,2026-01-02,No,2,0,5130
Retail,S007,ST0046_S,2026-01-02,No,2,0,9090
Retail,S007,ST0031_XL,2026-01-02,No,1,0,2868
Retail,S007,ST0029_L,2026-01-02,No,1,0,4841
Retail,S007,ST0034_XL,2026-01-02,No,1,0,1074
Retail,S007,ST0044_S,2026-01-02,No,2,0,2160
Retail,S007,ST0037_XL,2026-01-02,No,4,0,18568
Retail,S007,ST0030_S,2026-01-02,No,4,0,4148
Retail,S008,ST0021_XL,2026-01-02,No,4,0,15680
Retail,S008,ST0044_XL,2026-01-02,No,4,0,18996
Retail,S008,ST0041_S,2026-01-02,No,1,0,1650
Retail,S008,ST0032_M,2026-01-02,No,2,0,9990
Retail,S008,ST0022_L,2026-01-02,No,4,0,4424
Retail,S008,ST0046_L,2026-01-02,No,2,0,7236
Retail,S008,ST0020_M,2026-01-02,No,3,0,9072
Retail,S008,ST0037_S,2026-01-02,No,4,0,2016
Retail,S008,ST0035_M,2026-01-02,No,2,0,3296
Retail,S008,ST0011_L,2026-01-02,No,4,0,2392
Retail,S008,ST0042_M,2026-01-02,No,2,0,2024
Retail,S008,ST0004_M,2026-01-02,No,2,0,5770
Retail,S008,ST0006_XL,2026-01-02,No,4,0,16892
Retail,S008,ST0009_S,2026-01-02,No,3,0,11073
Retail,S008,ST0005_L,2026-01-02,No,2,0,1524
Retail,S008,ST0048_M,2026-01-02,No,2,0,4514
Retail,S008,ST0011_S,2026-01-02,No,3,0,11049
Retail,S008,ST0013_L,2026-01-02,No,4,0,5824
Retail,S009,ST0019_XL,2026-01-02,No,1,0,1743
Retail,S009,ST0041_M,2026-01-02,No,1,0,2431
Retail,S009,ST0012_L,2026-01-02,No,4,0,17108
Retail,S009,ST0047_S,2026-01-02,No,3,0,10677
Retail,S009,ST0010_M,2026-01-02,No,2,0,9398
Retail,S009,ST0015_XL,2026-01-02,No,1,0,3604
Retail,S009,ST0011_S,2026-01-02,No,3,0,11049
Retail,S009,ST0049_S,2026-01-02,No,2,0,6698
Retail,S009,ST0048_S,2026-01-02,No,1,0,2135
Retail,S009,ST0009_S,2026-01-02,No,3,0,11073
Retail,S009,ST0031_M,2026-01-02,No,4,0,18524
Retail,S009,ST0024_XL,2026-01-02,No,4,0,15308
Retail,S009,ST0048_L,2026-01-02,No,2,0,9904
Retail,S009,ST0025_S,2026-01-02,No,3,0,11682
Retail,S010,ST0045_L,2026-01-02,No,1,0,3244
Retail,S010,ST0009_M,2026-01-02,No,2,0,4392
Retail,S010,ST0031_XL,2026-01-02,No,4,0,11472
Retail,S010,ST0050_S,2026-01-02,No,3,0,6393
Retail,S010,ST0002_L,2026-01-02,No,4,0,14876
Retail,S010,ST0017_XL,2026-01-02,No,1,0,2985
Retail,S010,ST0027_S,2026-01-02,No,3,0,13542
Retail,S010,ST0012_XL,2026-01-02,No,1,0,3369
Retail,S010,ST0020_L,2026-01-02,No,2,0,3138
Retail,S010,ST0041_S,2026-01-02,No,3,0,4950
Retail,S010,ST0013_L,2026-01-02,No,3,0,4368
Retail,S010,ST0002_S,2026-01-02,No,1,0,2486
Retail,S010,ST0007_M,2026-01-02,No,3,0,13770
Retail,S010,ST0033_M,2026-01-02,No,2,0,6548
Retail,S010,ST0012_L,2026-01-02,No,1,0,4277
Retail,S001,ST0031_XL,2026-01-03,No,1,0,2868
Retail,S001,ST0036_M,2026-01-03,No,1,0,3160
Retail,S001,ST0024_L,2026-01-03,No,1,0,1684
Retail,S001,ST0006_S,2026-01-03,No,2,0,3032
Retail,S001,ST0014_S,2026-01-03,No,1,0,660
Retail,S001,ST0007_S,2026-01-03,No,2,0,7216
Retail,S001,ST0034_XL,2026-01-03,No,2,0,2148
Retail,S001,ST0036_L,2026-01-03,No,4,0,14496
Retail,S001,ST0028_S,2026-01-03,No,4,0,2616
Retail,S001,ST0032_M,2026-01-03,No,1,0,4995
Retail,S001,ST0031_S,2026-01-03,No,2,0,6900
Retail,S001,ST0043_M,2026-01-03,No,2,0,7686
Retail,S002,ST0030_S,2026-01-03,No,4,0,4148
Retail,S002,ST0039_S,2026-01-03,No,4,0,8728
Retail,S002,ST0021_S,2026-01-03,No,1,0,3065
Retail,S002,ST0025_S,2026-01-03,No,3,0,11682
Retail,S002,ST0041_M,2026-01-03,No,3,0,7293
Retail,S002,ST0047_S,2026-01-03,No,4,0,14236
Retail,S002,ST0026_L,2026-01-03,No,3,0,9699
Retail,S002,ST0005_M,2026-01-03,No,1,0,3869
Retail,S002,ST0022_M,2026-01-03,No,2,0,9552
Retail,S002,ST0002_M,2026-01-03,No,4,0,2584
Retail,S002,ST0028_S,2026-01-03,No,2,0,1308
Retail,S002,ST0017_L,2026-01-03,No,3,0,3186
Retail,S002,ST0050_L,2026-01-03,No,2,0,3030
Retail,S002,ST0014_XL,2026-01-03,No,3,0,13461
Retail,S002,ST0043_L,2026-01-03,No,4,0,18280
Retail,S002,ST0026_XL,2026-01-03,No,3,0,13089
Retail,S003,ST0046_S,2026-01-03,No,3,0,13635
Retail,S003,ST0050_S,2026-01-03,No,2,0,4262
Retail,S003,ST0006_XL,2026-01-03,No,2,0,8446
Retail,S003,ST0024_M,2026-01-03,No,3,0,10425
Retail,S003,ST0029_M,2026-01-03,No,1,0,3675
Retail,S003,ST0009_M,2026-01-03,No,1,0,2196
Retail,S003,ST0038_S,2026-01-03,No,2,0,9728
Retail,S003,ST0031_XL,2026-01-03,No,3,0,8604
Retail,S003,ST0022_S,2026-01-03,No,3,0,2403
Retail,S003,ST0039_L,2026-01-03,No,1,0,1330
Retail,S003,ST0023_L,2026-01-03,No,4,0,2760
Retail,S003,ST0016_M,2026-01-03,No,1,0,1454
Retail,S003,ST0047_XL,2026-01-03,No,3,0,8937
Retail,S003,ST0011_S,2026-01-03,No,2,0,7366
Retail,S003,ST0031_S,2026-01-03,No,1,0,3450
Retail,S004,ST0010_XL,2026-01-03,No,1,0,753
Retail,S004,ST0045_S,2026-01-03,No,4,0,8716
Retail,S004,ST0049_XL,2026-01-03,No,2,0,5978
Retail,S004,ST0048_S,2026-01-03,No,2,0,4270
Retail,S004,ST0022_XL,2026-01-03,No,4,0,14680
Retail,S004,ST0041_M,2026-01-03,No,1,0,2431
Retail,S004,ST0008_L,2026-01-03,No,2,0,3308
Retail,S004,ST0042_XL,2026-01-03,No,3,0,3177
Retail,S004,ST0002_L,2026-01-03,No,2,0,7438
Retail,S004,ST0049_S,2026-01-03,No,2,0,6698
Retail,S004,ST0028_M,2026-01-03,No,1,0,3037
Retail,S004,ST0019_S,2026-01-03,No,3,0,3945
Retail,S004,ST0025_XL,2026-01-03,No,2,0,4632
Retail,S004,ST0016_XL,2026-01-03,No,4,0,6180
Retail,S004,ST0013_S,2026-01-03,No,4,0,14936
Retail,S005,ST0049_L,2026-01-03,No,3,0,12690
Retail,S005,ST0012_M,2026-01-03,No,2,0,9866
Retail,S005,ST0045_L,2026-01-03,No,1,0,3244
Retail,S005,ST0036_L,2026-01-03,No,2,0,7248
Retail,S005,ST0049_S,2026-01-03,No,3,0,10047
Retail,S005,ST0022_S,2026-01-03,No,1,0,801
Retail,S005,ST0029_M,2026-01-03,No,1,0,3675
Retail,S005,ST0008_XL,2026-01-03,No,4,0,19996
Retail,S005,ST0006_M,2026-01-03,No,2,0,8286
Retail,S005,ST0014_S,2026-01-03,No,2,0,1320
Retail,S005,ST0009_S,2026-01-03,No,4,0,14764
Retail,S005,ST0043_L,2026-01-03,No,2,0,9140
Retail,S005,ST0044_M,2026-01-03,No,2,0,5588
Retail,S005,ST0045_M,2026-01-03,No,4,0,16024
Retail,S005,ST0025_S,2026-01-03,No,3,0,11682
Retail,S006,ST0032_S,2026-01-03,No,3,0,13041
Retail,S006,ST0003_M,2026-01-03,No,3,0,7029
Retail,S006,ST0041_XL,2026-01-03,No,1,0,2164
Retail,S006,ST0010_S,2026-01-03,No,4,0,7780
Retail,S006,ST0018_XL,2026-01-03,No,1,0,3567
Retail,S006,ST0029_M,2026-01-03,No,2,0,7350
Retail,S006,ST0044_XL,2026-01-03,No,1,0,4749
Retail,S006,ST0024_L,2026-01-03,No,4,0,6736
Retail,S006,ST0035_XL,2026-01-03,No,4,0,17416
Retail,S006,ST0045_S,2026-01-03,No,2,0,4358
Retail,S006,ST0011_XL,2026-01-03,No,4,0,10800
Retail,S006,ST0015_S,2026-01-03,No,1,0,2027
Retail,S006,ST0030_S,2026-01-03,No,3,0,3111
Retail,S006,ST0012_S,2026-01-03,No,1,0,3461
Retail,S006,ST0012_M,2026-01-03,No,3,0,14799
Retail,S006,ST0002_S,2026-01-03,No,2,0,4972
Retail,S007,ST0015_XL,2026-01-03,No,3,0,10812
Retail,S007,ST0047_M,2026-01-03,No,3,0,10377
Retail,S007,ST0044_L,2026-01-03,No,2,0,7294
Retail,S007,ST0018_XL,2026-01-03,No,1,0,3567
Retail,S007,ST0011_XL,2026-01-03,No,2,0,5400
Retail,S007,ST0022_M,2026-01-03,No,3,0,14328
Retail,S007,ST0008_M,2026-01-03,No,4,0,11020
Retail,S007,ST0002_S,2026-01-03,No,1,0,2486
Retail,S007,ST0039_XL,2026-01-03,No,3,0,12525
Retail,S007,ST0043_L,2026-01-03,No,4,0,18280
Retail,S007,ST0006_L,2026-01-03,No,2,0,5098
Retail,S007,ST0018_M,2026-01-03,No,3,0,2175
Retail,S007,ST0036_S,2026-01-03,No,4,0,11964
Retail,S007,ST0026_M,2026-01-03,No,4,0,9580
Retail,S007,ST0039_S,2026-01-03,No,2,0,4364
Retail,S007,ST0027_L,2026-01-03,No,2,0,4372
Retail,S007,ST0030_M,2026-01-03,No,2,0,4682
Retail,S007,ST0025_M,2026-01-03,No,2,0,1254
Retail,S008,ST0048_M,2026-01-03,No,3,0,6771
Retail,S008,ST0027_S,2026-01-03,No,1,0,4514
Retail,S008,ST0037_XL,2026-01-03,No,1,0,4642
Retail,S008,ST0011_L,2026-01-03,No,3,0,1794
Retail,S008,ST0039_L,2026-01-03,No,2,0,2660
Retail,S008,ST0026_XL,2026-01-03,No,3,0,13089
Retail,S008,ST0017_L,2026-01-03,No,2,0,2124
Retail,S008,ST0040_M,2026-01-03,No,1,0,1240
Retail,S008,ST0007_XL,2026-01-03,No,4,0,14680
Retail,S008,ST0033_S,2026-01-03,No,4,0,6664
Retail,S008,ST0032_M,2026-01-03,No,4,0,19980
Retail,S008,ST0030_S,2026-01-03,No,2,0,2074
Retail,S008,ST0050_S,2026-01-03,No,4,0,8524
Retail,S008,ST0017_M,2026-01-03,No,2,0,7872
Retail,S008,ST0039_S,2026-01-03,No,3,0,6546
Retail,S008,ST0024_XL,2026-01-03,No,4,0,15308
Retail,S009,ST0012_L,2026-01-03,No,2,0,8554
Retail,S009,ST0036_M,2026-01-03,No,2,0,6320
Retail,S009,ST0001_L,2026-01-03,No,4,0,13244
Retail,S009,ST0037_XL,2026-01-03,No,2,0,9284
Retail,S009,ST0009_L,2026-01-03,No,4,0,17964
Retail,S009,ST0006_M,2026-01-03,No,4,0,16572
Retail,S009,ST0038_L,2026-01-03,No,3,0,3405
Retail,S009,ST0040_S,2026-01-03,No,4,0,7476
Retail,S009,ST0005_XL,2026-01-03,No,4,0,4492
Retail,S009,ST0008_S,2026-01-03,No,2,0,4364
Retail,S009,ST0029_M,2026-01-03,No,4,0,14700
Retail,S009,ST0026_M,2026-01-03,No,2,0,4790
Retail,S009,ST0017_M,2026-01-03,No,1,0,3936
Retail,S009,ST0007_M,2026-01-03,No,2,0,9180
Retail,S010,ST0004_XL,2026-01-03,No,2,0,4604
Retail,S010,ST0046_M,2026-01-03,No,2,0,3486
Retail,S010,ST0029_L,2026-01-03,No,4,0,19364
Retail,S010,ST0028_L,2026-01-03,No,3,0,5727
Retail,S010,ST0003_L,2026-01-03,No,1,0,988
Retail,S010,ST0025_S,2026-01-03,No,2,0,7788
Retail,S010,ST0049_S,2026-01-03,No,4,0,13396
Retail,S010,ST0033_M,2026-01-03,No,2,0,6548
Retail,S010,ST0025_M,2026-01-03,No,1,0,627
Retail,S010,ST0002_XL,2026-01-03,No,3,0,10233
Retail,S010,ST0026_S,2026-01-03,No,3,0,3207
Retail,S010,ST0050_M,2026-01-03,No,4,0,13264
Retail,S010,ST0019_L,2026-01-03,No,4,0,2064
Retail,S010,ST0044_M,2026-01-03,No,3,0,8382
Retail,S010,ST0045_XL,2026-01-03,No,1,0,3856
Retail,S010,ST0046_L,2026-01-03,No,4,0,14472
Retail,S001,ST0040_M,2026-01-04,No,1,0,1240
Retail,S001,ST0040_L,2026-01-04,No,4,0,2464
Retail,S001,ST0019_S,2026-01-04,No,1,0,1315
Retail,S001,ST0050_XL,2026-01-04,No,4,0,7392
Retail,S001,ST0011_S,2026-01-04,No,3,0,11049
Retail,S001,ST0044_S,2026-01-04,No,2,0,2160
Retail,S001,ST0008_XL,2026-01-04,No,2,0,9998
Retail,S001,ST0028_M,2026-01-04,No,2,0,6074
Retail,S001,ST0033_S,2026-01-04,No,3,0,4998
Retail,S001,ST0021_S,2026-01-04,No,1,0,3065
Retail,S001,ST0028_S,2026-01-04,No,1,0,654
Retail,S001,ST0043_L,2026-01-04,No,3,0,13710
Retail,S001,ST0030_XL,2026-01-04,No,2,0,2048
Retail,S001,ST0011_M,2026-01-04,No,2,0,6114
Retail,S002,ST0010_XL,2026-01-04,No,1,0,753
Retail,S002,ST0042_XL,2026-01-04,No,2,0,2118
Retail,S002,ST0006_L,2026-01-04,No,2,0,5098
Retail,S002,ST0035_XL,2026-01-04,No,4,0,17416
Retail,S002,ST0006_XL,2026-01-04,No,2,0,8446
Retail,S002,ST0018_L,2026-01-04,No,1,0,1459
Retail,S002,ST0033_L,2026-01-04,No,1,0,2482
Retail,S002,ST0050_S,2026-01-04,No,1,0,2131
Retail,S002,ST0033_S,2026-01-04,No,1,0,1666
Retail,S002,ST0030_M,2026-01-04,No,3,0,7023
Retail,S002,ST0029_M,2026-01-04,No,3,0,11025
Retail,S002,ST0016_S,2026-01-04,No,3,0,9705
Retail,S002,ST0047_XL,2026-01-04,No,4,0,11916
Retail,S002,ST0036_M,2026-01-04,No,1,0,3160
Retail,S002,ST0007_L,2026-01-04,No,4,0,10224
Retail,S002,ST0048_M,2026-01-04,No,1,0,2257
Retail,S003,ST0024_L,2026-01-04,No,3,0,5052
Retail,S003,ST0031_L,2026-01-04,No,1,0,4615
Retail,S003,ST0045_XL,2026-01-04,No,3,0,11568
Retail,S003,ST0020_M,2026-01-04,No,3,0,9072
Retail,S003,ST0015_S,2026-01-04,No,4,0,8108
Retail,S003,ST0048_L,2026-01-04,No,4,0,19808
Retail,S003,ST0046_L,2026-01-04,No,2,0,7236
Retail,S003,ST0017_S,2026-01-04,No,4,0,8772
Retail,S003,ST0033_S,2026-01-04,No,1,0,1666
Retail,S003,ST0002_XL,2026-01-04,No,3,0,10233
Retail,S003,ST0041_XL,2026-01-04,No,1,0,2164
Retail,S003,ST0028_XL,2026-01-04,No,4,0,18228
Retail,S004,ST0028_M,2026-01-04,No,2,0,6074
Retail,S004,ST0022_L,2026-01-04,No,1,0,1106
Retail,S004,ST0019_L,2026-01-04,No,2,0,1032
Retail,S004,ST0028_L,2026-01-04,No,3,0,5727
Retail,S004,ST0048_XL,2026-01-04,No,4,0,10280
Retail,S004,ST0041_XL,2026-01-04,No,4,0,8656
Retail,S004,ST0049_XL,2026-01-04,No,3,0,8967
Retail,S004,ST0039_L,2026-01-04,No,3,0,3990
Retail,S004,ST0011_M,2026-01-04,No,2,0,6114
Retail,S004,ST0027_XL,2026-01-04,No,2,0,7018
Retail,S004,ST0033_S,2026-01-04,No,4,0,6664
Retail,S004,ST0040_S,2026-01-04,No,1,0,1869
Retail,S004,ST0002_S,2026-01-04,No,2,0,4972
Retail,S004,ST0037_L,2026-01-04,No,3,0,4473
Retail,S004,ST0050_XL,2026-01-04,No,3,0,5544
Retail,S005,ST0015_L,2026-01-04,No,4,0,19984
Retail,S005,ST0006_L,2026-01-04,No,2,0,5098
Retail,S005,ST0025_L,2026-01-04,No,3,0,7695
Retail,S005,ST0005_M,2026-01-04,No,4,0,15476
Retail,S005,ST0050_S,2026-01-04,No,2,0,4262
Retail,S005,ST0021_S,2026-01-04,No,3,0,9195
Retail,S005,ST0018_M,2026-01-04,No,2,0,1450
Retail,S005,ST0031_M,2026-01-04,No,1,0,4631
Retail,S005,ST0013_XL,2026-01-04,No,1,0,4567
Retail,S005,ST0014_XL,2026-01-04,No,1,0,4487
Retail,S005,ST0038_M,2026-01-04,No,4,0,19860
Retail,S005,ST0046_L,2026-01-04,No,3,0,10854
Retail,S005,ST0036_M,2026-01-04,No,1,0,3160
Retail,S005,ST0043_L,2026-01-04,No,4,0,18280
Retail,S005,ST0023_L,2026-01-04,No,3,0,2070
Retail,S005,ST0026_M,2026-01-04,No,1,0,2395
Retail,S006,ST0031_XL,2026-01-04,No,4,0,11472
Retail,S006,ST0035_S,2026-01-04,No,4,0,15044
Retail,S006,ST0015_S,2026-01-04,No,3,0,6081
Retail,S006,ST0046_L,2026-01-04,No,4,0,14472
Retail,S006,ST0049_XL,2026-01-04,No,1,0,2989
Retail,S006,ST0036_M,2026-01-04,No,2,0,6320
Retail,S006,ST0033_S,2026-01-04,No,4,0,6664
Retail,S006,ST0001_M,2026-01-04,No,2,0,2318
Retail,S006,ST0036_L,2026-01-04,No,2,0,7248
Retail,S006,ST0007_L,2026-01-04,No,2,0,5112
Retail,S006,ST0035_M,2026-01-04,No,1,0,1648
Retail,S006,ST0007_M,2026-01-04,No,3,0,13770
Retail,S006,ST0044_XL,2026-01-04,No,4,0,18996
Retail,S007,ST0024_XL,2026-01-04,No,2,0,7654
Retail,S007,ST0005_S,2026-01-04,No,4,0,18244
Retail,S007,ST0035_S,2026-01-04,No,1,0,3761
Retail,S007,ST0040_XL,2026-01-04,No,1,0,3338
Retail,S007,ST0008_XL,2026-01-04,No,4,0,19996
Retail,S007,ST0003_S,2026-01-04,No,2,0,4468
Retail,S007,ST0046_M,2026-01-04,No,2,0,3486
Retail,S007,ST0016_M,2026-01-04,No,3,0,4362
Retail,S007,ST0016_S,2026-01-04,No,1,0,3235
Retail,S007,ST0024_L,2026-01-04,No,1,0,1684
Retail,S007,ST0028_L,2026-01-04,No,1,0,1909
Retail,S007,ST0021_L,2026-01-04,No,1,0,2827
Retail,S007,ST0039_XL,2026-01-04,No,3,0,12525
Retail,S007,ST0020_XL,2026-01-04,No,1,0,3944
Retail,S007,ST0014_M,2026-01-04,No,3,0,14979
Retail,S007,ST0042_XL,2026-01-04,No,3,0,3177
Retail,S008,ST0015_S,2026-01-04,No,2,0,4054
Retail,S008,ST0005_L,2026-01-04,No,1,0,762
Retail,S008,ST0045_S,2026-01-04,No,3,0,6537
Retail,S008,ST0006_XL,2026-01-04,No,4,0,16892
Retail,S008,ST0050_M,2026-01-04,No,4,0,13264
Retail,S008,ST0012_L,2026-01-04,No,2,0,8554
Retail,S008,ST0014_L,2026-01-04,No,1,0,1800
Retail,S008,ST0046_L,2026-01-04,No,1,0,3618
Retail,S008,ST0041_XL,2026-01-04,No,4,0,8656
Retail,S008,ST0036_S,2026-01-04,No,1,0,2991
Retail,S008,ST0031_L,2026-01-04,No,4,0,18460
Retail,S009,ST0002_M,2026-01-04,No,2,0,1292
Retail,S009,ST0013_M,2026-01-04,No,3,0,12873
Retail,S009,ST0007_L,2026-01-04,No,2,0,5112
Retail,S009,ST0032_L,2026-01-04,No,4,0,12804
Retail,S009,ST0049_L,2026-01-04,No,4,0,16920
Retail,S009,ST0037_M,2026-01-04,No,2,0,2752
Retail,S009,ST0010_XL,2026-01-04,No,3,0,2259
Retail,S009,ST0047_M,2026-01-04,No,3,0,10377
Retail,S009,ST0044_XL,2026-01-04,No,1,0,4749
Retail,S009,ST0006_S,2026-01-04,No,3,0,4548
Retail,S009,ST0014_L,2026-01-04,No,4,0,7200
Retail,S009,ST0034_S,2026-01-04,No,2,0,9292
Retail,S009,ST0037_L,2026-01-04,No,1,0,1491
Retail,S009,ST0022_L,2026-01-04,No,3,0,3318
Retail,S009,ST0010_S,2026-01-04,No,4,0,7780
Retail,S009,ST0028_S,2026-01-04,No,4,0,2616
Retail,S009,ST0008_XL,2026-01-04,No,2,0,9998
Retail,S009,ST0030_S,2026-01-04,No,1,0,1037
Retail,S010,ST0002_S,2026-01-04,No,1,0,2486
Retail,S010,ST0048_XL,2026-01-04,No,2,0,5140
Retail,S010,ST0026_M,2026-01-04,No,2,0,4790
Retail,S010,ST0021_XL,2026-01-04,No,2,0,7840
Retail,S010,ST0035_M,2026-01-04,No,1,0,1648
Retail,S010,ST0033_XL,2026-01-04,No,1,0,1353
Retail,S010,ST0009_XL,2026-01-04,No,1,0,2148
Retail,S010,ST0028_M,2026-01-04,No,2,0,6074
Retail,S010,ST0001_XL,2026-01-04,No,4,0,7476
Retail,S010,ST0013_S,2026-01-04,No,2,0,7468
Retail,S010,ST0001_M,2026-01-04,No,3,0,3477
Retail,S010,ST0002_XL,2026-01-04,No,1,0,3411
Retail,S010,ST0015_L,2026-01-04,No,4,0,19984
Retail,S010,ST0033_S,2026-01-04,No,2,0,3332
Retail,S010,ST0031_M,2026-01-04,No,4,0,18524
Retail,S001,ST0011_XL,2026-01-05,No,2,0,5400
Retail,S001,ST0028_XL,2026-01-05,No,2,0,9114
Retail,S001,ST0002_XL,2026-01-05,No,4,0,13644
Retail,S001,ST0013_L,2026-01-05,No,1,0,1456
Retail,S001,ST0026_M,2026-01-05,No,3,0,7185
Retail,S001,ST0027_M,2026-01-05,No,4,0,13604
Retail,S001,ST0038_M,2026-01-05,No,4,0,19860
Retail,S001,ST0022_S,2026-01-05,No,4,0,3204
Retail,S001,ST0034_XL,2026-01-05,No,4,0,4296
Retail,S001,ST0017_L,2026-01-05,No,2,0,2124
Retail,S001,ST0045_L,2026-01-05,No,3,0,9732
Retail,S001,ST0017_XL,2026-01-05,No,2,0,5970
Retail,S001,ST0006_L,2026-01-05,No,4,0,10196
Retail,S001,ST0015_M,2026-01-05,No,2,0,3436
Retail,S001,ST0049_XL,2026-01-05,No,3,0,8967
Retail,S002,ST0027_M,2026-01-05,No,3,0,10203
Retail,S002,ST0028_XL,2026-01-05,No,1,0,4557
Retail,S002,ST0007_L,2026-01-05,No,2,0,5112
Retail,S002,ST0003_S,2026-01-05,No,1,0,2234
Retail,S002,ST0019_XL,2026-01-05,No,4,0,6972
Retail,S002,ST0009_XL,2026-01-05,No,1,0,2148
Retail,S002,ST0010_XL,2026-01-05,No,1,0,753
Retail,S002,ST0024_M,2026-01-05,No,1,0,3475
Retail,S002,ST0047_M,2026-01-05,No,4,0,13836
Retail,S002,ST0016_M,2026-01-05,No,2,0,2908
Retail,S002,ST0029_L,2026-01-05,No,4,0,19364
Retail,S002,ST0033_M,2026-01-05,No,3,0,9822
Retail,S002,ST0024_XL,2026-01-05,No,1,0,3827
Retail,S003,ST0046_L,2026-01-05,No,3,0,10854
Retail,S003,ST0044_XL,2026-01-05,No,2,0,9498
Retail,S003,ST0041_M,2026-01-05,No,1,0,2431
Retail,S003,ST0022_S,2026-01-05,No,2,0,1602
Retail,S003,ST0027_XL,2026-01-05,No,3,0,10527
Retail,S003,ST0011_M,2026-01-05,No,1,0,3057
Retail,S003,ST0011_XL,2026-01-05,No,2,0,5400
Retail,S003,ST0027_M,2026-01-05,No,1,0,3401
Retail,S003,ST0048_XL,2026-01-05,No,2,0,5140
Retail,S003,ST0020_L,2026-01-05,No,1,0,1569
Retail,S003,ST0043_S,2026-01-05,No,3,0,12516
Retail,S003,ST0020_S,2026-01-05,No,3,0,8115
Retail,S003,ST0007_XL,2026-01-05,No,2,0,7340
Retail,S003,ST0050_M,2026-01-05,No,3,0,9948
Retail,S003,ST0036_S,2026-01-05,No,3,0,8973
Retail,S004,ST0031_S,2026-01-05,No,3,0,10350
Retail,S004,ST0024_M,2026-01-05,No,1,0,3475
Retail,S004,ST0046_M,2026-01-05,No,3,0,5229
Retail,S004,ST0016_L,2026-01-05,No,2,0,7892
Retail,S004,ST0025_S,2026-01-05,No,4,0,15576
Retail,S004,ST0009_XL,2026-01-05,No,4,0,8592
Retail,S004,ST0032_L,2026-01-05,No,2,0,6402
Retail,S004,ST0049_M,2026-01-05,No,1,0,3751
Retail,S004,ST0021_XL,2026-01-05,No,3,0,11760
Retail,S004,ST0049_L,2026-01-05,No,3,0,12690
Retail,S004,ST0020_M,2026-01-05,No,1,0,3024
Retail,S004,ST0038_L,2026-01-05,No,3,0,3405
Retail,S004,ST0033_L,2026-01-05,No,1,0,2482
Retail,S004,ST0046_S,2026-01-05,No,2,0,9090
Retail,S004,ST0020_L,2026-01-05,No,2,0,3138
Retail,S004,ST0044_M,2026-01-05,No,1,0,2794
Retail,S005,ST0019_S,2026-01-05,No,2,0,2630
Retail,S005,ST0015_XL,2026-01-05,No,3,0,10812
Retail,S005,ST0024_M,2026-01-05,No,4,0,13900
Retail,S005,ST0043_XL,2026-01-05,No,3,0,5910
Retail,S005,ST0016_XL,2026-01-05,No,1,0,1545
Retail,S005,ST0026_XL,2026-01-05,No,3,0,13089
Retail,S005,ST0045_M,2026-01-05,No,2,0,8012
Retail,S005,ST0012_XL,2026-01-05,No,1,0,3369
Retail,S005,ST0038_L,2026-01-05,No,2,0,2270
Retail,S005,ST0021_XL,2026-01-05,No,1,0,3920
Retail,S005,ST0037_L,2026-01-05,No,3,0,4473
Retail,S005,ST0003_S,2026-01-05,No,1,0,2234
Retail,S005,ST0044_L,2026-01-05,No,2,0,7294
Retail,S005,ST0023_M,2026-01-05,No,4,0,6556
Retail,S005,ST0034_XL,2026-01-05,No,2,0,2148
Retail,S006,ST0048_S,2026-01-05,No,3,0,6405
Retail,S006,ST0047_S,2026-01-05,No,4,0,14236
Retail,S006,ST0017_L,2026-01-05,No,1,0,1062
Retail,S006,ST0048_XL,2026-01-05,No,4,0,10280
Retail,S006,ST0026_L,2026-01-05,No,2,0,6466
Retail,S006,ST0040_M,2026-01-05,No,2,0,2480
Retail,S006,ST0006_XL,2026-01-05,No,4,0,16892
Retail,S006,ST0005_XL,2026-01-05,No,1,0,1123
Retail,S006,ST0026_S,2026-01-05,No,1,0,1069
Retail,S006,ST0041_L,2026-01-05,No,1,0,1512
Retail,S006,ST0036_S,2026-01-05,No,1,0,2991
Retail,S006,ST0044_S,2026-01-05,No,4,0,4320
Retail,S006,ST0039_S,2026-01-05,No,3,0,6546
Retail,S006,ST0044_XL,2026-01-05,No,3,0,14247
Retail,S006,ST0010_M,2026-01-05,No,2,0,9398
Retail,S007,ST0034_S,2026-01-05,No,2,0,9292
Retail,S007,ST0048_S,2026-01-05,No,3,0,6405
Retail,S007,ST0013_L,2026-01-05,No,1,0,1456
Retail,S007,ST0021_XL,2026-01-05,No,1,0,3920
Retail,S007,ST0045_L,2026-01-05,No,1,0,3244
Retail,S007,ST0015_XL,2026-01-05,No,2,0,7208
Retail,S007,ST0047_XL,2026-01-05,No,2,0,5958
Retail,S007,ST0006_L,2026-01-05,No,2,0,5098
Retail,S007,ST0040_M,2026-01-05,No,4,0,4960
Retail,S007,ST0019_L,2026-01-05,No,2,0,1032
Retail,S007,ST0013_S,2026-01-05,No,3,0,11202
Retail,S007,ST0021_M,2026-01-05,No,3,0,4680
Retail,S007,ST0011_L,2026-01-05,No,3,0,1794
Retail,S007,ST0040_S,2026-01-05,No,4,0,7476
Retail,S007,ST0007_XL,2026-01-05,No,3,0,11010
Retail,S007,ST0035_L,2026-01-05,No,4,0,8860
Retail,S008,ST0013_S,2026-01-05,No,3,0,11202
Retail,S008,ST0012_M,2026-01-05,No,3,0,14799
Retail,S008,ST0044_M,2026-01-05,No,3,0,8382
Retail,S008,ST0036_L,2026-01-05,No,4,0,14496
Retail,S008,ST0006_L,2026-01-05,No,2,0,5098
Retail,S008,ST0036_XL,2026-01-05,No,4,0,14204
Retail,S008,ST0017_M,2026-01-05,No,1,0,3936
Retail,S008,ST0038_M,2026-01-05,No,1,0,4965
Retail,S008,ST0021_S,2026-01-05,No,2,0,6130
Retail,S008,ST0001_M,2026-01-05,No,4,0,4636
Retail,S008,ST0020_L,2026-01-05,No,4,0,6276
Retail,S008,ST0050_M,2026-01-05,No,4,0,13264
Retail,S008,ST0008_L,2026-01-05,No,2,0,3308
Retail,S008,ST0030_M,2026-01-05,No,4,0,9364
Retail,S008,ST0011_S,2026-01-05,No,3,0,11049
Retail,S008,ST0042_L,2026-01-05,No,3,0,10047
Retail,S009,ST0004_M,2026-01-05,No,2,0,5770
Retail,S009,ST0010_XL,2026-01-05,No,4,0,3012
Retail,S009,ST0044_M,2026-01-05,No,3,0,8382
Retail,S009,ST0032_M,2026-01-05,No,1,0,4995
Retail,S009,ST0019_XL,2026-01-05,No,4,0,6972
Retail,S009,ST0010_L,2026-01-05,No,1,0,4423
Retail,S009,ST0017_XL,2026-01-05,No,4,0,11940
Retail,S009,ST0042_M,2026-01-05,No,4,0,4048
Retail,S009,ST0020_XL,2026-01-05,No,4,0,15776
Retail,S009,ST0050_XL,2026-01-05,No,3,0,5544
Retail,S009,ST0043_XL,2026-01-05,No,3,0,5910
Retail,S009,ST0008_XL,2026-01-05,No,3,0,14997
Retail,S009,ST0045_M,2026-01-05,No,3,0,12018
Retail,S009,ST0014_M,2026-01-05,No,1,0,4993
Retail,S009,ST0022_S,2026-01-05,No,4,0,3204
Retail,S009,ST0048_L,2026-01-05,No,1,0,4952
Retail,S010,ST0034_M,2026-01-05,No,2,0,8472
Retail,S010,ST0031_XL,2026-01-05,No,2,0,5736
Retail,S010,ST0022_L,2026-01-05,No,1,0,1106
Retail,S010,ST0029_S,2026-01-05,No,4,0,5136
Retail,S010,ST0046_L,2026-01-05,No,1,0,3618
Retail,S010,ST0048_M,2026-01-05,No,3,0,6771
Retail,S010,ST0032_XL,2026-01-05,No,3,0,4413
Retail,S010,ST0001_L,2026-01-05,No,3,0,9933
Retail,S010,ST0037_M,2026-01-05,No,1,0,1376
Retail,S010,ST0046_M,2026-01-05,No,2,0,3486
Retail,S010,ST0003_L,2026-01-05,No,3,0,2964
Retail,S010,ST0008_L,2026-01-05,No,3,0,4962
Retail,S010,ST0011_M,2026-01-05,No,4,0,12228
Retail,S010,ST0015_S,2026-01-05,No,2,0,4054
Retail,S001,ST0010_L,2026-01-06,No,4,0,17692
Retail,S001,ST0011_L,2026-01-06,No,1,0,598
Retail,S001,ST0017_L,2026-01-06,No,3,0,3186
Retail,S001,ST0023_XL,2026-01-06,No,2,0,5600
Retail,S001,ST0026_S,2026-01-06,No,4,0,4276
Retail,S001,ST0005_M,2026-01-06,No,3,0,11607
Retail,S001,ST0014_XL,2026-01-06,No,1,0,4487
Retail,S001,ST0019_L,2026-01-06,No,1,0,516
Retail,S001,ST0001_L,2026-01-06,No,2,0,6622
Retail,S001,ST0050_M,2026-01-06,No,2,0,6632
Retail,S001,ST0023_M,2026-01-06,No,4,0,6556
Retail,S001,ST0006_S,2026-01-06,No,3,0,4548
Retail,S001,ST0029_M,2026-01-06,No,1,0,3675
Retail,S001,ST0050_XL,2026-01-06,No,3,0,5544
Retail,S001,ST0018_L,2026-01-06,No,2,0,2918
Retail,S001,ST0041_S,2026-01-06,No,1,0,1650
Retail,S001,ST0009_XL,2026-01-06,No,2,0,4296
Retail,S002,ST0009_S,2026-01-06,No,1,0,3691
Retail,S002,ST0045_S,2026-01-06,No,2,0,4358
Retail,S002,ST0049_L,2026-01-06,No,3,0,12690
Retail,S002,ST0043_M,2026-01-06,No,1,0,3843
Retail,S002,ST0004_XL,2026-01-06,No,2,0,4604
Retail,S002,ST0046_M,2026-01-06,No,2,0,3486
Retail,S002,ST0007_S,2026-01-06,No,2,0,7216
Retail,S002,ST0017_L,2026-01-06,No,4,0,4248
Retail,S002,ST0006_M,2026-01-06,No,1,0,4143
Retail,S002,ST0025_XL,2026-01-06,No,3,0,6948
Retail,S002,ST0018_XL,2026-01-06,No,4,0,14268
Retail,S002,ST0027_M,2026-01-06,No,2,0,6802
Retail,S002,ST0040_M,2026-01-06,No,2,0,2480
Retail,S002,ST0014_XL,2026-01-06,No,2,0,8974
Retail,S002,ST0004_M,2026-01-06,No,3,0,8655
Retail,S002,ST0002_M,2026-01-06,No,1,0,646
Retail,S002,ST0034_L,2026-01-06,No,3,0,12807
Retail,S003,ST0039_S,2026-01-06,No,4,0,8728
Retail,S003,ST0026_L,2026-01-06,No,3,0,9699
Retail,S003,ST0009_M,2026-01-06,No,1,0,2196
Retail,S003,ST0033_S,2026-01-06,No,1,0,1666
Retail,S003,ST0042_M,2026-01-06,No,4,0,4048
Retail,S003,ST0013_S,2026-01-06,No,1,0,3734
Retail,S003,ST0015_M,2026-01-06,No,3,0,5154
Retail,S003,ST0020_S,2026-01-06,No,1,0,2705
Retail,S003,ST0041_XL,2026-01-06,No,4,0,8656
Retail,S003,ST0025_S,2026-01-06,No,1,0,3894
Retail,S003,ST0024_L,2026-01-06,No,2,0,3368
Retail,S003,ST0010_L,2026-01-06,No,2,0,8846
Retail,S003,ST0049_S,2026-01-06,No,4,0,13396
Retail,S003,ST0049_M,2026-01-06,No,1,0,3751
Retail,S003,ST0018_L,2026-01-06,No,3,0,4377
Retail,S003,ST0030_M,2026-01-06,No,2,0,4682
Retail,S003,ST0050_S,2026-01-06,No,1,0,2131
Retail,S004,ST0041_L,2026-01-06,No,1,0,1512
Retail,S004,ST0038_M,2026-01-06,No,4,0,19860
Retail,S004,ST0028_L,2026-01-06,No,2,0,3818
Retail,S004,ST0045_XL,2026-01-06,No,2,0,7712
Retail,S004,ST0011_S,2026-01-06,No,2,0,7366
Retail,S004,ST0019_M,2026-01-06,No,3,0,10860
Retail,S004,ST0019_S,2026-01-06,No,1,0,1315
Retail,S004,ST0032_XL,2026-01-06,No,2,0,2942
Retail,S004,ST0005_L,2026-01-06,No,1,0,762
Retail,S004,ST0022_S,2026-01-06,No,3,0,2403
Retail,S004,ST0025_S,2026-01-06,No,2,0,7788
Retail,S004,ST0011_L,2026-01-06,No,1,0,598
Retail,S004,ST0036_L,2026-01-06,No,1,0,3624
Retail,S004,ST0030_S,2026-01-06,No,1,0,1037
Retail,S005,ST0002_S,2026-01-06,No,1,0,2486
Retail,S005,ST0018_XL,2026-01-06,No,2,0,7134
Retail,S005,ST0044_M,2026-01-06,No,2,0,5588
Retail,S005,ST0024_S,2026-01-06,No,1,0,1480
Retail,S005,ST0028_L,2026-01-06,No,4,0,7636
Retail,S005,ST0025_L,2026-01-06,No,2,0,5130
Retail,S005,ST0018_L,2026-01-06,No,3,0,4377
Retail,S005,ST0036_M,2026-01-06,No,2,0,6320
Retail,S005,ST0005_XL,2026-01-06,No,4,0,4492
Retail,S005,ST0015_L,2026-01-06,No,2,0,9992
Retail,S005,ST0045_XL,2026-01-06,No,3,0,11568
Retail,S005,ST0014_M,2026-01-06,No,1,0,4993
Retail,S005,ST0044_XL,2026-01-06,No,4,0,18996
Retail,S005,ST0046_XL,2026-01-06,No,1,0,2641
Retail,S005,ST0001_XL,2026-01-06,No,1,0,1869
Retail,S006,ST0034_L,2026-01-06,No,3,0,12807
Retail,S006,ST0037_XL,2026-01-06,No,4,0,18568
Retail,S006,ST0006_L,2026-01-06,No,4,0,10196
Retail,S006,ST0043_M,2026-01-06,No,2,0,7686
Retail,S006,ST0009_S,2026-01-06,No,1,0,3691
Retail,S006,ST0016_S,2026-01-06,No,1,0,3235
Retail,S006,ST0023_L,2026-01-06,No,1,0,690
Retail,S006,ST0040_XL,2026-01-06,No,1,0,3338
Retail,S006,ST0038_XL,2026-01-06,No,1,0,2193
Retail,S006,ST0050_L,2026-01-06,No,4,0,6060
Retail,S006,ST0017_L,2026-01-06,No,2,0,2124
Retail,S006,ST0034_XL,2026-01-06,No,4,0,4296
Retail,S006,ST0013_S,2026-01-06,No,3,0,11202
Retail,S006,ST0038_L,2026-01-06,No,4,0,4540
Retail,S006,ST0027_XL,2026-01-06,No,1,0,3509
Retail,S007,ST0023_M,2026-01-06,No,4,0,6556
Retail,S007,ST0041_M,2026-01-06,No,4,0,9724
Retail,S007,ST0025_XL,2026-01-06,No,3,0,6948
Retail,S007,ST0002_S,2026-01-06,No,1,0,2486
Retail,S007,ST0005_M,2026-01-06,No,2,0,7738
Retail,S007,ST0001_L,2026-01-06,No,4,0,13244
Retail,S007,ST0050_XL,2026-01-06,No,3,0,5544
Retail,S007,ST0022_XL,2026-01-06,No,4,0,14680
Retail,S007,ST0034_M,2026-01-06,No,2,0,8472
Retail,S007,ST0003_XL,2026-01-06,No,2,0,6952
Retail,S007,ST0007_S,2026-01-06,No,3,0,10824
Retail,S007,ST0049_S,2026-01-06,No,3,0,10047
Retail,S007,ST0011_XL,2026-01-06,No,1,0,2700
Retail,S007,ST0040_L,2026-01-06,No,1,0,616
Retail,S007,ST0017_S,2026-01-06,No,3,0,6579
Retail,S008,ST0009_XL,2026-01-06,No,1,0,2148
Retail,S008,ST0037_XL,2026-01-06,No,3,0,13926
Retail,S008,ST0002_S,2026-01-06,No,4,0,9944
Retail,S008,ST0050_XL,2026-01-06,No,3,0,5544
Retail,S008,ST0030_M,2026-01-06,No,2,0,4682
Retail,S008,ST0019_L,2026-01-06,No,2,0,1032
Retail,S008,ST0024_S,2026-01-06,No,2,0,2960
Retail,S008,ST0013_L,2026-01-06,No,2,0,2912
Retail,S008,ST0001_L,2026-01-06,No,3,0,9933
Retail,S008,ST0030_L,2026-01-06,No,4,0,11820
Retail,S008,ST0035_XL,2026-01-06,No,2,0,8708
Retail,S008,ST0036_L,2026-01-06,No,4,0,14496
Retail,S008,ST0016_L,2026-01-06,No,3,0,11838
Retail,S008,ST0029_M,2026-01-06,No,1,0,3675
Retail,S008,ST0017_S,2026-01-06,No,4,0,8772
Retail,S008,ST0003_M,2026-01-06,No,4,0,9372
Retail,S008,ST0016_S,2026-01-06,No,4,0,12940
Retail,S008,ST0024_XL,2026-01-06,No,3,0,11481
Retail,S009,ST0025_S,2026-01-06,No,3,0,11682
Retail,S009,ST0034_XL,2026-01-06,No,2,0,2148
Retail,S009,ST0003_M,2026-01-06,No,2,0,4686
Retail,S009,ST0032_S,2026-01-06,No,1,0,4347
Retail,S009,ST0001_L,2026-01-06,No,3,0,9933
Retail,S009,ST0016_M,2026-01-06,No,3,0,4362
Retail,S009,ST0047_XL,2026-01-06,No,3,0,8937
Retail,S009,ST0043_L,2026-01-06,No,3,0,13710
Retail,S009,ST0033_S,2026-01-06,No,2,0,3332
Retail,S009,ST0021_M,2026-01-06,No,1,0,1560
Retail,S009,ST0047_M,2026-01-06,No,3,0,10377
Retail,S009,ST0046_S,2026-01-06,No,2,0,9090
Retail,S009,ST0019_S,2026-01-06,No,1,0,1315
Retail,S009,ST0040_M,2026-01-06,No,2,0,2480
Retail,S009,ST0015_L,2026-01-06,No,4,0,19984
Retail,S009,ST0024_S,2026-01-06,No,2,0,2960
Retail,S010,ST0049_L,2026-01-06,No,3,0,12690
Retail,S010,ST0005_S,2026-01-06,No,3,0,13683
Retail,S010,ST0045_M,2026-01-06,No,4,0,16024
Retail,S010,ST0036_S,2026-01-06,No,3,0,8973
Retail,S010,ST0021_M,2026-01-06,No,2,0,3120
Retail,S010,ST0036_L,2026-01-06,No,3,0,10872
Retail,S010,ST0039_XL,2026-01-06,No,2,0,8350
Retail,S010,ST0034_S,2026-01-06,No,1,0,4646
Retail,S010,ST0040_S,2026-01-06,No,3,0,5607
Retail,S010,ST0031_S,2026-01-06,No,1,0,3450
Retail,S010,ST0023_M,2026-01-06,No,2,0,3278
Retail,S010,ST0001_M,2026-01-06,No,1,0,1159
Retail,S010,ST0008_M,2026-01-06,No,4,0,11020
Retail,S010,ST0033_L,2026-01-06,No,4,0,9928
Retail,S010,ST0008_XL,2026-01-06,No,1,0,4999
Retail,S010,ST0042_M,2026-01-06,No,2,0,2024
Retail,S001,ST0050_S,2026-01-07,No,1,0,2131
Retail,S001,ST0026_M,2026-01-07,No,1,0,2395
Retail,S001,ST0036_S,2026-01-07,No,4,0,11964
Retail,S001,ST0042_L,2026-01-07,No,1,0,3349
Retail,S001,ST0030_L,2026-01-07,No,2,0,5910
Retail,S001,ST0044_XL,2026-01-07,No,1,0,4749
Retail,S001,ST0009_L,2026-01-07,No,2,0,8982
Retail,S001,ST0033_S,2026-01-07,No,3,0,4998
Retail,S001,ST0018_M,2026-01-07,No,4,0,2900
Retail,S001,ST0003_L,2026-01-07,No,3,0,2964
Retail,S001,ST0050_M,2026-01-07,No,2,0,6632
Retail,S001,ST0026_XL,2026-01-07,No,2,0,8726
Retail,S001,ST0022_XL,2026-01-07,No,4,0,14680
Retail,S001,ST0028_S,2026-01-07,No,2,0,1308
Retail,S001,ST0025_S,2026-01-07,No,4,0,15576
Retail,S002,ST0019_XL,2026-01-07,No,3,0,5229
Retail,S002,ST0036_M,2026-01-07,No,2,0,6320
Retail,S002,ST0028_M,2026-01-07,No,4,0,12148
Retail,S002,ST0024_S,2026-01-07,No,3,0,4440
Retail,S002,ST0040_M,2026-01-07,No,3,0,3720
Retail,S002,ST0007_L,2026-01-07,No,2,0,5112
Retail,S002,ST0019_M,2026-01-07,No,2,0,7240
Retail,S002,ST0035_L,2026-01-07,No,3,0,6645
Retail,S002,ST0009_XL,2026-01-07,No,1,0,2148
Retail,S002,ST0034_M,2026-01-07,No,1,0,4236
Retail,S002,ST0025_S,2026-01-07,No,1,0,3894
Retail,S002,ST0015_S,2026-01-07,No,2,0,4054
Retail,S002,ST0033_XL,2026-01-07,No,3,0,4059
Retail,S002,ST0006_L,2026-01-07,No,1,0,2549
Retail,S002,ST0014_M,2026-01-07,No,2,0,9986
Retail,S002,ST0004_S,2026-01-07,No,3,0,7377
Retail,S002,ST0044_XL,2026-01-07,No,1,0,4749
Retail,S003,ST0005_S,2026-01-07,No,4,0,18244
Retail,S003,ST0036_S,2026-01-07,No,1,0,2991
Retail,S003,ST0050_M,2026-01-07,No,1,0,3316
Retail,S003,ST0044_S,2026-01-07,No,3,0,3240
Retail,S003,ST0045_S,2026-01-07,No,4,0,8716
Retail,S003,ST0013_L,2026-01-07,No,4,0,5824
Retail,S003,ST0023_L,2026-01-07,No,4,0,2760
Retail,S003,ST0020_XL,2026-01-07,No,1,0,3944
Retail,S003,ST0038_M,2026-01-07,No,1,0,4965
Retail,S003,ST0032_L,2026-01-07,No,4,0,12804
Retail,S003,ST0013_S,2026-01-07,No,2,0,7468
Retail,S003,ST0034_S,2026-01-07,No,1,0,4646
Retail,S003,ST0006_XL,2026-01-07,No,3,0,12669
Retail,S004,ST0027_M,2026-01-07,No,1,0,3401
Retail,S004,ST0024_S,2026-01-07,No,2,0,2960
Retail,S004,ST0007_L,2026-01-07,No,4,0,10224
Retail,S004,ST0049_L,2026-01-07,No,1,0,4230
Retail,S004,ST0008_XL,2026-01-07,No,4,0,19996
Retail,S004,ST0005_S,2026-01-07,No,2,0,9122
Retail,S004,ST0007_S,2026-01-07,No,4,0,14432
Retail,S004,ST0034_XL,2026-01-07,No,2,0,2148
Retail,S004,ST0011_S,2026-01-07,No,1,0,3683
Retail,S004,ST0039_L,2026-01-07,No,2,0,2660
Retail,S004,ST0049_M,2026-01-07,No,2,0,7502
Retail,S004,ST0037_XL,2026-01-07,No,2,0,9284
Retail,S004,ST0017_M,2026-01-07,No,4,0,15744
Retail,S004,ST0045_M,2026-01-07,No,2,0,8012
Retail,S004,ST0030_M,2026-01-07,No,2,0,4682
Retail,S005,ST0006_XL,2026-01-07,No,4,0,16892
Retail,S005,ST0033_L,2026-01-07,No,1,0,2482
Retail,S005,ST0042_XL,2026-01-07,No,4,0,4236
Retail,S005,ST0014_XL,2026-01-07,No,1,0,4487
Retail,S005,ST0011_S,2026-01-07,No,4,0,14732
Retail,S005,ST0019_M,2026-01-07,No,3,0,10860
Retail,S005,ST0025_S,2026-01-07,No,1,0,3894
Retail,S005,ST0035_M,2026-01-07,No,4,0,6592
Retail,S005,ST0047_L,2026-01-07,No,1,0,2765
Retail,S005,ST0044_S,2026-01-07,No,2,0,2160
Retail,S005,ST0021_L,2026-01-07,No,4,0,11308
Retail,S005,ST0007_S,2026-01-07,No,2,0,7216
Retail,S005,ST0045_M,2026-01-07,No,1,0,4006
Retail,S005,ST0039_S,2026-01-07,No,3,0,6546
Retail,S006,ST0029_M,2026-01-07,No,4,0,14700
Retail,S006,ST0049_XL,2026-01-07,No,4,0,11956
Retail,S006,ST0028_M,2026-01-07,No,4,0,12148
Retail,S006,ST0003_L,2026-01-07,No,2,0,1976
Retail,S006,ST0018_S,2026-01-07,No,1,0,3854
Retail,S006,ST0011_XL,2026-01-07,No,3,0,8100
Retail,S006,ST0042_S,2026-01-07,No,4,0,6324
Retail,S006,ST0042_L,2026-01-07,No,2,0,6698
Retail,S006,ST0040_XL,2026-01-07,No,4,0,13352
Retail,S006,ST0002_S,2026-01-07,No,1,0,2486
Retail,S006,ST0050_XL,2026-01-07,No,3,0,5544
Retail,S006,ST0044_XL,2026-01-07,No,1,0,4749
Retail,S006,ST0013_S,2026-01-07,No,1,0,3734
Retail,S006,ST0050_S,2026-01-07,No,1,0,2131
Retail,S006,ST0024_S,2026-01-07,No,2,0,2960
Retail,S006,ST0007_M,2026-01-07,No,1,0,4590
Retail,S006,ST0007_L,2026-01-07,No,1,0,2556
Retail,S006,ST0007_S,2026-01-07,No,4,0,14432
Retail,S007,ST0002_XL,2026-01-07,No,1,0,3411
Retail,S007,ST0045_L,2026-01-07,No,2,0,6488
Retail,S007,ST0025_M,2026-01-07,No,3,0,1881
Retail,S007,ST0044_XL,2026-01-07,No,2,0,9498
Retail,S007,ST0049_M,2026-01-07,No,2,0,7502
Retail,S007,ST0014_M,2026-01-07,No,1,0,4993
Retail,S007,ST0012_XL,2026-01-07,No,3,0,10107
Retail,S007,ST0037_XL,2026-01-07,No,1,0,4642
Retail,S007,ST0002_S,2026-01-07,No,1,0,2486
Retail,S008,ST0034_L,2026-01-07,No,2,0,8538
Retail,S008,ST0042_XL,2026-01-07,No,2,0,2118
Retail,S008,ST0037_L,2026-01-07,No,1,0,1491
Retail,S008,ST0028_M,2026-01-07,No,2,0,6074
Retail,S008,ST0039_XL,2026-01-07,No,4,0,16700
Retail,S008,ST0049_S,2026-01-07,No,4,0,13396
Retail,S008,ST0049_L,2026-01-07,No,1,0,4230
Retail,S008,ST0032_M,2026-01-07,No,2,0,9990
Retail,S008,ST0023_S,2026-01-07,No,3,0,3597
Retail,S008,ST0044_M,2026-01-07,No,4,0,11176
Retail,S008,ST0011_L,2026-01-07,No,3,0,1794
Retail,S008,ST0003_M,2026-01-07,No,4,0,9372
Retail,S008,ST0029_S,2026-01-07,No,3,0,3852
Retail,S008,ST0027_S,2026-01-07,No,1,0,4514
Retail,S008,ST0022_M,2026-01-07,No,3,0,14328
Retail,S008,ST0025_L,2026-01-07,No,4,0,10260
Retail,S008,ST0021_XL,2026-01-07,No,3,0,11760
Retail,S008,ST0009_L,2026-01-07,No,1,0,4491
Retail,S008,ST0013_M,2026-01-07,No,4,0,17164
Retail,S008,ST0040_M,2026-01-07,No,3,0,3720
Retail,S009,ST0014_M,2026-01-07,No,2,0,9986
Retail,S009,ST0034_L,2026-01-07,No,1,0,4269
Retail,S009,ST0008_S,2026-01-07,No,3,0,6546
Retail,S009,ST0012_L,2026-01-07,No,1,0,4277
Retail,S009,ST0011_S,2026-01-07,No,1,0,3683
Retail,S009,ST0031_S,2026-01-07,No,2,0,6900
Retail,S009,ST0015_L,2026-01-07,No,2,0,9992
Retail,S009,ST0038_L,2026-01-07,No,2,0,2270
Retail,S009,ST0005_L,2026-01-07,No,3,0,2286
Retail,S009,ST0027_M,2026-01-07,No,1,0,3401
Retail,S009,ST0036_M,2026-01-07,No,1,0,3160
Retail,S009,ST0022_M,2026-01-07,No,1,0,4776
Retail,S009,ST0033_S,2026-01-07,No,4,0,6664
Retail,S009,ST0048_L,2026-01-07,No,2,0,9904
Retail,S009,ST0044_XL,2026-01-07,No,4,0,18996
Retail,S009,ST0021_S,2026-01-07,No,4,0,12260
Retail,S009,ST0039_M,2026-01-07,No,4,0,2476
Retail,S010,ST0023_XL,2026-01-07,No,4,0,11200
Retail,S010,ST0041_XL,2026-01-07,No,4,0,8656
Retail,S010,ST0027_S,2026-01-07,No,3,0,13542
Retail,S010,ST0034_L,2026-01-07,No,1,0,4269
Retail,S010,ST0050_S,2026-01-07,No,4,0,8524
Retail,S010,ST0009_M,2026-01-07,No,1,0,2196
Retail,S010,ST0048_XL,2026-01-07,No,3,0,7710
Retail,S010,ST0044_M,2026-01-07,No,3,0,8382
Retail,S010,ST0043_XL,2026-01-07,No,3,0,5910
Retail,S010,ST0049_XL,2026-01-07,No,4,0,11956
Retail,S010,ST0030_S,2026-01-07,No,3,0,3111
Retail,S010,ST0040_S,2026-01-07,No,3,0,5607
Retail,S010,ST0036_XL,2026-01-07,No,3,0,10653
Retail,S001,ST0037_S,2026-01-08,No,4,0,2016
Retail,S001,ST0044_M,2026-01-08,No,2,0,5588
Retail,S001,ST0046_S,2026-01-08,No,1,0,4545
Retail,S001,ST0004_S,2026-01-08,No,3,0,7377
Retail,S001,ST0014_XL,2026-01-08,No,2,0,8974
Retail,S001,ST0011_L,2026-01-08,No,4,0,2392
Retail,S001,ST0039_L,2026-01-08,No,2,0,2660
Retail,S001,ST0015_XL,2026-01-08,No,4,0,14416
Retail,S001,ST0045_M,2026-01-08,No,2,0,8012
Retail,S001,ST0045_S,2026-01-08,No,3,0,6537
Retail,S001,ST0014_L,2026-01-08,No,3,0,5400
Retail,S001,ST0020_M,2026-01-08,No,2,0,6048
Retail,S001,ST0007_XL,2026-01-08,No,1,0,3670
Retail,S001,ST0028_S,2026-01-08,No,4,0,2616
Retail,S001,ST0036_XL,2026-01-08,No,4,0,14204
Retail,S002,ST0010_L,2026-01-08,No,2,0,8846
Retail,S002,ST0012_M,2026-01-08,No,4,0,19732
Retail,S002,ST0042_XL,2026-01-08,No,2,0,2118
Retail,S002,ST0007_XL,2026-01-08,No,4,0,14680
Retail,S002,ST0022_S,2026-01-08,No,2,0,1602
Retail,S002,ST0009_L,2026-01-08,No,4,0,17964
Retail,S002,ST0038_S,2026-01-08,No,3,0,14592
Retail,S002,ST0021_M,2026-01-08,No,4,0,6240
Retail,S002,ST0019_S,2026-01-08,No,2,0,2630
Retail,S002,ST0035_XL,2026-01-08,No,4,0,17416
Retail,S002,ST0020_S,2026-01-08,No,4,0,10820
Retail,S002,ST0048_S,2026-01-08,No,2,0,4270
Retail,S002,ST0027_S,2026-01-08,No,4,0,18056
Retail,S002,ST0001_L,2026-01-08,No,1,0,3311
Retail,S002,ST0026_M,2026-01-08,No,3,0,7185
Retail,S002,ST0025_XL,2026-01-08,No,2,0,4632
Retail,S002,ST0012_XL,2026-01-08,No,1,0,3369
Retail,S003,ST0008_M,2026-01-08,No,1,0,2755
Retail,S003,ST0043_M,2026-01-08,No,3,0,11529
Retail,S003,ST0026_M,2026-01-08,No,4,0,9580
Retail,S003,ST0004_S,2026-01-08,No,3,0,7377
Retail,S003,ST0048_XL,2026-01-08,No,2,0,5140
Retail,S003,ST0034_M,2026-01-08,No,3,0,12708
Retail,S003,ST0035_S,2026-01-08,No,2,0,7522
Retail,S003,ST0038_L,2026-01-08,No,2,0,2270
Retail,S003,ST0017_L,2026-01-08,No,1,0,1062
Retail,S003,ST0022_XL,2026-01-08,No,1,0,3670
Retail,S003,ST0022_S,2026-01-08,No,1,0,801
Retail,S003,ST0017_M,2026-01-08,No,4,0,15744
Retail,S003,ST0010_XL,2026-01-08,No,4,0,3012
Retail,S003,ST0010_L,2026-01-08,No,3,0,13269
Retail,S004,ST0027_XL,2026-01-08,No,3,0,10527
Retail,S004,ST0027_M,2026-01-08,No,2,0,6802
Retail,S004,ST0044_XL,2026-01-08,No,2,0,9498
Retail,S004,ST0008_XL,2026-01-08,No,1,0,4999
Retail,S004,ST0043_M,2026-01-08,No,1,0,3843
Retail,S004,ST0020_S,2026-01-08,No,4,0,10820
Retail,S004,ST0018_S,2026-01-08,No,3,0,11562
Retail,S004,ST0027_L,2026-01-08,No,3,0,6558
Retail,S004,ST0045_S,2026-01-08,No,3,0,6537
Retail,S004,ST0014_L,2026-01-08,No,3,0,5400
Retail,S004,ST0039_S,2026-01-08,No,2,0,4364
Retail,S004,ST0041_S,2026-01-08,No,3,0,4950
Retail,S004,ST0034_L,2026-01-08,No,4,0,17076
Retail,S004,ST0020_M,2026-01-08,No,2,0,6048
Retail,S004,ST0004_S,2026-01-08,No,3,0,7377
Retail,S004,ST0010_L,2026-01-08,No,4,0,17692
Retail,S004,ST0019_XL,2026-01-08,No,3,0,5229
Retail,S004,ST0026_L,2026-01-08,No,2,0,6466
Retail,S004,ST0003_L,2026-01-08,No,1,0,988
Retail,S005,ST0039_L,2026-01-08,No,4,0,5320
Retail,S005,ST0014_XL,2026-01-08,No,4,0,17948
Retail,S005,ST0017_M,2026-01-08,No,2,0,7872
Retail,S005,ST0006_L,2026-01-08,No,4,0,10196
Retail,S005,ST0012_S,2026-01-08,No,4,0,13844
Retail,S005,ST0028_S,2026-01-08,No,1,0,654
Retail,S005,ST0009_L,2026-01-08,No,1,0,4491
Retail,S005,ST0036_L,2026-01-08,No,3,0,10872
Retail,S005,ST0021_S,2026-01-08,No,3,0,9195
Retail,S005,ST0040_L,2026-01-08,No,2,0,1232
Retail,S005,ST0042_M,2026-01-08,No,1,0,1012
Retail,S005,ST0015_L,2026-01-08,No,1,0,4996
Retail,S005,ST0013_S,2026-01-08,No,3,0,11202
Retail,S006,ST0009_L,2026-01-08,No,3,0,13473
Retail,S006,ST0023_L,2026-01-08,No,4,0,2760
Retail,S006,ST0012_M,2026-01-08,No,2,0,9866
Retail,S006,ST0029_S,2026-01-08,No,3,0,3852
Retail,S006,ST0036_XL,2026-01-08,No,3,0,10653
Retail,S006,ST0025_L,2026-01-08,No,4,0,10260
Retail,S006,ST0040_S,2026-01-08,No,4,0,7476
Retail,S006,ST0042_XL,2026-01-08,No,2,0,2118
Retail,S006,ST0007_M,2026-01-08,No,1,0,4590
Retail,S006,ST0038_S,2026-01-08,No,2,0,9728
Retail,S006,ST0032_L,2026-01-08,No,2,0,6402
Retail,S006,ST0001_XL,2026-01-08,No,1,0,1869
Retail,S006,ST0049_M,2026-01-08,No,4,0,15004
Retail,S006,ST0046_S,2026-01-08,No,1,0,4545
Retail,S006,ST0033_L,2026-01-08,No,1,0,2482
Retail,S006,ST0011_L,2026-01-08,No,3,0,1794
Retail,S007,ST0016_S,2026-01-08,No,4,0,12940
Retail,S007,ST0034_S,2026-01-08,No,1,0,4646
Retail,S007,ST0002_L,2026-01-08,No,4,0,14876
Retail,S007,ST0004_XL,2026-01-08,No,3,0,6906
Retail,S007,ST0026_L,2026-01-08,No,2,0,6466
Retail,S007,ST0045_M,2026-01-08,No,4,0,16024
Retail,S007,ST0005_XL,2026-01-08,No,1,0,1123
Retail,S007,ST0021_L,2026-01-08,No,2,0,5654
Retail,S007,ST0001_L,2026-01-08,No,3,0,9933
Retail,S007,ST0033_XL,2026-01-08,No,2,0,2706
Retail,S007,ST0011_L,2026-01-08,No,4,0,2392
Retail,S007,ST0029_XL,2026-01-08,No,4,0,13224
Retail,S007,ST0003_L,2026-01-08,No,1,0,988
Retail,S007,ST0041_L,2026-01-08,No,3,0,4536
Retail,S007,ST0035_XL,2026-01-08,No,1,0,4354
Retail,S007,ST0034_XL,2026-01-08,No,2,0,2148
Retail,S007,ST0008_L,2026-01-08,No,3,0,4962
Retail,S007,ST0008_S,2026-01-08,No,1,0,2182
Retail,S008,ST0009_S,2026-01-08,No,3,0,11073
Retail,S008,ST0030_L,2026-01-08,No,3,0,8865
Retail,S008,ST0047_S,2026-01-08,No,2,0,7118
Retail,S008,ST0020_S,2026-01-08,No,3,0,8115
Retail,S008,ST0027_M,2026-01-08,No,1,0,3401
Retail,S008,ST0036_XL,2026-01-08,No,1,0,3551
Retail,S008,ST0030_XL,2026-01-08,No,3,0,3072
Retail,S008,ST0035_L,2026-01-08,No,1,0,2215
Retail,S008,ST0013_S,2026-01-08,No,3,0,11202
Retail,S008,ST0031_S,2026-01-08,No,4,0,13800
Retail,S008,ST0032_S,2026-01-08,No,1,0,4347
Retail,S008,ST0022_XL,2026-01-08,No,1,0,3670
Retail,S008,ST0004_S,2026-01-08,No,4,0,9836
Retail,S008,ST0004_L,2026-01-08,No,4,0,13676
Retail,S008,ST0009_L,2026-01-08,No,2,0,8982
Retail,S008,ST0048_L,2026-01-08,No,1,0,4952
Retail,S009,ST0036_XL,2026-01-08,No,1,0,3551
Retail,S009,ST0007_M,2026-01-08,No,2,0,9180
Retail,S009,ST0038_S,2026-01-08,No,2,0,9728
Retail,S009,ST0006_M,2026-01-08,No,1,0,4143
Retail,S009,ST0006_S,2026-01-08,No,3,0,4548
Retail,S009,ST0005_XL,2026-01-08,No,3,0,3369
Retail,S009,ST0048_XL,2026-01-08,No,3,0,7710
Retail,S009,ST0029_M,2026-01-08,No,1,0,3675
Retail,S009,ST0004_M,2026-01-08,No,1,0,2885
Retail,S009,ST0029_XL,2026-01-08,No,2,0,6612
Retail,S009,ST0042_M,2026-01-08,No,3,0,3036
Retail,S009,ST0011_S,2026-01-08,No,1,0,3683
Retail,S009,ST0018_L,2026-01-08,No,4,0,5836
Retail,S009,ST0001_XL,2026-01-08,No,2,0,3738
Retail,S010,ST0041_L,2026-01-08,No,3,0,4536
Retail,S010,ST0006_XL,2026-01-08,No,4,0,16892
Retail,S010,ST0003_XL,2026-01-08,No,2,0,6952
Retail,S010,ST0039_L,2026-01-08,No,2,0,2660
Retail,S010,ST0010_L,2026-01-08,No,3,0,13269
Retail,S010,ST0019_S,2026-01-08,No,1,0,1315
Retail,S010,ST0013_L,2026-01-08,No,3,0,4368
Retail,S010,ST0046_L,2026-01-08,No,3,0,10854
Retail,S010,ST0015_S,2026-01-08,No,2,0,4054
Retail,S010,ST0023_S,2026-01-08,No,2,0,2398
Retail,S010,ST0005_XL,2026-01-08,No,3,0,3369
Retail,S010,ST0032_S,2026-01-08,No,2,0,8694
Retail,S010,ST0008_M,2026-01-08,No,1,0,2755
Retail,S010,ST0036_L,2026-01-08,No,1,0,3624
Retail,S010,ST0011_L,2026-01-08,No,2,0,1196
Retail,S001,ST0020_XL,2026-01-09,No,4,0,15776
Retail,S001,ST0008_XL,2026-01-09,No,1,0,4999
Retail,S001,ST0015_M,2026-01-09,No,2,0,3436
Retail,S001,ST0022_S,2026-01-09,No,2,0,1602
Retail,S001,ST0028_XL,2026-01-09,No,3,0,13671
Retail,S001,ST0021_M,2026-01-09,No,3,0,4680
Retail,S001,ST0032_XL,2026-01-09,No,1,0,1471
Retail,S001,ST0041_S,2026-01-09,No,4,0,6600
Retail,S001,ST0040_S,2026-01-09,No,3,0,5607
Retail,S001,ST0039_L,2026-01-09,No,1,0,1330
Retail,S001,ST0009_L,2026-01-09,No,4,0,17964
Retail,S001,ST0044_XL,2026-01-09,No,3,0,14247
Retail,S001,ST0049_S,2026-01-09,No,3,0,10047
Retail,S001,ST0041_L,2026-01-09,No,1,0,1512
Retail,S001,ST0033_M,2026-01-09,No,2,0,6548
Retail,S001,ST0029_L,2026-01-09,No,2,0,9682
Retail,S002,ST0049_XL,2026-01-09,No,2,0,5978
Retail,S002,ST0028_L,2026-01-09,No,1,0,1909
Retail,S002,ST0002_S,2026-01-09,No,2,0,4972
Retail,S002,ST0005_M,2026-01-09,No,1,0,3869
Retail,S002,ST0019_M,2026-01-09,No,2,0,7240
Retail,S002,ST0035_XL,2026-01-09,No,1,0,4354
Retail,S002,ST0047_XL,2026-01-09,No,2,0,5958
Retail,S002,ST0037_L,2026-01-09,No,1,0,1491
Retail,S002,ST0004_XL,2026-01-09,No,1,0,2302
Retail,S002,ST0006_XL,2026-01-09,No,4,0,16892
Retail,S002,ST0044_M,2026-01-09,No,2,0,5588
Retail,S002,ST0020_XL,2026-01-09,No,1,0,3944
Retail,S002,ST0033_M,2026-01-09,No,3,0,9822
Retail,S002,ST0047_M,2026-01-09,No,4,0,13836
Retail,S002,ST0034_L,2026-01-09,No,1,0,4269
Retail,S002,ST0023_XL,2026-01-09,No,2,0,5600
Retail,S002,ST0043_M,2026-01-09,No,2,0,7686
Retail,S002,ST0004_M,2026-01-09,No,3,0,8655
Retail,S003,ST0038_L,2026-01-09,No,2,0,2270
Retail,S003,ST0038_S,2026-01-09,No,1,0,4864
Retail,S003,ST0045_L,2026-01-09,No,3,0,9732
Retail,S003,ST0011_XL,2026-01-09,No,1,0,2700
Retail,S003,ST0040_L,2026-01-09,No,1,0,616
Retail,S003,ST0015_L,2026-01-09,No,4,0,19984
Retail,S003,ST0025_XL,2026-01-09,No,3,0,6948
Retail,S003,ST0018_M,2026-01-09,No,4,0,2900
Retail,S003,ST0050_XL,2026-01-09,No,1,0,1848
Retail,S003,ST0044_S,2026-01-09,No,1,0,1080
Retail,S003,ST0014_S,2026-01-09,No,3,0,1980
Retail,S003,ST0029_M,2026-01-09,No,2,0,7350
Retail,S003,ST0047_M,2026-01-09,No,2,0,6918
Retail,S003,ST0020_XL,2026-01-09,No,4,0,15776
Retail,S003,ST0043_L,2026-01-09,No,4,0,18280
Retail,S003,ST0040_M,2026-01-09,No,4,0,4960
Retail,S003,ST0035_M,2026-01-09,No,3,0,4944
Retail,S003,ST0003_S,2026-01-09,No,1,0,2234
Retail,S004,ST0019_M,2026-01-09,No,4,0,14480
Retail,S004,ST0050_L,2026-01-09,No,3,0,4545
Retail,S004,ST0045_S,2026-01-09,No,4,0,8716
Retail,S004,ST0043_XL,2026-01-09,No,2,0,3940
Retail,S004,ST0047_XL,2026-01-09,No,3,0,8937
Retail,S004,ST0044_M,2026-01-09,No,3,0,8382
Retail,S004,ST0031_M,2026-01-09,No,3,0,13893
Retail,S004,ST0042_L,2026-01-09,No,4,0,13396
Retail,S004,ST0007_XL,2026-01-09,No,1,0,3670
Retail,S004,ST0047_S,2026-01-09,No,2,0,7118
Retail,S004,ST0024_S,2026-01-09,No,3,0,4440
Retail,S004,ST0005_XL,2026-01-09,No,2,0,2246
Retail,S004,ST0013_S,2026-01-09,No,1,0,3734
Retail,S004,ST0020_M,2026-01-09,No,1,0,3024
Retail,S004,ST0014_M,2026-01-09,No,3,0,14979
Retail,S005,ST0046_L,2026-01-09,No,3,0,10854
Retail,S005,ST0020_L,2026-01-09,No,4,0,6276
Retail,S005,ST0010_M,2026-01-09,No,3,0,14097
Retail,S005,ST0048_S,2026-01-09,No,1,0,2135
Retail,S005,ST0049_S,2026-01-09,No,1,0,3349
Retail,S005,ST0014_S,2026-01-09,No,3,0,1980
Retail,S005,ST0046_M,2026-01-09,No,3,0,5229
Retail,S005,ST0023_S,2026-01-09,No,2,0,2398
Retail,S005,ST0037_XL,2026-01-09,No,1,0,4642
Retail,S005,ST0026_L,2026-01-09,No,2,0,6466
Retail,S005,ST0033_L,2026-01-09,No,3,0,7446
Retail,S005,ST0040_S,2026-01-09,No,4,0,7476
Retail,S006,ST0033_S,2026-01-09,No,2,0,3332
Retail,S006,ST0021_M,2026-01-09,No,1,0,1560
Retail,S006,ST0009_L,2026-01-09,No,2,0,8982
Retail,S006,ST0044_S,2026-01-09,No,4,0,4320
Retail,S006,ST0021_S,2026-01-09,No,2,0,6130
Retail,S006,ST0031_M,2026-01-09,No,3,0,13893
Retail,S006,ST0045_S,2026-01-09,No,1,0,2179
Retail,S006,ST0040_S,2026-01-09,No,3,0,5607
Retail,S006,ST0011_M,2026-01-09,No,4,0,12228
Retail,S006,ST0038_M,2026-01-09,No,4,0,19860
Retail,S006,ST0027_S,2026-01-09,No,3,0,13542
Retail,S006,ST0032_XL,2026-01-09,No,2,0,2942
Retail,S006,ST0013_XL,2026-01-09,No,2,0,9134
Retail,S007,ST0020_S,2026-01-09,No,1,0,2705
Retail,S007,ST0015_XL,2026-01-09,No,4,0,14416
Retail,S007,ST0038_S,2026-01-09,No,2,0,9728
Retail,S007,ST0017_S,2026-01-09,No,4,0,8772
Retail,S007,ST0011_L,2026-01-09,No,4,0,2392
Retail,S007,ST0013_XL,2026-01-09,No,1,0,4567
Retail,S007,ST0027_M,2026-01-09,No,1,0,3401
Retail,S007,ST0023_M,2026-01-09,No,4,0,6556
Retail,S007,ST0045_M,2026-01-09,No,4,0,16024
Retail,S007,ST0038_L,2026-01-09,No,2,0,2270
Retail,S007,ST0032_XL,2026-01-09,No,2,0,2942
Retail,S007,ST0034_XL,2026-01-09,No,3,0,3222
Retail,S007,ST0048_XL,2026-01-09,No,2,0,5140
Retail,S007,ST0021_S,2026-01-09,No,1,0,3065
Retail,S007,ST0005_XL,2026-01-09,No,2,0,2246
Retail,S007,ST0044_S,2026-01-09,No,4,0,4320
Retail,S008,ST0005_M,2026-01-09,No,2,0,7738
Retail,S008,ST0003_XL,2026-01-09,No,3,0,10428
Retail,S008,ST0002_L,2026-01-09,No,1,0,3719
Retail,S008,ST0015_M,2026-01-09,No,3,0,5154
Retail,S008,ST0036_L,2026-01-09,No,2,0,7248
Retail,S008,ST0049_L,2026-01-09,No,3,0,12690
Retail,S008,ST0026_S,2026-01-09,No,1,0,1069
Retail,S008,ST0043_XL,2026-01-09,No,1,0,1970
Retail,S008,ST0004_S,2026-01-09,No,1,0,2459
Retail,S008,ST0042_M,2026-01-09,No,4,0,4048
Retail,S008,ST0008_XL,2026-01-09,No,1,0,4999
Retail,S008,ST0024_M,2026-01-09,No,2,0,6950
Retail,S008,ST0041_S,2026-01-09,No,3,0,4950
Retail,S009,ST0049_S,2026-01-09,No,4,0,13396
Retail,S009,ST0030_XL,2026-01-09,No,4,0,4096
Retail,S009,ST0021_M,2026-01-09,No,4,0,6240
Retail,S009,ST0002_S,2026-01-09,No,2,0,4972
Retail,S009,ST0022_L,2026-01-09,No,1,0,1106
Retail,S009,ST0022_S,2026-01-09,No,4,0,3204
Retail,S009,ST0047_XL,2026-01-09,No,1,0,2979
Retail,S009,ST0017_S,2026-01-09,No,2,0,4386
Retail,S009,ST0028_XL,2026-01-09,No,2,0,9114
Retail,S009,ST0041_L,2026-01-09,No,3,0,4536
Retail,S009,ST0046_S,2026-01-09,No,1,0,4545
Retail,S009,ST0016_XL,2026-01-09,No,3,0,4635
Retail,S009,ST0029_M,2026-01-09,No,2,0,7350
Retail,S009,ST0034_XL,2026-01-09,No,2,0,2148
Retail,S010,ST0007_M,2026-01-09,No,2,0,9180
Retail,S010,ST0004_XL,2026-01-09,No,2,0,4604
Retail,S010,ST0040_M,2026-01-09,No,1,0,1240
Retail,S010,ST0026_L,2026-01-09,No,4,0,12932
Retail,S010,ST0050_L,2026-01-09,No,2,0,3030
Retail,S010,ST0017_L,2026-01-09,No,2,0,2124
Retail,S010,ST0041_XL,2026-01-09,No,4,0,8656
Retail,S010,ST0026_M,2026-01-09,No,1,0,2395
Retail,S010,ST0045_S,2026-01-09,No,2,0,4358
Retail,S010,ST0021_S,2026-01-09,No,2,0,6130
Retail,S010,ST0008_XL,2026-01-09,No,3,0,14997
Retail,S010,ST0006_XL,2026-01-09,No,1,0,4223
Retail,S010,ST0017_M,2026-01-09,No,2,0,7872
Retail,S010,ST0039_L,2026-01-09,No,1,0,1330
Retail,S010,ST0034_XL,2026-01-09,No,2,0,2148
Retail,S001,ST0006_L,2026-01-10,No,3,0,7647
Retail,S001,ST0030_L,2026-01-10,No,3,0,8865
Retail,S001,ST0044_M,2026-01-10,No,3,0,8382
Retail,S001,ST0023_XL,2026-01-10,No,4,0,11200
Retail,S001,ST0014_XL,2026-01-10,No,2,0,8974
Retail,S001,ST0009_L,2026-01-10,No,4,0,17964
Retail,S001,ST0034_L,2026-01-10,No,4,0,17076
Retail,S001,ST0042_M,2026-01-10,No,2,0,2024
Retail,S001,ST0021_L,2026-01-10,No,4,0,11308
Retail,S001,ST0029_S,2026-01-10,No,3,0,3852
Retail,S001,ST0042_XL,2026-01-10,No,4,0,4236
Retail,S001,ST0024_XL,2026-01-10,No,2,0,7654
Retail,S001,ST0022_L,2026-01-10,No,1,0,1106
Retail,S001,ST0017_XL,2026-01-10,No,1,0,2985
Retail,S001,ST0044_S,2026-01-10,No,3,0,3240
Retail,S002,ST0033_M,2026-01-10,No,3,0,9822
Retail,S002,ST0014_XL,2026-01-10,No,1,0,4487
Retail,S002,ST0003_L,2026-01-10,No,2,0,1976
Retail,S002,ST0011_L,2026-01-10,No,2,0,1196
Retail,S002,ST0036_L,2026-01-10,No,2,0,7248
Retail,S002,ST0048_M,2026-01-10,No,4,0,9028
Retail,S002,ST0005_L,2026-01-10,No,4,0,3048
Retail,S002,ST0049_XL,2026-01-10,No,2,0,5978
Retail,S002,ST0001_S,2026-01-10,No,1,0,2294
Retail,S003,ST0024_L,2026-01-10,No,2,0,3368
Retail,S003,ST0045_L,2026-01-10,No,2,0,6488
Retail,S003,ST0026_M,2026-01-10,No,1,0,2395
Retail,S003,ST0019_L,2026-01-10,No,1,0,516
Retail,S003,ST0049_M,2026-01-10,No,3,0,11253
Retail,S003,ST0042_M,2026-01-10,No,3,0,3036
Retail,S003,ST0011_L,2026-01-10,No,1,0,598
Retail,S003,ST0031_S,2026-01-10,No,2,0,6900
Retail,S003,ST0010_S,2026-01-10,No,2,0,3890
Retail,S003,ST0028_S,2026-01-10,No,2,0,1308
Retail,S003,ST0044_S,2026-01-10,No,4,0,4320
Retail,S003,ST0031_M,2026-01-10,No,4,0,18524
Retail,S003,ST0036_S,2026-01-10,No,1,0,2991
Retail,S003,ST0038_L,2026-01-10,No,3,0,3405
Retail,S003,ST0004_L,2026-01-10,No,2,0,6838
Retail,S003,ST0037_M,2026-01-10,No,3,0,4128
Retail,S004,ST0007_L,2026-01-10,No,3,0,7668
Retail,S004,ST0037_L,2026-01-10,No,1,0,1491
Retail,S004,ST0020_S,2026-01-10,No,4,0,10820
Retail,S004,ST0004_XL,2026-01-10,No,2,0,4604
Retail,S004,ST0047_L,2026-01-10,No,3,0,8295
Retail,S004,ST0003_M,2026-01-10,No,1,0,2343
Retail,S004,ST0030_M,2026-01-10,No,3,0,7023
Retail,S004,ST0020_L,2026-01-10,No,4,0,6276
Retail,S004,ST0021_XL,2026-01-10,No,3,0,11760
Retail,S004,ST0024_M,2026-01-10,No,3,0,10425
Retail,S004,ST0049_L,2026-01-10,No,1,0,4230
Retail,S004,ST0027_XL,2026-01-10,No,3,0,10527
Retail,S004,ST0047_XL,2026-01-10,No,3,0,8937
Retail,S004,ST0049_XL,2026-01-10,No,1,0,2989
Retail,S004,ST0017_L,2026-01-10,No,2,0,2124
Retail,S005,ST0044_XL,2026-01-10,No,1,0,4749
Retail,S005,ST0029_L,2026-01-10,No,3,0,14523
Retail,S005,ST0036_L,2026-01-10,No,3,0,10872
Retail,S005,ST0050_S,2026-01-10,No,2,0,4262
Retail,S005,ST0050_M,2026-01-10,No,4,0,13264
Retail,S005,ST0038_M,2026-01-10,No,2,0,9930
Retail,S005,ST0026_M,2026-01-10,No,2,0,4790
Retail,S005,ST0004_XL,2026-01-10,No,2,0,4604
Retail,S005,ST0044_S,2026-01-10,No,3,0,3240
Retail,S005,ST0047_M,2026-01-10,No,2,0,6918
Retail,S005,ST0046_M,2026-01-10,No,2,0,3486
Retail,S005,ST0048_S,2026-01-10,No,3,0,6405
Retail,S005,ST0009_M,2026-01-10,No,1,0,2196
Retail,S005,ST0015_M,2026-01-10,No,2,0,3436
Retail,S005,ST0031_L,2026-01-10,No,3,0,13845
Retail,S005,ST0027_XL,2026-01-10,No,1,0,3509
Retail,S005,ST0026_L,2026-01-10,No,3,0,9699
Retail,S005,ST0049_XL,2026-01-10,No,4,0,11956
Retail,S006,ST0047_XL,2026-01-10,No,1,0,2979
Retail,S006,ST0020_L,2026-01-10,No,3,0,4707
Retail,S006,ST0039_L,2026-01-10,No,2,0,2660
Retail,S006,ST0050_S,2026-01-10,No,3,0,6393
Retail,S006,ST0008_S,2026-01-10,No,1,0,2182
Retail,S006,ST0009_S,2026-01-10,No,4,0,14764
Retail,S006,ST0026_M,2026-01-10,No,2,0,4790
Retail,S006,ST0015_M,2026-01-10,No,1,0,1718
Retail,S006,ST0005_L,2026-01-10,No,2,0,1524
Retail,S006,ST0021_M,2026-01-10,No,1,0,1560
Retail,S006,ST0043_M,2026-01-10,No,3,0,11529
Retail,S006,ST0017_XL,2026-01-10,No,2,0,5970
Retail,S006,ST0046_XL,2026-01-10,No,2,0,5282
Retail,S006,ST0029_S,2026-01-10,No,3,0,3852
Retail,S006,ST0014_XL,2026-01-10,No,1,0,4487
Retail,S007,ST0005_XL,2026-01-10,No,3,0,3369
Retail,S007,ST0006_M,2026-01-10,No,2,0,8286
Retail,S007,ST0043_M,2026-01-10,No,2,0,7686
Retail,S007,ST0031_M,2026-01-10,No,3,0,13893
Retail,S007,ST0029_L,2026-01-10,No,3,0,14523
Retail,S007,ST0046_L,2026-01-10,No,2,0,7236
Retail,S007,ST0003_L,2026-01-10,No,4,0,3952
Retail,S007,ST0017_L,2026-01-10,No,1,0,1062
Retail,S007,ST0010_XL,2026-01-10,No,3,0,2259
Retail,S007,ST0025_L,2026-01-10,No,1,0,2565
Retail,S007,ST0027_S,2026-01-10,No,3,0,13542
Retail,S007,ST0044_XL,2026-01-10,No,4,0,18996
Retail,S007,ST0014_XL,2026-01-10,No,3,0,13461
Retail,S007,ST0002_M,2026-01-10,No,1,0,646
Retail,S007,ST0023_XL,2026-01-10,No,3,0,8400
Retail,S008,ST0007_S,2026-01-10,No,2,0,7216
Retail,S008,ST0011_M,2026-01-10,No,2,0,6114
Retail,S008,ST0008_S,2026-01-10,No,4,0,8728
Retail,S008,ST0032_S,2026-01-10,No,2,0,8694
Retail,S008,ST0033_S,2026-01-10,No,1,0,1666
Retail,S008,ST0027_M,2026-01-10,No,3,0,10203
Retail,S008,ST0047_S,2026-01-10,No,3,0,10677
Retail,S008,ST0038_L,2026-01-10,No,4,0,4540
Retail,S008,ST0012_L,2026-01-10,No,4,0,17108
Retail,S008,ST0021_XL,2026-01-10,No,1,0,3920
Retail,S008,ST0016_L,2026-01-10,No,4,0,15784
Retail,S008,ST0010_S,2026-01-10,No,1,0,1945
Retail,S008,ST0005_L,2026-01-10,No,3,0,2286
Retail,S008,ST0016_M,2026-01-10,No,3,0,4362
Retail,S009,ST0048_M,2026-01-10,No,2,0,4514
Retail,S009,ST0033_M,2026-01-10,No,3,0,9822
Retail,S009,ST0050_XL,2026-01-10,No,1,0,1848
Retail,S009,ST0021_S,2026-01-10,No,4,0,12260
Retail,S009,ST0011_S,2026-01-10,No,1,0,3683
Retail,S009,ST0003_S,2026-01-10,No,2,0,4468
Retail,S009,ST0040_L,2026-01-10,No,1,0,616
Retail,S009,ST0025_L,2026-01-10,No,2,0,5130
Retail,S009,ST0017_S,2026-01-10,No,4,0,8772
Retail,S009,ST0035_S,2026-01-10,No,2,0,7522
Retail,S009,ST0001_XL,2026-01-10,No,3,0,5607
Retail,S009,ST0022_M,2026-01-10,No,1,0,4776
Retail,S009,ST0012_L,2026-01-10,No,1,0,4277
Retail,S009,ST0014_S,2026-01-10,No,4,0,2640
Retail,S009,ST0027_XL,2026-01-10,No,1,0,3509
Retail,S009,ST0024_XL,2026-01-10,No,1,0,3827
Retail,S010,ST0007_XL,2026-01-10,No,2,0,7340
Retail,S010,ST0022_M,2026-01-10,No,3,0,14328
Retail,S010,ST0047_XL,2026-01-10,No,3,0,8937
Retail,S010,ST0024_S,2026-01-10,No,2,0,2960
Retail,S010,ST0005_L,2026-01-10,No,1,0,762
Retail,S010,ST0021_L,2026-01-10,No,3,0,8481
Retail,S010,ST0030_L,2026-01-10,No,2,0,5910
Retail,S010,ST0031_M,2026-01-10,No,3,0,13893
Retail,S010,ST0005_XL,2026-01-10,No,3,0,3369
Retail,S010,ST0030_XL,2026-01-10,No,1,0,1024
Retail,S010,ST0006_XL,2026-01-10,No,2,0,8446
Retail,S010,ST0007_M,2026-01-10,No,1,0,4590
Retail,S010,ST0049_S,2026-01-10,No,4,0,13396
Retail,S010,ST0007_S,2026-01-10,No,3,0,10824
Retail,S010,ST0010_XL,2026-01-10,No,3,0,2259
Retail,S001,ST0023_L,2026-01-11,No,1,0,690
Retail,S001,ST0041_L,2026-01-11,No,1,0,1512
Retail,S001,ST0038_XL,2026-01-11,No,1,0,2193
Retail,S001,ST0024_L,2026-01-11,No,1,0,1684
Retail,S001,ST0040_L,2026-01-11,No,1,0,616
Retail,S001,ST0029_XL,2026-01-11,No,2,0,6612
Retail,S001,ST0007_XL,2026-01-11,No,4,0,14680
Retail,S001,ST0048_XL,2026-01-11,No,2,0,5140
Retail,S001,ST0016_M,2026-01-11,No,2,0,2908
Retail,S001,ST0016_XL,2026-01-11,No,2,0,3090
Retail,S001,ST0002_M,2026-01-11,No,1,0,646
Retail,S001,ST0032_L,2026-01-11,No,2,0,6402
Retail,S001,ST0033_XL,2026-01-11,No,3,0,4059
Retail,S001,ST0006_M,2026-01-11,No,1,0,4143
Retail,S001,ST0001_S,2026-01-11,No,1,0,2294
Retail,S001,ST0010_S,2026-01-11,No,1,0,1945
Retail,S002,ST0032_L,2026-01-11,No,1,0,3201
Retail,S002,ST0027_S,2026-01-11,No,4,0,18056
Retail,S002,ST0049_XL,2026-01-11,No,4,0,11956
Retail,S002,ST0025_XL,2026-01-11,No,4,0,9264
Retail,S002,ST0015_L,2026-01-11,No,1,0,4996
Retail,S002,ST0017_M,2026-01-11,No,4,0,15744
Retail,S002,ST0014_M,2026-01-11,No,3,0,14979
Retail,S002,ST0048_XL,2026-01-11,No,3,0,7710
Retail,S002,ST0003_S,2026-01-11,No,3,0,6702
Retail,S002,ST0026_L,2026-01-11,No,1,0,3233
Retail,S002,ST0006_M,2026-01-11,No,2,0,8286
Retail,S002,ST0014_XL,2026-01-11,No,3,0,13461
Retail,S002,ST0001_S,2026-01-11,No,3,0,6882
Retail,S003,ST0011_XL,2026-01-11,No,4,0,10800
Retail,S003,ST0041_L,2026-01-11,No,1,0,1512
Retail,S003,ST0029_M,2026-01-11,No,1,0,3675
Retail,S003,ST0001_S,2026-01-11,No,2,0,4588
Retail,S003,ST0010_L,2026-01-11,No,4,0,17692
Retail,S003,ST0027_XL,2026-01-11,No,4,0,14036
Retail,S003,ST0016_L,2026-01-11,No,3,0,11838
Retail,S003,ST0017_M,2026-01-11,No,4,0,15744
Retail,S003,ST0025_M,2026-01-11,No,3,0,1881
Retail,S003,ST0008_M,2026-01-11,No,3,0,8265
Retail,S003,ST0008_L,2026-01-11,No,3,0,4962
Retail,S003,ST0026_M,2026-01-11,No,2,0,4790
Retail,S003,ST0023_S,2026-01-11,No,2,0,2398
Retail,S004,ST0043_S,2026-01-11,No,4,0,16688
Retail,S004,ST0039_L,2026-01-11,No,4,0,5320
Retail,S004,ST0013_S,2026-01-11,No,3,0,11202
Retail,S004,ST0026_S,2026-01-11,No,2,0,2138
Retail,S004,ST0017_S,2026-01-11,No,2,0,4386
Retail,S004,ST0035_L,2026-01-11,No,3,0,6645
Retail,S004,ST0050_XL,2026-01-11,No,4,0,7392
Retail,S004,ST0035_S,2026-01-11,No,4,0,15044
Retail,S004,ST0025_S,2026-01-11,No,3,0,11682
Retail,S004,ST0038_M,2026-01-11,No,3,0,14895
Retail,S004,ST0043_M,2026-01-11,No,4,0,15372
Retail,S004,ST0022_M,2026-01-11,No,4,0,19104
Retail,S004,ST0020_L,2026-01-11,No,2,0,3138
Retail,S004,ST0042_L,2026-01-11,No,3,0,10047
Retail,S004,ST0041_L,2026-01-11,No,4,0,6048
Retail,S005,ST0003_M,2026-01-11,No,4,0,9372
Retail,S005,ST0029_L,2026-01-11,No,4,0,19364
Retail,S005,ST0048_M,2026-01-11,No,3,0,6771
Retail,S005,ST0027_L,2026-01-11,No,1,0,2186
Retail,S005,ST0033_L,2026-01-11,No,1,0,2482
Retail,S005,ST0004_M,2026-01-11,No,4,0,11540
Retail,S005,ST0002_S,2026-01-11,No,4,0,9944
Retail,S005,ST0046_XL,2026-01-11,No,2,0,5282
Retail,S005,ST0029_XL,2026-01-11,No,2,0,6612
Retail,S005,ST0045_M,2026-01-11,No,2,0,8012
Retail,S005,ST0005_S,2026-01-11,No,1,0,4561
Retail,S005,ST0033_M,2026-01-11,No,1,0,3274
Retail,S005,ST0024_L,2026-01-11,No,3,0,5052
Retail,S005,ST0040_L,2026-01-11,No,4,0,2464
Retail,S005,ST0043_M,2026-01-11,No,2,0,7686
Retail,S005,ST0033_S,2026-01-11,No,1,0,1666
Retail,S006,ST0045_S,2026-01-11,No,2,0,4358
Retail,S006,ST0033_L,2026-01-11,No,1,0,2482
Retail,S006,ST0024_M,2026-01-11,No,2,0,6950
Retail,S006,ST0039_M,2026-01-11,No,4,0,2476
Retail,S006,ST0015_XL,2026-01-11,No,4,0,14416
Retail,S006,ST0037_M,2026-01-11,No,4,0,5504
Retail,S006,ST0031_M,2026-01-11,No,3,0,13893
Retail,S006,ST0046_S,2026-01-11,No,4,0,18180
Retail,S006,ST0040_S,2026-01-11,No,2,0,3738
Retail,S006,ST0044_L,2026-01-11,No,2,0,7294
Retail,S006,ST0019_S,2026-01-11,No,1,0,1315
Retail,S006,ST0016_S,2026-01-11,No,1,0,3235
Retail,S006,ST0043_XL,2026-01-11,No,3,0,5910
Retail,S006,ST0019_M,2026-01-11,No,3,0,10860
Retail,S007,ST0050_XL,2026-01-11,No,4,0,7392
Retail,S007,ST0044_XL,2026-01-11,No,1,0,4749
Retail,S007,ST0035_L,2026-01-11,No,3,0,6645
Retail,S007,ST0050_M,2026-01-11,No,4,0,13264
Retail,S007,ST0016_XL,2026-01-11,No,2,0,3090
Retail,S007,ST0040_L,2026-01-11,No,1,0,616
Retail,S007,ST0044_M,2026-01-11,No,4,0,11176
Retail,S007,ST0030_S,2026-01-11,No,4,0,4148
Retail,S007,ST0038_M,2026-01-11,No,3,0,14895
Retail,S007,ST0045_S,2026-01-11,No,1,0,2179
Retail,S007,ST0037_L,2026-01-11,No,1,0,1491
Retail,S007,ST0043_M,2026-01-11,No,3,0,11529
Retail,S007,ST0034_S,2026-01-11,No,2,0,9292
Retail,S007,ST0046_M,2026-01-11,No,2,0,3486
Retail,S007,ST0045_L,2026-01-11,No,1,0,3244
Retail,S008,ST0050_S,2026-01-11,No,4,0,8524
Retail,S008,ST0011_M,2026-01-11,No,3,0,9171
Retail,S008,ST0027_S,2026-01-11,No,4,0,18056
Retail,S008,ST0027_M,2026-01-11,No,2,0,6802
Retail,S008,ST0002_XL,2026-01-11,No,2,0,6822
Retail,S008,ST0038_M,2026-01-11,No,4,0,19860
Retail,S008,ST0003_M,2026-01-11,No,1,0,2343
Retail,S008,ST0038_XL,2026-01-11,No,4,0,8772
Retail,S008,ST0017_XL,2026-01-11,No,2,0,5970
Retail,S008,ST0020_L,2026-01-11,No,2,0,3138
Retail,S008,ST0004_M,2026-01-11,No,2,0,5770
Retail,S008,ST0031_XL,2026-01-11,No,2,0,5736
Retail,S008,ST0047_L,2026-01-11,No,3,0,8295
Retail,S008,ST0027_XL,2026-01-11,No,2,0,7018
Retail,S008,ST0048_S,2026-01-11,No,3,0,6405
Retail,S008,ST0014_L,2026-01-11,No,1,0,1800
Retail,S008,ST0004_S,2026-01-11,No,1,0,2459
Retail,S008,ST0024_XL,2026-01-11,No,1,0,3827
Retail,S009,ST0048_L,2026-01-11,No,3,0,14856
Retail,S009,ST0031_XL,2026-01-11,No,2,0,5736
Retail,S009,ST0026_S,2026-01-11,No,3,0,3207
Retail,S009,ST0005_L,2026-01-11,No,3,0,2286
Retail,S009,ST0013_XL,2026-01-11,No,1,0,4567
Retail,S009,ST0035_S,2026-01-11,No,4,0,15044
Retail,S009,ST0004_M,2026-01-11,No,3,0,8655
Retail,S009,ST0029_S,2026-01-11,No,1,0,1284
Retail,S009,ST0040_S,2026-01-11,No,1,0,1869
Retail,S009,ST0025_M,2026-01-11,No,1,0,627
Retail,S009,ST0008_S,2026-01-11,No,4,0,8728
Retail,S009,ST0050_L,2026-01-11,No,2,0,3030
Retail,S009,ST0025_L,2026-01-11,No,4,0,10260
Retail,S009,ST0002_M,2026-01-11,No,4,0,2584
Retail,S009,ST0028_XL,2026-01-11,No,2,0,9114
Retail,S009,ST0023_S,2026-01-11,No,3,0,3597
Retail,S009,ST0017_S,2026-01-11,No,1,0,2193
Retail,S009,ST0034_XL,2026-01-11,No,3,0,3222
Retail,S010,ST0019_M,2026-01-11,No,1,0,3620
Retail,S010,ST0011_S,2026-01-11,No,4,0,14732
Retail,S010,ST0011_L,2026-01-11,No,3,0,1794
Retail,S010,ST0037_L,2026-01-11,No,1,0,1491
Retail,S010,ST0003_S,2026-01-11,No,1,0,2234
Retail,S010,ST0034_S,2026-01-11,No,1,0,4646
Retail,S010,ST0026_L,2026-01-11,No,2,0,6466
Retail,S010,ST0014_XL,2026-01-11,No,1,0,4487
Retail,S010,ST0040_L,2026-01-11,No,2,0,1232
Retail,S010,ST0032_M,2026-01-11,No,4,0,19980
Retail,S010,ST0021_L,2026-01-11,No,4,0,11308
Retail,S010,ST0042_M,2026-01-11,No,3,0,3036
Retail,S010,ST0025_M,2026-01-11,No,4,0,2508
Retail,S010,ST0003_L,2026-01-11,No,1,0,988
Retail,S010,ST0041_M,2026-01-11,No,4,0,9724
Retail,S010,ST0045_S,2026-01-11,No,1,0,2179
Retail,S001,ST0030_L,2026-01-12,No,3,0,8865
Retail,S001,ST0024_L,2026-01-12,No,2,0,3368
Retail,S001,ST0006_S,2026-01-12,No,3,0,4548
Retail,S001,ST0007_M,2026-01-12,No,3,0,13770
Retail,S001,ST0023_S,2026-01-12,No,2,0,2398
Retail,S001,ST0023_XL,2026-01-12,No,4,0,11200
Retail,S001,ST0011_M,2026-01-12,No,1,0,3057
Retail,S001,ST0038_M,2026-01-12,No,2,0,9930
Retail,S001,ST0044_L,2026-01-12,No,2,0,7294
Retail,S001,ST0033_M,2026-01-12,No,4,0,13096
Retail,S001,ST0026_XL,2026-01-12,No,2,0,8726
Retail,S001,ST0026_S,2026-01-12,No,4,0,4276
Retail,S001,ST0021_M,2026-01-12,No,1,0,1560
Retail,S001,ST0037_XL,2026-01-12,No,3,0,13926
Retail,S001,ST0016_XL,2026-01-12,No,4,0,6180
Retail,S002,ST0006_XL,2026-01-12,No,1,0,4223
Retail,S002,ST0047_XL,2026-01-12,No,3,0,8937
Retail,S002,ST0024_XL,2026-01-12,No,3,0,11481
Retail,S002,ST0019_L,2026-01-12,No,3,0,1548
Retail,S002,ST0045_XL,2026-01-12,No,2,0,7712
Retail,S002,ST0039_S,2026-01-12,No,3,0,6546
Retail,S002,ST0024_S,2026-01-12,No,1,0,1480
Retail,S002,ST0025_M,2026-01-12,No,1,0,627
Retail,S002,ST0016_L,2026-01-12,No,4,0,15784
Retail,S002,ST0035_M,2026-01-12,No,4,0,6592
Retail,S002,ST0046_XL,2026-01-12,No,3,0,7923
Retail,S002,ST0049_M,2026-01-12,No,1,0,3751
Retail,S002,ST0032_S,2026-01-12,No,1,0,4347
Retail,S002,ST0023_M,2026-01-12,No,2,0,3278
Retail,S002,ST0038_M,2026-01-12,No,3,0,14895
Retail,S003,ST0032_XL,2026-01-12,No,1,0,1471
Retail,S003,ST0039_M,2026-01-12,No,4,0,2476
Retail,S003,ST0023_S,2026-01-12,No,1,0,1199
Retail,S003,ST0050_S,2026-01-12,No,4,0,8524
Retail,S003,ST0015_M,2026-01-12,No,3,0,5154
Retail,S003,ST0006_M,2026-01-12,No,3,0,12429
Retail,S003,ST0019_S,2026-01-12,No,2,0,2630
Retail,S003,ST0030_M,2026-01-12,No,2,0,4682
Retail,S003,ST0034_XL,2026-01-12,No,3,0,3222
Retail,S003,ST0009_S,2026-01-12,No,4,0,14764
Retail,S003,ST0050_M,2026-01-12,No,3,0,9948
Retail,S003,ST0035_M,2026-01-12,No,2,0,3296
Retail,S003,ST0022_XL,2026-01-12,No,2,0,7340
Retail,S003,ST0036_M,2026-01-12,No,4,0,12640
Retail,S003,ST0015_S,2026-01-12,No,2,0,4054
Retail,S004,ST0028_M,2026-01-12,No,2,0,6074
Retail,S004,ST0032_L,2026-01-12,No,3,0,9603
Retail,S004,ST0010_L,2026-01-12,No,3,0,13269
Retail,S004,ST0001_L,2026-01-12,No,2,0,6622
Retail,S004,ST0021_L,2026-01-12,No,3,0,8481
Retail,S004,ST0019_S,2026-01-12,No,1,0,1315
Retail,S004,ST0005_XL,2026-01-12,No,1,0,1123
Retail,S004,ST0013_L,2026-01-12,No,2,0,2912
Retail,S004,ST0042_M,2026-01-12,No,4,0,4048
Retail,S004,ST0015_M,2026-01-12,No,2,0,3436
Retail,S004,ST0035_M,2026-01-12,No,4,0,6592
Retail,S004,ST0008_S,2026-01-12,No,4,0,8728
Retail,S004,ST0034_M,2026-01-12,No,3,0,12708
Retail,S004,ST0026_XL,2026-01-12,No,2,0,8726
Retail,S004,ST0043_M,2026-01-12,No,1,0,3843
Retail,S005,ST0006_S,2026-01-12,No,2,0,3032
Retail,S005,ST0043_L,2026-01-12,No,3,0,13710
Retail,S005,ST0037_XL,2026-01-12,No,3,0,13926
Retail,S005,ST0021_XL,2026-01-12,No,2,0,7840
Retail,S005,ST0017_XL,2026-01-12,No,3,0,8955
Retail,S005,ST0041_M,2026-01-12,No,2,0,4862
Retail,S005,ST0019_XL,2026-01-12,No,4,0,6972
Retail,S005,ST0049_S,2026-01-12,No,2,0,6698
Retail,S005,ST0023_M,2026-01-12,No,2,0,3278
Retail,S005,ST0046_S,2026-01-12,No,4,0,18180
Retail,S005,ST0043_S,2026-01-12,No,1,0,4172
Retail,S005,ST0015_M,2026-01-12,No,3,0,5154
Retail,S005,ST0009_S,2026-01-12,No,1,0,3691
Retail,S005,ST0013_S,2026-01-12,No,2,0,7468
Retail,S005,ST0022_XL,2026-01-12,No,4,0,14680
Retail,S005,ST0036_S,2026-01-12,No,4,0,11964
Retail,S006,ST0050_M,2026-01-12,No,1,0,3316
Retail,S006,ST0045_M,2026-01-12,No,1,0,4006
Retail,S006,ST0015_XL,2026-01-12,No,2,0,7208
Retail,S006,ST0029_XL,2026-01-12,No,4,0,13224
Retail,S006,ST0011_L,2026-01-12,No,2,0,1196
Retail,S006,ST0014_S,2026-01-12,No,3,0,1980
Retail,S006,ST0039_L,2026-01-12,No,2,0,2660
Retail,S006,ST0030_M,2026-01-12,No,2,0,4682
Retail,S006,ST0033_L,2026-01-12,No,3,0,7446
Retail,S006,ST0003_S,2026-01-12,No,1,0,2234
Retail,S006,ST0042_XL,2026-01-12,No,4,0,4236
Retail,S006,ST0020_XL,2026-01-12,No,3,0,11832
Retail,S006,ST0049_M,2026-01-12,No,4,0,15004
Retail,S006,ST0007_L,2026-01-12,No,2,0,5112
Retail,S006,ST0040_XL,2026-01-12,No,3,0,10014
Retail,S006,ST0027_M,2026-01-12,No,2,0,6802
Retail,S006,ST0005_XL,2026-01-12,No,4,0,4492
Retail,S007,ST0012_M,2026-01-12,No,1,0,4933
Retail,S007,ST0026_XL,2026-01-12,No,2,0,8726
Retail,S007,ST0023_XL,2026-01-12,No,3,0,8400
Retail,S007,ST0013_S,2026-01-12,No,2,0,7468
Retail,S007,ST0010_XL,2026-01-12,No,4,0,3012
Retail,S007,ST0005_S,2026-01-12,No,3,0,13683
Retail,S007,ST0010_L,2026-01-12,No,2,0,8846
Retail,S007,ST0033_L,2026-01-12,No,1,0,2482
Retail,S007,ST0017_S,2026-01-12,No,3,0,6579
Retail,S007,ST0001_S,2026-01-12,No,1,0,2294
Retail,S007,ST0025_M,2026-01-12,No,3,0,1881
Retail,S007,ST0020_L,2026-01-12,No,1,0,1569
Retail,S007,ST0030_XL,2026-01-12,No,3,0,3072
Retail,S008,ST0032_S,2026-01-12,No,3,0,13041
Retail,S008,ST0008_S,2026-01-12,No,2,0,4364
Retail,S008,ST0044_M,2026-01-12,No,1,0,2794
Retail,S008,ST0009_L,2026-01-12,No,1,0,4491
Retail,S008,ST0035_L,2026-01-12,No,4,0,8860
Retail,S008,ST0014_M,2026-01-12,No,1,0,4993
Retail,S008,ST0048_S,2026-01-12,No,3,0,6405
Retail,S008,ST0021_S,2026-01-12,No,3,0,9195
Retail,S008,ST0025_L,2026-01-12,No,3,0,7695
Retail,S008,ST0007_M,2026-01-12,No,3,0,13770
Retail,S008,ST0009_M,2026-01-12,No,4,0,8784
Retail,S008,ST0012_XL,2026-01-12,No,2,0,6738
Retail,S008,ST0018_L,2026-01-12,No,4,0,5836
Retail,S008,ST0036_M,2026-01-12,No,4,0,12640
Retail,S009,ST0022_XL,2026-01-12,No,1,0,3670
Retail,S009,ST0041_XL,2026-01-12,No,4,0,8656
Retail,S009,ST0042_L,2026-01-12,No,2,0,6698
Retail,S009,ST0047_M,2026-01-12,No,4,0,13836
Retail,S009,ST0047_XL,2026-01-12,No,4,0,11916
Retail,S009,ST0011_M,2026-01-12,No,4,0,12228
Retail,S009,ST0048_M,2026-01-12,No,1,0,2257
Retail,S009,ST0043_S,2026-01-12,No,3,0,12516
Retail,S009,ST0038_XL,2026-01-12,No,1,0,2193
Retail,S009,ST0022_S,2026-01-12,No,4,0,3204
Retail,S009,ST0007_L,2026-01-12,No,4,0,10224
Retail,S009,ST0036_L,2026-01-12,No,1,0,3624
Retail,S010,ST0044_XL,2026-01-12,No,3,0,14247
Retail,S010,ST0021_S,2026-01-12,No,3,0,9195
Retail,S010,ST0025_L,2026-01-12,No,1,0,2565
Retail,S010,ST0037_L,2026-01-12,No,3,0,4473
Retail,S010,ST0017_M,2026-01-12,No,2,0,7872
Retail,S010,ST0023_S,2026-01-12,No,1,0,1199
Retail,S010,ST0047_XL,2026-01-12,No,1,0,2979
Retail,S010,ST0005_S,2026-01-12,No,4,0,18244
Retail,S010,ST0004_M,2026-01-12,No,2,0,5770
Retail,S010,ST0003_L,2026-01-12,No,2,0,1976
Retail,S010,ST0048_L,2026-01-12,No,2,0,9904
Retail,S010,ST0044_M,2026-01-12,No,1,0,2794
Retail,S010,ST0005_L,2026-01-12,No,4,0,3048
Retail,S010,ST0042_S,2026-01-12,No,1,0,1581
Retail,S010,ST0029_S,2026-01-12,No,1,0,1284
Retail,S010,ST0029_M,2026-01-12,No,3,0,11025
Retail,S010,ST0006_S,2026-01-12,No,4,0,6064
Retail,S001,ST0022_S,2026-01-13,No,3,0,2403
Retail,S001,ST0042_XL,2026-01-13,No,1,0,1059
Retail,S001,ST0025_S,2026-01-13,No,1,0,3894
Retail,S001,ST0022_XL,2026-01-13,No,1,0,3670
Retail,S001,ST0047_L,2026-01-13,No,3,0,8295
Retail,S001,ST0018_M,2026-01-13,No,4,0,2900
Retail,S001,ST0042_S,2026-01-13,No,1,0,1581
Retail,S001,ST0015_L,2026-01-13,No,3,0,14988
Retail,S001,ST0036_L,2026-01-13,No,4,0,14496
Retail,S001,ST0039_S,2026-01-13,No,3,0,6546
Retail,S001,ST0042_M,2026-01-13,No,1,0,1012
Retail,S001,ST0007_XL,2026-01-13,No,3,0,11010
Retail,S001,ST0004_S,2026-01-13,No,2,0,4918
Retail,S001,ST0022_L,2026-01-13,No,4,0,4424
Retail,S001,ST0037_M,2026-01-13,No,4,0,5504
Retail,S001,ST0003_S,2026-01-13,No,3,0,6702
Retail,S001,ST0005_L,2026-01-13,No,1,0,762
Retail,S002,ST0042_S,2026-01-13,No,2,0,3162
Retail,S002,ST0035_S,2026-01-13,No,3,0,11283
Retail,S002,ST0036_XL,2026-01-13,No,4,0,14204
Retail,S002,ST0009_S,2026-01-13,No,4,0,14764
Retail,S002,ST0007_S,2026-01-13,No,3,0,10824
Retail,S002,ST0049_XL,2026-01-13,No,1,0,2989
Retail,S002,ST0023_XL,2026-01-13,No,4,0,11200
Retail,S002,ST0030_M,2026-01-13,No,4,0,9364
Retail,S002,ST0049_L,2026-01-13,No,3,0,12690
Retail,S003,ST0010_M,2026-01-13,No,3,0,14097
Retail,S003,ST0027_S,2026-01-13,No,1,0,4514
Retail,S003,ST0024_XL,2026-01-13,No,4,0,15308
Retail,S003,ST0002_M,2026-01-13,No,4,0,2584
Retail,S003,ST0005_XL,2026-01-13,No,4,0,4492
Retail,S003,ST0040_S,2026-01-13,No,1,0,1869
Retail,S003,ST0017_S,2026-01-13,No,2,0,4386
Retail,S003,ST0022_M,2026-01-13,No,3,0,14328
Retail,S003,ST0046_S,2026-01-13,No,3,0,13635
Retail,S003,ST0049_M,2026-01-13,No,3,0,11253
Retail,S003,ST0005_S,2026-01-13,No,3,0,13683
Retail,S003,ST0014_M,2026-01-13,No,1,0,4993
Retail,S003,ST0026_M,2026-01-13,No,3,0,7185
Retail,S003,ST0030_M,2026-01-13,No,4,0,9364
Retail,S003,ST0047_M,2026-01-13,No,3,0,10377
Retail,S003,ST0017_L,2026-01-13,No,4,0,4248
Retail,S003,ST0028_XL,2026-01-13,No,1,0,4557
Retail,S003,ST0033_M,2026-01-13,No,1,0,3274
Retail,S003,ST0011_XL,2026-01-13,No,1,0,2700
Retail,S004,ST0040_M,2026-01-13,No,3,0,3720
Retail,S004,ST0027_M,2026-01-13,No,4,0,13604
Retail,S004,ST0018_M,2026-01-13,No,4,0,2900
Retail,S004,ST0049_M,2026-01-13,No,1,0,3751
Retail,S004,ST0040_XL,2026-01-13,No,3,0,10014
Retail,S004,ST0020_XL,2026-01-13,No,1,0,3944
Retail,S004,ST0039_S,2026-01-13,No,2,0,4364
Retail,S004,ST0033_M,2026-01-13,No,1,0,3274
Retail,S004,ST0032_XL,2026-01-13,No,3,0,4413
Retail,S004,ST0031_S,2026-01-13,No,3,0,10350
Retail,S004,ST0048_M,2026-01-13,No,2,0,4514
Retail,S004,ST0046_S,2026-01-13,No,3,0,13635
Retail,S004,ST0010_S,2026-01-13,No,4,0,7780
Retail,S004,ST0019_XL,2026-01-13,No,1,0,1743
Retail,S004,ST0009_S,2026-01-13,No,2,0,7382
Retail,S004,ST0037_L,2026-01-13,No,3,0,4473
Retail,S004,ST0050_XL,2026-01-13,No,2,0,3696
Retail,S004,ST0011_XL,2026-01-13,No,3,0,8100
Retail,S005,ST0022_XL,2026-01-13,No,2,0,7340
Retail,S005,ST0025_L,2026-01-13,No,4,0,10260
Retail,S005,ST0036_L,2026-01-13,No,3,0,10872
Retail,S005,ST0023_L,2026-01-13,No,4,0,2760
Retail,S005,ST0009_M,2026-01-13,No,3,0,6588
Retail,S005,ST0034_S,2026-01-13,No,3,0,13938
Retail,S005,ST0045_L,2026-01-13,No,1,0,3244
Retail,S005,ST0003_S,2026-01-13,No,2,0,4468
Retail,S005,ST0039_XL,2026-01-13,No,4,0,16700
Retail,S005,ST0009_S,2026-01-13,No,2,0,7382
Retail,S005,ST0035_M,2026-01-13,No,4,0,6592
Retail,S005,ST0049_L,2026-01-13,No,3,0,12690
Retail,S005,ST0020_XL,2026-01-13,No,3,0,11832
Retail,S006,ST0008_XL,2026-01-13,No,4,0,19996
Retail,S006,ST0035_XL,2026-01-13,No,4,0,17416
Retail,S006,ST0035_S,2026-01-13,No,3,0,11283
Retail,S006,ST0013_L,2026-01-13,No,4,0,5824
Retail,S006,ST0032_M,2026-01-13,No,1,0,4995
Retail,S006,ST0043_M,2026-01-13,No,3,0,11529
Retail,S006,ST0033_S,2026-01-13,No,3,0,4998
Retail,S006,ST0026_XL,2026-01-13,No,3,0,13089
Retail,S006,ST0004_M,2026-01-13,No,4,0,11540
Retail,S006,ST0021_L,2026-01-13,No,2,0,5654
Retail,S006,ST0005_M,2026-01-13,No,3,0,11607
Retail,S006,ST0013_S,2026-01-13,No,1,0,3734
Retail,S006,ST0019_M,2026-01-13,No,4,0,14480
Retail,S006,ST0031_M,2026-01-13,No,4,0,18524
Retail,S006,ST0029_XL,2026-01-13,No,2,0,6612
Retail,S006,ST0019_S,2026-01-13,No,4,0,5260
Retail,S007,ST0010_M,2026-01-13,No,1,0,4699
Retail,S007,ST0002_XL,2026-01-13,No,1,0,3411
Retail,S007,ST0045_M,2026-01-13,No,2,0,8012
Retail,S007,ST0042_XL,2026-01-13,No,2,0,2118
Retail,S007,ST0039_XL,2026-01-13,No,1,0,4175
Retail,S007,ST0048_M,2026-01-13,No,3,0,6771
Retail,S007,ST0019_M,2026-01-13,No,4,0,14480
Retail,S007,ST0014_M,2026-01-13,No,1,0,4993
Retail,S007,ST0001_M,2026-01-13,No,1,0,1159
Retail,S007,ST0049_S,2026-01-13,No,2,0,6698
Retail,S007,ST0024_M,2026-01-13,No,3,0,10425
Retail,S008,ST0033_S,2026-01-13,No,4,0,6664
Retail,S008,ST0016_XL,2026-01-13,No,4,0,6180
Retail,S008,ST0008_L,2026-01-13,No,1,0,1654
Retail,S008,ST0046_S,2026-01-13,No,3,0,13635
Retail,S008,ST0043_L,2026-01-13,No,4,0,18280
Retail,S008,ST0007_M,2026-01-13,No,1,0,4590
Retail,S008,ST0021_M,2026-01-13,No,4,0,6240
Retail,S008,ST0030_M,2026-01-13,No,3,0,7023
Retail,S008,ST0015_XL,2026-01-13,No,4,0,14416
Retail,S008,ST0021_L,2026-01-13,No,4,0,11308
Retail,S008,ST0015_L,2026-01-13,No,3,0,14988
Retail,S008,ST0037_XL,2026-01-13,No,3,0,13926
Retail,S008,ST0049_XL,2026-01-13,No,1,0,2989
Retail,S008,ST0017_S,2026-01-13,No,1,0,2193
Retail,S009,ST0001_XL,2026-01-13,No,1,0,1869
Retail,S009,ST0011_L,2026-01-13,No,2,0,1196
Retail,S009,ST0018_L,2026-01-13,No,2,0,2918
Retail,S009,ST0019_M,2026-01-13,No,4,0,14480
Retail,S009,ST0002_L,2026-01-13,No,1,0,3719
Retail,S009,ST0002_XL,2026-01-13,No,4,0,13644
Retail,S009,ST0032_L,2026-01-13,No,3,0,9603
Retail,S009,ST0037_XL,2026-01-13,No,4,0,18568
Retail,S009,ST0028_XL,2026-01-13,No,2,0,9114
Retail,S009,ST0023_M,2026-01-13,No,3,0,4917
Retail,S009,ST0003_M,2026-01-13,No,2,0,4686
Retail,S009,ST0030_L,2026-01-13,No,3,0,8865
Retail,S009,ST0030_M,2026-01-13,No,1,0,2341
Retail,S010,ST0037_XL,2026-01-13,No,2,0,9284
Retail,S010,ST0044_S,2026-01-13,No,1,0,1080
Retail,S010,ST0008_XL,2026-01-13,No,3,0,14997
Retail,S010,ST0011_M,2026-01-13,No,3,0,9171
Retail,S010,ST0049_XL,2026-01-13,No,2,0,5978
Retail,S010,ST0044_XL,2026-01-13,No,3,0,14247
Retail,S010,ST0028_S,2026-01-13,No,3,0,1962
Retail,S010,ST0050_M,2026-01-13,No,4,0,13264
Retail,S010,ST0033_L,2026-01-13,No,1,0,2482
Retail,S010,ST0014_XL,2026-01-13,No,2,0,8974
Retail,S010,ST0017_M,2026-01-13,No,2,0,7872
Retail,S010,ST0013_S,2026-01-13,No,3,0,11202
Retail,S010,ST0023_M,2026-01-13,No,4,0,6556
Retail,S001,ST0008_S,2026-01-14,No,4,0,8728
Retail,S001,ST0003_S,2026-01-14,No,2,0,4468
Retail,S001,ST0008_M,2026-01-14,No,1,0,2755
Retail,S001,ST0006_XL,2026-01-14,No,3,0,12669
Retail,S001,ST0035_S,2026-01-14,No,2,0,7522
Retail,S001,ST0006_M,2026-01-14,No,1,0,4143
Retail,S001,ST0015_L,2026-01-14,No,3,0,14988
Retail,S001,ST0027_S,2026-01-14,No,3,0,13542
Retail,S001,ST0015_S,2026-01-14,No,4,0,8108
Retail,S001,ST0021_M,2026-01-14,No,2,0,3120
Retail,S001,ST0035_XL,2026-01-14,No,3,0,13062
Retail,S001,ST0025_XL,2026-01-14,No,1,0,2316
Retail,S001,ST0009_S,2026-01-14,No,1,0,3691
Retail,S001,ST0024_L,2026-01-14,No,4,0,6736
Retail,S002,ST0041_XL,2026-01-14,No,1,0,2164
Retail,S002,ST0047_L,2026-01-14,No,3,0,8295
Retail,S002,ST0010_L,2026-01-14,No,2,0,8846
Retail,S002,ST0028_S,2026-01-14,No,2,0,1308
Retail,S002,ST0045_L,2026-01-14,No,4,0,12976
Retail,S002,ST0008_L,2026-01-14,No,4,0,6616
Retail,S002,ST0024_L,2026-01-14,No,3,0,5052
Retail,S002,ST0027_L,2026-01-14,No,3,0,6558
Retail,S002,ST0013_XL,2026-01-14,No,4,0,18268
Retail,S002,ST0020_M,2026-01-14,No,1,0,3024
Retail,S002,ST0047_M,2026-01-14,No,2,0,6918
Retail,S002,ST0001_S,2026-01-14,No,2,0,4588
Retail,S002,ST0009_M,2026-01-14,No,2,0,4392
Retail,S002,ST0006_XL,2026-01-14,No,2,0,8446
Retail,S002,ST0036_L,2026-01-14,No,1,0,3624
Retail,S003,ST0005_S,2026-01-14,No,3,0,13683
Retail,S003,ST0026_S,2026-01-14,No,4,0,4276
Retail,S003,ST0019_L,2026-01-14,No,3,0,1548
Retail,S003,ST0040_L,2026-01-14,No,4,0,2464
Retail,S003,ST0042_S,2026-01-14,No,2,0,3162
Retail,S003,ST0025_XL,2026-01-14,No,3,0,6948
Retail,S003,ST0041_L,2026-01-14,No,4,0,6048
Retail,S003,ST0044_L,2026-01-14,No,2,0,7294
Retail,S003,ST0010_L,2026-01-14,No,1,0,4423
Retail,S003,ST0046_L,2026-01-14,No,1,0,3618
Retail,S003,ST0020_S,2026-01-14,No,1,0,2705
Retail,S003,ST0006_L,2026-01-14,No,2,0,5098
Retail,S003,ST0017_L,2026-01-14,No,2,0,2124
Retail,S003,ST0047_L,2026-01-14,No,3,0,8295
Retail,S003,ST0044_S,2026-01-14,No,3,0,3240
Retail,S004,ST0027_L,2026-01-14,No,2,0,4372
Retail,S004,ST0004_XL,2026-01-14,No,2,0,4604
Retail,S004,ST0048_L,2026-01-14,No,4,0,19808
Retail,S004,ST0049_L,2026-01-14,No,2,0,8460
Retail,S004,ST0044_S,2026-01-14,No,2,0,2160
Retail,S004,ST0050_XL,2026-01-14,No,3,0,5544
Retail,S004,ST0038_S,2026-01-14,No,1,0,4864
Retail,S004,ST0004_M,2026-01-14,No,4,0,11540
Retail,S004,ST0006_M,2026-01-14,No,1,0,4143
Retail,S004,ST0038_L,2026-01-14,No,3,0,3405
Retail,S004,ST0025_S,2026-01-14,No,4,0,15576
Retail,S004,ST0016_M,2026-01-14,No,3,0,4362
Retail,S004,ST0018_XL,2026-01-14,No,1,0,3567
Retail,S005,ST0006_M,2026-01-14,No,4,0,16572
Retail,S005,ST0035_XL,2026-01-14,No,2,0,8708
Retail,S005,ST0002_XL,2026-01-14,No,1,0,3411
Retail,S005,ST0029_S,2026-01-14,No,2,0,2568
Retail,S005,ST0002_S,2026-01-14,No,1,0,2486
Retail,S005,ST0036_S,2026-01-14,No,1,0,2991
Retail,S005,ST0040_XL,2026-01-14,No,1,0,3338
Retail,S005,ST0034_S,2026-01-14,No,2,0,9292
Retail,S005,ST0024_L,2026-01-14,No,4,0,6736
Retail,S005,ST0028_M,2026-01-14,No,3,0,9111
Retail,S005,ST0039_XL,2026-01-14,No,2,0,8350
Retail,S005,ST0026_L,2026-01-14,No,3,0,9699
Retail,S005,ST0001_XL,2026-01-14,No,4,0,7476
Retail,S005,ST0044_L,2026-01-14,No,3,0,10941
Retail,S005,ST0025_XL,2026-01-14,No,3,0,6948
Retail,S005,ST0020_L,2026-01-14,No,1,0,1569
Retail,S006,ST0014_M,2026-01-14,No,3,0,14979
Retail,S006,ST0002_L,2026-01-14,No,2,0,7438
Retail,S006,ST0050_L,2026-01-14,No,2,0,3030
Retail,S006,ST0012_S,2026-01-14,No,3,0,10383
Retail,S006,ST0007_L,2026-01-14,No,3,0,7668
Retail,S006,ST0002_M,2026-01-14,No,2,0,1292
Retail,S006,ST0049_XL,2026-01-14,No,2,0,5978
Retail,S006,ST0043_S,2026-01-14,No,1,0,4172
Retail,S006,ST0031_M,2026-01-14,No,2,0,9262
Retail,S006,ST0015_M,2026-01-14,No,1,0,1718
Retail,S006,ST0037_XL,2026-01-14,No,3,0,13926
Retail,S006,ST0024_L,2026-01-14,No,1,0,1684
Retail,S006,ST0007_M,2026-01-14,No,1,0,4590
Retail,S006,ST0047_S,2026-01-14,No,1,0,3559
Retail,S006,ST0023_XL,2026-01-14,No,4,0,11200
Retail,S006,ST0042_S,2026-01-14,No,2,0,3162
Retail,S007,ST0004_M,2026-01-14,No,1,0,2885
Retail,S007,ST0013_XL,2026-01-14,No,2,0,9134
Retail,S007,ST0043_M,2026-01-14,No,2,0,7686
Retail,S007,ST0031_S,2026-01-14,No,2,0,6900
Retail,S007,ST0032_L,2026-01-14,No,4,0,12804
Retail,S007,ST0015_XL,2026-01-14,No,4,0,14416
Retail,S007,ST0030_S,2026-01-14,No,2,0,2074
Retail,S007,ST0046_L,2026-01-14,No,2,0,7236
Retail,S007,ST0047_L,2026-01-14,No,3,0,8295
Retail,S007,ST0006_M,2026-01-14,No,3,0,12429
Retail,S007,ST0045_M,2026-01-14,No,2,0,8012
Retail,S007,ST0013_M,2026-01-14,No,3,0,12873
Retail,S007,ST0040_L,2026-01-14,No,2,0,1232
Retail,S007,ST0043_XL,2026-01-14,No,4,0,7880
Retail,S007,ST0014_L,2026-01-14,No,2,0,3600
Retail,S007,ST0019_M,2026-01-14,No,4,0,14480
Retail,S007,ST0030_L,2026-01-14,No,2,0,5910
Retail,S008,ST0037_XL,2026-01-14,No,4,0,18568
Retail,S008,ST0040_L,2026-01-14,No,4,0,2464
Retail,S008,ST0050_S,2026-01-14,No,3,0,6393
Retail,S008,ST0036_M,2026-01-14,No,4,0,12640
Retail,S008,ST0030_M,2026-01-14,No,1,0,2341
Retail,S008,ST0015_S,2026-01-14,No,2,0,4054
Retail,S008,ST0034_S,2026-01-14,No,1,0,4646
Retail,S008,ST0004_S,2026-01-14,No,3,0,7377
Retail,S008,ST0005_S,2026-01-14,No,4,0,18244
Retail,S008,ST0003_M,2026-01-14,No,4,0,9372
Retail,S008,ST0033_S,2026-01-14,No,2,0,3332
Retail,S008,ST0028_S,2026-01-14,No,3,0,1962
Retail,S008,ST0049_S,2026-01-14,No,3,0,10047
Retail,S008,ST0032_S,2026-01-14,No,2,0,8694
Retail,S008,ST0046_S,2026-01-14,No,2,0,9090
Retail,S008,ST0021_S,2026-01-14,No,4,0,12260
Retail,S008,ST0040_M,2026-01-14,No,2,0,2480
Retail,S008,ST0049_XL,2026-01-14,No,3,0,8967
Retail,S009,ST0031_XL,2026-01-14,No,4,0,11472
Retail,S009,ST0029_XL,2026-01-14,No,2,0,6612
Retail,S009,ST0032_S,2026-01-14,No,3,0,13041
Retail,S009,ST0042_S,2026-01-14,No,4,0,6324
Retail,S009,ST0031_L,2026-01-14,No,2,0,9230
Retail,S009,ST0033_XL,2026-01-14,No,1,0,1353
Retail,S009,ST0022_L,2026-01-14,No,3,0,3318
Retail,S009,ST0005_S,2026-01-14,No,2,0,9122
Retail,S009,ST0048_M,2026-01-14,No,4,0,9028
Retail,S009,ST0037_M,2026-01-14,No,1,0,1376
Retail,S009,ST0050_L,2026-01-14,No,3,0,4545
Retail,S009,ST0025_L,2026-01-14,No,2,0,5130
Retail,S009,ST0041_S,2026-01-14,No,1,0,1650
Retail,S009,ST0028_L,2026-01-14,No,3,0,5727
Retail,S009,ST0005_L,2026-01-14,No,4,0,3048
Retail,S009,ST0011_S,2026-01-14,No,2,0,7366
Retail,S010,ST0047_XL,2026-01-14,No,4,0,11916
Retail,S010,ST0029_L,2026-01-14,No,2,0,9682
Retail,S010,ST0046_S,2026-01-14,No,2,0,9090
Retail,S010,ST0016_S,2026-01-14,No,3,0,9705
Retail,S010,ST0005_XL,2026-01-14,No,1,0,1123
Retail,S010,ST0048_S,2026-01-14,No,2,0,4270
Retail,S010,ST0009_M,2026-01-14,No,3,0,6588
Retail,S010,ST0016_L,2026-01-14,No,3,0,11838
Retail,S010,ST0043_XL,2026-01-14,No,3,0,5910
Retail,S010,ST0011_XL,2026-01-14,No,2,0,5400
Retail,S010,ST0024_XL,2026-01-14,No,4,0,15308
Retail,S010,ST0050_XL,2026-01-14,No,2,0,3696
Retail,S010,ST0033_S,2026-01-14,No,2,0,3332
Retail,S010,ST0032_XL,2026-01-14,No,2,0,2942
Retail,S010,ST0026_M,2026-01-14,No,3,0,7185
Retail,S010,ST0027_S,2026-01-14,No,3,0,13542
Retail,S010,ST0015_XL,2026-01-14,No,4,0,14416
Retail,S001,ST0036_XL,2026-01-15,No,2,0,7102
Retail,S001,ST0003_L,2026-01-15,No,3,0,2964
Retail,S001,ST0003_XL,2026-01-15,No,2,0,6952
Retail,S001,ST0009_L,2026-01-15,No,2,0,8982
Retail,S001,ST0034_L,2026-01-15,No,1,0,4269
Retail,S001,ST0041_L,2026-01-15,No,2,0,3024
Retail,S001,ST0036_L,2026-01-15,No,2,0,7248
Retail,S001,ST0010_XL,2026-01-15,No,2,0,1506
Retail,S001,ST0030_L,2026-01-15,No,2,0,5910
Retail,S001,ST0009_S,2026-01-15,No,1,0,3691
Retail,S001,ST0050_L,2026-01-15,No,1,0,1515
Retail,S001,ST0038_M,2026-01-15,No,3,0,14895
Retail,S002,ST0021_L,2026-01-15,No,4,0,11308
Retail,S002,ST0029_M,2026-01-15,No,2,0,7350
Retail,S002,ST0050_L,2026-01-15,No,2,0,3030
Retail,S002,ST0032_S,2026-01-15,No,4,0,17388
Retail,S002,ST0039_S,2026-01-15,No,1,0,2182
Retail,S002,ST0005_L,2026-01-15,No,4,0,3048
Retail,S002,ST0013_XL,2026-01-15,No,4,0,18268
Retail,S002,ST0017_XL,2026-01-15,No,1,0,2985
Retail,S002,ST0011_XL,2026-01-15,No,4,0,10800
Retail,S002,ST0035_XL,2026-01-15,No,3,0,13062
Retail,S002,ST0027_M,2026-01-15,No,2,0,6802
Retail,S002,ST0047_S,2026-01-15,No,4,0,14236
Retail,S002,ST0026_XL,2026-01-15,No,4,0,17452
Retail,S002,ST0044_S,2026-01-15,No,2,0,2160
Retail,S002,ST0032_M,2026-01-15,No,4,0,19980
Retail,S002,ST0028_XL,2026-01-15,No,3,0,13671
Retail,S002,ST0031_XL,2026-01-15,No,3,0,8604
Retail,S002,ST0008_L,2026-01-15,No,4,0,6616
Retail,S002,ST0023_XL,2026-01-15,No,4,0,11200
Retail,S003,ST0011_L,2026-01-15,No,1,0,598
Retail,S003,ST0033_S,2026-01-15,No,3,0,4998
Retail,S003,ST0045_XL,2026-01-15,No,4,0,15424
Retail,S003,ST0024_L,2026-01-15,No,2,0,3368
Retail,S003,ST0026_L,2026-01-15,No,1,0,3233
Retail,S003,ST0027_XL,2026-01-15,No,3,0,10527
Retail,S003,ST0042_XL,2026-01-15,No,1,0,1059
Retail,S003,ST0025_XL,2026-01-15,No,2,0,4632
Retail,S003,ST0016_M,2026-01-15,No,2,0,2908
Retail,S003,ST0018_S,2026-01-15,No,4,0,15416
Retail,S003,ST0019_XL,2026-01-15,No,2,0,3486
Retail,S003,ST0022_XL,2026-01-15,No,3,0,11010
Retail,S003,ST0049_M,2026-01-15,No,2,0,7502
Retail,S003,ST0040_XL,2026-01-15,No,3,0,10014
Retail,S003,ST0009_XL,2026-01-15,No,1,0,2148
Retail,S004,ST0014_S,2026-01-15,No,4,0,2640
Retail,S004,ST0035_S,2026-01-15,No,2,0,7522
Retail,S004,ST0049_M,2026-01-15,No,4,0,15004
Retail,S004,ST0036_XL,2026-01-15,No,1,0,3551
Retail,S004,ST0023_XL,2026-01-15,No,1,0,2800
Retail,S004,ST0041_XL,2026-01-15,No,1,0,2164
Retail,S004,ST0008_XL,2026-01-15,No,3,0,14997
Retail,S004,ST0041_L,2026-01-15,No,4,0,6048
Retail,S004,ST0047_L,2026-01-15,No,3,0,8295
Retail,S004,ST0016_XL,2026-01-15,No,1,0,1545
Retail,S004,ST0031_M,2026-01-15,No,3,0,13893
Retail,S004,ST0014_L,2026-01-15,No,3,0,5400
Retail,S004,ST0026_L,2026-01-15,No,4,0,12932
Retail,S004,ST0012_S,2026-01-15,No,3,0,10383
Retail,S004,ST0022_M,2026-01-15,No,4,0,19104
Retail,S005,ST0018_S,2026-01-15,No,1,0,3854
Retail,S005,ST0028_L,2026-01-15,No,4,0,7636
Retail,S005,ST0025_XL,2026-01-15,No,2,0,4632
Retail,S005,ST0039_M,2026-01-15,No,4,0,2476
Retail,S005,ST0045_M,2026-01-15,No,4,0,16024
Retail,S005,ST0047_S,2026-01-15,No,3,0,10677
Retail,S005,ST0016_L,2026-01-15,No,3,0,11838
Retail,S005,ST0002_S,2026-01-15,No,1,0,2486
Retail,S005,ST0031_L,2026-01-15,No,4,0,18460
Retail,S005,ST0018_M,2026-01-15,No,2,0,1450
Retail,S005,ST0028_S,2026-01-15,No,1,0,654
Retail,S005,ST0005_M,2026-01-15,No,4,0,15476
Retail,S005,ST0018_XL,2026-01-15,No,2,0,7134
Retail,S006,ST0001_M,2026-01-15,No,4,0,4636
Retail,S006,ST0048_L,2026-01-15,No,2,0,9904
Retail,S006,ST0034_XL,2026-01-15,No,4,0,4296
Retail,S006,ST0012_L,2026-01-15,No,1,0,4277
Retail,S006,ST0040_M,2026-01-15,No,3,0,3720
Retail,S006,ST0009_M,2026-01-15,No,4,0,8784
Retail,S006,ST0011_XL,2026-01-15,No,2,0,5400
Retail,S006,ST0042_M,2026-01-15,No,4,0,4048
Retail,S006,ST0006_S,2026-01-15,No,4,0,6064
Retail,S006,ST0029_S,2026-01-15,No,4,0,5136
Retail,S006,ST0043_M,2026-01-15,No,3,0,11529
Retail,S006,ST0040_S,2026-01-15,No,3,0,5607
Retail,S006,ST0035_XL,2026-01-15,No,1,0,4354
Retail,S006,ST0001_L,2026-01-15,No,3,0,9933
Retail,S007,ST0006_XL,2026-01-15,No,1,0,4223
Retail,S007,ST0040_L,2026-01-15,No,4,0,2464
Retail,S007,ST0021_M,2026-01-15,No,4,0,6240
Retail,S007,ST0031_M,2026-01-15,No,2,0,9262
Retail,S007,ST0009_S,2026-01-15,No,2,0,7382
Retail,S007,ST0033_S,2026-01-15,No,3,0,4998
Retail,S007,ST0003_S,2026-01-15,No,1,0,2234
Retail,S007,ST0032_XL,2026-01-15,No,1,0,1471
Retail,S007,ST0043_L,2026-01-15,No,2,0,9140
Retail,S007,ST0029_M,2026-01-15,No,3,0,11025
Retail,S007,ST0022_M,2026-01-15,No,1,0,4776
Retail,S007,ST0018_M,2026-01-15,No,2,0,1450
Retail,S007,ST0046_S,2026-01-15,No,3,0,13635
Retail,S007,ST0047_S,2026-01-15,No,1,0,3559
Retail,S007,ST0034_L,2026-01-15,No,2,0,8538
Retail,S007,ST0024_L,2026-01-15,No,4,0,6736
Retail,S007,ST0050_S,2026-01-15,No,2,0,4262
Retail,S008,ST0037_L,2026-01-15,No,2,0,2982
Retail,S008,ST0023_L,2026-01-15,No,1,0,690
Retail,S008,ST0024_XL,2026-01-15,No,3,0,11481
Retail,S008,ST0031_XL,2026-01-15,No,4,0,11472
Retail,S008,ST0009_XL,2026-01-15,No,1,0,2148
Retail,S008,ST0032_XL,2026-01-15,No,4,0,5884
Retail,S008,ST0038_S,2026-01-15,No,4,0,19456
Retail,S008,ST0033_M,2026-01-15,No,2,0,6548
Retail,S008,ST0025_M,2026-01-15,No,4,0,2508
Retail,S008,ST0001_L,2026-01-15,No,1,0,3311
Retail,S008,ST0017_S,2026-01-15,No,4,0,8772
Retail,S008,ST0018_L,2026-01-15,No,3,0,4377
Retail,S008,ST0041_XL,2026-01-15,No,4,0,8656
Retail,S009,ST0037_L,2026-01-15,No,2,0,2982
Retail,S009,ST0010_L,2026-01-15,No,3,0,13269
Retail,S009,ST0021_XL,2026-01-15,No,4,0,15680
Retail,S009,ST0007_S,2026-01-15,No,2,0,7216
Retail,S009,ST0033_S,2026-01-15,No,1,0,1666
Retail,S009,ST0015_S,2026-01-15,No,1,0,2027
Retail,S009,ST0036_M,2026-01-15,No,4,0,12640
Retail,S009,ST0039_S,2026-01-15,No,1,0,2182
Retail,S009,ST0024_M,2026-01-15,No,2,0,6950
Retail,S009,ST0039_M,2026-01-15,No,2,0,1238
Retail,S009,ST0006_M,2026-01-15,No,1,0,4143
Retail,S009,ST0035_XL,2026-01-15,No,3,0,13062
Retail,S009,ST0033_L,2026-01-15,No,2,0,4964
Retail,S009,ST0026_M,2026-01-15,No,1,0,2395
Retail,S009,ST0022_S,2026-01-15,No,4,0,3204
Retail,S009,ST0050_S,2026-01-15,No,4,0,8524
Retail,S010,ST0022_L,2026-01-15,No,1,0,1106
Retail,S010,ST0036_S,2026-01-15,No,4,0,11964
Retail,S010,ST0013_L,2026-01-15,No,3,0,4368
Retail,S010,ST0002_XL,2026-01-15,No,3,0,10233
Retail,S010,ST0013_S,2026-01-15,No,3,0,11202
Retail,S010,ST0045_S,2026-01-15,No,3,0,6537
Retail,S010,ST0050_M,2026-01-15,No,1,0,3316
Retail,S010,ST0018_M,2026-01-15,No,2,0,1450
Retail,S010,ST0047_XL,2026-01-15,No,3,0,8937
Retail,S010,ST0037_M,2026-01-15,No,2,0,2752
Retail,S010,ST0020_L,2026-01-15,No,2,0,3138
Retail,S010,ST0039_S,2026-01-15,No,4,0,8728
Retail,S010,ST0016_M,2026-01-15,No,2,0,2908
Retail,S010,ST0028_XL,2026-01-15,No,2,0,9114
Retail,S010,ST0017_M,2026-01-15,No,3,0,11808
Retail,S001,ST0012_M,2026-01-16,No,1,0,4933
Retail,S001,ST0047_L,2026-01-16,No,1,0,2765
Retail,S001,ST0011_L,2026-01-16,No,4,0,2392
Retail,S001,ST0009_M,2026-01-16,No,4,0,8784
Retail,S001,ST0043_M,2026-01-16,No,2,0,7686
Retail,S001,ST0013_M,2026-01-16,No,1,0,4291
Retail,S001,ST0023_XL,2026-01-16,No,2,0,5600
Retail,S001,ST0042_M,2026-01-16,No,1,0,1012
Retail,S001,ST0019_S,2026-01-16,No,1,0,1315
Retail,S001,ST0007_M,2026-01-16,No,3,0,13770
Retail,S001,ST0017_M,2026-01-16,No,4,0,15744
Retail,S001,ST0030_XL,2026-01-16,No,2,0,2048
Retail,S001,ST0012_XL,2026-01-16,No,3,0,10107
Retail,S001,ST0027_L,2026-01-16,No,1,0,2186
Retail,S001,ST0013_L,2026-01-16,No,4,0,5824
Retail,S001,ST0018_M,2026-01-16,No,3,0,2175
Retail,S001,ST0014_M,2026-01-16,No,2,0,9986
Retail,S001,ST0005_L,2026-01-16,No,2,0,1524
Retail,S002,ST0015_L,2026-01-16,No,1,0,4996
Retail,S002,ST0050_XL,2026-01-16,No,3,0,5544
Retail,S002,ST0003_S,2026-01-16,No,2,0,4468
Retail,S002,ST0001_XL,2026-01-16,No,3,0,5607
Retail,S002,ST0018_M,2026-01-16,No,2,0,1450
Retail,S002,ST0025_L,2026-01-16,No,4,0,10260
Retail,S002,ST0006_S,2026-01-16,No,2,0,3032
Retail,S002,ST0049_S,2026-01-16,No,2,0,6698
Retail,S002,ST0014_XL,2026-01-16,No,1,0,4487
Retail,S002,ST0031_XL,2026-01-16,No,3,0,8604
Retail,S002,ST0022_XL,2026-01-16,No,1,0,3670
Retail,S002,ST0012_S,2026-01-16,No,2,0,6922
Retail,S002,ST0041_XL,2026-01-16,No,1,0,2164
Retail,S002,ST0025_XL,2026-01-16,No,1,0,2316
Retail,S002,ST0017_M,2026-01-16,No,3,0,11808
Retail,S002,ST0045_L,2026-01-16,No,2,0,6488
Retail,S003,ST0014_M,2026-01-16,No,4,0,19972
Retail,S003,ST0021_L,2026-01-16,No,3,0,8481
Retail,S003,ST0041_M,2026-01-16,No,3,0,7293
Retail,S003,ST0003_M,2026-01-16,No,2,0,4686
Retail,S003,ST0050_XL,2026-01-16,No,2,0,3696
Retail,S003,ST0046_S,2026-01-16,No,1,0,4545
Retail,S003,ST0031_XL,2026-01-16,No,2,0,5736
Retail,S003,ST0038_M,2026-01-16,No,4,0,19860
Retail,S003,ST0036_M,2026-01-16,No,2,0,6320
Retail,S003,ST0029_S,2026-01-16,No,4,0,5136
Retail,S003,ST0045_S,2026-01-16,No,3,0,6537
Retail,S003,ST0024_XL,2026-01-16,No,4,0,15308
Retail,S003,ST0028_XL,2026-01-16,No,1,0,4557
Retail,S003,ST0026_L,2026-01-16,No,4,0,12932
Retail,S004,ST0032_M,2026-01-16,No,2,0,9990
Retail,S004,ST0038_XL,2026-01-16,No,2,0,4386
Retail,S004,ST0041_XL,2026-01-16,No,1,0,2164
Retail,S004,ST0045_S,2026-01-16,No,4,0,8716
Retail,S004,ST0033_L,2026-01-16,No,2,0,4964
Retail,S004,ST0033_XL,2026-01-16,No,1,0,1353
Retail,S004,ST0008_L,2026-01-16,No,1,0,1654
Retail,S004,ST0042_L,2026-01-16,No,2,0,6698
Retail,S004,ST0011_XL,2026-01-16,No,4,0,10800
Retail,S004,ST0027_M,2026-01-16,No,3,0,10203
Retail,S004,ST0009_XL,2026-01-16,No,3,0,6444
Retail,S004,ST0007_L,2026-01-16,No,4,0,10224
Retail,S004,ST0029_S,2026-01-16,No,3,0,3852
Retail,S004,ST0050_L,2026-01-16,No,1,0,1515
Retail,S004,ST0027_S,2026-01-16,No,4,0,18056
Retail,S004,ST0012_XL,2026-01-16,No,1,0,3369
Retail,S005,ST0027_S,2026-01-16,No,2,0,9028
Retail,S005,ST0043_XL,2026-01-16,No,1,0,1970
Retail,S005,ST0030_L,2026-01-16,No,1,0,2955
Retail,S005,ST0032_M,2026-01-16,No,4,0,19980
Retail,S005,ST0032_XL,2026-01-16,No,3,0,4413
Retail,S005,ST0035_XL,2026-01-16,No,3,0,13062
Retail,S005,ST0031_XL,2026-01-16,No,1,0,2868
Retail,S005,ST0050_M,2026-01-16,No,3,0,9948
Retail,S005,ST0035_L,2026-01-16,No,3,0,6645
Retail,S005,ST0001_S,2026-01-16,No,3,0,6882
Retail,S005,ST0019_XL,2026-01-16,No,3,0,5229
Retail,S005,ST0032_S,2026-01-16,No,1,0,4347
Retail,S005,ST0039_L,2026-01-16,No,1,0,1330
Retail,S005,ST0043_L,2026-01-16,No,1,0,4570
Retail,S005,ST0036_XL,2026-01-16,No,2,0,7102
Retail,S005,ST0048_S,2026-01-16,No,4,0,8540
Retail,S006,ST0039_XL,2026-01-16,No,2,0,8350
Retail,S006,ST0038_XL,2026-01-16,No,1,0,2193
Retail,S006,ST0019_S,2026-01-16,No,1,0,1315
Retail,S006,ST0011_M,2026-01-16,No,1,0,3057
Retail,S006,ST0041_S,2026-01-16,No,2,0,3300
Retail,S006,ST0015_S,2026-01-16,No,4,0,8108
Retail,S006,ST0044_XL,2026-01-16,No,1,0,4749
Retail,S006,ST0003_M,2026-01-16,No,4,0,9372
Retail,S006,ST0036_XL,2026-01-16,No,3,0,10653
Retail,S006,ST0035_M,2026-01-16,No,4,0,6592
Retail,S006,ST0012_M,2026-01-16,No,4,0,19732
Retail,S006,ST0006_S,2026-01-16,No,2,0,3032
Retail,S006,ST0013_M,2026-01-16,No,4,0,17164
Retail,S006,ST0009_XL,2026-01-16,No,1,0,2148
Retail,S006,ST0001_L,2026-01-16,No,1,0,3311
Retail,S006,ST0037_L,2026-01-16,No,3,0,4473
Retail,S006,ST0036_M,2026-01-16,No,3,0,9480
Retail,S007,ST0021_S,2026-01-16,No,4,0,12260
Retail,S007,ST0042_XL,2026-01-16,No,4,0,4236
Retail,S007,ST0037_XL,2026-01-16,No,3,0,13926
Retail,S007,ST0007_M,2026-01-16,No,1,0,4590
Retail,S007,ST0033_M,2026-01-16,No,1,0,3274
Retail,S007,ST0004_M,2026-01-16,No,2,0,5770
Retail,S007,ST0044_XL,2026-01-16,No,4,0,18996
Retail,S007,ST0048_S,2026-01-16,No,2,0,4270
Retail,S007,ST0007_L,2026-01-16,No,3,0,7668
Retail,S007,ST0017_XL,2026-01-16,No,3,0,8955
Retail,S007,ST0022_M,2026-01-16,No,2,0,9552
Retail,S007,ST0029_S,2026-01-16,No,4,0,5136
Retail,S007,ST0041_M,2026-01-16,No,1,0,2431
Retail,S007,ST0043_S,2026-01-16,No,4,0,16688
Retail,S007,ST0020_M,2026-01-16,No,3,0,9072
Retail,S008,ST0012_XL,2026-01-16,No,1,0,3369
Retail,S008,ST0042_S,2026-01-16,No,3,0,4743
Retail,S008,ST0019_XL,2026-01-16,No,3,0,5229
Retail,S008,ST0035_M,2026-01-16,No,4,0,6592
Retail,S008,ST0026_M,2026-01-16,No,4,0,9580
Retail,S008,ST0002_S,2026-01-16,No,3,0,7458
Retail,S008,ST0026_XL,2026-01-16,No,4,0,17452
Retail,S008,ST0029_L,2026-01-16,No,4,0,19364
Retail,S008,ST0015_L,2026-01-16,No,2,0,9992
Retail,S008,ST0013_S,2026-01-16,No,1,0,3734
Retail,S008,ST0014_M,2026-01-16,No,2,0,9986
Retail,S008,ST0030_M,2026-01-16,No,2,0,4682
Retail,S008,ST0030_XL,2026-01-16,No,3,0,3072
Retail,S008,ST0006_S,2026-01-16,No,3,0,4548
Retail,S008,ST0008_S,2026-01-16,No,2,0,4364
Retail,S009,ST0037_L,2026-01-16,No,2,0,2982
Retail,S009,ST0045_L,2026-01-16,No,3,0,9732
Retail,S009,ST0024_L,2026-01-16,No,1,0,1684
Retail,S009,ST0022_L,2026-01-16,No,4,0,4424
Retail,S009,ST0018_L,2026-01-16,No,2,0,2918
Retail,S009,ST0012_L,2026-01-16,No,4,0,17108
Retail,S009,ST0020_S,2026-01-16,No,1,0,2705
Retail,S009,ST0021_XL,2026-01-16,No,4,0,15680
Retail,S009,ST0022_M,2026-01-16,No,4,0,19104
Retail,S009,ST0018_S,2026-01-16,No,1,0,3854
Retail,S009,ST0028_L,2026-01-16,No,1,0,1909
Retail,S009,ST0013_L,2026-01-16,No,4,0,5824
Retail,S009,ST0033_XL,2026-01-16,No,1,0,1353
Retail,S009,ST0001_M,2026-01-16,No,3,0,3477
Retail,S009,ST0013_XL,2026-01-16,No,4,0,18268
Retail,S009,ST0002_L,2026-01-16,No,4,0,14876
Retail,S010,ST0024_XL,2026-01-16,No,2,0,7654
Retail,S010,ST0047_S,2026-01-16,No,1,0,3559
Retail,S010,ST0045_XL,2026-01-16,No,4,0,15424
Retail,S010,ST0046_S,2026-01-16,No,1,0,4545
Retail,S010,ST0020_L,2026-01-16,No,1,0,1569
Retail,S010,ST0018_XL,2026-01-16,No,2,0,7134
Retail,S010,ST0009_L,2026-01-16,No,4,0,17964
Retail,S010,ST0028_L,2026-01-16,No,1,0,1909
Retail,S010,ST0034_M,2026-01-16,No,4,0,16944
Retail,S010,ST0026_S,2026-01-16,No,3,0,3207
Retail,S010,ST0023_M,2026-01-16,No,3,0,4917
Retail,S010,ST0011_XL,2026-01-16,No,3,0,8100
Retail,S010,ST0040_S,2026-01-16,No,2,0,3738
Retail,S010,ST0002_XL,2026-01-16,No,1,0,3411
Retail,S010,ST0019_S,2026-01-16,No,2,0,2630
Retail,S001,ST0015_L,2026-01-17,No,4,0,19984
Retail,S001,ST0049_S,2026-01-17,No,1,0,3349
Retail,S001,ST0042_XL,2026-01-17,No,2,0,2118
Retail,S001,ST0027_L,2026-01-17,No,3,0,6558
Retail,S001,ST0024_M,2026-01-17,No,2,0,6950
Retail,S001,ST0029_XL,2026-01-17,No,2,0,6612
Retail,S001,ST0048_S,2026-01-17,No,2,0,4270
Retail,S001,ST0021_XL,2026-01-17,No,2,0,7840
Retail,S001,ST0044_L,2026-01-17,No,3,0,10941
Retail,S001,ST0038_XL,2026-01-17,No,1,0,2193
Retail,S001,ST0032_XL,2026-01-17,No,4,0,5884
Retail,S001,ST0030_S,2026-01-17,No,3,0,3111
Retail,S001,ST0045_M,2026-01-17,No,2,0,8012
Retail,S001,ST0005_S,2026-01-17,No,2,0,9122
Retail,S001,ST0001_M,2026-01-17,No,1,0,1159
Retail,S001,ST0044_XL,2026-01-17,No,1,0,4749
Retail,S002,ST0026_XL,2026-01-17,No,3,0,13089
Retail,S002,ST0003_M,2026-01-17,No,3,0,7029
Retail,S002,ST0007_S,2026-01-17,No,4,0,14432
Retail,S002,ST0031_S,2026-01-17,No,4,0,13800
Retail,S002,ST0004_XL,2026-01-17,No,4,0,9208
Retail,S002,ST0047_L,2026-01-17,No,1,0,2765
Retail,S002,ST0013_S,2026-01-17,No,1,0,3734
Retail,S002,ST0039_S,2026-01-17,No,3,0,6546
Retail,S002,ST0014_M,2026-01-17,No,2,0,9986
Retail,S002,ST0030_L,2026-01-17,No,1,0,2955
Retail,S002,ST0030_S,2026-01-17,No,2,0,2074
Retail,S002,ST0039_XL,2026-01-17,No,2,0,8350
Retail,S002,ST0022_L,2026-01-17,No,3,0,3318
Retail,S003,ST0004_L,2026-01-17,No,1,0,3419
Retail,S003,ST0041_XL,2026-01-17,No,2,0,4328
Retail,S003,ST0023_S,2026-01-17,No,3,0,3597
Retail,S003,ST0021_XL,2026-01-17,No,4,0,15680
Retail,S003,ST0006_XL,2026-01-17,No,2,0,8446
Retail,S003,ST0001_S,2026-01-17,No,2,0,4588
Retail,S003,ST0033_S,2026-01-17,No,2,0,3332
Retail,S003,ST0020_S,2026-01-17,No,3,0,8115
Retail,S003,ST0043_S,2026-01-17,No,1,0,4172
Retail,S003,ST0042_M,2026-01-17,No,1,0,1012
Retail,S003,ST0049_XL,2026-01-17,No,1,0,2989
Retail,S003,ST0004_S,2026-01-17,No,3,0,7377
Retail,S003,ST0005_S,2026-01-17,No,1,0,4561
Retail,S004,ST0024_L,2026-01-17,No,4,0,6736
Retail,S004,ST0049_L,2026-01-17,No,3,0,12690
Retail,S004,ST0012_S,2026-01-17,No,4,0,13844
Retail,S004,ST0045_S,2026-01-17,No,1,0,2179
Retail,S004,ST0034_L,2026-01-17,No,1,0,4269
Retail,S004,ST0050_S,2026-01-17,No,1,0,2131
Retail,S004,ST0047_XL,2026-01-17,No,1,0,2979
Retail,S004,ST0023_S,2026-01-17,No,2,0,2398
Retail,S004,ST0014_L,2026-01-17,No,4,0,7200
Retail,S004,ST0033_XL,2026-01-17,No,2,0,2706
Retail,S004,ST0004_XL,2026-01-17,No,3,0,6906
Retail,S004,ST0035_XL,2026-01-17,No,4,0,17416
Retail,S004,ST0014_S,2026-01-17,No,3,0,1980
Retail,S005,ST0001_S,2026-01-17,No,3,0,6882
Retail,S005,ST0009_M,2026-01-17,No,1,0,2196
Retail,S005,ST0011_XL,2026-01-17,No,4,0,10800
Retail,S005,ST0035_M,2026-01-17,No,1,0,1648
Retail,S005,ST0022_M,2026-01-17,No,3,0,14328
Retail,S005,ST0048_M,2026-01-17,No,3,0,6771
Retail,S005,ST0005_XL,2026-01-17,No,4,0,4492
Retail,S005,ST0041_XL,2026-01-17,No,4,0,8656
Retail,S005,ST0042_S,2026-01-17,No,3,0,4743
Retail,S005,ST0048_L,2026-01-17,No,1,0,4952
Retail,S005,ST0021_S,2026-01-17,No,4,0,12260
Retail,S005,ST0050_L,2026-01-17,No,3,0,4545
Retail,S005,ST0008_XL,2026-01-17,No,2,0,9998
Retail,S005,ST0004_XL,2026-01-17,No,4,0,9208
Retail,S006,ST0047_L,2026-01-17,No,3,0,8295
Retail,S006,ST0047_XL,2026-01-17,No,2,0,5958
Retail,S006,ST0040_L,2026-01-17,No,1,0,616
Retail,S006,ST0042_XL,2026-01-17,No,4,0,4236
Retail,S006,ST0016_S,2026-01-17,No,4,0,12940
Retail,S006,ST0032_S,2026-01-17,No,3,0,13041
Retail,S006,ST0038_S,2026-01-17,No,4,0,19456
Retail,S006,ST0024_S,2026-01-17,No,4,0,5920
Retail,S006,ST0043_XL,2026-01-17,No,2,0,3940
Retail,S006,ST0039_L,2026-01-17,No,2,0,2660
Retail,S006,ST0023_L,2026-01-17,No,3,0,2070
Retail,S006,ST0005_M,2026-01-17,No,3,0,11607
Retail,S006,ST0034_XL,2026-01-17,No,2,0,2148
Retail,S006,ST0009_XL,2026-01-17,No,3,0,6444
Retail,S007,ST0040_M,2026-01-17,No,1,0,1240
Retail,S007,ST0041_XL,2026-01-17,No,4,0,8656
Retail,S007,ST0018_XL,2026-01-17,No,3,0,10701
Retail,S007,ST0010_M,2026-01-17,No,4,0,18796
Retail,S007,ST0032_L,2026-01-17,No,2,0,6402
Retail,S007,ST0021_M,2026-01-17,No,2,0,3120
Retail,S007,ST0012_S,2026-01-17,No,1,0,3461
Retail,S007,ST0026_S,2026-01-17,No,3,0,3207
Retail,S007,ST0009_S,2026-01-17,No,4,0,14764
Retail,S007,ST0033_S,2026-01-17,No,4,0,6664
Retail,S007,ST0022_L,2026-01-17,No,4,0,4424
Retail,S007,ST0026_M,2026-01-17,No,4,0,9580
Retail,S007,ST0048_M,2026-01-17,No,2,0,4514
Retail,S007,ST0025_XL,2026-01-17,No,4,0,9264
Retail,S008,ST0026_M,2026-01-17,No,2,0,4790
Retail,S008,ST0011_M,2026-01-17,No,4,0,12228
Retail,S008,ST0048_L,2026-01-17,No,1,0,4952
Retail,S008,ST0025_L,2026-01-17,No,3,0,7695
Retail,S008,ST0049_M,2026-01-17,No,4,0,15004
Retail,S008,ST0037_L,2026-01-17,No,4,0,5964
Retail,S008,ST0004_M,2026-01-17,No,4,0,11540
Retail,S008,ST0017_L,2026-01-17,No,2,0,2124
Retail,S008,ST0021_S,2026-01-17,No,2,0,6130
Retail,S008,ST0048_M,2026-01-17,No,1,0,2257
Retail,S008,ST0001_L,2026-01-17,No,2,0,6622
Retail,S008,ST0046_XL,2026-01-17,No,2,0,5282
Retail,S008,ST0048_S,2026-01-17,No,3,0,6405
Retail,S008,ST0045_XL,2026-01-17,No,4,0,15424
Retail,S008,ST0007_M,2026-01-17,No,3,0,13770
Retail,S009,ST0048_M,2026-01-17,No,3,0,6771
Retail,S009,ST0017_S,2026-01-17,No,2,0,4386
Retail,S009,ST0022_S,2026-01-17,No,2,0,1602
Retail,S009,ST0024_L,2026-01-17,No,1,0,1684
Retail,S009,ST0042_XL,2026-01-17,No,1,0,1059
Retail,S009,ST0012_S,2026-01-17,No,2,0,6922
Retail,S009,ST0048_S,2026-01-17,No,2,0,4270
Retail,S009,ST0031_L,2026-01-17,No,1,0,4615
Retail,S009,ST0011_M,2026-01-17,No,3,0,9171
Retail,S009,ST0032_M,2026-01-17,No,1,0,4995
Retail,S009,ST0034_S,2026-01-17,No,3,0,13938
Retail,S009,ST0009_M,2026-01-17,No,2,0,4392
Retail,S009,ST0026_XL,2026-01-17,No,3,0,13089
Retail,S009,ST0015_M,2026-01-17,No,3,0,5154
Retail,S009,ST0004_S,2026-01-17,No,1,0,2459
Retail,S010,ST0027_S,2026-01-17,No,4,0,18056
Retail,S010,ST0015_S,2026-01-17,No,2,0,4054
Retail,S010,ST0038_L,2026-01-17,No,1,0,1135
Retail,S010,ST0047_S,2026-01-17,No,1,0,3559
Retail,S010,ST0036_XL,2026-01-17,No,3,0,10653
Retail,S010,ST0046_S,2026-01-17,No,4,0,18180
Retail,S010,ST0024_L,2026-01-17,No,4,0,6736
Retail,S010,ST0039_L,2026-01-17,No,1,0,1330
Retail,S010,ST0044_L,2026-01-17,No,2,0,7294
Retail,S010,ST0043_M,2026-01-17,No,1,0,3843
Retail,S010,ST0044_S,2026-01-17,No,3,0,3240
Retail,S010,ST0003_XL,2026-01-17,No,2,0,6952
Retail,S010,ST0046_L,2026-01-17,No,2,0,7236
Retail,S010,ST0005_M,2026-01-17,No,3,0,11607
Retail,S010,ST0014_XL,2026-01-17,No,3,0,13461
Retail,S010,ST0033_S,2026-01-17,No,4,0,6664
Retail,S001,ST0007_L,2026-01-18,No,2,0,5112
Retail,S001,ST0012_S,2026-01-18,No,1,0,3461
Retail,S001,ST0027_S,2026-01-18,No,1,0,4514
Retail,S001,ST0029_L,2026-01-18,No,3,0,14523
Retail,S001,ST0017_M,2026-01-18,No,4,0,15744
Retail,S001,ST0042_M,2026-01-18,No,4,0,4048
Retail,S001,ST0002_M,2026-01-18,No,4,0,2584
Retail,S001,ST0045_M,2026-01-18,No,3,0,12018
Retail,S001,ST0006_M,2026-01-18,No,3,0,12429
Retail,S001,ST0033_L,2026-01-18,No,2,0,4964
Retail,S001,ST0047_XL,2026-01-18,No,2,0,5958
Retail,S001,ST0018_L,2026-01-18,No,1,0,1459
Retail,S001,ST0019_S,2026-01-18,No,1,0,1315
Retail,S001,ST0027_XL,2026-01-18,No,2,0,7018
Retail,S001,ST0010_M,2026-01-18,No,2,0,9398
Retail,S001,ST0008_L,2026-01-18,No,3,0,4962
Retail,S002,ST0009_S,2026-01-18,No,1,0,3691
Retail,S002,ST0033_S,2026-01-18,No,2,0,3332
Retail,S002,ST0006_XL,2026-01-18,No,1,0,4223
Retail,S002,ST0039_M,2026-01-18,No,3,0,1857
Retail,S002,ST0046_M,2026-01-18,No,4,0,6972
Retail,S002,ST0034_M,2026-01-18,No,3,0,12708
Retail,S002,ST0007_S,2026-01-18,No,1,0,3608
Retail,S002,ST0010_XL,2026-01-18,No,2,0,1506
Retail,S002,ST0018_S,2026-01-18,No,1,0,3854
Retail,S002,ST0001_S,2026-01-18,No,2,0,4588
Retail,S002,ST0034_S,2026-01-18,No,4,0,18584
Retail,S002,ST0038_L,2026-01-18,No,2,0,2270
Retail,S002,ST0020_XL,2026-01-18,No,2,0,7888
Retail,S002,ST0040_L,2026-01-18,No,2,0,1232
Retail,S002,ST0043_S,2026-01-18,No,1,0,4172
Retail,S002,ST0006_L,2026-01-18,No,2,0,5098
Retail,S002,ST0048_XL,2026-01-18,No,3,0,7710
Retail,S003,ST0049_XL,2026-01-18,No,3,0,8967
Retail,S003,ST0034_L,2026-01-18,No,3,0,12807
Retail,S003,ST0012_S,2026-01-18,No,4,0,13844
Retail,S003,ST0009_M,2026-01-18,No,2,0,4392
Retail,S003,ST0002_S,2026-01-18,No,3,0,7458
Retail,S003,ST0036_XL,2026-01-18,No,3,0,10653
Retail,S003,ST0041_L,2026-01-18,No,2,0,3024
Retail,S003,ST0044_XL,2026-01-18,No,3,0,14247
Retail,S003,ST0045_L,2026-01-18,No,2,0,6488
Retail,S003,ST0043_S,2026-01-18,No,2,0,8344
Retail,S003,ST0049_S,2026-01-18,No,1,0,3349
Retail,S003,ST0025_XL,2026-01-18,No,3,0,6948
Retail,S003,ST0016_M,2026-01-18,No,4,0,5816
Retail,S003,ST0043_XL,2026-01-18,No,3,0,5910
Retail,S004,ST0047_M,2026-01-18,No,1,0,3459
Retail,S004,ST0020_S,2026-01-18,No,1,0,2705
Retail,S004,ST0020_XL,2026-01-18,No,2,0,7888
Retail,S004,ST0001_M,2026-01-18,No,1,0,1159
Retail,S004,ST0016_L,2026-01-18,No,2,0,7892
Retail,S004,ST0039_S,2026-01-18,No,4,0,8728
Retail,S004,ST0034_S,2026-01-18,No,1,0,4646
Retail,S004,ST0015_XL,2026-01-18,No,1,0,3604
Retail,S004,ST0023_S,2026-01-18,No,2,0,2398
Retail,S004,ST0017_XL,2026-01-18,No,3,0,8955
Retail,S004,ST0015_S,2026-01-18,No,1,0,2027
Retail,S004,ST0043_L,2026-01-18,No,4,0,18280
Retail,S004,ST0044_S,2026-01-18,No,1,0,1080
Retail,S004,ST0024_S,2026-01-18,No,4,0,5920
Retail,S005,ST0010_XL,2026-01-18,No,1,0,753
Retail,S005,ST0036_L,2026-01-18,No,2,0,7248
Retail,S005,ST0010_L,2026-01-18,No,2,0,8846
Retail,S005,ST0012_S,2026-01-18,No,4,0,13844
Retail,S005,ST0034_L,2026-01-18,No,1,0,4269
Retail,S005,ST0007_XL,2026-01-18,No,4,0,14680
Retail,S005,ST0016_L,2026-01-18,No,3,0,11838
Retail,S005,ST0042_M,2026-01-18,No,2,0,2024
Retail,S005,ST0008_S,2026-01-18,No,1,0,2182
Retail,S005,ST0007_L,2026-01-18,No,1,0,2556
Retail,S005,ST0023_XL,2026-01-18,No,3,0,8400
Retail,S005,ST0021_M,2026-01-18,No,3,0,4680
Retail,S005,ST0001_L,2026-01-18,No,2,0,6622
Retail,S006,ST0020_S,2026-01-18,No,1,0,2705
Retail,S006,ST0020_L,2026-01-18,No,3,0,4707
Retail,S006,ST0005_XL,2026-01-18,No,4,0,4492
Retail,S006,ST0013_S,2026-01-18,No,3,0,11202
Retail,S006,ST0037_M,2026-01-18,No,3,0,4128
Retail,S006,ST0018_XL,2026-01-18,No,1,0,3567
Retail,S006,ST0048_M,2026-01-18,No,1,0,2257
Retail,S006,ST0014_L,2026-01-18,No,1,0,1800
Retail,S006,ST0035_M,2026-01-18,No,3,0,4944
Retail,S006,ST0008_S,2026-01-18,No,4,0,8728
Retail,S006,ST0016_S,2026-01-18,No,1,0,3235
Retail,S006,ST0023_S,2026-01-18,No,2,0,2398
Retail,S006,ST0013_L,2026-01-18,No,2,0,2912
Retail,S006,ST0033_XL,2026-01-18,No,1,0,1353
Retail,S007,ST0035_M,2026-01-18,No,3,0,4944
Retail,S007,ST0028_S,2026-01-18,No,2,0,1308
Retail,S007,ST0030_L,2026-01-18,No,1,0,2955
Retail,S007,ST0002_S,2026-01-18,No,3,0,7458
Retail,S007,ST0029_M,2026-01-18,No,1,0,3675
Retail,S007,ST0019_L,2026-01-18,No,2,0,1032
Retail,S007,ST0014_L,2026-01-18,No,1,0,1800
Retail,S007,ST0025_M,2026-01-18,No,1,0,627
Retail,S007,ST0006_M,2026-01-18,No,4,0,16572
Retail,S007,ST0028_XL,2026-01-18,No,1,0,4557
Retail,S007,ST0013_XL,2026-01-18,No,1,0,4567
Retail,S007,ST0034_M,2026-01-18,No,1,0,4236
Retail,S007,ST0048_M,2026-01-18,No,1,0,2257
Retail,S007,ST0003_L,2026-01-18,No,3,0,2964
Retail,S007,ST0044_XL,2026-01-18,No,1,0,4749
Retail,S008,ST0028_M,2026-01-18,No,2,0,6074
Retail,S008,ST0034_M,2026-01-18,No,3,0,12708
Retail,S008,ST0008_L,2026-01-18,No,2,0,3308
Retail,S008,ST0001_L,2026-01-18,No,4,0,13244
Retail,S008,ST0041_XL,2026-01-18,No,1,0,2164
Retail,S008,ST0014_L,2026-01-18,No,1,0,1800
Retail,S008,ST0024_L,2026-01-18,No,1,0,1684
Retail,S008,ST0030_S,2026-01-18,No,2,0,2074
Retail,S008,ST0049_S,2026-01-18,No,2,0,6698
Retail,S008,ST0010_S,2026-01-18,No,2,0,3890
Retail,S008,ST0048_XL,2026-01-18,No,2,0,5140
Retail,S008,ST0018_S,2026-01-18,No,2,0,7708
Retail,S008,ST0024_XL,2026-01-18,No,1,0,3827
Retail,S008,ST0016_S,2026-01-18,No,1,0,3235
Retail,S008,ST0036_S,2026-01-18,No,2,0,5982
Retail,S008,ST0041_L,2026-01-18,No,3,0,4536
Retail,S008,ST0039_M,2026-01-18,No,4,0,2476
Retail,S009,ST0012_XL,2026-01-18,No,4,0,13476
Retail,S009,ST0032_M,2026-01-18,No,2,0,9990
Retail,S009,ST0006_L,2026-01-18,No,4,0,10196
Retail,S009,ST0039_M,2026-01-18,No,1,0,619
Retail,S009,ST0005_L,2026-01-18,No,1,0,762
Retail,S009,ST0020_L,2026-01-18,No,1,0,1569
Retail,S009,ST0012_L,2026-01-18,No,3,0,12831
Retail,S009,ST0003_S,2026-01-18,No,3,0,6702
Retail,S009,ST0043_S,2026-01-18,No,2,0,8344
Retail,S009,ST0025_L,2026-01-18,No,3,0,7695
Retail,S009,ST0041_XL,2026-01-18,No,1,0,2164
Retail,S009,ST0019_M,2026-01-18,No,4,0,14480
Retail,S009,ST0045_S,2026-01-18,No,3,0,6537
Retail,S009,ST0048_M,2026-01-18,No,2,0,4514
Retail,S009,ST0047_S,2026-01-18,No,2,0,7118
Retail,S009,ST0044_M,2026-01-18,No,1,0,2794
Retail,S009,ST0027_S,2026-01-18,No,1,0,4514
Retail,S010,ST0009_L,2026-01-18,No,2,0,8982
Retail,S010,ST0044_XL,2026-01-18,No,2,0,9498
Retail,S010,ST0020_S,2026-01-18,No,3,0,8115
Retail,S010,ST0030_L,2026-01-18,No,3,0,8865
Retail,S010,ST0008_XL,2026-01-18,No,2,0,9998
Retail,S010,ST0043_S,2026-01-18,No,4,0,16688
Retail,S010,ST0036_L,2026-01-18,No,4,0,14496
Retail,S010,ST0039_XL,2026-01-18,No,2,0,8350
Retail,S010,ST0024_XL,2026-01-18,No,3,0,11481
Retail,S010,ST0018_XL,2026-01-18,No,3,0,10701
Retail,S010,ST0035_S,2026-01-18,No,2,0,7522
Retail,S010,ST0017_XL,2026-01-18,No,4,0,11940
Retail,S010,ST0038_M,2026-01-18,No,1,0,4965
Retail,S010,ST0049_S,2026-01-18,No,1,0,3349
Retail,S010,ST0031_L,2026-01-18,No,2,0,9230
Retail,S010,ST0043_XL,2026-01-18,No,3,0,5910
Retail,S010,ST0029_S,2026-01-18,No,2,0,2568
Retail,S001,ST0014_XL,2026-01-19,No,3,0,13461
Retail,S001,ST0025_S,2026-01-19,No,4,0,15576
Retail,S001,ST0021_XL,2026-01-19,No,4,0,15680
Retail,S001,ST0002_XL,2026-01-19,No,1,0,3411
Retail,S001,ST0034_L,2026-01-19,No,1,0,4269
Retail,S001,ST0033_M,2026-01-19,No,4,0,13096
Retail,S001,ST0040_L,2026-01-19,No,3,0,1848
Retail,S001,ST0050_S,2026-01-19,No,1,0,2131
Retail,S001,ST0029_XL,2026-01-19,No,1,0,3306
Retail,S001,ST0040_M,2026-01-19,No,1,0,1240
Retail,S001,ST0008_S,2026-01-19,No,3,0,6546
Retail,S001,ST0020_XL,2026-01-19,No,2,0,7888
Retail,S001,ST0049_M,2026-01-19,No,4,0,15004
Retail,S001,ST0024_XL,2026-01-19,No,1,0,3827
Retail,S001,ST0015_S,2026-01-19,No,2,0,4054
Retail,S001,ST0038_L,2026-01-19,No,4,0,4540
Retail,S001,ST0023_XL,2026-01-19,No,4,0,11200
Retail,S001,ST0049_L,2026-01-19,No,1,0,4230
Retail,S002,ST0037_M,2026-01-19,No,3,0,4128
Retail,S002,ST0045_XL,2026-01-19,No,3,0,11568
Retail,S002,ST0035_L,2026-01-19,No,3,0,6645
Retail,S002,ST0048_M,2026-01-19,No,2,0,4514
Retail,S002,ST0045_S,2026-01-19,No,2,0,4358
Retail,S002,ST0008_L,2026-01-19,No,2,0,3308
Retail,S002,ST0030_L,2026-01-19,No,4,0,11820
Retail,S002,ST0007_L,2026-01-19,No,4,0,10224
Retail,S002,ST0041_XL,2026-01-19,No,2,0,4328
Retail,S002,ST0042_S,2026-01-19,No,4,0,6324
Retail,S002,ST0043_L,2026-01-19,No,1,0,4570
Retail,S002,ST0050_M,2026-01-19,No,3,0,9948
Retail,S002,ST0010_S,2026-01-19,No,2,0,3890
Retail,S003,ST0033_M,2026-01-19,No,3,0,9822
Retail,S003,ST0041_L,2026-01-19,No,3,0,4536
Retail,S003,ST0030_L,2026-01-19,No,4,0,11820
Retail,S003,ST0038_M,2026-01-19,No,1,0,4965
Retail,S003,ST0009_L,2026-01-19,No,4,0,17964
Retail,S003,ST0022_XL,2026-01-19,No,1,0,3670
Retail,S003,ST0039_L,2026-01-19,No,1,0,1330
Retail,S003,ST0042_S,2026-01-19,No,1,0,1581
Retail,S003,ST0027_L,2026-01-19,No,2,0,4372
Retail,S003,ST0003_S,2026-01-19,No,1,0,2234
Retail,S003,ST0028_XL,2026-01-19,No,4,0,18228
Retail,S003,ST0024_XL,2026-01-19,No,3,0,11481
Retail,S003,ST0017_L,2026-01-19,No,2,0,2124
Retail,S003,ST0030_M,2026-01-19,No,4,0,9364
Retail,S004,ST0012_L,2026-01-19,No,2,0,8554
Retail,S004,ST0016_L,2026-01-19,No,2,0,7892
Retail,S004,ST0004_XL,2026-01-19,No,2,0,4604
Retail,S004,ST0042_S,2026-01-19,No,1,0,1581
Retail,S004,ST0005_L,2026-01-19,No,4,0,3048
Retail,S004,ST0003_S,2026-01-19,No,1,0,2234
Retail,S004,ST0039_XL,2026-01-19,No,3,0,12525
Retail,S004,ST0015_L,2026-01-19,No,3,0,14988
Retail,S004,ST0027_L,2026-01-19,No,2,0,4372
Retail,S004,ST0013_M,2026-01-19,No,1,0,4291
Retail,S004,ST0010_L,2026-01-19,No,2,0,8846
Retail,S004,ST0005_XL,2026-01-19,No,4,0,4492
Retail,S004,ST0033_XL,2026-01-19,No,4,0,5412
Retail,S004,ST0010_M,2026-01-19,No,4,0,18796
Retail,S004,ST0030_L,2026-01-19,No,3,0,8865
Retail,S004,ST0025_M,2026-01-19,No,2,0,1254
Retail,S004,ST0014_XL,2026-01-19,No,2,0,8974
Retail,S004,ST0018_L,2026-01-19,No,3,0,4377
Retail,S004,ST0028_XL,2026-01-19,No,2,0,9114
Retail,S005,ST0007_M,2026-01-19,No,1,0,4590
Retail,S005,ST0041_M,2026-01-19,No,3,0,7293
Retail,S005,ST0021_M,2026-01-19,No,4,0,6240
Retail,S005,ST0020_XL,2026-01-19,No,1,0,3944
Retail,S005,ST0010_L,2026-01-19,No,2,0,8846
Retail,S005,ST0028_M,2026-01-19,No,2,0,6074
Retail,S005,ST0021_L,2026-01-19,No,1,0,2827
Retail,S005,ST0024_M,2026-01-19,No,3,0,10425
Retail,S005,ST0002_S,2026-01-19,No,4,0,9944
Retail,S005,ST0003_L,2026-01-19,No,2,0,1976
Retail,S005,ST0046_L,2026-01-19,No,3,0,10854
Retail,S005,ST0038_M,2026-01-19,No,3,0,14895
Retail,S005,ST0045_M,2026-01-19,No,3,0,12018
Retail,S005,ST0030_L,2026-01-19,No,2,0,5910
Retail,S005,ST0006_S,2026-01-19,No,1,0,1516
Retail,S005,ST0018_XL,2026-01-19,No,2,0,7134
Retail,S006,ST0047_M,2026-01-19,No,1,0,3459
Retail,S006,ST0043_XL,2026-01-19,No,1,0,1970
Retail,S006,ST0035_XL,2026-01-19,No,1,0,4354
Retail,S006,ST0001_M,2026-01-19,No,4,0,4636
Retail,S006,ST0007_M,2026-01-19,No,2,0,9180
Retail,S006,ST0007_S,2026-01-19,No,2,0,7216
Retail,S006,ST0009_M,2026-01-19,No,3,0,6588
Retail,S006,ST0048_XL,2026-01-19,No,3,0,7710
Retail,S006,ST0019_XL,2026-01-19,No,1,0,1743
Retail,S006,ST0006_XL,2026-01-19,No,3,0,12669
Retail,S006,ST0032_XL,2026-01-19,No,4,0,5884
Retail,S006,ST0018_M,2026-01-19,No,1,0,725
Retail,S006,ST0010_S,2026-01-19,No,1,0,1945
Retail,S006,ST0023_S,2026-01-19,No,2,0,2398
Retail,S006,ST0043_M,2026-01-19,No,3,0,11529
Retail,S006,ST0021_XL,2026-01-19,No,1,0,3920
Retail,S006,ST0050_M,2026-01-19,No,3,0,9948
Retail,S006,ST0005_S,2026-01-19,No,2,0,9122
Retail,S007,ST0017_L,2026-01-19,No,1,0,1062
Retail,S007,ST0014_S,2026-01-19,No,1,0,660
Retail,S007,ST0005_M,2026-01-19,No,4,0,15476
Retail,S007,ST0027_L,2026-01-19,No,2,0,4372
Retail,S007,ST0009_L,2026-01-19,No,1,0,4491
Retail,S007,ST0021_XL,2026-01-19,No,4,0,15680
Retail,S007,ST0022_S,2026-01-19,No,3,0,2403
Retail,S007,ST0023_L,2026-01-19,No,4,0,2760
Retail,S007,ST0004_M,2026-01-19,No,1,0,2885
Retail,S007,ST0031_M,2026-01-19,No,4,0,18524
Retail,S007,ST0009_XL,2026-01-19,No,3,0,6444
Retail,S007,ST0042_S,2026-01-19,No,1,0,1581
Retail,S007,ST0015_L,2026-01-19,No,4,0,19984
Retail,S007,ST0034_S,2026-01-19,No,2,0,9292
Retail,S007,ST0030_S,2026-01-19,No,4,0,4148
Retail,S007,ST0020_S,2026-01-19,No,2,0,5410
Retail,S008,ST0031_S,2026-01-19,No,2,0,6900
Retail,S008,ST0014_L,2026-01-19,No,2,0,3600
Retail,S008,ST0030_S,2026-01-19,No,2,0,2074
Retail,S008,ST0003_S,2026-01-19,No,4,0,8936
Retail,S008,ST0012_M,2026-01-19,No,2,0,9866
Retail,S008,ST0009_L,2026-01-19,No,2,0,8982
Retail,S008,ST0034_XL,2026-01-19,No,4,0,4296
Retail,S008,ST0018_S,2026-01-19,No,2,0,7708
Retail,S008,ST0006_XL,2026-01-19,No,1,0,4223
Retail,S008,ST0040_S,2026-01-19,No,2,0,3738
Retail,S008,ST0024_S,2026-01-19,No,3,0,4440
Retail,S008,ST0025_M,2026-01-19,No,4,0,2508
Retail,S008,ST0011_XL,2026-01-19,No,3,0,8100
Retail,S008,ST0008_L,2026-01-19,No,3,0,4962
Retail,S008,ST0027_M,2026-01-19,No,2,0,6802
Retail,S008,ST0039_XL,2026-01-19,No,4,0,16700
Retail,S009,ST0030_S,2026-01-19,No,4,0,4148
Retail,S009,ST0037_L,2026-01-19,No,4,0,5964
Retail,S009,ST0040_M,2026-01-19,No,4,0,4960
Retail,S009,ST0039_L,2026-01-19,No,1,0,1330
Retail,S009,ST0029_M,2026-01-19,No,1,0,3675
Retail,S009,ST0045_M,2026-01-19,No,3,0,12018
Retail,S009,ST0005_M,2026-01-19,No,1,0,3869
Retail,S009,ST0002_L,2026-01-19,No,3,0,11157
Retail,S009,ST0015_S,2026-01-19,No,1,0,2027
Retail,S009,ST0011_M,2026-01-19,No,3,0,9171
Retail,S009,ST0016_S,2026-01-19,No,2,0,6470
Retail,S009,ST0045_S,2026-01-19,No,1,0,2179
Retail,S010,ST0009_XL,2026-01-19,No,4,0,8592
Retail,S010,ST0017_L,2026-01-19,No,2,0,2124
Retail,S010,ST0022_S,2026-01-19,No,1,0,801
Retail,S010,ST0034_S,2026-01-19,No,4,0,18584
Retail,S010,ST0023_S,2026-01-19,No,3,0,3597
Retail,S010,ST0033_L,2026-01-19,No,1,0,2482
Retail,S010,ST0044_S,2026-01-19,No,2,0,2160
Retail,S010,ST0048_S,2026-01-19,No,1,0,2135
Retail,S010,ST0022_XL,2026-01-19,No,4,0,14680
Retail,S010,ST0023_M,2026-01-19,No,1,0,1639
Retail,S010,ST0034_M,2026-01-19,No,3,0,12708
Retail,S010,ST0014_L,2026-01-19,No,4,0,7200
Retail,S010,ST0049_M,2026-01-19,No,1,0,3751
Retail,S010,ST0016_XL,2026-01-19,No,1,0,1545
Retail,S010,ST0030_L,2026-01-19,No,2,0,5910
Retail,S010,ST0009_M,2026-01-19,No,2,0,4392
Retail,S001,ST0037_S,2026-01-20,No,3,0,1512
Retail,S001,ST0045_S,2026-01-20,No,4,0,8716
Retail,S001,ST0038_XL,2026-01-20,No,2,0,4386
Retail,S001,ST0004_M,2026-01-20,No,2,0,5770
Retail,S001,ST0050_M,2026-01-20,No,1,0,3316
Retail,S001,ST0049_XL,2026-01-20,No,2,0,5978
Retail,S001,ST0034_XL,2026-01-20,No,2,0,2148
Retail,S001,ST0035_XL,2026-01-20,No,4,0,17416
Retail,S001,ST0021_XL,2026-01-20,No,2,0,7840
Retail,S001,ST0007_S,2026-01-20,No,1,0,3608
Retail,S001,ST0014_M,2026-01-20,No,4,0,19972
Retail,S001,ST0046_S,2026-01-20,No,1,0,4545
Retail,S001,ST0007_L,2026-01-20,No,3,0,7668
Retail,S001,ST0044_M,2026-01-20,No,1,0,2794
Retail,S002,ST0007_S,2026-01-20,No,1,0,3608
Retail,S002,ST0015_M,2026-01-20,No,2,0,3436
Retail,S002,ST0005_L,2026-01-20,No,3,0,2286
Retail,S002,ST0002_XL,2026-01-20,No,3,0,10233
Retail,S002,ST0028_S,2026-01-20,No,3,0,1962
Retail,S002,ST0040_S,2026-01-20,No,1,0,1869
Retail,S002,ST0001_XL,2026-01-20,No,3,0,5607
Retail,S002,ST0044_M,2026-01-20,No,4,0,11176
Retail,S002,ST0010_XL,2026-01-20,No,1,0,753
Retail,S002,ST0036_XL,2026-01-20,No,1,0,3551
Retail,S002,ST0033_M,2026-01-20,No,2,0,6548
Retail,S002,ST0011_L,2026-01-20,No,1,0,598
Retail,S002,ST0018_L,2026-01-20,No,1,0,1459
Retail,S002,ST0006_S,2026-01-20,No,1,0,1516
Retail,S002,ST0035_S,2026-01-20,No,4,0,15044
Retail,S002,ST0013_S,2026-01-20,No,1,0,3734
Retail,S003,ST0041_XL,2026-01-20,No,3,0,6492
Retail,S003,ST0033_XL,2026-01-20,No,3,0,4059
Retail,S003,ST0017_M,2026-01-20,No,2,0,7872
Retail,S003,ST0021_M,2026-01-20,No,4,0,6240
Retail,S003,ST0018_L,2026-01-20,No,1,0,1459
Retail,S003,ST0049_M,2026-01-20,No,2,0,7502
Retail,S003,ST0006_S,2026-01-20,No,3,0,4548
Retail,S003,ST0049_XL,2026-01-20,No,4,0,11956
Retail,S003,ST0016_S,2026-01-20,No,1,0,3235
Retail,S003,ST0044_M,2026-01-20,No,4,0,11176
Retail,S003,ST0047_L,2026-01-20,No,3,0,8295
Retail,S003,ST0005_XL,2026-01-20,No,1,0,1123
Retail,S003,ST0008_M,2026-01-20,No,1,0,2755
Retail,S003,ST0048_L,2026-01-20,No,2,0,9904
Retail,S003,ST0014_S,2026-01-20,No,2,0,1320
Retail,S003,ST0022_S,2026-01-20,No,3,0,2403
Retail,S003,ST0045_M,2026-01-20,No,3,0,12018
Retail,S003,ST0030_S,2026-01-20,No,1,0,1037
Retail,S004,ST0019_XL,2026-01-20,No,4,0,6972
Retail,S004,ST0027_S,2026-01-20,No,2,0,9028
Retail,S004,ST0025_S,2026-01-20,No,3,0,11682
Retail,S004,ST0042_L,2026-01-20,No,1,0,3349
Retail,S004,ST0048_S,2026-01-20,No,1,0,2135
Retail,S004,ST0036_M,2026-01-20,No,2,0,6320
Retail,S004,ST0036_S,2026-01-20,No,2,0,5982
Retail,S004,ST0026_L,2026-01-20,No,4,0,12932
Retail,S004,ST0038_M,2026-01-20,No,1,0,4965
Retail,S004,ST0035_M,2026-01-20,No,3,0,4944
Retail,S004,ST0029_XL,2026-01-20,No,3,0,9918
Retail,S004,ST0043_L,2026-01-20,No,3,0,13710
Retail,S005,ST0047_XL,2026-01-20,No,2,0,5958
Retail,S005,ST0010_XL,2026-01-20,No,3,0,2259
Retail,S005,ST0044_L,2026-01-20,No,2,0,7294
Retail,S005,ST0004_L,2026-01-20,No,1,0,3419
Retail,S005,ST0010_S,2026-01-20,No,3,0,5835
Retail,S005,ST0015_L,2026-01-20,No,1,0,4996
Retail,S005,ST0027_M,2026-01-20,No,3,0,10203
Retail,S005,ST0006_M,2026-01-20,No,3,0,12429
Retail,S005,ST0048_L,2026-01-20,No,3,0,14856
Retail,S005,ST0017_XL,2026-01-20,No,3,0,8955
Retail,S005,ST0025_L,2026-01-20,No,1,0,2565
Retail,S005,ST0044_M,2026-01-20,No,3,0,8382
Retail,S005,ST0038_L,2026-01-20,No,2,0,2270
Retail,S005,ST0039_S,2026-01-20,No,1,0,2182
Retail,S005,ST0013_L,2026-01-20,No,1,0,1456
Retail,S005,ST0036_M,2026-01-20,No,2,0,6320
Retail,S005,ST0047_L,2026-01-20,No,3,0,8295
Retail,S006,ST0005_M,2026-01-20,No,3,0,11607
Retail,S006,ST0024_S,2026-01-20,No,4,0,5920
Retail,S006,ST0021_L,2026-01-20,No,4,0,11308
Retail,S006,ST0018_S,2026-01-20,No,2,0,7708
Retail,S006,ST0042_S,2026-01-20,No,2,0,3162
Retail,S006,ST0019_M,2026-01-20,No,2,0,7240
Retail,S006,ST0004_L,2026-01-20,No,4,0,13676
Retail,S006,ST0028_S,2026-01-20,No,1,0,654
Retail,S006,ST0031_M,2026-01-20,No,1,0,4631
Retail,S006,ST0009_L,2026-01-20,No,2,0,8982
Retail,S006,ST0008_XL,2026-01-20,No,1,0,4999
Retail,S006,ST0049_L,2026-01-20,No,1,0,4230
Retail,S006,ST0018_L,2026-01-20,No,2,0,2918
Retail,S007,ST0019_S,2026-01-20,No,2,0,2630
Retail,S007,ST0030_L,2026-01-20,No,4,0,11820
Retail,S007,ST0002_L,2026-01-20,No,1,0,3719
Retail,S007,ST0007_M,2026-01-20,No,1,0,4590
Retail,S007,ST0036_S,2026-01-20,No,1,0,2991
Retail,S007,ST0044_S,2026-01-20,No,2,0,2160
Retail,S007,ST0037_L,2026-01-20,No,2,0,2982
Retail,S007,ST0028_M,2026-01-20,No,1,0,3037
Retail,S007,ST0050_L,2026-01-20,No,3,0,4545
Retail,S007,ST0003_S,2026-01-20,No,2,0,4468
Retail,S007,ST0048_S,2026-01-20,No,2,0,4270
Retail,S007,ST0003_L,2026-01-20,No,4,0,3952
Retail,S007,ST0009_S,2026-01-20,No,3,0,11073
Retail,S007,ST0028_L,2026-01-20,No,1,0,1909
Retail,S008,ST0006_L,2026-01-20,No,2,0,5098
Retail,S008,ST0019_S,2026-01-20,No,1,0,1315
Retail,S008,ST0030_L,2026-01-20,No,2,0,5910
Retail,S008,ST0010_XL,2026-01-20,No,2,0,1506
Retail,S008,ST0004_S,2026-01-20,No,4,0,9836
Retail,S008,ST0010_S,2026-01-20,No,2,0,3890
Retail,S008,ST0047_M,2026-01-20,No,2,0,6918
Retail,S008,ST0021_M,2026-01-20,No,3,0,4680
Retail,S008,ST0040_M,2026-01-20,No,2,0,2480
Retail,S008,ST0004_XL,2026-01-20,No,4,0,9208
Retail,S008,ST0030_XL,2026-01-20,No,1,0,1024
Retail,S008,ST0022_XL,2026-01-20,No,3,0,11010
Retail,S008,ST0041_XL,2026-01-20,No,2,0,4328
Retail,S008,ST0048_M,2026-01-20,No,1,0,2257
Retail,S008,ST0015_XL,2026-01-20,No,4,0,14416
Retail,S009,ST0034_L,2026-01-20,No,1,0,4269
Retail,S009,ST0004_L,2026-01-20,No,1,0,3419
Retail,S009,ST0019_XL,2026-01-20,No,2,0,3486
Retail,S009,ST0037_L,2026-01-20,No,1,0,1491
Retail,S009,ST0013_S,2026-01-20,No,3,0,11202
Retail,S009,ST0015_XL,2026-01-20,No,2,0,7208
Retail,S009,ST0020_L,2026-01-20,No,1,0,1569
Retail,S009,ST0023_M,2026-01-20,No,4,0,6556
Retail,S009,ST0041_XL,2026-01-20,No,2,0,4328
Retail,S009,ST0031_M,2026-01-20,No,1,0,4631
Retail,S009,ST0013_M,2026-01-20,No,1,0,4291
Retail,S010,ST0009_S,2026-01-20,No,3,0,11073
Retail,S010,ST0027_S,2026-01-20,No,3,0,13542
Retail,S010,ST0017_M,2026-01-20,No,4,0,15744
Retail,S010,ST0010_M,2026-01-20,No,4,0,18796
Retail,S010,ST0037_S,2026-01-20,No,1,0,504
Retail,S010,ST0050_XL,2026-01-20,No,2,0,3696
Retail,S010,ST0033_S,2026-01-20,No,1,0,1666
Retail,S010,ST0013_L,2026-01-20,No,2,0,2912
Retail,S010,ST0022_S,2026-01-20,No,2,0,1602
Retail,S010,ST0023_XL,2026-01-20,No,2,0,5600
Retail,S010,ST0042_XL,2026-01-20,No,3,0,3177
Retail,S010,ST0029_L,2026-01-20,No,1,0,4841
Retail,S010,ST0043_L,2026-01-20,No,3,0,13710
Retail,S010,ST0003_L,2026-01-20,No,4,0,3952
Retail,S010,ST0001_S,2026-01-20,No,2,0,4588
Retail,S001,ST0048_XL,2026-01-21,No,2,0,5140
Retail,S001,ST0044_XL,2026-01-21,No,1,0,4749
Retail,S001,ST0031_L,2026-01-21,No,1,0,4615
Retail,S001,ST0046_S,2026-01-21,No,4,0,18180
Retail,S001,ST0030_S,2026-01-21,No,4,0,4148
Retail,S001,ST0020_L,2026-01-21,No,4,0,6276
Retail,S001,ST0032_XL,2026-01-21,No,2,0,2942
Retail,S001,ST0020_S,2026-01-21,No,1,0,2705
Retail,S001,ST0042_XL,2026-01-21,No,4,0,4236
Retail,S001,ST0034_S,2026-01-21,No,3,0,13938
Retail,S001,ST0038_L,2026-01-21,No,4,0,4540
Retail,S001,ST0029_L,2026-01-21,No,1,0,4841
Retail,S001,ST0006_M,2026-01-21,No,3,0,12429
Retail,S001,ST0038_XL,2026-01-21,No,2,0,4386
Retail,S001,ST0001_L,2026-01-21,No,1,0,3311
Retail,S002,ST0007_S,2026-01-21,No,2,0,7216
Retail,S002,ST0027_XL,2026-01-21,No,2,0,7018
Retail,S002,ST0004_M,2026-01-21,No,4,0,11540
Retail,S002,ST0009_S,2026-01-21,No,2,0,7382
Retail,S002,ST0001_M,2026-01-21,No,2,0,2318
Retail,S002,ST0003_S,2026-01-21,No,4,0,8936
Retail,S002,ST0048_S,2026-01-21,No,1,0,2135
Retail,S002,ST0031_L,2026-01-21,No,1,0,4615
Retail,S002,ST0009_XL,2026-01-21,No,3,0,6444
Retail,S002,ST0026_S,2026-01-21,No,4,0,4276
Retail,S002,ST0017_M,2026-01-21,No,1,0,3936
Retail,S002,ST0040_L,2026-01-21,No,4,0,2464
Retail,S002,ST0002_L,2026-01-21,No,2,0,7438
Retail,S002,ST0050_XL,2026-01-21,No,1,0,1848
Retail,S003,ST0044_S,2026-01-21,No,2,0,2160
Retail,S003,ST0041_S,2026-01-21,No,3,0,4950
Retail,S003,ST0016_M,2026-01-21,No,3,0,4362
Retail,S003,ST0048_L,2026-01-21,No,1,0,4952
Retail,S003,ST0031_L,2026-01-21,No,3,0,13845
Retail,S003,ST0004_M,2026-01-21,No,4,0,11540
Retail,S003,ST0032_S,2026-01-21,No,3,0,13041
Retail,S003,ST0033_L,2026-01-21,No,1,0,2482
Retail,S003,ST0050_L,2026-01-21,No,1,0,1515
Retail,S003,ST0030_M,2026-01-21,No,1,0,2341
Retail,S003,ST0041_L,2026-01-21,No,4,0,6048
Retail,S003,ST0047_XL,2026-01-21,No,3,0,8937
Retail,S003,ST0012_XL,2026-01-21,No,3,0,10107
Retail,S003,ST0045_L,2026-01-21,No,4,0,12976
Retail,S003,ST0036_S,2026-01-21,No,3,0,8973
Retail,S003,ST0043_S,2026-01-21,No,4,0,16688
Retail,S003,ST0049_M,2026-01-21,No,4,0,15004
Retail,S004,ST0050_S,2026-01-21,No,2,0,4262
Retail,S004,ST0032_M,2026-01-21,No,3,0,14985
Retail,S004,ST0042_S,2026-01-21,No,1,0,1581
Retail,S004,ST0040_M,2026-01-21,No,4,0,4960
Retail,S004,ST0034_S,2026-01-21,No,2,0,9292
Retail,S004,ST0003_XL,2026-01-21,No,1,0,3476
Retail,S004,ST0026_S,2026-01-21,No,1,0,1069
Retail,S004,ST0035_M,2026-01-21,No,4,0,6592
Retail,S004,ST0012_XL,2026-01-21,No,1,0,3369
Retail,S004,ST0034_XL,2026-01-21,No,2,0,2148
Retail,S004,ST0048_XL,2026-01-21,No,4,0,10280
Retail,S004,ST0005_XL,2026-01-21,No,4,0,4492
Retail,S004,ST0048_S,2026-01-21,No,2,0,4270
Retail,S004,ST0016_XL,2026-01-21,No,1,0,1545
Retail,S004,ST0015_S,2026-01-21,No,3,0,6081
Retail,S004,ST0015_M,2026-01-21,No,4,0,6872
Retail,S005,ST0014_S,2026-01-21,No,4,0,2640
Retail,S005,ST0044_XL,2026-01-21,No,3,0,14247
Retail,S005,ST0044_S,2026-01-21,No,2,0,2160
Retail,S005,ST0050_M,2026-01-21,No,4,0,13264
Retail,S005,ST0047_L,2026-01-21,No,3,0,8295
Retail,S005,ST0025_S,2026-01-21,No,2,0,7788
Retail,S005,ST0047_S,2026-01-21,No,4,0,14236
Retail,S005,ST0023_L,2026-01-21,No,4,0,2760
Retail,S005,ST0034_XL,2026-01-21,No,2,0,2148
Retail,S005,ST0011_M,2026-01-21,No,1,0,3057
Retail,S005,ST0008_XL,2026-01-21,No,2,0,9998
Retail,S005,ST0036_XL,2026-01-21,No,1,0,3551
Retail,S006,ST0014_S,2026-01-21,No,2,0,1320
Retail,S006,ST0041_M,2026-01-21,No,1,0,2431
Retail,S006,ST0023_XL,2026-01-21,No,2,0,5600
Retail,S006,ST0034_XL,2026-01-21,No,4,0,4296
Retail,S006,ST0013_S,2026-01-21,No,3,0,11202
Retail,S006,ST0013_L,2026-01-21,No,1,0,1456
Retail,S006,ST0010_S,2026-01-21,No,3,0,5835
Retail,S006,ST0018_M,2026-01-21,No,4,0,2900
Retail,S006,ST0027_M,2026-01-21,No,4,0,13604
Retail,S006,ST0015_S,2026-01-21,No,4,0,8108
Retail,S006,ST0016_XL,2026-01-21,No,3,0,4635
Retail,S006,ST0020_XL,2026-01-21,No,2,0,7888
Retail,S006,ST0050_L,2026-01-21,No,2,0,3030
Retail,S006,ST0042_S,2026-01-21,No,2,0,3162
Retail,S006,ST0024_S,2026-01-21,No,2,0,2960
Retail,S006,ST0019_XL,2026-01-21,No,3,0,5229
Retail,S006,ST0046_M,2026-01-21,No,2,0,3486
Retail,S006,ST0046_S,2026-01-21,No,4,0,18180
Retail,S007,ST0023_S,2026-01-21,No,2,0,2398
Retail,S007,ST0028_S,2026-01-21,No,3,0,1962
Retail,S007,ST0043_L,2026-01-21,No,4,0,18280
Retail,S007,ST0005_XL,2026-01-21,No,2,0,2246
Retail,S007,ST0042_M,2026-01-21,No,1,0,1012
Retail,S007,ST0008_XL,2026-01-21,No,2,0,9998
Retail,S007,ST0015_S,2026-01-21,No,2,0,4054
Retail,S007,ST0033_L,2026-01-21,No,3,0,7446
Retail,S007,ST0040_XL,2026-01-21,No,1,0,3338
Retail,S007,ST0024_XL,2026-01-21,No,4,0,15308
Retail,S007,ST0017_XL,2026-01-21,No,4,0,11940
Retail,S007,ST0039_S,2026-01-21,No,2,0,4364
Retail,S007,ST0023_M,2026-01-21,No,1,0,1639
Retail,S007,ST0048_XL,2026-01-21,No,2,0,5140
Retail,S007,ST0009_S,2026-01-21,No,3,0,11073
Retail,S007,ST0027_S,2026-01-21,No,2,0,9028
Retail,S008,ST0028_M,2026-01-21,No,2,0,6074
Retail,S008,ST0019_M,2026-01-21,No,1,0,3620
Retail,S008,ST0037_XL,2026-01-21,No,4,0,18568
Retail,S008,ST0010_M,2026-01-21,No,3,0,14097
Retail,S008,ST0019_L,2026-01-21,No,2,0,1032
Retail,S008,ST0050_L,2026-01-21,No,2,0,3030
Retail,S008,ST0046_XL,2026-01-21,No,3,0,7923
Retail,S008,ST0004_XL,2026-01-21,No,2,0,4604
Retail,S008,ST0005_XL,2026-01-21,No,1,0,1123
Retail,S008,ST0007_XL,2026-01-21,No,1,0,3670
Retail,S008,ST0049_XL,2026-01-21,No,1,0,2989
Retail,S008,ST0033_M,2026-01-21,No,1,0,3274
Retail,S008,ST0031_M,2026-01-21,No,2,0,9262
Retail,S009,ST0028_XL,2026-01-21,No,2,0,9114
Retail,S009,ST0023_XL,2026-01-21,No,3,0,8400
Retail,S009,ST0025_M,2026-01-21,No,1,0,627
Retail,S009,ST0042_L,2026-01-21,No,2,0,6698
Retail,S009,ST0045_XL,2026-01-21,No,4,0,15424
Retail,S009,ST0044_S,2026-01-21,No,1,0,1080
Retail,S009,ST0028_S,2026-01-21,No,2,0,1308
Retail,S009,ST0039_L,2026-01-21,No,4,0,5320
Retail,S009,ST0016_XL,2026-01-21,No,1,0,1545
Retail,S009,ST0035_XL,2026-01-21,No,4,0,17416
Retail,S009,ST0050_XL,2026-01-21,No,1,0,1848
Retail,S009,ST0020_L,2026-01-21,No,2,0,3138
Retail,S009,ST0009_XL,2026-01-21,No,3,0,6444
Retail,S009,ST0012_XL,2026-01-21,No,1,0,3369
Retail,S009,ST0025_S,2026-01-21,No,1,0,3894
Retail,S009,ST0048_XL,2026-01-21,No,2,0,5140
Retail,S009,ST0038_S,2026-01-21,No,4,0,19456
Retail,S009,ST0001_M,2026-01-21,No,3,0,3477
Retail,S010,ST0022_L,2026-01-21,No,2,0,2212
Retail,S010,ST0046_XL,2026-01-21,No,4,0,10564
Retail,S010,ST0011_L,2026-01-21,No,1,0,598
Retail,S010,ST0043_XL,2026-01-21,No,4,0,7880
Retail,S010,ST0043_S,2026-01-21,No,1,0,4172
Retail,S010,ST0003_S,2026-01-21,No,4,0,8936
Retail,S010,ST0027_S,2026-01-21,No,4,0,18056
Retail,S010,ST0033_L,2026-01-21,No,4,0,9928
Retail,S010,ST0018_XL,2026-01-21,No,3,0,10701
Retail,S010,ST0033_M,2026-01-21,No,1,0,3274
Retail,S010,ST0024_S,2026-01-21,No,3,0,4440
Retail,S010,ST0003_L,2026-01-21,No,2,0,1976
Retail,S010,ST0011_M,2026-01-21,No,4,0,12228
Retail,S010,ST0019_XL,2026-01-21,No,3,0,5229
Retail,S001,ST0048_S,2026-01-22,No,3,0,6405
Retail,S001,ST0019_L,2026-01-22,No,4,0,2064
Retail,S001,ST0030_M,2026-01-22,No,2,0,4682
Retail,S001,ST0024_XL,2026-01-22,No,4,0,15308
Retail,S001,ST0019_M,2026-01-22,No,2,0,7240
Retail,S001,ST0047_XL,2026-01-22,No,3,0,8937
Retail,S001,ST0031_L,2026-01-22,No,2,0,9230
Retail,S001,ST0030_XL,2026-01-22,No,1,0,1024
Retail,S001,ST0038_S,2026-01-22,No,1,0,4864
Retail,S001,ST0029_XL,2026-01-22,No,3,0,9918
Retail,S001,ST0021_M,2026-01-22,No,2,0,3120
Retail,S001,ST0039_M,2026-01-22,No,3,0,1857
Retail,S002,ST0035_XL,2026-01-22,No,1,0,4354
Retail,S002,ST0045_L,2026-01-22,No,3,0,9732
Retail,S002,ST0023_XL,2026-01-22,No,2,0,5600
Retail,S002,ST0009_M,2026-01-22,No,4,0,8784
Retail,S002,ST0011_S,2026-01-22,No,3,0,11049
Retail,S002,ST0017_XL,2026-01-22,No,3,0,8955
Retail,S002,ST0037_L,2026-01-22,No,1,0,1491
Retail,S002,ST0003_M,2026-01-22,No,4,0,9372
Retail,S002,ST0035_S,2026-01-22,No,3,0,11283
Retail,S002,ST0013_XL,2026-01-22,No,1,0,4567
Retail,S002,ST0031_S,2026-01-22,No,1,0,3450
Retail,S002,ST0034_M,2026-01-22,No,2,0,8472
Retail,S002,ST0036_S,2026-01-22,No,4,0,11964
Retail,S002,ST0046_S,2026-01-22,No,3,0,13635
Retail,S003,ST0025_M,2026-01-22,No,1,0,627
Retail,S003,ST0021_XL,2026-01-22,No,3,0,11760
Retail,S003,ST0009_M,2026-01-22,No,2,0,4392
Retail,S003,ST0050_M,2026-01-22,No,2,0,6632
Retail,S003,ST0008_L,2026-01-22,No,1,0,1654
Retail,S003,ST0015_S,2026-01-22,No,4,0,8108
Retail,S003,ST0049_XL,2026-01-22,No,1,0,2989
Retail,S003,ST0013_L,2026-01-22,No,3,0,4368
Retail,S003,ST0040_XL,2026-01-22,No,3,0,10014
Retail,S003,ST0012_M,2026-01-22,No,2,0,9866
Retail,S003,ST0017_M,2026-01-22,No,3,0,11808
Retail,S003,ST0042_S,2026-01-22,No,1,0,1581
Retail,S003,ST0037_XL,2026-01-22,No,1,0,4642
Retail,S003,ST0022_XL,2026-01-22,No,1,0,3670
Retail,S003,ST0047_S,2026-01-22,No,4,0,14236
Retail,S004,ST0034_XL,2026-01-22,No,3,0,3222
Retail,S004,ST0008_S,2026-01-22,No,1,0,2182
Retail,S004,ST0042_XL,2026-01-22,No,3,0,3177
Retail,S004,ST0048_M,2026-01-22,No,4,0,9028
Retail,S004,ST0018_XL,2026-01-22,No,2,0,7134
Retail,S004,ST0044_XL,2026-01-22,No,2,0,9498
Retail,S004,ST0031_S,2026-01-22,No,4,0,13800
Retail,S004,ST0014_L,2026-01-22,No,1,0,1800
Retail,S004,ST0036_S,2026-01-22,No,4,0,11964
Retail,S004,ST0047_XL,2026-01-22,No,4,0,11916
Retail,S004,ST0043_L,2026-01-22,No,3,0,13710
Retail,S004,ST0033_M,2026-01-22,No,4,0,13096
Retail,S004,ST0019_S,2026-01-22,No,4,0,5260
Retail,S004,ST0002_M,2026-01-22,No,1,0,646
Retail,S004,ST0005_L,2026-01-22,No,4,0,3048
Retail,S005,ST0042_L,2026-01-22,No,2,0,6698
Retail,S005,ST0010_L,2026-01-22,No,3,0,13269
Retail,S005,ST0031_S,2026-01-22,No,1,0,3450
Retail,S005,ST0044_M,2026-01-22,No,1,0,2794
Retail,S005,ST0008_M,2026-01-22,No,3,0,8265
Retail,S005,ST0030_M,2026-01-22,No,2,0,4682
Retail,S005,ST0022_S,2026-01-22,No,4,0,3204
Retail,S005,ST0042_M,2026-01-22,No,1,0,1012
Retail,S005,ST0048_M,2026-01-22,No,3,0,6771
Retail,S005,ST0036_XL,2026-01-22,No,2,0,7102
Retail,S005,ST0005_XL,2026-01-22,No,1,0,1123
Retail,S005,ST0049_L,2026-01-22,No,3,0,12690
Retail,S005,ST0031_M,2026-01-22,No,4,0,18524
Retail,S005,ST0036_S,2026-01-22,No,4,0,11964
Retail,S006,ST0043_M,2026-01-22,No,4,0,15372
Retail,S006,ST0031_M,2026-01-22,No,2,0,9262
Retail,S006,ST0049_M,2026-01-22,No,3,0,11253
Retail,S006,ST0042_M,2026-01-22,No,4,0,4048
Retail,S006,ST0016_S,2026-01-22,No,3,0,9705
Retail,S006,ST0012_L,2026-01-22,No,1,0,4277
Retail,S006,ST0026_M,2026-01-22,No,1,0,2395
Retail,S006,ST0013_L,2026-01-22,No,4,0,5824
Retail,S006,ST0034_L,2026-01-22,No,4,0,17076
Retail,S006,ST0040_S,2026-01-22,No,2,0,3738
Retail,S006,ST0024_M,2026-01-22,No,3,0,10425
Retail,S006,ST0048_XL,2026-01-22,No,1,0,2570
Retail,S006,ST0005_XL,2026-01-22,No,1,0,1123
Retail,S006,ST0003_XL,2026-01-22,No,1,0,3476
Retail,S007,ST0035_S,2026-01-22,No,1,0,3761
Retail,S007,ST0021_XL,2026-01-22,No,2,0,7840
Retail,S007,ST0017_L,2026-01-22,No,1,0,1062
Retail,S007,ST0034_M,2026-01-22,No,3,0,12708
Retail,S007,ST0002_S,2026-01-22,No,4,0,9944
Retail,S007,ST0034_L,2026-01-22,No,3,0,12807
Retail,S007,ST0046_S,2026-01-22,No,3,0,13635
Retail,S007,ST0023_S,2026-01-22,No,4,0,4796
Retail,S007,ST0004_S,2026-01-22,No,1,0,2459
Retail,S007,ST0031_S,2026-01-22,No,4,0,13800
Retail,S007,ST0007_M,2026-01-22,No,3,0,13770
Retail,S007,ST0006_M,2026-01-22,No,3,0,12429
Retail,S007,ST0014_L,2026-01-22,No,4,0,7200
Retail,S007,ST0007_L,2026-01-22,No,1,0,2556
Retail,S007,ST0031_L,2026-01-22,No,2,0,9230
Retail,S007,ST0039_S,2026-01-22,No,1,0,2182
Retail,S007,ST0042_XL,2026-01-22,No,4,0,4236
Retail,S007,ST0020_S,2026-01-22,No,1,0,2705
Retail,S008,ST0009_S,2026-01-22,No,2,0,7382
Retail,S008,ST0047_XL,2026-01-22,No,3,0,8937
Retail,S008,ST0038_XL,2026-01-22,No,2,0,4386
Retail,S008,ST0027_M,2026-01-22,No,3,0,10203
Retail,S008,ST0019_L,2026-01-22,No,2,0,1032
Retail,S008,ST0023_M,2026-01-22,No,2,0,3278
Retail,S008,ST0036_XL,2026-01-22,No,3,0,10653
Retail,S008,ST0024_L,2026-01-22,No,2,0,3368
Retail,S008,ST0036_M,2026-01-22,No,2,0,6320
Retail,S008,ST0033_XL,2026-01-22,No,4,0,5412
Retail,S008,ST0007_S,2026-01-22,No,3,0,10824
Retail,S008,ST0036_L,2026-01-22,No,4,0,14496
Retail,S008,ST0003_M,2026-01-22,No,1,0,2343
Retail,S008,ST0007_L,2026-01-22,No,3,0,7668
Retail,S008,ST0045_XL,2026-01-22,No,1,0,3856
Retail,S009,ST0034_S,2026-01-22,No,3,0,13938
Retail,S009,ST0036_L,2026-01-22,No,4,0,14496
Retail,S009,ST0025_S,2026-01-22,No,3,0,11682
Retail,S009,ST0034_M,2026-01-22,No,2,0,8472
Retail,S009,ST0044_XL,2026-01-22,No,2,0,9498
Retail,S009,ST0005_XL,2026-01-22,No,4,0,4492
Retail,S009,ST0028_M,2026-01-22,No,1,0,3037
Retail,S009,ST0006_M,2026-01-22,No,2,0,8286
Retail,S009,ST0049_S,2026-01-22,No,4,0,13396
Retail,S009,ST0039_L,2026-01-22,No,1,0,1330
Retail,S009,ST0003_L,2026-01-22,No,1,0,988
Retail,S009,ST0046_L,2026-01-22,No,2,0,7236
Retail,S009,ST0038_XL,2026-01-22,No,1,0,2193
Retail,S009,ST0004_M,2026-01-22,No,1,0,2885
Retail,S009,ST0010_XL,2026-01-22,No,4,0,3012
Retail,S010,ST0019_S,2026-01-22,No,4,0,5260
Retail,S010,ST0033_L,2026-01-22,No,3,0,7446
Retail,S010,ST0047_M,2026-01-22,No,4,0,13836
Retail,S010,ST0003_M,2026-01-22,No,2,0,4686
Retail,S010,ST0007_S,2026-01-22,No,1,0,3608
Retail,S010,ST0041_M,2026-01-22,No,1,0,2431
Retail,S010,ST0043_XL,2026-01-22,No,1,0,1970
Retail,S010,ST0013_S,2026-01-22,No,4,0,14936
Retail,S010,ST0032_XL,2026-01-22,No,3,0,4413
Retail,S010,ST0043_S,2026-01-22,No,1,0,4172
Retail,S010,ST0008_XL,2026-01-22,No,3,0,14997
Retail,S010,ST0029_M,2026-01-22,No,3,0,11025
Retail,S010,ST0025_S,2026-01-22,No,4,0,15576
Retail,S010,ST0043_L,2026-01-22,No,1,0,4570
Retail,S010,ST0027_M,2026-01-22,No,3,0,10203
Retail,S010,ST0012_M,2026-01-22,No,1,0,4933
Retail,S010,ST0013_L,2026-01-22,No,2,0,2912
Retail,S001,ST0036_S,2026-01-23,No,1,0,2991
Retail,S001,ST0028_L,2026-01-23,No,4,0,7636
Retail,S001,ST0030_L,2026-01-23,No,2,0,5910
Retail,S001,ST0047_XL,2026-01-23,No,1,0,2979
Retail,S001,ST0002_S,2026-01-23,No,2,0,4972
Retail,S001,ST0014_M,2026-01-23,No,1,0,4993
Retail,S001,ST0039_M,2026-01-23,No,1,0,619
Retail,S001,ST0004_XL,2026-01-23,No,1,0,2302
Retail,S001,ST0025_L,2026-01-23,No,4,0,10260
Retail,S001,ST0036_M,2026-01-23,No,3,0,9480
Retail,S001,ST0020_XL,2026-01-23,No,2,0,7888
Retail,S001,ST0005_S,2026-01-23,No,1,0,4561
Retail,S001,ST0015_S,2026-01-23,No,1,0,2027
Retail,S001,ST0020_M,2026-01-23,No,4,0,12096
Retail,S001,ST0043_S,2026-01-23,No,4,0,16688
Retail,S001,ST0024_L,2026-01-23,No,3,0,5052
Retail,S001,ST0049_M,2026-01-23,No,3,0,11253
Retail,S002,ST0040_M,2026-01-23,No,2,0,2480
Retail,S002,ST0008_M,2026-01-23,No,4,0,11020
Retail,S002,ST0011_L,2026-01-23,No,1,0,598
Retail,S002,ST0010_M,2026-01-23,No,4,0,18796
Retail,S002,ST0011_S,2026-01-23,No,1,0,3683
Retail,S002,ST0047_S,2026-01-23,No,2,0,7118
Retail,S002,ST0046_S,2026-01-23,No,1,0,4545
Retail,S002,ST0029_M,2026-01-23,No,4,0,14700
Retail,S002,ST0001_M,2026-01-23,No,4,0,4636
Retail,S002,ST0007_XL,2026-01-23,No,1,0,3670
Retail,S002,ST0021_S,2026-01-23,No,4,0,12260
Retail,S002,ST0034_S,2026-01-23,No,1,0,4646
Retail,S002,ST0015_L,2026-01-23,No,2,0,9992
Retail,S002,ST0020_S,2026-01-23,No,2,0,5410
Retail,S002,ST0035_XL,2026-01-23,No,3,0,13062
Retail,S003,ST0027_S,2026-01-23,No,4,0,18056
Retail,S003,ST0034_S,2026-01-23,No,2,0,9292
Retail,S003,ST0038_M,2026-01-23,No,2,0,9930
Retail,S003,ST0012_L,2026-01-23,No,2,0,8554
Retail,S003,ST0030_XL,2026-01-23,No,3,0,3072
Retail,S003,ST0022_M,2026-01-23,No,2,0,9552
Retail,S003,ST0014_S,2026-01-23,No,4,0,2640
Retail,S003,ST0043_M,2026-01-23,No,1,0,3843
Retail,S003,ST0001_S,2026-01-23,No,3,0,6882
Retail,S003,ST0045_L,2026-01-23,No,1,0,3244
Retail,S003,ST0048_M,2026-01-23,No,4,0,9028
Retail,S003,ST0023_L,2026-01-23,No,3,0,2070
Retail,S004,ST0029_L,2026-01-23,No,4,0,19364
Retail,S004,ST0048_L,2026-01-23,No,1,0,4952
Retail,S004,ST0042_L,2026-01-23,No,1,0,3349
Retail,S004,ST0015_XL,2026-01-23,No,4,0,14416
Retail,S004,ST0019_XL,2026-01-23,No,2,0,3486
Retail,S004,ST0045_S,2026-01-23,No,4,0,8716
Retail,S004,ST0026_M,2026-01-23,No,3,0,7185
Retail,S004,ST0005_M,2026-01-23,No,1,0,3869
Retail,S004,ST0024_M,2026-01-23,No,2,0,6950
Retail,S004,ST0037_M,2026-01-23,No,1,0,1376
Retail,S004,ST0049_XL,2026-01-23,No,1,0,2989
Retail,S004,ST0010_M,2026-01-23,No,3,0,14097
Retail,S004,ST0001_XL,2026-01-23,No,1,0,1869
Retail,S004,ST0030_L,2026-01-23,No,4,0,11820
Retail,S004,ST0034_M,2026-01-23,No,3,0,12708
Retail,S004,ST0002_M,2026-01-23,No,3,0,1938
Retail,S004,ST0043_M,2026-01-23,No,2,0,7686
Retail,S005,ST0020_XL,2026-01-23,No,3,0,11832
Retail,S005,ST0048_XL,2026-01-23,No,1,0,2570
Retail,S005,ST0006_S,2026-01-23,No,4,0,6064
Retail,S005,ST0011_S,2026-01-23,No,2,0,7366
Retail,S005,ST0012_S,2026-01-23,No,4,0,13844
Retail,S005,ST0050_M,2026-01-23,No,3,0,9948
Retail,S005,ST0030_L,2026-01-23,No,3,0,8865
Retail,S005,ST0006_L,2026-01-23,No,1,0,2549
Retail,S005,ST0040_L,2026-01-23,No,3,0,1848
Retail,S005,ST0017_M,2026-01-23,No,3,0,11808
Retail,S005,ST0010_M,2026-01-23,No,1,0,4699
Retail,S005,ST0014_L,2026-01-23,No,4,0,7200
Retail,S005,ST0020_S,2026-01-23,No,2,0,5410
Retail,S005,ST0010_L,2026-01-23,No,2,0,8846
Retail,S006,ST0016_XL,2026-01-23,No,4,0,6180
Retail,S006,ST0044_M,2026-01-23,No,2,0,5588
Retail,S006,ST0041_L,2026-01-23,No,3,0,4536
Retail,S006,ST0035_S,2026-01-23,No,3,0,11283
Retail,S006,ST0003_S,2026-01-23,No,3,0,6702
Retail,S006,ST0025_M,2026-01-23,No,2,0,1254
Retail,S006,ST0004_S,2026-01-23,No,2,0,4918
Retail,S006,ST0031_S,2026-01-23,No,2,0,6900
Retail,S006,ST0047_XL,2026-01-23,No,4,0,11916
Retail,S006,ST0007_M,2026-01-23,No,4,0,18360
Retail,S006,ST0028_XL,2026-01-23,No,1,0,4557
Retail,S006,ST0018_M,2026-01-23,No,2,0,1450
Retail,S006,ST0036_M,2026-01-23,No,3,0,9480
Retail,S006,ST0034_XL,2026-01-23,No,4,0,4296
Retail,S006,ST0044_S,2026-01-23,No,1,0,1080
Retail,S006,ST0029_L,2026-01-23,No,2,0,9682
Retail,S006,ST0002_XL,2026-01-23,No,4,0,13644
Retail,S006,ST0023_XL,2026-01-23,No,3,0,8400
Retail,S006,ST0042_M,2026-01-23,No,1,0,1012
Retail,S007,ST0007_M,2026-01-23,No,4,0,18360
Retail,S007,ST0017_XL,2026-01-23,No,4,0,11940
Retail,S007,ST0014_M,2026-01-23,No,3,0,14979
Retail,S007,ST0045_L,2026-01-23,No,4,0,12976
Retail,S007,ST0017_L,2026-01-23,No,3,0,3186
Retail,S007,ST0016_L,2026-01-23,No,3,0,11838
Retail,S007,ST0041_S,2026-01-23,No,3,0,4950
Retail,S007,ST0002_M,2026-01-23,No,1,0,646
Retail,S007,ST0013_M,2026-01-23,No,4,0,17164
Retail,S007,ST0005_S,2026-01-23,No,2,0,9122
Retail,S007,ST0025_L,2026-01-23,No,4,0,10260
Retail,S007,ST0003_XL,2026-01-23,No,4,0,13904
Retail,S007,ST0046_L,2026-01-23,No,2,0,7236
Retail,S007,ST0002_XL,2026-01-23,No,1,0,3411
Retail,S008,ST0002_XL,2026-01-23,No,4,0,13644
Retail,S008,ST0021_XL,2026-01-23,No,1,0,3920
Retail,S008,ST0010_S,2026-01-23,No,3,0,5835
Retail,S008,ST0048_L,2026-01-23,No,2,0,9904
Retail,S008,ST0046_XL,2026-01-23,No,2,0,5282
Retail,S008,ST0009_M,2026-01-23,No,1,0,2196
Retail,S008,ST0049_XL,2026-01-23,No,2,0,5978
Retail,S008,ST0005_L,2026-01-23,No,3,0,2286
Retail,S008,ST0024_XL,2026-01-23,No,2,0,7654
Retail,S008,ST0018_M,2026-01-23,No,1,0,725
Retail,S008,ST0045_M,2026-01-23,No,3,0,12018
Retail,S008,ST0034_S,2026-01-23,No,4,0,18584
Retail,S009,ST0024_L,2026-01-23,No,4,0,6736
Retail,S009,ST0013_S,2026-01-23,No,1,0,3734
Retail,S009,ST0023_M,2026-01-23,No,3,0,4917
Retail,S009,ST0006_M,2026-01-23,No,1,0,4143
Retail,S009,ST0039_M,2026-01-23,No,3,0,1857
Retail,S009,ST0042_S,2026-01-23,No,3,0,4743
Retail,S009,ST0007_M,2026-01-23,No,2,0,9180
Retail,S009,ST0026_S,2026-01-23,No,3,0,3207
Retail,S009,ST0050_S,2026-01-23,No,1,0,2131
Retail,S009,ST0028_XL,2026-01-23,No,1,0,4557
Retail,S009,ST0024_XL,2026-01-23,No,3,0,11481
Retail,S009,ST0040_S,2026-01-23,No,2,0,3738
Retail,S009,ST0028_S,2026-01-23,No,4,0,2616
Retail,S009,ST0038_S,2026-01-23,No,3,0,14592
Retail,S009,ST0046_M,2026-01-23,No,4,0,6972
Retail,S009,ST0025_L,2026-01-23,No,1,0,2565
Retail,S009,ST0028_M,2026-01-23,No,2,0,6074
Retail,S009,ST0016_S,2026-01-23,No,2,0,6470
Retail,S009,ST0011_M,2026-01-23,No,2,0,6114
Retail,S010,ST0031_S,2026-01-23,No,1,0,3450
Retail,S010,ST0037_XL,2026-01-23,No,1,0,4642
Retail,S010,ST0049_L,2026-01-23,No,2,0,8460
Retail,S010,ST0002_L,2026-01-23,No,2,0,7438
Retail,S010,ST0029_L,2026-01-23,No,2,0,9682
Retail,S010,ST0013_M,2026-01-23,No,3,0,12873
Retail,S010,ST0032_S,2026-01-23,No,1,0,4347
Retail,S010,ST0021_XL,2026-01-23,No,3,0,11760
Retail,S010,ST0042_XL,2026-01-23,No,4,0,4236
Retail,S010,ST0033_L,2026-01-23,No,2,0,4964
Retail,S010,ST0004_M,2026-01-23,No,1,0,2885
Retail,S001,ST0018_L,2026-01-24,No,2,0,2918
Retail,S001,ST0033_S,2026-01-24,No,4,0,6664
Retail,S001,ST0019_M,2026-01-24,No,1,0,3620
Retail,S001,ST0039_XL,2026-01-24,No,2,0,8350
Retail,S001,ST0002_XL,2026-01-24,No,2,0,6822
Retail,S001,ST0031_XL,2026-01-24,No,3,0,8604
Retail,S001,ST0003_XL,2026-01-24,No,2,0,6952
Retail,S001,ST0038_L,2026-01-24,No,4,0,4540
Retail,S001,ST0042_M,2026-01-24,No,4,0,4048
Retail,S001,ST0016_S,2026-01-24,No,1,0,3235
Retail,S001,ST0035_M,2026-01-24,No,4,0,6592
Retail,S001,ST0017_L,2026-01-24,No,2,0,2124
Retail,S001,ST0034_S,2026-01-24,No,3,0,13938
Retail,S001,ST0041_L,2026-01-24,No,2,0,3024
Retail,S001,ST0022_S,2026-01-24,No,2,0,1602
Retail,S001,ST0026_S,2026-01-24,No,3,0,3207
Retail,S002,ST0011_L,2026-01-24,No,1,0,598
Retail,S002,ST0021_XL,2026-01-24,No,1,0,3920
Retail,S002,ST0046_L,2026-01-24,No,1,0,3618
Retail,S002,ST0017_XL,2026-01-24,No,3,0,8955
Retail,S002,ST0047_S,2026-01-24,No,2,0,7118
Retail,S002,ST0030_XL,2026-01-24,No,2,0,2048
Retail,S002,ST0023_XL,2026-01-24,No,1,0,2800
Retail,S002,ST0003_XL,2026-01-24,No,4,0,13904
Retail,S002,ST0032_XL,2026-01-24,No,1,0,1471
Retail,S002,ST0009_XL,2026-01-24,No,3,0,6444
Retail,S002,ST0041_L,2026-01-24,No,2,0,3024
Retail,S002,ST0046_XL,2026-01-24,No,1,0,2641
Retail,S002,ST0032_L,2026-01-24,No,4,0,12804
Retail,S002,ST0023_L,2026-01-24,No,2,0,1380
Retail,S002,ST0028_L,2026-01-24,No,4,0,7636
Retail,S003,ST0044_S,2026-01-24,No,4,0,4320
Retail,S003,ST0002_XL,2026-01-24,No,3,0,10233
Retail,S003,ST0037_XL,2026-01-24,No,3,0,13926
Retail,S003,ST0038_XL,2026-01-24,No,2,0,4386
Retail,S003,ST0031_L,2026-01-24,No,2,0,9230
Retail,S003,ST0010_XL,2026-01-24,No,2,0,1506
Retail,S003,ST0016_M,2026-01-24,No,2,0,2908
Retail,S003,ST0043_XL,2026-01-24,No,2,0,3940
Retail,S003,ST0011_L,2026-01-24,No,2,0,1196
Retail,S003,ST0028_XL,2026-01-24,No,4,0,18228
Retail,S003,ST0023_L,2026-01-24,No,3,0,2070
Retail,S003,ST0024_S,2026-01-24,No,4,0,5920
Retail,S003,ST0017_M,2026-01-24,No,2,0,7872
Retail,S003,ST0023_S,2026-01-24,No,4,0,4796
Retail,S004,ST0045_S,2026-01-24,No,2,0,4358
Retail,S004,ST0012_L,2026-01-24,No,2,0,8554
Retail,S004,ST0042_L,2026-01-24,No,2,0,6698
Retail,S004,ST0016_L,2026-01-24,No,1,0,3946
Retail,S004,ST0039_S,2026-01-24,No,2,0,4364
Retail,S004,ST0037_S,2026-01-24,No,1,0,504
Retail,S004,ST0027_S,2026-01-24,No,2,0,9028
Retail,S004,ST0012_XL,2026-01-24,No,2,0,6738
Retail,S004,ST0004_S,2026-01-24,No,4,0,9836
Retail,S004,ST0041_XL,2026-01-24,No,3,0,6492
Retail,S004,ST0041_M,2026-01-24,No,3,0,7293
Retail,S004,ST0016_XL,2026-01-24,No,3,0,4635
Retail,S004,ST0026_S,2026-01-24,No,1,0,1069
Retail,S004,ST0035_S,2026-01-24,No,2,0,7522
Retail,S004,ST0031_XL,2026-01-24,No,2,0,5736
Retail,S004,ST0017_S,2026-01-24,No,3,0,6579
Retail,S004,ST0044_S,2026-01-24,No,1,0,1080
Retail,S005,ST0038_S,2026-01-24,No,1,0,4864
Retail,S005,ST0029_L,2026-01-24,No,3,0,14523
Retail,S005,ST0033_S,2026-01-24,No,2,0,3332
Retail,S005,ST0004_XL,2026-01-24,No,2,0,4604
Retail,S005,ST0043_S,2026-01-24,No,4,0,16688
Retail,S005,ST0003_XL,2026-01-24,No,2,0,6952
Retail,S005,ST0041_M,2026-01-24,No,1,0,2431
Retail,S005,ST0001_M,2026-01-24,No,2,0,2318
Retail,S005,ST0033_XL,2026-01-24,No,4,0,5412
Retail,S005,ST0035_M,2026-01-24,No,3,0,4944
Retail,S005,ST0030_L,2026-01-24,No,2,0,5910
Retail,S005,ST0024_L,2026-01-24,No,1,0,1684
Retail,S005,ST0026_S,2026-01-24,No,1,0,1069
Retail,S005,ST0004_L,2026-01-24,No,2,0,6838
Retail,S005,ST0009_M,2026-01-24,No,2,0,4392
Retail,S006,ST0029_M,2026-01-24,No,1,0,3675
Retail,S006,ST0009_L,2026-01-24,No,3,0,13473
Retail,S006,ST0007_L,2026-01-24,No,1,0,2556
Retail,S006,ST0049_L,2026-01-24,No,3,0,12690
Retail,S006,ST0050_XL,2026-01-24,No,1,0,1848
Retail,S006,ST0041_L,2026-01-24,No,4,0,6048
Retail,S006,ST0023_S,2026-01-24,No,2,0,2398
Retail,S006,ST0018_L,2026-01-24,No,3,0,4377
Retail,S006,ST0004_L,2026-01-24,No,1,0,3419
Retail,S006,ST0038_XL,2026-01-24,No,1,0,2193
Retail,S006,ST0037_L,2026-01-24,No,2,0,2982
Retail,S006,ST0044_L,2026-01-24,No,2,0,7294
Retail,S006,ST0015_XL,2026-01-24,No,1,0,3604
Retail,S006,ST0017_S,2026-01-24,No,2,0,4386
Retail,S006,ST0033_S,2026-01-24,No,4,0,6664
Retail,S006,ST0050_S,2026-01-24,No,4,0,8524
Retail,S006,ST0033_M,2026-01-24,No,3,0,9822
Retail,S007,ST0007_M,2026-01-24,No,3,0,13770
Retail,S007,ST0025_L,2026-01-24,No,2,0,5130
Retail,S007,ST0001_M,2026-01-24,No,2,0,2318
Retail,S007,ST0039_S,2026-01-24,No,3,0,6546
Retail,S007,ST0049_XL,2026-01-24,No,2,0,5978
Retail,S007,ST0006_S,2026-01-24,No,1,0,1516
Retail,S007,ST0007_L,2026-01-24,No,4,0,10224
Retail,S007,ST0007_XL,2026-01-24,No,2,0,7340
Retail,S007,ST0004_M,2026-01-24,No,1,0,2885
Retail,S007,ST0004_S,2026-01-24,No,1,0,2459
Retail,S007,ST0001_L,2026-01-24,No,1,0,3311
Retail,S007,ST0010_XL,2026-01-24,No,3,0,2259
Retail,S007,ST0042_L,2026-01-24,No,1,0,3349
Retail,S007,ST0042_S,2026-01-24,No,3,0,4743
Retail,S007,ST0009_S,2026-01-24,No,2,0,7382
Retail,S007,ST0015_M,2026-01-24,No,1,0,1718
Retail,S007,ST0006_L,2026-01-24,No,2,0,5098
Retail,S008,ST0037_S,2026-01-24,No,4,0,2016
Retail,S008,ST0021_M,2026-01-24,No,4,0,6240
Retail,S008,ST0028_M,2026-01-24,No,2,0,6074
Retail,S008,ST0049_L,2026-01-24,No,2,0,8460
Retail,S008,ST0021_XL,2026-01-24,No,1,0,3920
Retail,S008,ST0049_M,2026-01-24,No,1,0,3751
Retail,S008,ST0001_XL,2026-01-24,No,4,0,7476
Retail,S008,ST0007_M,2026-01-24,No,1,0,4590
Retail,S008,ST0032_S,2026-01-24,No,4,0,17388
Retail,S008,ST0044_L,2026-01-24,No,1,0,3647
Retail,S008,ST0035_M,2026-01-24,No,2,0,3296
Retail,S008,ST0043_XL,2026-01-24,No,4,0,7880
Retail,S008,ST0001_M,2026-01-24,No,3,0,3477
Retail,S008,ST0005_L,2026-01-24,No,1,0,762
Retail,S008,ST0042_M,2026-01-24,No,1,0,1012
Retail,S008,ST0024_S,2026-01-24,No,2,0,2960
Retail,S009,ST0050_XL,2026-01-24,No,2,0,3696
Retail,S009,ST0004_M,2026-01-24,No,3,0,8655
Retail,S009,ST0022_XL,2026-01-24,No,3,0,11010
Retail,S009,ST0001_S,2026-01-24,No,4,0,9176
Retail,S009,ST0040_XL,2026-01-24,No,2,0,6676
Retail,S009,ST0028_L,2026-01-24,No,1,0,1909
Retail,S009,ST0015_S,2026-01-24,No,1,0,2027
Retail,S009,ST0009_XL,2026-01-24,No,1,0,2148
Retail,S009,ST0032_L,2026-01-24,No,1,0,3201
Retail,S009,ST0025_M,2026-01-24,No,4,0,2508
Retail,S009,ST0019_L,2026-01-24,No,3,0,1548
Retail,S009,ST0035_L,2026-01-24,No,1,0,2215
Retail,S009,ST0032_S,2026-01-24,No,4,0,17388
Retail,S009,ST0047_XL,2026-01-24,No,4,0,11916
Retail,S009,ST0024_S,2026-01-24,No,1,0,1480
Retail,S010,ST0045_S,2026-01-24,No,2,0,4358
Retail,S010,ST0040_S,2026-01-24,No,1,0,1869
Retail,S010,ST0048_S,2026-01-24,No,3,0,6405
Retail,S010,ST0011_L,2026-01-24,No,2,0,1196
Retail,S010,ST0021_L,2026-01-24,No,2,0,5654
Retail,S010,ST0028_S,2026-01-24,No,4,0,2616
Retail,S010,ST0009_S,2026-01-24,No,2,0,7382
Retail,S010,ST0047_S,2026-01-24,No,2,0,7118
Retail,S010,ST0033_L,2026-01-24,No,2,0,4964
Retail,S010,ST0018_L,2026-01-24,No,1,0,1459
Retail,S010,ST0023_S,2026-01-24,No,4,0,4796
Retail,S010,ST0048_M,2026-01-24,No,2,0,4514
Retail,S010,ST0001_L,2026-01-24,No,3,0,9933
Retail,S010,ST0021_S,2026-01-24,No,4,0,12260
Retail,S010,ST0036_XL,2026-01-24,No,1,0,3551
Retail,S010,ST0050_L,2026-01-24,No,1,0,1515
Retail,S010,ST0050_S,2026-01-24,No,4,0,8524
Retail,S010,ST0046_L,2026-01-24,No,2,0,7236
Retail,S010,ST0018_M,2026-01-24,No,3,0,2175
Retail,S001,ST0030_M,2026-01-25,No,4,0,9364
Retail,S001,ST0026_XL,2026-01-25,No,3,0,13089
Retail,S001,ST0049_M,2026-01-25,No,3,0,11253
Retail,S001,ST0020_XL,2026-01-25,No,1,0,3944
Retail,S001,ST0050_L,2026-01-25,No,2,0,3030
Retail,S001,ST0008_S,2026-01-25,No,3,0,6546
Retail,S001,ST0049_S,2026-01-25,No,1,0,3349
Retail,S001,ST0044_S,2026-01-25,No,4,0,4320
Retail,S001,ST0019_M,2026-01-25,No,4,0,14480
Retail,S001,ST0022_L,2026-01-25,No,2,0,2212
Retail,S001,ST0003_L,2026-01-25,No,1,0,988
Retail,S002,ST0023_S,2026-01-25,No,4,0,4796
Retail,S002,ST0035_L,2026-01-25,No,4,0,8860
Retail,S002,ST0041_M,2026-01-25,No,2,0,4862
Retail,S002,ST0029_M,2026-01-25,No,1,0,3675
Retail,S002,ST0044_XL,2026-01-25,No,4,0,18996
Retail,S002,ST0037_M,2026-01-25,No,1,0,1376
Retail,S002,ST0013_M,2026-01-25,No,2,0,8582
Retail,S002,ST0004_M,2026-01-25,No,4,0,11540
Retail,S002,ST0039_L,2026-01-25,No,3,0,3990
Retail,S002,ST0024_XL,2026-01-25,No,4,0,15308
Retail,S002,ST0005_XL,2026-01-25,No,1,0,1123
Retail,S002,ST0042_S,2026-01-25,No,3,0,4743
Retail,S002,ST0008_XL,2026-01-25,No,2,0,9998
Retail,S002,ST0027_S,2026-01-25,No,3,0,13542
Retail,S003,ST0027_M,2026-01-25,No,4,0,13604
Retail,S003,ST0025_S,2026-01-25,No,2,0,7788
Retail,S003,ST0015_S,2026-01-25,No,4,0,8108
Retail,S003,ST0023_S,2026-01-25,No,4,0,4796
Retail,S003,ST0019_M,2026-01-25,No,4,0,14480
Retail,S003,ST0045_L,2026-01-25,No,3,0,9732
Retail,S003,ST0039_M,2026-01-25,No,2,0,1238
Retail,S003,ST0027_S,2026-01-25,No,2,0,9028
Retail,S003,ST0041_S,2026-01-25,No,3,0,4950
Retail,S003,ST0034_M,2026-01-25,No,1,0,4236
Retail,S003,ST0038_S,2026-01-25,No,4,0,19456
Retail,S003,ST0044_L,2026-01-25,No,3,0,10941
Retail,S003,ST0041_M,2026-01-25,No,2,0,4862
Retail,S003,ST0035_S,2026-01-25,No,4,0,15044
Retail,S004,ST0018_L,2026-01-25,No,4,0,5836
Retail,S004,ST0016_L,2026-01-25,No,1,0,3946
Retail,S004,ST0005_M,2026-01-25,No,3,0,11607
Retail,S004,ST0015_XL,2026-01-25,No,4,0,14416
Retail,S004,ST0015_M,2026-01-25,No,3,0,5154
Retail,S004,ST0028_M,2026-01-25,No,4,0,12148
Retail,S004,ST0005_S,2026-01-25,No,2,0,9122
Retail,S004,ST0023_M,2026-01-25,No,3,0,4917
Retail,S004,ST0008_L,2026-01-25,No,4,0,6616
Retail,S004,ST0001_S,2026-01-25,No,3,0,6882
Retail,S004,ST0041_M,2026-01-25,No,2,0,4862
Retail,S004,ST0004_M,2026-01-25,No,2,0,5770
Retail,S004,ST0045_M,2026-01-25,No,1,0,4006
Retail,S004,ST0018_M,2026-01-25,No,1,0,725
Retail,S004,ST0039_XL,2026-01-25,No,1,0,4175
Retail,S004,ST0018_S,2026-01-25,No,1,0,3854
Retail,S004,ST0030_XL,2026-01-25,No,3,0,3072
Retail,S004,ST0036_S,2026-01-25,No,3,0,8973
Retail,S005,ST0005_S,2026-01-25,No,3,0,13683
Retail,S005,ST0045_M,2026-01-25,No,2,0,8012
Retail,S005,ST0040_S,2026-01-25,No,4,0,7476
Retail,S005,ST0018_M,2026-01-25,No,4,0,2900
Retail,S005,ST0002_L,2026-01-25,No,1,0,3719
Retail,S005,ST0009_XL,2026-01-25,No,1,0,2148
Retail,S005,ST0021_S,2026-01-25,No,2,0,6130
Retail,S005,ST0014_L,2026-01-25,No,4,0,7200
Retail,S005,ST0039_XL,2026-01-25,No,4,0,16700
Retail,S005,ST0030_M,2026-01-25,No,2,0,4682
Retail,S005,ST0044_M,2026-01-25,No,4,0,11176
Retail,S006,ST0048_L,2026-01-25,No,4,0,19808
Retail,S006,ST0004_XL,2026-01-25,No,2,0,4604
Retail,S006,ST0023_L,2026-01-25,No,3,0,2070
Retail,S006,ST0014_XL,2026-01-25,No,3,0,13461
Retail,S006,ST0036_L,2026-01-25,No,1,0,3624
Retail,S006,ST0037_S,2026-01-25,No,4,0,2016
Retail,S006,ST0020_S,2026-01-25,No,3,0,8115
Retail,S006,ST0050_M,2026-01-25,No,2,0,6632
Retail,S006,ST0013_S,2026-01-25,No,2,0,7468
Retail,S006,ST0005_L,2026-01-25,No,2,0,1524
Retail,S006,ST0035_M,2026-01-25,No,3,0,4944
Retail,S006,ST0041_L,2026-01-25,No,4,0,6048
Retail,S007,ST0008_L,2026-01-25,No,3,0,4962
Retail,S007,ST0046_M,2026-01-25,No,4,0,6972
Retail,S007,ST0025_L,2026-01-25,No,1,0,2565
Retail,S007,ST0010_S,2026-01-25,No,2,0,3890
Retail,S007,ST0010_L,2026-01-25,No,1,0,4423
Retail,S007,ST0021_L,2026-01-25,No,1,0,2827
Retail,S007,ST0009_L,2026-01-25,No,2,0,8982
Retail,S007,ST0047_L,2026-01-25,No,1,0,2765
Retail,S007,ST0028_XL,2026-01-25,No,4,0,18228
Retail,S007,ST0035_M,2026-01-25,No,4,0,6592
Retail,S007,ST0016_M,2026-01-25,No,2,0,2908
Retail,S007,ST0044_XL,2026-01-25,No,4,0,18996
Retail,S007,ST0034_L,2026-01-25,No,3,0,12807
Retail,S007,ST0038_L,2026-01-25,No,1,0,1135
Retail,S007,ST0045_S,2026-01-25,No,3,0,6537
Retail,S007,ST0042_S,2026-01-25,No,1,0,1581
Retail,S007,ST0038_M,2026-01-25,No,3,0,14895
Retail,S008,ST0021_L,2026-01-25,No,3,0,8481
Retail,S008,ST0013_L,2026-01-25,No,1,0,1456
Retail,S008,ST0011_S,2026-01-25,No,1,0,3683
Retail,S008,ST0014_L,2026-01-25,No,4,0,7200
Retail,S008,ST0049_L,2026-01-25,No,1,0,4230
Retail,S008,ST0028_S,2026-01-25,No,1,0,654
Retail,S008,ST0031_S,2026-01-25,No,4,0,13800
Retail,S008,ST0004_S,2026-01-25,No,2,0,4918
Retail,S008,ST0037_M,2026-01-25,No,2,0,2752
Retail,S008,ST0010_S,2026-01-25,No,1,0,1945
Retail,S008,ST0018_L,2026-01-25,No,3,0,4377
Retail,S008,ST0020_XL,2026-01-25,No,3,0,11832
Retail,S008,ST0025_M,2026-01-25,No,4,0,2508
Retail,S009,ST0045_XL,2026-01-25,No,1,0,3856
Retail,S009,ST0019_XL,2026-01-25,No,2,0,3486
Retail,S009,ST0039_S,2026-01-25,No,3,0,6546
Retail,S009,ST0007_L,2026-01-25,No,1,0,2556
Retail,S009,ST0008_S,2026-01-25,No,4,0,8728
Retail,S009,ST0031_XL,2026-01-25,No,3,0,8604
Retail,S009,ST0041_M,2026-01-25,No,1,0,2431
Retail,S009,ST0011_L,2026-01-25,No,1,0,598
Retail,S010,ST0048_L,2026-01-25,No,4,0,19808
Retail,S010,ST0001_XL,2026-01-25,No,2,0,3738
Retail,S010,ST0047_XL,2026-01-25,No,2,0,5958
Retail,S010,ST0035_XL,2026-01-25,No,4,0,17416
Retail,S010,ST0042_L,2026-01-25,No,1,0,3349
Retail,S010,ST0023_XL,2026-01-25,No,1,0,2800
Retail,S010,ST0030_S,2026-01-25,No,3,0,3111
Retail,S010,ST0028_L,2026-01-25,No,1,0,1909
Retail,S010,ST0025_S,2026-01-25,No,3,0,11682
Retail,S010,ST0044_XL,2026-01-25,No,2,0,9498
Retail,S010,ST0002_XL,2026-01-25,No,2,0,6822
Retail,S010,ST0029_XL,2026-01-25,No,1,0,3306
Retail,S010,ST0038_XL,2026-01-25,No,2,0,4386
Retail,S010,ST0015_M,2026-01-25,No,2,0,3436
Retail,S010,ST0022_XL,2026-01-25,No,2,0,7340
Retail,S001,ST0033_XL,2026-01-26,No,4,0,5412
Retail,S001,ST0014_XL,2026-01-26,No,2,0,8974
Retail,S001,ST0028_M,2026-01-26,No,2,0,6074
Retail,S001,ST0014_S,2026-01-26,No,1,0,660
Retail,S001,ST0040_M,2026-01-26,No,2,0,2480
Retail,S001,ST0023_M,2026-01-26,No,1,0,1639
Retail,S001,ST0032_XL,2026-01-26,No,2,0,2942
Retail,S001,ST0048_S,2026-01-26,No,3,0,6405
Retail,S001,ST0004_XL,2026-01-26,No,3,0,6906
Retail,S001,ST0018_XL,2026-01-26,No,1,0,3567
Retail,S001,ST0048_M,2026-01-26,No,4,0,9028
Retail,S001,ST0034_XL,2026-01-26,No,3,0,3222
Retail,S001,ST0026_S,2026-01-26,No,1,0,1069
Retail,S001,ST0009_M,2026-01-26,No,2,0,4392
Retail,S001,ST0008_L,2026-01-26,No,4,0,6616
Retail,S001,ST0033_L,2026-01-26,No,1,0,2482
Retail,S002,ST0027_S,2026-01-26,No,2,0,9028
Retail,S002,ST0016_M,2026-01-26,No,2,0,2908
Retail,S002,ST0036_L,2026-01-26,No,1,0,3624
Retail,S002,ST0011_M,2026-01-26,No,3,0,9171
Retail,S002,ST0042_L,2026-01-26,No,4,0,13396
Retail,S002,ST0027_XL,2026-01-26,No,1,0,3509
Retail,S002,ST0039_L,2026-01-26,No,2,0,2660
Retail,S002,ST0032_M,2026-01-26,No,4,0,19980
Retail,S002,ST0032_L,2026-01-26,No,4,0,12804
Retail,S002,ST0044_S,2026-01-26,No,2,0,2160
Retail,S002,ST0049_M,2026-01-26,No,3,0,11253
Retail,S002,ST0020_S,2026-01-26,No,2,0,5410
Retail,S003,ST0003_L,2026-01-26,No,2,0,1976
Retail,S003,ST0005_L,2026-01-26,No,2,0,1524
Retail,S003,ST0042_S,2026-01-26,No,4,0,6324
Retail,S003,ST0009_S,2026-01-26,No,2,0,7382
Retail,S003,ST0020_S,2026-01-26,No,1,0,2705
Retail,S003,ST0017_M,2026-01-26,No,1,0,3936
Retail,S003,ST0044_S,2026-01-26,No,3,0,3240
Retail,S003,ST0004_M,2026-01-26,No,1,0,2885
Retail,S003,ST0027_S,2026-01-26,No,3,0,13542
Retail,S003,ST0023_M,2026-01-26,No,2,0,3278
Retail,S003,ST0033_XL,2026-01-26,No,2,0,2706
Retail,S003,ST0013_S,2026-01-26,No,1,0,3734
Retail,S003,ST0014_M,2026-01-26,No,3,0,14979
Retail,S003,ST0007_S,2026-01-26,No,4,0,14432
Retail,S003,ST0048_M,2026-01-26,No,1,0,2257
Retail,S003,ST0029_M,2026-01-26,No,3,0,11025
Retail,S004,ST0036_S,2026-01-26,No,1,0,2991
Retail,S004,ST0002_L,2026-01-26,No,4,0,14876
Retail,S004,ST0020_S,2026-01-26,No,3,0,8115
Retail,S004,ST0044_L,2026-01-26,No,1,0,3647
Retail,S004,ST0027_S,2026-01-26,No,1,0,4514
Retail,S004,ST0034_XL,2026-01-26,No,3,0,3222
Retail,S004,ST0009_L,2026-01-26,No,3,0,13473
Retail,S004,ST0008_S,2026-01-26,No,1,0,2182
Retail,S004,ST0028_M,2026-01-26,No,4,0,12148
Retail,S004,ST0034_M,2026-01-26,No,4,0,16944
Retail,S004,ST0020_M,2026-01-26,No,1,0,3024
Retail,S004,ST0015_M,2026-01-26,No,3,0,5154
Retail,S004,ST0049_S,2026-01-26,No,2,0,6698
Retail,S004,ST0030_L,2026-01-26,No,1,0,2955
Retail,S004,ST0022_L,2026-01-26,No,4,0,4424
Retail,S005,ST0011_L,2026-01-26,No,3,0,1794
Retail,S005,ST0044_M,2026-01-26,No,4,0,11176
Retail,S005,ST0023_XL,2026-01-26,No,1,0,2800
Retail,S005,ST0014_XL,2026-01-26,No,3,0,13461
Retail,S005,ST0040_XL,2026-01-26,No,2,0,6676
Retail,S005,ST0035_M,2026-01-26,No,2,0,3296
Retail,S005,ST0036_S,2026-01-26,No,3,0,8973
Retail,S005,ST0048_L,2026-01-26,No,1,0,4952
Retail,S005,ST0040_S,2026-01-26,No,2,0,3738
Retail,S005,ST0009_L,2026-01-26,No,2,0,8982
Retail,S006,ST0008_L,2026-01-26,No,3,0,4962
Retail,S006,ST0001_XL,2026-01-26,No,3,0,5607
Retail,S006,ST0025_S,2026-01-26,No,4,0,15576
Retail,S006,ST0014_L,2026-01-26,No,1,0,1800
Retail,S006,ST0034_XL,2026-01-26,No,2,0,2148
Retail,S006,ST0034_L,2026-01-26,No,2,0,8538
Retail,S006,ST0046_M,2026-01-26,No,2,0,3486
Retail,S006,ST0046_XL,2026-01-26,No,1,0,2641
Retail,S006,ST0003_M,2026-01-26,No,3,0,7029
Retail,S006,ST0007_M,2026-01-26,No,3,0,13770
Retail,S006,ST0048_XL,2026-01-26,No,3,0,7710
Retail,S006,ST0026_L,2026-01-26,No,4,0,12932
Retail,S006,ST0029_XL,2026-01-26,No,2,0,6612
Retail,S006,ST0017_M,2026-01-26,No,4,0,15744
Retail,S006,ST0015_L,2026-01-26,No,4,0,19984
Retail,S006,ST0050_XL,2026-01-26,No,1,0,1848
Retail,S007,ST0029_L,2026-01-26,No,2,0,9682
Retail,S007,ST0036_XL,2026-01-26,No,1,0,3551
Retail,S007,ST0027_M,2026-01-26,No,1,0,3401
Retail,S007,ST0020_XL,2026-01-26,No,4,0,15776
Retail,S007,ST0013_L,2026-01-26,No,3,0,4368
Retail,S007,ST0046_L,2026-01-26,No,1,0,3618
Retail,S007,ST0001_S,2026-01-26,No,2,0,4588
Retail,S007,ST0015_M,2026-01-26,No,2,0,3436
Retail,S007,ST0031_L,2026-01-26,No,2,0,9230
Retail,S007,ST0022_XL,2026-01-26,No,4,0,14680
Retail,S007,ST0018_XL,2026-01-26,No,4,0,14268
Retail,S007,ST0003_XL,2026-01-26,No,1,0,3476
Retail,S007,ST0036_S,2026-01-26,No,2,0,5982
Retail,S007,ST0011_L,2026-01-26,No,4,0,2392
Retail,S007,ST0004_M,2026-01-26,No,3,0,8655
Retail,S008,ST0015_XL,2026-01-26,No,3,0,10812
Retail,S008,ST0042_L,2026-01-26,No,1,0,3349
Retail,S008,ST0038_L,2026-01-26,No,2,0,2270
Retail,S008,ST0004_XL,2026-01-26,No,2,0,4604
Retail,S008,ST0042_S,2026-01-26,No,3,0,4743
Retail,S008,ST0023_XL,2026-01-26,No,3,0,8400
Retail,S008,ST0024_M,2026-01-26,No,1,0,3475
Retail,S008,ST0012_M,2026-01-26,No,3,0,14799
Retail,S008,ST0029_S,2026-01-26,No,1,0,1284
Retail,S008,ST0025_S,2026-01-26,No,1,0,3894
Retail,S008,ST0038_S,2026-01-26,No,1,0,4864
Retail,S008,ST0024_XL,2026-01-26,No,2,0,7654
Retail,S008,ST0033_XL,2026-01-26,No,2,0,2706
Retail,S008,ST0024_L,2026-01-26,No,2,0,3368
Retail,S008,ST0017_XL,2026-01-26,No,3,0,8955
Retail,S008,ST0010_XL,2026-01-26,No,4,0,3012
Retail,S008,ST0016_XL,2026-01-26,No,4,0,6180
Retail,S009,ST0028_S,2026-01-26,No,2,0,1308
Retail,S009,ST0046_XL,2026-01-26,No,4,0,10564
Retail,S009,ST0009_S,2026-01-26,No,2,0,7382
Retail,S009,ST0015_S,2026-01-26,No,1,0,2027
Retail,S009,ST0010_L,2026-01-26,No,4,0,17692
Retail,S009,ST0019_M,2026-01-26,No,1,0,3620
Retail,S009,ST0035_S,2026-01-26,No,2,0,7522
Retail,S009,ST0039_S,2026-01-26,No,2,0,4364
Retail,S009,ST0030_XL,2026-01-26,No,4,0,4096
Retail,S009,ST0026_S,2026-01-26,No,3,0,3207
Retail,S009,ST0001_L,2026-01-26,No,2,0,6622
Retail,S009,ST0006_S,2026-01-26,No,2,0,3032
Retail,S009,ST0028_M,2026-01-26,No,2,0,6074
Retail,S009,ST0004_M,2026-01-26,No,3,0,8655
Retail,S010,ST0014_S,2026-01-26,No,2,0,1320
Retail,S010,ST0038_XL,2026-01-26,No,1,0,2193
Retail,S010,ST0028_S,2026-01-26,No,2,0,1308
Retail,S010,ST0031_XL,2026-01-26,No,4,0,11472
Retail,S010,ST0006_XL,2026-01-26,No,3,0,12669
Retail,S010,ST0029_XL,2026-01-26,No,4,0,13224
Retail,S010,ST0010_XL,2026-01-26,No,1,0,753
Retail,S010,ST0045_S,2026-01-26,No,1,0,2179
Retail,S010,ST0002_XL,2026-01-26,No,1,0,3411
Retail,S010,ST0039_XL,2026-01-26,No,2,0,8350
Retail,S010,ST0034_S,2026-01-26,No,1,0,4646
Retail,S010,ST0015_M,2026-01-26,No,3,0,5154
Retail,S010,ST0037_M,2026-01-26,No,2,0,2752
Retail,S010,ST0039_S,2026-01-26,No,3,0,6546
Retail,S010,ST0022_L,2026-01-26,No,2,0,2212
Retail,S001,ST0011_XL,2026-01-27,No,2,0,5400
Retail,S001,ST0019_M,2026-01-27,No,3,0,10860
Retail,S001,ST0045_S,2026-01-27,No,4,0,8716
Retail,S001,ST0008_M,2026-01-27,No,4,0,11020
Retail,S001,ST0044_M,2026-01-27,No,4,0,11176
Retail,S001,ST0018_XL,2026-01-27,No,2,0,7134
Retail,S001,ST0009_L,2026-01-27,No,2,0,8982
Retail,S001,ST0028_M,2026-01-27,No,3,0,9111
Retail,S001,ST0039_M,2026-01-27,No,1,0,619
Retail,S001,ST0023_M,2026-01-27,No,4,0,6556
Retail,S001,ST0014_XL,2026-01-27,No,2,0,8974
Retail,S001,ST0042_S,2026-01-27,No,1,0,1581
Retail,S001,ST0017_L,2026-01-27,No,1,0,1062
Retail,S001,ST0036_M,2026-01-27,No,3,0,9480
Retail,S002,ST0041_M,2026-01-27,No,4,0,9724
Retail,S002,ST0026_XL,2026-01-27,No,1,0,4363
Retail,S002,ST0041_XL,2026-01-27,No,2,0,4328
Retail,S002,ST0046_XL,2026-01-27,No,4,0,10564
Retail,S002,ST0007_L,2026-01-27,No,3,0,7668
Retail,S002,ST0012_L,2026-01-27,No,4,0,17108
Retail,S002,ST0049_S,2026-01-27,No,4,0,13396
Retail,S002,ST0042_S,2026-01-27,No,2,0,3162
Retail,S002,ST0050_M,2026-01-27,No,1,0,3316
Retail,S002,ST0027_L,2026-01-27,No,1,0,2186
Retail,S002,ST0013_M,2026-01-27,No,1,0,4291
Retail,S002,ST0032_M,2026-01-27,No,3,0,14985
Retail,S002,ST0016_L,2026-01-27,No,3,0,11838
Retail,S002,ST0014_L,2026-01-27,No,1,0,1800
Retail,S003,ST0009_L,2026-01-27,No,3,0,13473
Retail,S003,ST0032_L,2026-01-27,No,3,0,9603
Retail,S003,ST0047_M,2026-01-27,No,3,0,10377
Retail,S003,ST0036_S,2026-01-27,No,4,0,11964
Retail,S003,ST0037_XL,2026-01-27,No,2,0,9284
Retail,S003,ST0049_M,2026-01-27,No,3,0,11253
Retail,S003,ST0004_S,2026-01-27,No,2,0,4918
Retail,S003,ST0005_S,2026-01-27,No,4,0,18244
Retail,S003,ST0041_L,2026-01-27,No,1,0,1512
Retail,S003,ST0020_M,2026-01-27,No,3,0,9072
Retail,S003,ST0014_M,2026-01-27,No,2,0,9986
Retail,S003,ST0033_S,2026-01-27,No,1,0,1666
Retail,S003,ST0013_M,2026-01-27,No,4,0,17164
Retail,S003,ST0015_XL,2026-01-27,No,4,0,14416
Retail,S003,ST0038_M,2026-01-27,No,3,0,14895
Retail,S003,ST0023_L,2026-01-27,No,2,0,1380
Retail,S003,ST0029_XL,2026-01-27,No,2,0,6612
Retail,S004,ST0018_M,2026-01-27,No,2,0,1450
Retail,S004,ST0049_M,2026-01-27,No,4,0,15004
Retail,S004,ST0019_M,2026-01-27,No,4,0,14480
Retail,S004,ST0039_M,2026-01-27,No,2,0,1238
Retail,S004,ST0015_L,2026-01-27,No,4,0,19984
Retail,S004,ST0041_S,2026-01-27,No,2,0,3300
Retail,S004,ST0022_L,2026-01-27,No,3,0,3318
Retail,S004,ST0006_M,2026-01-27,No,2,0,8286
Retail,S004,ST0002_M,2026-01-27,No,4,0,2584
Retail,S004,ST0026_XL,2026-01-27,No,4,0,17452
Retail,S004,ST0028_S,2026-01-27,No,4,0,2616
Retail,S004,ST0013_XL,2026-01-27,No,3,0,13701
Retail,S004,ST0029_M,2026-01-27,No,2,0,7350
Retail,S004,ST0003_XL,2026-01-27,No,2,0,6952
Retail,S004,ST0039_L,2026-01-27,No,3,0,3990
Retail,S004,ST0003_L,2026-01-27,No,1,0,988
Retail,S005,ST0030_S,2026-01-27,No,1,0,1037
Retail,S005,ST0033_XL,2026-01-27,No,1,0,1353
Retail,S005,ST0049_S,2026-01-27,No,2,0,6698
Retail,S005,ST0041_L,2026-01-27,No,2,0,3024
Retail,S005,ST0017_S,2026-01-27,No,1,0,2193
Retail,S005,ST0039_M,2026-01-27,No,1,0,619
Retail,S005,ST0038_S,2026-01-27,No,1,0,4864
Retail,S005,ST0001_XL,2026-01-27,No,3,0,5607
Retail,S005,ST0036_L,2026-01-27,No,3,0,10872
Retail,S005,ST0020_S,2026-01-27,No,1,0,2705
Retail,S005,ST0007_S,2026-01-27,No,2,0,7216
Retail,S005,ST0032_XL,2026-01-27,No,1,0,1471
Retail,S005,ST0031_S,2026-01-27,No,1,0,3450
Retail,S005,ST0044_M,2026-01-27,No,2,0,5588
Retail,S005,ST0018_M,2026-01-27,No,4,0,2900
Retail,S005,ST0046_XL,2026-01-27,No,4,0,10564
Retail,S006,ST0019_L,2026-01-27,No,2,0,1032
Retail,S006,ST0002_L,2026-01-27,No,3,0,11157
Retail,S006,ST0014_M,2026-01-27,No,1,0,4993
Retail,S006,ST0021_XL,2026-01-27,No,3,0,11760
Retail,S006,ST0043_S,2026-01-27,No,2,0,8344
Retail,S006,ST0032_XL,2026-01-27,No,3,0,4413
Retail,S006,ST0005_L,2026-01-27,No,1,0,762
Retail,S006,ST0031_S,2026-01-27,No,2,0,6900
Retail,S006,ST0009_L,2026-01-27,No,2,0,8982
Retail,S006,ST0010_S,2026-01-27,No,3,0,5835
Retail,S006,ST0011_M,2026-01-27,No,1,0,3057
Retail,S006,ST0035_XL,2026-01-27,No,4,0,17416
Retail,S006,ST0029_M,2026-01-27,No,4,0,14700
Retail,S006,ST0048_XL,2026-01-27,No,4,0,10280
Retail,S007,ST0023_XL,2026-01-27,No,3,0,8400
Retail,S007,ST0045_S,2026-01-27,No,1,0,2179
Retail,S007,ST0039_S,2026-01-27,No,1,0,2182
Retail,S007,ST0035_M,2026-01-27,No,3,0,4944
Retail,S007,ST0015_XL,2026-01-27,No,3,0,10812
Retail,S007,ST0030_S,2026-01-27,No,3,0,3111
Retail,S007,ST0019_L,2026-01-27,No,2,0,1032
Retail,S007,ST0040_L,2026-01-27,No,4,0,2464
Retail,S007,ST0040_S,2026-01-27,No,3,0,5607
Retail,S007,ST0005_M,2026-01-27,No,1,0,3869
Retail,S007,ST0009_S,2026-01-27,No,2,0,7382
Retail,S007,ST0030_M,2026-01-27,No,3,0,7023
Retail,S007,ST0040_XL,2026-01-27,No,3,0,10014
Retail,S008,ST0023_XL,2026-01-27,No,2,0,5600
Retail,S008,ST0007_L,2026-01-27,No,2,0,5112
Retail,S008,ST0043_M,2026-01-27,No,3,0,11529
Retail,S008,ST0011_L,2026-01-27,No,1,0,598
Retail,S008,ST0027_L,2026-01-27,No,3,0,6558
Retail,S008,ST0007_M,2026-01-27,No,1,0,4590
Retail,S008,ST0032_M,2026-01-27,No,3,0,14985
Retail,S008,ST0036_S,2026-01-27,No,3,0,8973
Retail,S008,ST0028_S,2026-01-27,No,2,0,1308
Retail,S008,ST0029_L,2026-01-27,No,4,0,19364
Retail,S008,ST0016_M,2026-01-27,No,1,0,1454
Retail,S008,ST0011_XL,2026-01-27,No,2,0,5400
Retail,S008,ST0038_XL,2026-01-27,No,1,0,2193
Retail,S009,ST0015_XL,2026-01-27,No,4,0,14416
Retail,S009,ST0026_S,2026-01-27,No,4,0,4276
Retail,S009,ST0032_S,2026-01-27,No,2,0,8694
Retail,S009,ST0014_XL,2026-01-27,No,3,0,13461
Retail,S009,ST0018_XL,2026-01-27,No,3,0,10701
Retail,S009,ST0045_S,2026-01-27,No,1,0,2179
Retail,S009,ST0033_S,2026-01-27,No,4,0,6664
Retail,S009,ST0049_M,2026-01-27,No,4,0,15004
Retail,S009,ST0025_M,2026-01-27,No,1,0,627
Retail,S009,ST0007_L,2026-01-27,No,3,0,7668
Retail,S009,ST0025_L,2026-01-27,No,3,0,7695
Retail,S009,ST0024_M,2026-01-27,No,4,0,13900
Retail,S009,ST0045_L,2026-01-27,No,3,0,9732
Retail,S009,ST0027_L,2026-01-27,No,2,0,4372
Retail,S009,ST0046_L,2026-01-27,No,3,0,10854
Retail,S009,ST0042_XL,2026-01-27,No,4,0,4236
Retail,S010,ST0019_M,2026-01-27,No,3,0,10860
Retail,S010,ST0014_XL,2026-01-27,No,2,0,8974
Retail,S010,ST0046_M,2026-01-27,No,2,0,3486
Retail,S010,ST0008_L,2026-01-27,No,3,0,4962
Retail,S010,ST0004_S,2026-01-27,No,1,0,2459
Retail,S010,ST0046_XL,2026-01-27,No,4,0,10564
Retail,S010,ST0021_XL,2026-01-27,No,1,0,3920
Retail,S010,ST0011_M,2026-01-27,No,1,0,3057
Retail,S010,ST0012_M,2026-01-27,No,4,0,19732
Retail,S010,ST0014_S,2026-01-27,No,2,0,1320
Retail,S010,ST0017_M,2026-01-27,No,3,0,11808
Retail,S010,ST0041_L,2026-01-27,No,4,0,6048
Retail,S010,ST0039_L,2026-01-27,No,4,0,5320
Retail,S010,ST0036_S,2026-01-27,No,1,0,2991
Retail,S010,ST0024_S,2026-01-27,No,1,0,1480
Retail,S010,ST0009_S,2026-01-27,No,2,0,7382
Retail,S010,ST0018_L,2026-01-27,No,4,0,5836
Retail,S010,ST0047_L,2026-01-27,No,2,0,5530
Retail,S001,ST0008_S,2026-01-28,No,3,0,6546
Retail,S001,ST0049_XL,2026-01-28,No,2,0,5978
Retail,S001,ST0026_M,2026-01-28,No,3,0,7185
Retail,S001,ST0028_L,2026-01-28,No,2,0,3818
Retail,S001,ST0009_M,2026-01-28,No,2,0,4392
Retail,S001,ST0035_L,2026-01-28,No,1,0,2215
Retail,S001,ST0024_XL,2026-01-28,No,2,0,7654
Retail,S001,ST0011_L,2026-01-28,No,4,0,2392
Retail,S001,ST0005_S,2026-01-28,No,3,0,13683
Retail,S001,ST0035_M,2026-01-28,No,1,0,1648
Retail,S001,ST0006_M,2026-01-28,No,4,0,16572
Retail,S001,ST0047_M,2026-01-28,No,3,0,10377
Retail,S001,ST0034_L,2026-01-28,No,4,0,17076
Retail,S001,ST0026_L,2026-01-28,No,3,0,9699
Retail,S002,ST0011_XL,2026-01-28,No,3,0,8100
Retail,S002,ST0010_L,2026-01-28,No,4,0,17692
Retail,S002,ST0033_M,2026-01-28,No,2,0,6548
Retail,S002,ST0025_XL,2026-01-28,No,2,0,4632
Retail,S002,ST0009_L,2026-01-28,No,3,0,13473
Retail,S002,ST0014_XL,2026-01-28,No,1,0,4487
Retail,S002,ST0026_M,2026-01-28,No,3,0,7185
Retail,S002,ST0004_XL,2026-01-28,No,1,0,2302
Retail,S002,ST0011_L,2026-01-28,No,1,0,598
Retail,S002,ST0002_XL,2026-01-28,No,3,0,10233
Retail,S002,ST0018_S,2026-01-28,No,2,0,7708
Retail,S002,ST0044_L,2026-01-28,No,1,0,3647
Retail,S002,ST0001_L,2026-01-28,No,3,0,9933
Retail,S002,ST0030_L,2026-01-28,No,3,0,8865
Retail,S002,ST0034_L,2026-01-28,No,3,0,12807
Retail,S003,ST0022_S,2026-01-28,No,4,0,3204
Retail,S003,ST0013_M,2026-01-28,No,1,0,4291
Retail,S003,ST0029_S,2026-01-28,No,2,0,2568
Retail,S003,ST0032_L,2026-01-28,No,4,0,12804
Retail,S003,ST0046_L,2026-01-28,No,4,0,14472
Retail,S003,ST0025_XL,2026-01-28,No,3,0,6948
Retail,S003,ST0005_S,2026-01-28,No,2,0,9122
Retail,S003,ST0036_M,2026-01-28,No,4,0,12640
Retail,S003,ST0045_XL,2026-01-28,No,4,0,15424
Retail,S003,ST0005_XL,2026-01-28,No,4,0,4492
Retail,S003,ST0018_XL,2026-01-28,No,1,0,3567
Retail,S003,ST0044_M,2026-01-28,No,2,0,5588
Retail,S003,ST0021_XL,2026-01-28,No,1,0,3920
Retail,S003,ST0039_M,2026-01-28,No,3,0,1857
Retail,S003,ST0011_XL,2026-01-28,No,2,0,5400
Retail,S003,ST0009_M,2026-01-28,No,4,0,8784
Retail,S004,ST0004_L,2026-01-28,No,4,0,13676
Retail,S004,ST0030_L,2026-01-28,No,2,0,5910
Retail,S004,ST0019_XL,2026-01-28,No,2,0,3486
Retail,S004,ST0023_L,2026-01-28,No,2,0,1380
Retail,S004,ST0026_S,2026-01-28,No,4,0,4276
Retail,S004,ST0048_XL,2026-01-28,No,2,0,5140
Retail,S004,ST0011_L,2026-01-28,No,2,0,1196
Retail,S004,ST0005_S,2026-01-28,No,1,0,4561
Retail,S004,ST0001_XL,2026-01-28,No,3,0,5607
Retail,S004,ST0016_S,2026-01-28,No,4,0,12940
Retail,S004,ST0050_XL,2026-01-28,No,2,0,3696
Retail,S004,ST0025_M,2026-01-28,No,4,0,2508
Retail,S004,ST0018_M,2026-01-28,No,3,0,2175
Retail,S005,ST0034_M,2026-01-28,No,4,0,16944
Retail,S005,ST0050_M,2026-01-28,No,2,0,6632
Retail,S005,ST0044_S,2026-01-28,No,2,0,2160
Retail,S005,ST0010_XL,2026-01-28,No,1,0,753
Retail,S005,ST0028_L,2026-01-28,No,4,0,7636
Retail,S005,ST0022_XL,2026-01-28,No,2,0,7340
Retail,S005,ST0011_XL,2026-01-28,No,3,0,8100
Retail,S005,ST0012_S,2026-01-28,No,2,0,6922
Retail,S005,ST0024_S,2026-01-28,No,1,0,1480
Retail,S005,ST0050_S,2026-01-28,No,4,0,8524
Retail,S005,ST0002_M,2026-01-28,No,4,0,2584
Retail,S005,ST0020_S,2026-01-28,No,2,0,5410
Retail,S005,ST0023_M,2026-01-28,No,1,0,1639
Retail,S005,ST0003_XL,2026-01-28,No,3,0,10428
Retail,S005,ST0046_S,2026-01-28,No,3,0,13635
Retail,S006,ST0019_L,2026-01-28,No,3,0,1548
Retail,S006,ST0036_XL,2026-01-28,No,3,0,10653
Retail,S006,ST0034_M,2026-01-28,No,2,0,8472
Retail,S006,ST0038_XL,2026-01-28,No,3,0,6579
Retail,S006,ST0005_XL,2026-01-28,No,1,0,1123
Retail,S006,ST0009_L,2026-01-28,No,4,0,17964
Retail,S006,ST0020_XL,2026-01-28,No,4,0,15776
Retail,S006,ST0037_L,2026-01-28,No,2,0,2982
Retail,S006,ST0042_M,2026-01-28,No,4,0,4048
Retail,S006,ST0004_L,2026-01-28,No,4,0,13676
Retail,S006,ST0046_XL,2026-01-28,No,1,0,2641
Retail,S006,ST0012_L,2026-01-28,No,1,0,4277
Retail,S006,ST0035_S,2026-01-28,No,1,0,3761
Retail,S006,ST0029_S,2026-01-28,No,2,0,2568
Retail,S007,ST0025_L,2026-01-28,No,3,0,7695
Retail,S007,ST0024_S,2026-01-28,No,2,0,2960
Retail,S007,ST0045_M,2026-01-28,No,3,0,12018
Retail,S007,ST0048_L,2026-01-28,No,4,0,19808
Retail,S007,ST0030_XL,2026-01-28,No,3,0,3072
Retail,S007,ST0011_M,2026-01-28,No,4,0,12228
Retail,S007,ST0044_M,2026-01-28,No,1,0,2794
Retail,S007,ST0046_M,2026-01-28,No,4,0,6972
Retail,S007,ST0037_L,2026-01-28,No,1,0,1491
Retail,S007,ST0037_XL,2026-01-28,No,1,0,4642
Retail,S007,ST0026_S,2026-01-28,No,4,0,4276
Retail,S007,ST0047_S,2026-01-28,No,4,0,14236
Retail,S007,ST0001_M,2026-01-28,No,2,0,2318
Retail,S007,ST0022_XL,2026-01-28,No,2,0,7340
Retail,S007,ST0032_S,2026-01-28,No,4,0,17388
Retail,S007,ST0018_M,2026-01-28,No,3,0,2175
Retail,S007,ST0043_S,2026-01-28,No,3,0,12516
Retail,S008,ST0002_XL,2026-01-28,No,4,0,13644
Retail,S008,ST0013_M,2026-01-28,No,4,0,17164
Retail,S008,ST0037_XL,2026-01-28,No,3,0,13926
Retail,S008,ST0036_L,2026-01-28,No,3,0,10872
Retail,S008,ST0027_S,2026-01-28,No,1,0,4514
Retail,S008,ST0013_XL,2026-01-28,No,1,0,4567
Retail,S008,ST0011_S,2026-01-28,No,2,0,7366
Retail,S008,ST0032_XL,2026-01-28,No,1,0,1471
Retail,S008,ST0035_S,2026-01-28,No,3,0,11283
Retail,S008,ST0006_M,2026-01-28,No,4,0,16572
Retail,S008,ST0015_XL,2026-01-28,No,4,0,14416
Retail,S008,ST0009_L,2026-01-28,No,2,0,8982
Retail,S008,ST0002_M,2026-01-28,No,3,0,1938
Retail,S009,ST0020_XL,2026-01-28,No,1,0,3944
Retail,S009,ST0041_S,2026-01-28,No,1,0,1650
Retail,S009,ST0024_L,2026-01-28,No,4,0,6736
Retail,S009,ST0041_M,2026-01-28,No,1,0,2431
Retail,S009,ST0044_XL,2026-01-28,No,3,0,14247
Retail,S009,ST0007_S,2026-01-28,No,3,0,10824
Retail,S009,ST0022_M,2026-01-28,No,2,0,9552
Retail,S009,ST0028_S,2026-01-28,No,2,0,1308
Retail,S009,ST0010_XL,2026-01-28,No,3,0,2259
Retail,S009,ST0038_S,2026-01-28,No,4,0,19456
Retail,S009,ST0026_M,2026-01-28,No,4,0,9580
Retail,S009,ST0014_XL,2026-01-28,No,2,0,8974
Retail,S009,ST0016_L,2026-01-28,No,1,0,3946
Retail,S009,ST0036_XL,2026-01-28,No,3,0,10653
Retail,S009,ST0044_L,2026-01-28,No,3,0,10941
Retail,S010,ST0023_L,2026-01-28,No,2,0,1380
Retail,S010,ST0037_L,2026-01-28,No,4,0,5964
Retail,S010,ST0022_M,2026-01-28,No,2,0,9552
Retail,S010,ST0015_S,2026-01-28,No,2,0,4054
Retail,S010,ST0027_XL,2026-01-28,No,4,0,14036
Retail,S010,ST0014_M,2026-01-28,No,1,0,4993
Retail,S010,ST0015_L,2026-01-28,No,3,0,14988
Retail,S010,ST0043_XL,2026-01-28,No,2,0,3940
Retail,S010,ST0002_M,2026-01-28,No,4,0,2584
Retail,S010,ST0015_M,2026-01-28,No,1,0,1718
Retail,S010,ST0020_M,2026-01-28,No,4,0,12096
Retail,S010,ST0002_L,2026-01-28,No,3,0,11157
Retail,S001,ST0041_L,2026-01-29,No,4,0,6048
Retail,S001,ST0048_L,2026-01-29,No,1,0,4952
Retail,S001,ST0024_M,2026-01-29,No,4,0,13900
Retail,S001,ST0036_XL,2026-01-29,No,1,0,3551
Retail,S001,ST0001_L,2026-01-29,No,4,0,13244
Retail,S001,ST0008_M,2026-01-29,No,4,0,11020
Retail,S001,ST0026_L,2026-01-29,No,2,0,6466
Retail,S001,ST0038_S,2026-01-29,No,2,0,9728
Retail,S001,ST0002_M,2026-01-29,No,1,0,646
Retail,S001,ST0040_L,2026-01-29,No,4,0,2464
Retail,S001,ST0004_S,2026-01-29,No,1,0,2459
Retail,S001,ST0016_S,2026-01-29,No,4,0,12940
Retail,S002,ST0030_M,2026-01-29,No,1,0,2341
Retail,S002,ST0023_M,2026-01-29,No,1,0,1639
Retail,S002,ST0048_L,2026-01-29,No,2,0,9904
Retail,S002,ST0010_M,2026-01-29,No,1,0,4699
Retail,S002,ST0003_M,2026-01-29,No,4,0,9372
Retail,S002,ST0004_S,2026-01-29,No,1,0,2459
Retail,S002,ST0050_L,2026-01-29,No,1,0,1515
Retail,S002,ST0002_XL,2026-01-29,No,2,0,6822
Retail,S002,ST0019_L,2026-01-29,No,4,0,2064
Retail,S002,ST0011_L,2026-01-29,No,1,0,598
Retail,S002,ST0012_L,2026-01-29,No,2,0,8554
Retail,S002,ST0014_S,2026-01-29,No,1,0,660
Retail,S002,ST0024_M,2026-01-29,No,1,0,3475
Retail,S003,ST0048_XL,2026-01-29,No,4,0,10280
Retail,S003,ST0046_S,2026-01-29,No,1,0,4545
Retail,S003,ST0004_L,2026-01-29,No,3,0,10257
Retail,S003,ST0045_S,2026-01-29,No,2,0,4358
Retail,S003,ST0012_M,2026-01-29,No,1,0,4933
Retail,S003,ST0043_S,2026-01-29,No,3,0,12516
Retail,S003,ST0016_L,2026-01-29,No,4,0,15784
Retail,S003,ST0023_L,2026-01-29,No,3,0,2070
Retail,S003,ST0040_M,2026-01-29,No,2,0,2480
Retail,S003,ST0033_L,2026-01-29,No,2,0,4964
Retail,S003,ST0030_S,2026-01-29,No,4,0,4148
Retail,S003,ST0015_XL,2026-01-29,No,2,0,7208
Retail,S003,ST0021_L,2026-01-29,No,3,0,8481
Retail,S003,ST0037_M,2026-01-29,No,4,0,5504
Retail,S003,ST0047_XL,2026-01-29,No,1,0,2979
Retail,S003,ST0029_S,2026-01-29,No,4,0,5136
Retail,S003,ST0007_M,2026-01-29,No,1,0,4590
Retail,S003,ST0045_XL,2026-01-29,No,2,0,7712
Retail,S004,ST0026_XL,2026-01-29,No,2,0,8726
Retail,S004,ST0029_XL,2026-01-29,No,1,0,3306
Retail,S004,ST0012_L,2026-01-29,No,4,0,17108
Retail,S004,ST0040_L,2026-01-29,No,2,0,1232
Retail,S004,ST0038_S,2026-01-29,No,2,0,9728
Retail,S004,ST0002_M,2026-01-29,No,3,0,1938
Retail,S004,ST0040_S,2026-01-29,No,3,0,5607
Retail,S004,ST0050_S,2026-01-29,No,3,0,6393
Retail,S004,ST0008_XL,2026-01-29,No,4,0,19996
Retail,S004,ST0004_S,2026-01-29,No,3,0,7377
Retail,S004,ST0038_XL,2026-01-29,No,2,0,4386
Retail,S004,ST0048_L,2026-01-29,No,2,0,9904
Retail,S004,ST0042_S,2026-01-29,No,2,0,3162
Retail,S004,ST0031_S,2026-01-29,No,1,0,3450
Retail,S004,ST0031_M,2026-01-29,No,1,0,4631
Retail,S004,ST0032_S,2026-01-29,No,2,0,8694
Retail,S005,ST0036_XL,2026-01-29,No,2,0,7102
Retail,S005,ST0019_L,2026-01-29,No,2,0,1032
Retail,S005,ST0045_S,2026-01-29,No,2,0,4358
Retail,S005,ST0041_XL,2026-01-29,No,3,0,6492
Retail,S005,ST0026_S,2026-01-29,No,3,0,3207
Retail,S005,ST0010_L,2026-01-29,No,1,0,4423
Retail,S005,ST0038_XL,2026-01-29,No,4,0,8772
Retail,S005,ST0010_M,2026-01-29,No,3,0,14097
Retail,S005,ST0001_S,2026-01-29,No,4,0,9176
Retail,S005,ST0041_S,2026-01-29,No,3,0,4950
Retail,S005,ST0008_L,2026-01-29,No,3,0,4962
Retail,S005,ST0022_S,2026-01-29,No,3,0,2403
Retail,S005,ST0018_M,2026-01-29,No,4,0,2900
Retail,S005,ST0049_L,2026-01-29,No,4,0,16920
Retail,S005,ST0043_S,2026-01-29,No,3,0,12516
Retail,S005,ST0029_S,2026-01-29,No,3,0,3852
Retail,S006,ST0008_S,2026-01-29,No,1,0,2182
Retail,S006,ST0022_M,2026-01-29,No,1,0,4776
Retail,S006,ST0028_XL,2026-01-29,No,3,0,13671
Retail,S006,ST0038_L,2026-01-29,No,3,0,3405
Retail,S006,ST0043_M,2026-01-29,No,2,0,7686
Retail,S006,ST0042_L,2026-01-29,No,2,0,6698
Retail,S006,ST0039_S,2026-01-29,No,4,0,8728
Retail,S006,ST0024_M,2026-01-29,No,2,0,6950
Retail,S006,ST0039_L,2026-01-29,No,2,0,2660
Retail,S006,ST0013_L,2026-01-29,No,3,0,4368
Retail,S006,ST0009_L,2026-01-29,No,1,0,4491
Retail,S006,ST0046_M,2026-01-29,No,4,0,6972
Retail,S006,ST0015_XL,2026-01-29,No,3,0,10812
Retail,S006,ST0028_S,2026-01-29,No,1,0,654
Retail,S007,ST0035_M,2026-01-29,No,3,0,4944
Retail,S007,ST0025_XL,2026-01-29,No,2,0,4632
Retail,S007,ST0020_XL,2026-01-29,No,2,0,7888
Retail,S007,ST0020_L,2026-01-29,No,3,0,4707
Retail,S007,ST0036_XL,2026-01-29,No,1,0,3551
Retail,S007,ST0013_XL,2026-01-29,No,2,0,9134
Retail,S007,ST0015_XL,2026-01-29,No,3,0,10812
Retail,S007,ST0014_M,2026-01-29,No,1,0,4993
Retail,S007,ST0020_M,2026-01-29,No,1,0,3024
Retail,S007,ST0013_S,2026-01-29,No,3,0,11202
Retail,S007,ST0029_L,2026-01-29,No,2,0,9682
Retail,S007,ST0018_L,2026-01-29,No,4,0,5836
Retail,S007,ST0005_L,2026-01-29,No,3,0,2286
Retail,S007,ST0042_L,2026-01-29,No,3,0,10047
Retail,S007,ST0023_M,2026-01-29,No,3,0,4917
Retail,S008,ST0014_L,2026-01-29,No,2,0,3600
Retail,S008,ST0047_XL,2026-01-29,No,4,0,11916
Retail,S008,ST0029_XL,2026-01-29,No,2,0,6612
Retail,S008,ST0020_S,2026-01-29,No,3,0,8115
Retail,S008,ST0024_XL,2026-01-29,No,1,0,3827
Retail,S008,ST0028_M,2026-01-29,No,4,0,12148
Retail,S008,ST0016_M,2026-01-29,No,2,0,2908
Retail,S008,ST0022_M,2026-01-29,No,3,0,14328
Retail,S008,ST0028_S,2026-01-29,No,3,0,1962
Retail,S008,ST0026_L,2026-01-29,No,1,0,3233
Retail,S008,ST0016_L,2026-01-29,No,4,0,15784
Retail,S008,ST0027_M,2026-01-29,No,4,0,13604
Retail,S008,ST0029_S,2026-01-29,No,4,0,5136
Retail,S008,ST0046_XL,2026-01-29,No,3,0,7923
Retail,S008,ST0005_S,2026-01-29,No,3,0,13683
Retail,S009,ST0016_S,2026-01-29,No,2,0,6470
Retail,S009,ST0006_XL,2026-01-29,No,3,0,12669
Retail,S009,ST0041_S,2026-01-29,No,3,0,4950
Retail,S009,ST0010_M,2026-01-29,No,3,0,14097
Retail,S009,ST0022_S,2026-01-29,No,1,0,801
Retail,S009,ST0018_M,2026-01-29,No,3,0,2175
Retail,S009,ST0022_M,2026-01-29,No,2,0,9552
Retail,S009,ST0042_L,2026-01-29,No,3,0,10047
Retail,S009,ST0038_L,2026-01-29,No,4,0,4540
Retail,S009,ST0016_M,2026-01-29,No,4,0,5816
Retail,S009,ST0013_S,2026-01-29,No,3,0,11202
Retail,S009,ST0024_L,2026-01-29,No,2,0,3368
Retail,S009,ST0008_M,2026-01-29,No,1,0,2755
Retail,S009,ST0006_M,2026-01-29,No,4,0,16572
Retail,S010,ST0009_S,2026-01-29,No,4,0,14764
Retail,S010,ST0042_M,2026-01-29,No,4,0,4048
Retail,S010,ST0021_S,2026-01-29,No,1,0,3065
Retail,S010,ST0028_M,2026-01-29,No,4,0,12148
Retail,S010,ST0007_M,2026-01-29,No,1,0,4590
Retail,S010,ST0004_S,2026-01-29,No,2,0,4918
Retail,S010,ST0030_L,2026-01-29,No,1,0,2955
Retail,S010,ST0034_S,2026-01-29,No,1,0,4646
Retail,S010,ST0036_S,2026-01-29,No,2,0,5982
Retail,S010,ST0003_S,2026-01-29,No,4,0,8936
Retail,S010,ST0047_S,2026-01-29,No,4,0,14236
Retail,S010,ST0027_XL,2026-01-29,No,3,0,10527
Retail,S010,ST0011_XL,2026-01-29,No,4,0,10800
Retail,S010,ST0038_S,2026-01-29,No,4,0,19456
Retail,S010,ST0041_S,2026-01-29,No,2,0,3300
Retail,S010,ST0035_XL,2026-01-29,No,1,0,4354
Retail,S010,ST0046_M,2026-01-29,No,2,0,3486
Retail,S001,ST0016_M,2026-01-30,No,2,0,2908
Retail,S001,ST0036_L,2026-01-30,No,4,0,14496
Retail,S001,ST0017_XL,2026-01-30,No,4,0,11940
Retail,S001,ST0047_L,2026-01-30,No,4,0,11060
Retail,S001,ST0043_L,2026-01-30,No,2,0,9140
Retail,S001,ST0023_L,2026-01-30,No,2,0,1380
Retail,S001,ST0037_M,2026-01-30,No,4,0,5504
Retail,S001,ST0001_L,2026-01-30,No,3,0,9933
Retail,S001,ST0047_M,2026-01-30,No,3,0,10377
Retail,S001,ST0021_M,2026-01-30,No,4,0,6240
Retail,S001,ST0004_S,2026-01-30,No,3,0,7377
Retail,S001,ST0034_L,2026-01-30,No,3,0,12807
Retail,S001,ST0005_M,2026-01-30,No,4,0,15476
Retail,S001,ST0037_XL,2026-01-30,No,1,0,4642
Retail,S002,ST0029_XL,2026-01-30,No,3,0,9918
Retail,S002,ST0032_L,2026-01-30,No,4,0,12804
Retail,S002,ST0042_M,2026-01-30,No,4,0,4048
Retail,S002,ST0045_S,2026-01-30,No,4,0,8716
Retail,S002,ST0010_L,2026-01-30,No,4,0,17692
Retail,S002,ST0017_S,2026-01-30,No,2,0,4386
Retail,S002,ST0005_S,2026-01-30,No,2,0,9122
Retail,S002,ST0039_L,2026-01-30,No,1,0,1330
Retail,S002,ST0015_L,2026-01-30,No,4,0,19984
Retail,S002,ST0009_M,2026-01-30,No,1,0,2196
Retail,S002,ST0048_M,2026-01-30,No,1,0,2257
Retail,S002,ST0028_M,2026-01-30,No,2,0,6074
Retail,S002,ST0034_L,2026-01-30,No,1,0,4269
Retail,S002,ST0012_M,2026-01-30,No,2,0,9866
Retail,S002,ST0027_M,2026-01-30,No,3,0,10203
Retail,S002,ST0042_S,2026-01-30,No,3,0,4743
Retail,S003,ST0035_XL,2026-01-30,No,3,0,13062
Retail,S003,ST0037_XL,2026-01-30,No,1,0,4642
Retail,S003,ST0024_XL,2026-01-30,No,4,0,15308
Retail,S003,ST0001_XL,2026-01-30,No,3,0,5607
Retail,S003,ST0044_M,2026-01-30,No,1,0,2794
Retail,S003,ST0011_XL,2026-01-30,No,2,0,5400
Retail,S003,ST0012_L,2026-01-30,No,2,0,8554
Retail,S003,ST0045_M,2026-01-30,No,4,0,16024
Retail,S003,ST0033_M,2026-01-30,No,1,0,3274
Retail,S003,ST0040_L,2026-01-30,No,2,0,1232
Retail,S003,ST0015_M,2026-01-30,No,1,0,1718
Retail,S003,ST0004_M,2026-01-30,No,1,0,2885
Retail,S003,ST0029_L,2026-01-30,No,1,0,4841
Retail,S003,ST0033_XL,2026-01-30,No,1,0,1353
Retail,S004,ST0042_M,2026-01-30,No,4,0,4048
Retail,S004,ST0027_S,2026-01-30,No,4,0,18056
Retail,S004,ST0034_L,2026-01-30,No,2,0,8538
Retail,S004,ST0050_XL,2026-01-30,No,2,0,3696
Retail,S004,ST0017_M,2026-01-30,No,3,0,11808
Retail,S004,ST0010_XL,2026-01-30,No,3,0,2259
Retail,S004,ST0018_XL,2026-01-30,No,1,0,3567
Retail,S004,ST0011_S,2026-01-30,No,2,0,7366
Retail,S004,ST0002_XL,2026-01-30,No,2,0,6822
Retail,S004,ST0014_M,2026-01-30,No,4,0,19972
Retail,S004,ST0041_L,2026-01-30,No,2,0,3024
Retail,S004,ST0004_M,2026-01-30,No,4,0,11540
Retail,S004,ST0039_L,2026-01-30,No,4,0,5320
Retail,S004,ST0015_L,2026-01-30,No,4,0,19984
Retail,S004,ST0046_S,2026-01-30,No,4,0,18180
Retail,S004,ST0045_XL,2026-01-30,No,1,0,3856
Retail,S004,ST0040_S,2026-01-30,No,2,0,3738
Retail,S004,ST0049_L,2026-01-30,No,3,0,12690
Retail,S004,ST0031_L,2026-01-30,No,1,0,4615
Retail,S005,ST0049_L,2026-01-30,No,2,0,8460
Retail,S005,ST0039_XL,2026-01-30,No,4,0,16700
Retail,S005,ST0035_XL,2026-01-30,No,3,0,13062
Retail,S005,ST0009_S,2026-01-30,No,1,0,3691
Retail,S005,ST0040_XL,2026-01-30,No,3,0,10014
Retail,S005,ST0017_XL,2026-01-30,No,2,0,5970
Retail,S005,ST0045_M,2026-01-30,No,2,0,8012
Retail,S005,ST0003_S,2026-01-30,No,4,0,8936
Retail,S005,ST0015_L,2026-01-30,No,3,0,14988
Retail,S005,ST0033_M,2026-01-30,No,3,0,9822
Retail,S005,ST0044_XL,2026-01-30,No,1,0,4749
Retail,S005,ST0010_S,2026-01-30,No,1,0,1945
Retail,S005,ST0034_L,2026-01-30,No,1,0,4269
Retail,S005,ST0024_S,2026-01-30,No,3,0,4440
Retail,S006,ST0034_L,2026-01-30,No,3,0,12807
Retail,S006,ST0042_XL,2026-01-30,No,3,0,3177
Retail,S006,ST0047_L,2026-01-30,No,2,0,5530
Retail,S006,ST0048_L,2026-01-30,No,2,0,9904
Retail,S006,ST0003_L,2026-01-30,No,3,0,2964
Retail,S006,ST0006_S,2026-01-30,No,3,0,4548
Retail,S006,ST0041_L,2026-01-30,No,3,0,4536
Retail,S006,ST0011_L,2026-01-30,No,1,0,598
Retail,S006,ST0003_M,2026-01-30,No,1,0,2343
Retail,S006,ST0031_M,2026-01-30,No,4,0,18524
Retail,S006,ST0012_L,2026-01-30,No,2,0,8554
Retail,S006,ST0049_M,2026-01-30,No,2,0,7502
Retail,S006,ST0036_S,2026-01-30,No,2,0,5982
Retail,S006,ST0017_L,2026-01-30,No,3,0,3186
Retail,S006,ST0006_L,2026-01-30,No,2,0,5098
Retail,S007,ST0027_L,2026-01-30,No,1,0,2186
Retail,S007,ST0040_M,2026-01-30,No,1,0,1240
Retail,S007,ST0021_XL,2026-01-30,No,1,0,3920
Retail,S007,ST0032_XL,2026-01-30,No,2,0,2942
Retail,S007,ST0027_XL,2026-01-30,No,4,0,14036
Retail,S007,ST0034_XL,2026-01-30,No,1,0,1074
Retail,S007,ST0036_XL,2026-01-30,No,3,0,10653
Retail,S007,ST0029_M,2026-01-30,No,4,0,14700
Retail,S007,ST0012_M,2026-01-30,No,1,0,4933
Retail,S007,ST0003_L,2026-01-30,No,4,0,3952
Retail,S007,ST0018_XL,2026-01-30,No,4,0,14268
Retail,S008,ST0050_M,2026-01-30,No,1,0,3316
Retail,S008,ST0021_L,2026-01-30,No,4,0,11308
Retail,S008,ST0041_M,2026-01-30,No,4,0,9724
Retail,S008,ST0001_S,2026-01-30,No,4,0,9176
Retail,S008,ST0044_S,2026-01-30,No,2,0,2160
Retail,S008,ST0038_XL,2026-01-30,No,1,0,2193
Retail,S008,ST0018_M,2026-01-30,No,4,0,2900
Retail,S008,ST0033_L,2026-01-30,No,3,0,7446
Retail,S008,ST0027_S,2026-01-30,No,3,0,13542
Retail,S008,ST0028_L,2026-01-30,No,1,0,1909
Retail,S008,ST0018_XL,2026-01-30,No,2,0,7134
Retail,S008,ST0004_XL,2026-01-30,No,1,0,2302
Retail,S008,ST0038_L,2026-01-30,No,4,0,4540
Retail,S008,ST0035_XL,2026-01-30,No,4,0,17416
Retail,S008,ST0025_L,2026-01-30,No,2,0,5130
Retail,S008,ST0045_S,2026-01-30,No,4,0,8716
Retail,S008,ST0027_L,2026-01-30,No,2,0,4372
Retail,S009,ST0043_L,2026-01-30,No,3,0,13710
Retail,S009,ST0043_S,2026-01-30,No,4,0,16688
Retail,S009,ST0019_L,2026-01-30,No,2,0,1032
Retail,S009,ST0035_L,2026-01-30,No,2,0,4430
Retail,S009,ST0021_XL,2026-01-30,No,1,0,3920
Retail,S009,ST0030_L,2026-01-30,No,1,0,2955
Retail,S009,ST0033_XL,2026-01-30,No,3,0,4059
Retail,S009,ST0044_XL,2026-01-30,No,4,0,18996
Retail,S009,ST0014_M,2026-01-30,No,1,0,4993
Retail,S009,ST0020_S,2026-01-30,No,3,0,8115
Retail,S009,ST0038_S,2026-01-30,No,2,0,9728
Retail,S009,ST0040_S,2026-01-30,No,4,0,7476
Retail,S009,ST0019_M,2026-01-30,No,4,0,14480
Retail,S009,ST0002_M,2026-01-30,No,2,0,1292
Retail,S009,ST0001_XL,2026-01-30,No,3,0,5607
Retail,S009,ST0026_M,2026-01-30,No,4,0,9580
Retail,S009,ST0018_S,2026-01-30,No,3,0,11562
Retail,S009,ST0012_M,2026-01-30,No,4,0,19732
Retail,S010,ST0003_XL,2026-01-30,No,3,0,10428
Retail,S010,ST0038_M,2026-01-30,No,4,0,19860
Retail,S010,ST0031_S,2026-01-30,No,3,0,10350
Retail,S010,ST0034_XL,2026-01-30,No,2,0,2148
Retail,S010,ST0012_XL,2026-01-30,No,1,0,3369
Retail,S010,ST0026_XL,2026-01-30,No,4,0,17452
Retail,S010,ST0004_S,2026-01-30,No,1,0,2459
Retail,S010,ST0005_M,2026-01-30,No,4,0,15476
Retail,S010,ST0041_L,2026-01-30,No,3,0,4536
Retail,S010,ST0044_XL,2026-01-30,No,4,0,18996
Retail,S010,ST0007_S,2026-01-30,No,3,0,10824
Retail,S010,ST0003_L,2026-01-30,No,2,0,1976
Retail,S010,ST0009_S,2026-01-30,No,2,0,7382
Retail,S010,ST0043_XL,2026-01-30,No,1,0,1970
Retail,S010,ST0002_XL,2026-01-30,No,1,0,3411
Retail,S010,ST0029_L,2026-01-30,No,1,0,4841
Retail,S001,ST0005_M,2026-01-31,No,4,0,15476
Retail,S001,ST0040_S,2026-01-31,No,4,0,7476
Retail,S001,ST0050_XL,2026-01-31,No,3,0,5544
Retail,S001,ST0042_S,2026-01-31,No,1,0,1581
Retail,S001,ST0010_XL,2026-01-31,No,2,0,1506
Retail,S001,ST0046_XL,2026-01-31,No,1,0,2641
Retail,S001,ST0032_XL,2026-01-31,No,2,0,2942
Retail,S001,ST0029_S,2026-01-31,No,2,0,2568
Retail,S001,ST0038_S,2026-01-31,No,4,0,19456
Retail,S001,ST0008_XL,2026-01-31,No,2,0,9998
Retail,S001,ST0023_S,2026-01-31,No,2,0,2398
Retail,S001,ST0013_S,2026-01-31,No,3,0,11202
Retail,S001,ST0046_M,2026-01-31,No,3,0,5229
Retail,S001,ST0026_XL,2026-01-31,No,1,0,4363
Retail,S002,ST0007_L,2026-01-31,No,1,0,2556
Retail,S002,ST0028_M,2026-01-31,No,3,0,9111
Retail,S002,ST0045_XL,2026-01-31,No,2,0,7712
Retail,S002,ST0019_M,2026-01-31,No,2,0,7240
Retail,S002,ST0033_M,2026-01-31,No,2,0,6548
Retail,S002,ST0048_M,2026-01-31,No,3,0,6771
Retail,S002,ST0010_M,2026-01-31,No,3,0,14097
Retail,S002,ST0016_XL,2026-01-31,No,2,0,3090
Retail,S002,ST0003_S,2026-01-31,No,4,0,8936
Retail,S002,ST0044_M,2026-01-31,No,4,0,11176
Retail,S002,ST0008_L,2026-01-31,No,2,0,3308
Retail,S002,ST0038_XL,2026-01-31,No,3,0,6579
Retail,S003,ST0048_L,2026-01-31,No,3,0,14856
Retail,S003,ST0012_M,2026-01-31,No,3,0,14799
Retail,S003,ST0050_XL,2026-01-31,No,3,0,5544
Retail,S003,ST0050_M,2026-01-31,No,1,0,3316
Retail,S003,ST0049_M,2026-01-31,No,1,0,3751
Retail,S003,ST0040_S,2026-01-31,No,1,0,1869
Retail,S003,ST0018_XL,2026-01-31,No,2,0,7134
Retail,S003,ST0017_S,2026-01-31,No,1,0,2193
Retail,S003,ST0007_S,2026-01-31,No,1,0,3608
Retail,S003,ST0031_M,2026-01-31,No,1,0,4631
Retail,S003,ST0005_L,2026-01-31,No,2,0,1524
Retail,S004,ST0026_M,2026-01-31,No,1,0,2395
Retail,S004,ST0013_L,2026-01-31,No,3,0,4368
Retail,S004,ST0040_XL,2026-01-31,No,1,0,3338
Retail,S004,ST0047_L,2026-01-31,No,4,0,11060
Retail,S004,ST0046_XL,2026-01-31,No,4,0,10564
Retail,S004,ST0014_XL,2026-01-31,No,1,0,4487
Retail,S004,ST0037_M,2026-01-31,No,1,0,1376
Retail,S004,ST0027_S,2026-01-31,No,3,0,13542
Retail,S004,ST0005_L,2026-01-31,No,3,0,2286
Retail,S004,ST0019_M,2026-01-31,No,1,0,3620
Retail,S004,ST0025_S,2026-01-31,No,1,0,3894
Retail,S004,ST0004_L,2026-01-31,No,2,0,6838
Retail,S004,ST0013_XL,2026-01-31,No,2,0,9134
Retail,S004,ST0003_L,2026-01-31,No,3,0,2964
Retail,S004,ST0003_M,2026-01-31,No,1,0,2343
Retail,S005,ST0022_M,2026-01-31,No,2,0,9552
Retail,S005,ST0050_S,2026-01-31,No,4,0,8524
Retail,S005,ST0045_XL,2026-01-31,No,2,0,7712
Retail,S005,ST0047_XL,2026-01-31,No,4,0,11916
Retail,S005,ST0021_L,2026-01-31,No,4,0,11308
Retail,S005,ST0018_XL,2026-01-31,No,2,0,7134
Retail,S005,ST0041_XL,2026-01-31,No,4,0,8656
Retail,S005,ST0044_M,2026-01-31,No,3,0,8382
Retail,S005,ST0046_L,2026-01-31,No,3,0,10854
Retail,S005,ST0002_M,2026-01-31,No,4,0,2584
Retail,S005,ST0031_XL,2026-01-31,No,1,0,2868
Retail,S005,ST0013_XL,2026-01-31,No,4,0,18268
Retail,S006,ST0023_XL,2026-01-31,No,1,0,2800
Retail,S006,ST0032_XL,2026-01-31,No,1,0,1471
Retail,S006,ST0035_M,2026-01-31,No,3,0,4944
Retail,S006,ST0015_XL,2026-01-31,No,4,0,14416
Retail,S006,ST0037_M,2026-01-31,No,2,0,2752
Retail,S006,ST0039_XL,2026-01-31,No,1,0,4175
Retail,S006,ST0005_S,2026-01-31,No,3,0,13683
Retail,S006,ST0011_S,2026-01-31,No,3,0,11049
Retail,S006,ST0003_M,2026-01-31,No,3,0,7029
Retail,S006,ST0033_S,2026-01-31,No,4,0,6664
Retail,S006,ST0044_L,2026-01-31,No,1,0,3647
Retail,S006,ST0018_M,2026-01-31,No,1,0,725
Retail,S006,ST0017_L,2026-01-31,No,2,0,2124
Retail,S006,ST0003_XL,2026-01-31,No,4,0,13904
Retail,S006,ST0022_L,2026-01-31,No,4,0,4424
Retail,S007,ST0025_M,2026-01-31,No,1,0,627
Retail,S007,ST0003_M,2026-01-31,No,1,0,2343
Retail,S007,ST0036_XL,2026-01-31,No,3,0,10653
Retail,S007,ST0006_S,2026-01-31,No,1,0,1516
Retail,S007,ST0020_M,2026-01-31,No,3,0,9072
Retail,S007,ST0031_XL,2026-01-31,No,2,0,5736
Retail,S007,ST0015_XL,2026-01-31,No,1,0,3604
Retail,S007,ST0040_S,2026-01-31,No,3,0,5607
Retail,S007,ST0046_S,2026-01-31,No,3,0,13635
Retail,S007,ST0032_M,2026-01-31,No,4,0,19980
Retail,S007,ST0008_L,2026-01-31,No,4,0,6616
Retail,S007,ST0018_XL,2026-01-31,No,4,0,14268
Retail,S007,ST0034_S,2026-01-31,No,1,0,4646
Retail,S007,ST0004_S,2026-01-31,No,2,0,4918
Retail,S007,ST0028_M,2026-01-31,No,1,0,3037
Retail,S007,ST0024_M,2026-01-31,No,4,0,13900
Retail,S008,ST0010_M,2026-01-31,No,1,0,4699
Retail,S008,ST0013_XL,2026-01-31,No,1,0,4567
Retail,S008,ST0019_XL,2026-01-31,No,1,0,1743
Retail,S008,ST0040_M,2026-01-31,No,2,0,2480
Retail,S008,ST0040_L,2026-01-31,No,4,0,2464
Retail,S008,ST0039_XL,2026-01-31,No,2,0,8350
Retail,S008,ST0021_L,2026-01-31,No,3,0,8481
Retail,S008,ST0049_M,2026-01-31,No,1,0,3751
Retail,S008,ST0011_M,2026-01-31,No,4,0,12228
Retail,S008,ST0010_S,2026-01-31,No,2,0,3890
Retail,S008,ST0021_S,2026-01-31,No,4,0,12260
Retail,S008,ST0032_XL,2026-01-31,No,2,0,2942
Retail,S008,ST0050_M,2026-01-31,No,4,0,13264
Retail,S008,ST0034_M,2026-01-31,No,4,0,16944
Retail,S009,ST0032_S,2026-01-31,No,3,0,13041
Retail,S009,ST0021_XL,2026-01-31,No,1,0,3920
Retail,S009,ST0049_XL,2026-01-31,No,2,0,5978
Retail,S009,ST0043_S,2026-01-31,No,4,0,16688
Retail,S009,ST0032_M,2026-01-31,No,3,0,14985
Retail,S009,ST0046_S,2026-01-31,No,1,0,4545
Retail,S009,ST0049_M,2026-01-31,No,1,0,3751
Retail,S009,ST0029_S,2026-01-31,No,2,0,2568
Retail,S009,ST0033_XL,2026-01-31,No,3,0,4059
Retail,S009,ST0047_S,2026-01-31,No,2,0,7118
Retail,S009,ST0015_M,2026-01-31,No,2,0,3436
Retail,S009,ST0002_S,2026-01-31,No,1,0,2486
Retail,S009,ST0002_L,2026-01-31,No,3,0,11157
Retail,S009,ST0050_M,2026-01-31,No,4,0,13264
Retail,S009,ST0036_XL,2026-01-31,No,2,0,7102
Retail,S009,ST0039_L,2026-01-31,No,2,0,2660
Retail,S010,ST0044_M,2026-01-31,No,1,0,2794
Retail,S010,ST0020_L,2026-01-31,No,3,0,4707
Retail,S010,ST0026_M,2026-01-31,No,1,0,2395
Retail,S010,ST0017_M,2026-01-31,No,3,0,11808
Retail,S010,ST0037_S,2026-01-31,No,1,0,504
Retail,S010,ST0042_S,2026-01-31,No,4,0,6324
Retail,S010,ST0020_XL,2026-01-31,No,4,0,15776
Retail,S010,ST0042_XL,2026-01-31,No,4,0,4236
Retail,S010,ST0008_M,2026-01-31,No,2,0,5510
Retail,S010,ST0046_XL,2026-01-31,No,3,0,7923
Retail,S010,ST0029_M,2026-01-31,No,2,0,7350
Retail,S010,ST0008_XL,2026-01-31,No,1,0,4999
Retail,S010,ST0025_M,2026-01-31,No,4,0,2508
Retail,S010,ST0008_S,2026-01-31,No,1,0,2182
Retail,S010,ST0006_M,2026-01-31,No,1,0,4143
Retail,S010,ST0023_XL,2026-01-31,No,4,0,11200
Retail,S001,ST0050_M,2026-02-01,No,2,0,6632
Retail,S001,ST0033_L,2026-02-01,No,4,0,9928
Retail,S001,ST0022_S,2026-02-01,No,4,0,3204
Retail,S001,ST0014_S,2026-02-01,No,3,0,1980
Retail,S001,ST0024_XL,2026-02-01,No,2,0,7654
Retail,S001,ST0008_M,2026-02-01,No,3,0,8265
Retail,S001,ST0048_M,2026-02-01,No,4,0,9028
Retail,S001,ST0035_M,2026-02-01,No,4,0,6592
Retail,S001,ST0010_S,2026-02-01,No,1,0,1945
Retail,S001,ST0011_XL,2026-02-01,No,2,0,5400
Retail,S001,ST0021_L,2026-02-01,No,3,0,8481
Retail,S001,ST0027_L,2026-02-01,No,4,0,8744
Retail,S001,ST0012_S,2026-02-01,No,3,0,10383
Retail,S001,ST0036_M,2026-02-01,No,3,0,9480
Retail,S001,ST0046_M,2026-02-01,No,4,0,6972
Retail,S001,ST0049_L,2026-02-01,No,3,0,12690
Retail,S001,ST0044_XL,2026-02-01,No,2,0,9498
Retail,S002,ST0050_M,2026-02-01,No,4,0,13264
Retail,S002,ST0011_S,2026-02-01,No,2,0,7366
Retail,S002,ST0032_XL,2026-02-01,No,1,0,1471
Retail,S002,ST0024_S,2026-02-01,No,2,0,2960
Retail,S002,ST0003_M,2026-02-01,No,1,0,2343
Retail,S002,ST0019_S,2026-02-01,No,2,0,2630
Retail,S002,ST0008_S,2026-02-01,No,2,0,4364
Retail,S002,ST0017_L,2026-02-01,No,3,0,3186
Retail,S002,ST0019_M,2026-02-01,No,3,0,10860
Retail,S002,ST0020_M,2026-02-01,No,3,0,9072
Retail,S002,ST0009_L,2026-02-01,No,2,0,8982
Retail,S002,ST0030_S,2026-02-01,No,4,0,4148
Retail,S002,ST0012_M,2026-02-01,No,2,0,9866
Retail,S002,ST0026_L,2026-02-01,No,3,0,9699
Retail,S002,ST0029_L,2026-02-01,No,3,0,14523
Retail,S003,ST0046_M,2026-02-01,No,1,0,1743
Retail,S003,ST0048_XL,2026-02-01,No,2,0,5140
Retail,S003,ST0018_L,2026-02-01,No,3,0,4377
Retail,S003,ST0039_M,2026-02-01,No,1,0,619
Retail,S003,ST0046_S,2026-02-01,No,3,0,13635
Retail,S003,ST0012_M,2026-02-01,No,3,0,14799
Retail,S003,ST0045_XL,2026-02-01,No,1,0,3856
Retail,S003,ST0033_S,2026-02-01,No,3,0,4998
Retail,S003,ST0022_M,2026-02-01,No,4,0,19104
Retail,S003,ST0038_L,2026-02-01,No,4,0,4540
Retail,S003,ST0023_XL,2026-02-01,No,4,0,11200
Retail,S003,ST0045_M,2026-02-01,No,3,0,12018
Retail,S003,ST0027_L,2026-02-01,No,4,0,8744
Retail,S004,ST0008_XL,2026-02-01,No,2,0,9998
Retail,S004,ST0034_S,2026-02-01,No,4,0,18584
Retail,S004,ST0007_XL,2026-02-01,No,4,0,14680
Retail,S004,ST0004_M,2026-02-01,No,3,0,8655
Retail,S004,ST0001_L,2026-02-01,No,2,0,6622
Retail,S004,ST0036_M,2026-02-01,No,1,0,3160
Retail,S004,ST0005_M,2026-02-01,No,3,0,11607
Retail,S004,ST0010_S,2026-02-01,No,2,0,3890
Retail,S004,ST0034_XL,2026-02-01,No,2,0,2148
Retail,S004,ST0019_L,2026-02-01,No,4,0,2064
Retail,S004,ST0006_L,2026-02-01,No,1,0,2549
Retail,S004,ST0044_XL,2026-02-01,No,4,0,18996
Retail,S004,ST0010_XL,2026-02-01,No,1,0,753
Retail,S004,ST0043_L,2026-02-01,No,4,0,18280
Retail,S004,ST0024_M,2026-02-01,No,1,0,3475
Retail,S004,ST0047_S,2026-02-01,No,2,0,7118
Retail,S004,ST0033_L,2026-02-01,No,4,0,9928
Retail,S004,ST0048_L,2026-02-01,No,4,0,19808
Retail,S005,ST0028_XL,2026-02-01,No,1,0,4557
Retail,S005,ST0006_L,2026-02-01,No,3,0,7647
Retail,S005,ST0042_XL,2026-02-01,No,1,0,1059
Retail,S005,ST0050_S,2026-02-01,No,1,0,2131
Retail,S005,ST0048_S,2026-02-01,No,4,0,8540
Retail,S005,ST0019_M,2026-02-01,No,2,0,7240
Retail,S005,ST0006_M,2026-02-01,No,4,0,16572
Retail,S005,ST0022_L,2026-02-01,No,4,0,4424
Retail,S005,ST0050_XL,2026-02-01,No,4,0,7392
Retail,S005,ST0047_M,2026-02-01,No,2,0,6918
Retail,S005,ST0011_L,2026-02-01,No,3,0,1794
Retail,S005,ST0009_L,2026-02-01,No,3,0,13473
Retail,S005,ST0010_XL,2026-02-01,No,2,0,1506
Retail,S005,ST0031_S,2026-02-01,No,4,0,13800
Retail,S005,ST0044_L,2026-02-01,No,1,0,3647
Retail,S005,ST0033_XL,2026-02-01,No,4,0,5412
Retail,S005,ST0017_XL,2026-02-01,No,3,0,8955
Retail,S005,ST0001_L,2026-02-01,No,3,0,9933
Retail,S006,ST0050_XL,2026-02-01,No,2,0,3696
Retail,S006,ST0006_XL,2026-02-01,No,3,0,12669
Retail,S006,ST0038_M,2026-02-01,No,1,0,4965
Retail,S006,ST0003_L,2026-02-01,No,2,0,1976
Retail,S006,ST0035_M,2026-02-01,No,2,0,3296
Retail,S006,ST0011_S,2026-02-01,No,2,0,7366
Retail,S006,ST0043_M,2026-02-01,No,2,0,7686
Retail,S006,ST0006_S,2026-02-01,No,3,0,4548
Retail,S006,ST0038_S,2026-02-01,No,1,0,4864
Retail,S006,ST0012_XL,2026-02-01,No,3,0,10107
Retail,S006,ST0034_L,2026-02-01,No,2,0,8538
Retail,S006,ST0047_L,2026-02-01,No,2,0,5530
Retail,S006,ST0007_L,2026-02-01,No,4,0,10224
Retail,S006,ST0013_S,2026-02-01,No,3,0,11202
Retail,S006,ST0034_XL,2026-02-01,No,1,0,1074
Retail,S007,ST0004_L,2026-02-01,No,4,0,13676
Retail,S007,ST0046_XL,2026-02-01,No,2,0,5282
Retail,S007,ST0011_L,2026-02-01,No,3,0,1794
Retail,S007,ST0029_XL,2026-02-01,No,3,0,9918
Retail,S007,ST0002_S,2026-02-01,No,1,0,2486
Retail,S007,ST0019_S,2026-02-01,No,1,0,1315
Retail,S007,ST0037_XL,2026-02-01,No,4,0,18568
Retail,S007,ST0017_M,2026-02-01,No,2,0,7872
Retail,S007,ST0022_M,2026-02-01,No,1,0,4776
Retail,S007,ST0014_S,2026-02-01,No,2,0,1320
Retail,S007,ST0041_XL,2026-02-01,No,3,0,6492
Retail,S007,ST0003_S,2026-02-01,No,3,0,6702
Retail,S007,ST0002_XL,2026-02-01,No,4,0,13644
Retail,S007,ST0050_S,2026-02-01,No,1,0,2131
Retail,S007,ST0023_S,2026-02-01,No,3,0,3597
Retail,S007,ST0042_XL,2026-02-01,No,2,0,2118
Retail,S008,ST0002_L,2026-02-01,No,4,0,14876
Retail,S008,ST0035_M,2026-02-01,No,3,0,4944
Retail,S008,ST0039_XL,2026-02-01,No,1,0,4175
Retail,S008,ST0022_L,2026-02-01,No,4,0,4424
Retail,S008,ST0041_L,2026-02-01,No,2,0,3024
Retail,S008,ST0017_L,2026-02-01,No,4,0,4248
Retail,S008,ST0040_S,2026-02-01,No,2,0,3738
Retail,S008,ST0001_M,2026-02-01,No,1,0,1159
Retail,S008,ST0035_S,2026-02-01,No,3,0,11283
Retail,S008,ST0006_XL,2026-02-01,No,1,0,4223
Retail,S008,ST0046_L,2026-02-01,No,3,0,10854
Retail,S008,ST0013_M,2026-02-01,No,4,0,17164
Retail,S008,ST0007_L,2026-02-01,No,4,0,10224
Retail,S008,ST0029_XL,2026-02-01,No,4,0,13224
Retail,S008,ST0003_XL,2026-02-01,No,1,0,3476
Retail,S008,ST0049_XL,2026-02-01,No,4,0,11956
Retail,S008,ST0007_XL,2026-02-01,No,3,0,11010
Retail,S008,ST0004_M,2026-02-01,No,4,0,11540
Retail,S008,ST0002_M,2026-02-01,No,4,0,2584
Retail,S009,ST0011_S,2026-02-01,No,1,0,3683
Retail,S009,ST0049_M,2026-02-01,No,4,0,15004
Retail,S009,ST0023_M,2026-02-01,No,2,0,3278
Retail,S009,ST0004_XL,2026-02-01,No,3,0,6906
Retail,S009,ST0032_S,2026-02-01,No,3,0,13041
Retail,S009,ST0021_XL,2026-02-01,No,3,0,11760
Retail,S009,ST0039_M,2026-02-01,No,2,0,1238
Retail,S009,ST0020_XL,2026-02-01,No,3,0,11832
Retail,S009,ST0027_S,2026-02-01,No,4,0,18056
Retail,S009,ST0046_XL,2026-02-01,No,2,0,5282
Retail,S009,ST0042_XL,2026-02-01,No,4,0,4236
Retail,S009,ST0010_S,2026-02-01,No,2,0,3890
Retail,S009,ST0037_M,2026-02-01,No,4,0,5504
Retail,S010,ST0009_XL,2026-02-01,No,2,0,4296
Retail,S010,ST0035_XL,2026-02-01,No,3,0,13062
Retail,S010,ST0020_M,2026-02-01,No,1,0,3024
Retail,S010,ST0042_L,2026-02-01,No,4,0,13396
Retail,S010,ST0004_L,2026-02-01,No,1,0,3419
Retail,S010,ST0016_L,2026-02-01,No,3,0,11838
Retail,S010,ST0015_L,2026-02-01,No,3,0,14988
Retail,S010,ST0032_XL,2026-02-01,No,1,0,1471
Retail,S010,ST0043_M,2026-02-01,No,4,0,15372
Retail,S010,ST0006_S,2026-02-01,No,4,0,6064
Retail,S010,ST0025_L,2026-02-01,No,2,0,5130
Retail,S010,ST0018_S,2026-02-01,No,4,0,15416
Retail,S010,ST0029_L,2026-02-01,No,3,0,14523
Retail,S010,ST0008_M,2026-02-01,No,3,0,8265
Retail,S001,ST0005_S,2026-02-02,No,1,0,4561
Retail,S001,ST0008_M,2026-02-02,No,2,0,5510
Retail,S001,ST0029_M,2026-02-02,No,2,0,7350
Retail,S001,ST0029_XL,2026-02-02,No,4,0,13224
Retail,S001,ST0039_S,2026-02-02,No,4,0,8728
Retail,S001,ST0019_XL,2026-02-02,No,1,0,1743
Retail,S001,ST0011_XL,2026-02-02,No,3,0,8100
Retail,S001,ST0022_XL,2026-02-02,No,3,0,11010
Retail,S001,ST0013_S,2026-02-02,No,4,0,14936
Retail,S001,ST0039_XL,2026-02-02,No,1,0,4175
Retail,S001,ST0028_XL,2026-02-02,No,2,0,9114
Retail,S001,ST0001_L,2026-02-02,No,4,0,13244
Retail,S001,ST0009_XL,2026-02-02,No,2,0,4296
Retail,S001,ST0004_S,2026-02-02,No,1,0,2459
Retail,S001,ST0045_S,2026-02-02,No,1,0,2179
Retail,S002,ST0043_S,2026-02-02,No,4,0,16688
Retail,S002,ST0028_M,2026-02-02,No,4,0,12148
Retail,S002,ST0016_M,2026-02-02,No,2,0,2908
Retail,S002,ST0003_M,2026-02-02,No,4,0,9372
Retail,S002,ST0026_S,2026-02-02,No,3,0,3207
Retail,S002,ST0024_XL,2026-02-02,No,3,0,11481
Retail,S002,ST0045_S,2026-02-02,No,4,0,8716
Retail,S002,ST0014_L,2026-02-02,No,3,0,5400
Retail,S002,ST0004_XL,2026-02-02,No,2,0,4604
Retail,S002,ST0041_M,2026-02-02,No,3,0,7293
Retail,S002,ST0036_XL,2026-02-02,No,4,0,14204
Retail,S002,ST0006_M,2026-02-02,No,1,0,4143
Retail,S002,ST0013_M,2026-02-02,No,3,0,12873
Retail,S002,ST0008_M,2026-02-02,No,4,0,11020
Retail,S002,ST0019_L,2026-02-02,No,1,0,516
Retail,S002,ST0007_S,2026-02-02,No,4,0,14432
Retail,S002,ST0003_S,2026-02-02,No,3,0,6702
Retail,S003,ST0007_M,2026-02-02,No,3,0,13770
Retail,S003,ST0029_M,2026-02-02,No,3,0,11025
Retail,S003,ST0045_S,2026-02-02,No,1,0,2179
Retail,S003,ST0032_XL,2026-02-02,No,2,0,2942
Retail,S003,ST0004_M,2026-02-02,No,3,0,8655
Retail,S003,ST0022_L,2026-02-02,No,3,0,3318
Retail,S003,ST0046_S,2026-02-02,No,1,0,4545
Retail,S003,ST0034_M,2026-02-02,No,2,0,8472
Retail,S003,ST0009_M,2026-02-02,No,4,0,8784
Retail,S003,ST0038_S,2026-02-02,No,2,0,9728
Retail,S003,ST0044_L,2026-02-02,No,3,0,10941
Retail,S003,ST0019_S,2026-02-02,No,4,0,5260
Retail,S003,ST0030_L,2026-02-02,No,4,0,11820
Retail,S004,ST0036_M,2026-02-02,No,4,0,12640
Retail,S004,ST0037_L,2026-02-02,No,2,0,2982
Retail,S004,ST0011_XL,2026-02-02,No,4,0,10800
Retail,S004,ST0043_XL,2026-02-02,No,2,0,3940
Retail,S004,ST0044_S,2026-02-02,No,2,0,2160
Retail,S004,ST0043_L,2026-02-02,No,1,0,4570
Retail,S004,ST0014_S,2026-02-02,No,2,0,1320
Retail,S004,ST0017_XL,2026-02-02,No,2,0,5970
Retail,S004,ST0003_XL,2026-02-02,No,4,0,13904
Retail,S004,ST0010_XL,2026-02-02,No,3,0,2259
Retail,S004,ST0031_XL,2026-02-02,No,3,0,8604
Retail,S004,ST0036_XL,2026-02-02,No,3,0,10653
Retail,S005,ST0041_XL,2026-02-02,No,2,0,4328
Retail,S005,ST0033_S,2026-02-02,No,2,0,3332
Retail,S005,ST0005_S,2026-02-02,No,4,0,18244
Retail,S005,ST0037_S,2026-02-02,No,1,0,504
Retail,S005,ST0041_L,2026-02-02,No,3,0,4536
Retail,S005,ST0042_XL,2026-02-02,No,1,0,1059
Retail,S005,ST0034_L,2026-02-02,No,3,0,12807
Retail,S005,ST0025_S,2026-02-02,No,3,0,11682
Retail,S005,ST0013_L,2026-02-02,No,1,0,1456
Retail,S005,ST0014_M,2026-02-02,No,4,0,19972
Retail,S005,ST0001_L,2026-02-02,No,4,0,13244
Retail,S005,ST0024_XL,2026-02-02,No,1,0,3827
Retail,S005,ST0029_M,2026-02-02,No,4,0,14700
Retail,S005,ST0025_XL,2026-02-02,No,3,0,6948
Retail,S005,ST0011_M,2026-02-02,No,4,0,12228
Retail,S005,ST0010_M,2026-02-02,No,3,0,14097
Retail,S005,ST0007_M,2026-02-02,No,4,0,18360
Retail,S006,ST0034_L,2026-02-02,No,1,0,4269
Retail,S006,ST0048_L,2026-02-02,No,2,0,9904
Retail,S006,ST0032_L,2026-02-02,No,3,0,9603
Retail,S006,ST0020_S,2026-02-02,No,2,0,5410
Retail,S006,ST0015_XL,2026-02-02,No,4,0,14416
Retail,S006,ST0050_M,2026-02-02,No,2,0,6632
Retail,S006,ST0009_M,2026-02-02,No,4,0,8784
Retail,S006,ST0050_XL,2026-02-02,No,1,0,1848
Retail,S006,ST0008_M,2026-02-02,No,4,0,11020
Retail,S006,ST0048_M,2026-02-02,No,1,0,2257
Retail,S006,ST0026_M,2026-02-02,No,3,0,7185
Retail,S006,ST0004_L,2026-02-02,No,1,0,3419
Retail,S006,ST0026_S,2026-02-02,No,1,0,1069
Retail,S006,ST0046_L,2026-02-02,No,3,0,10854
Retail,S006,ST0002_S,2026-02-02,No,1,0,2486
Retail,S006,ST0027_M,2026-02-02,No,2,0,6802
Retail,S007,ST0039_M,2026-02-02,No,1,0,619
Retail,S007,ST0027_XL,2026-02-02,No,3,0,10527
Retail,S007,ST0004_M,2026-02-02,No,4,0,11540
Retail,S007,ST0013_S,2026-02-02,No,4,0,14936
Retail,S007,ST0030_L,2026-02-02,No,2,0,5910
Retail,S007,ST0001_XL,2026-02-02,No,2,0,3738
Retail,S007,ST0025_M,2026-02-02,No,3,0,1881
Retail,S007,ST0026_M,2026-02-02,No,3,0,7185
Retail,S007,ST0046_L,2026-02-02,No,3,0,10854
Retail,S007,ST0021_L,2026-02-02,No,2,0,5654
Retail,S007,ST0008_S,2026-02-02,No,2,0,4364
Retail,S007,ST0005_M,2026-02-02,No,1,0,3869
Retail,S007,ST0028_L,2026-02-02,No,1,0,1909
Retail,S008,ST0019_M,2026-02-02,No,4,0,14480
Retail,S008,ST0034_XL,2026-02-02,No,1,0,1074
Retail,S008,ST0043_M,2026-02-02,No,3,0,11529
Retail,S008,ST0036_S,2026-02-02,No,1,0,2991
Retail,S008,ST0007_L,2026-02-02,No,2,0,5112
Retail,S008,ST0021_L,2026-02-02,No,1,0,2827
Retail,S008,ST0015_XL,2026-02-02,No,4,0,14416
Retail,S008,ST0011_M,2026-02-02,No,3,0,9171
Retail,S008,ST0003_L,2026-02-02,No,1,0,988
Retail,S008,ST0010_L,2026-02-02,No,4,0,17692
Retail,S008,ST0037_XL,2026-02-02,No,4,0,18568
Retail,S008,ST0043_XL,2026-02-02,No,3,0,5910
Retail,S008,ST0029_L,2026-02-02,No,3,0,14523
Retail,S008,ST0019_L,2026-02-02,No,2,0,1032
Retail,S008,ST0014_L,2026-02-02,No,1,0,1800
Retail,S008,ST0017_L,2026-02-02,No,1,0,1062
Retail,S008,ST0037_S,2026-02-02,No,1,0,504
Retail,S009,ST0010_XL,2026-02-02,No,1,0,753
Retail,S009,ST0043_L,2026-02-02,No,1,0,4570
Retail,S009,ST0023_S,2026-02-02,No,1,0,1199
Retail,S009,ST0010_M,2026-02-02,No,4,0,18796
Retail,S009,ST0022_XL,2026-02-02,No,3,0,11010
Retail,S009,ST0030_S,2026-02-02,No,4,0,4148
Retail,S009,ST0026_S,2026-02-02,No,3,0,3207
Retail,S009,ST0016_XL,2026-02-02,No,4,0,6180
Retail,S009,ST0020_M,2026-02-02,No,2,0,6048
Retail,S009,ST0030_L,2026-02-02,No,2,0,5910
Retail,S009,ST0050_XL,2026-02-02,No,1,0,1848
Retail,S009,ST0001_M,2026-02-02,No,2,0,2318
Retail,S009,ST0039_S,2026-02-02,No,2,0,4364
Retail,S009,ST0031_S,2026-02-02,No,3,0,10350
Retail,S010,ST0032_M,2026-02-02,No,1,0,4995
Retail,S010,ST0042_XL,2026-02-02,No,3,0,3177
Retail,S010,ST0029_XL,2026-02-02,No,4,0,13224
Retail,S010,ST0018_L,2026-02-02,No,1,0,1459
Retail,S010,ST0009_M,2026-02-02,No,2,0,4392
Retail,S010,ST0002_L,2026-02-02,No,4,0,14876
Retail,S010,ST0023_XL,2026-02-02,No,3,0,8400
Retail,S010,ST0036_XL,2026-02-02,No,2,0,7102
Retail,S010,ST0004_M,2026-02-02,No,1,0,2885
Retail,S010,ST0046_XL,2026-02-02,No,3,0,7923
Retail,S010,ST0037_M,2026-02-02,No,1,0,1376
Retail,S010,ST0017_M,2026-02-02,No,1,0,3936
Retail,S010,ST0008_XL,2026-02-02,No,2,0,9998
Retail,S010,ST0005_S,2026-02-02,No,2,0,9122
Retail,S010,ST0042_S,2026-02-02,No,1,0,1581
Retail,S010,ST0018_S,2026-02-02,No,1,0,3854
Retail,S010,ST0016_XL,2026-02-02,No,3,0,4635
Retail,S010,ST0042_M,2026-02-02,No,3,0,3036
Retail,S001,ST0039_L,2026-02-03,No,4,0,5320
Retail,S001,ST0009_L,2026-02-03,No,1,0,4491
Retail,S001,ST0007_M,2026-02-03,No,1,0,4590
Retail,S001,ST0009_M,2026-02-03,No,2,0,4392
Retail,S001,ST0043_M,2026-02-03,No,4,0,15372
Retail,S001,ST0006_M,2026-02-03,No,2,0,8286
Retail,S001,ST0011_S,2026-02-03,No,4,0,14732
Retail,S001,ST0010_M,2026-02-03,No,3,0,14097
Retail,S001,ST0028_S,2026-02-03,No,3,0,1962
Retail,S001,ST0039_M,2026-02-03,No,2,0,1238
Retail,S001,ST0036_M,2026-02-03,No,2,0,6320
Retail,S001,ST0001_XL,2026-02-03,No,2,0,3738
Retail,S001,ST0050_XL,2026-02-03,No,3,0,5544
Retail,S002,ST0022_L,2026-02-03,No,1,0,1106
Retail,S002,ST0032_M,2026-02-03,No,1,0,4995
Retail,S002,ST0003_S,2026-02-03,No,2,0,4468
Retail,S002,ST0007_M,2026-02-03,No,1,0,4590
Retail,S002,ST0001_L,2026-02-03,No,3,0,9933
Retail,S002,ST0018_L,2026-02-03,No,2,0,2918
Retail,S002,ST0016_M,2026-02-03,No,1,0,1454
Retail,S002,ST0022_S,2026-02-03,No,1,0,801
Retail,S002,ST0038_L,2026-02-03,No,4,0,4540
Retail,S002,ST0017_M,2026-02-03,No,2,0,7872
Retail,S002,ST0045_S,2026-02-03,No,4,0,8716
Retail,S002,ST0041_L,2026-02-03,No,2,0,3024
Retail,S002,ST0045_L,2026-02-03,No,1,0,3244
Retail,S002,ST0031_L,2026-02-03,No,1,0,4615
Retail,S002,ST0002_L,2026-02-03,No,3,0,11157
Retail,S003,ST0050_M,2026-02-03,No,1,0,3316
Retail,S003,ST0006_M,2026-02-03,No,3,0,12429
Retail,S003,ST0036_S,2026-02-03,No,4,0,11964
Retail,S003,ST0028_XL,2026-02-03,No,4,0,18228
Retail,S003,ST0023_XL,2026-02-03,No,4,0,11200
Retail,S003,ST0004_L,2026-02-03,No,4,0,13676
Retail,S003,ST0007_XL,2026-02-03,No,2,0,7340
Retail,S003,ST0032_S,2026-02-03,No,3,0,13041
Retail,S003,ST0032_L,2026-02-03,No,1,0,3201
Retail,S003,ST0040_M,2026-02-03,No,1,0,1240
Retail,S003,ST0047_XL,2026-02-03,No,1,0,2979
Retail,S003,ST0005_XL,2026-02-03,No,4,0,4492
Retail,S003,ST0042_M,2026-02-03,No,3,0,3036
Retail,S003,ST0013_S,2026-02-03,No,2,0,7468
Retail,S003,ST0005_S,2026-02-03,No,2,0,9122
Retail,S003,ST0036_XL,2026-02-03,No,1,0,3551
Retail,S004,ST0020_M,2026-02-03,No,4,0,12096
Retail,S004,ST0019_S,2026-02-03,No,4,0,5260
Retail,S004,ST0025_M,2026-02-03,No,2,0,1254
Retail,S004,ST0005_XL,2026-02-03,No,3,0,3369
Retail,S004,ST0028_M,2026-02-03,No,2,0,6074
Retail,S004,ST0035_M,2026-02-03,No,2,0,3296
Retail,S004,ST0016_M,2026-02-03,No,4,0,5816
Retail,S004,ST0023_L,2026-02-03,No,1,0,690
Retail,S004,ST0023_XL,2026-02-03,No,4,0,11200
Retail,S004,ST0022_M,2026-02-03,No,4,0,19104
Retail,S004,ST0049_M,2026-02-03,No,1,0,3751
Retail,S004,ST0044_L,2026-02-03,No,2,0,7294
Retail,S004,ST0024_XL,2026-02-03,No,4,0,15308
Retail,S004,ST0035_XL,2026-02-03,No,1,0,4354
Retail,S004,ST0031_XL,2026-02-03,No,3,0,8604
Retail,S005,ST0037_M,2026-02-03,No,2,0,2752
Retail,S005,ST0008_XL,2026-02-03,No,4,0,19996
Retail,S005,ST0003_S,2026-02-03,No,2,0,4468
Retail,S005,ST0047_L,2026-02-03,No,2,0,5530
Retail,S005,ST0014_L,2026-02-03,No,1,0,1800
Retail,S005,ST0029_XL,2026-02-03,No,4,0,13224
Retail,S005,ST0037_XL,2026-02-03,No,1,0,4642
Retail,S005,ST0010_XL,2026-02-03,No,1,0,753
Retail,S005,ST0044_S,2026-02-03,No,2,0,2160
Retail,S005,ST0038_L,2026-02-03,No,1,0,1135
Retail,S005,ST0004_XL,2026-02-03,No,2,0,4604
Retail,S005,ST0026_S,2026-02-03,No,1,0,1069
Retail,S005,ST0045_M,2026-02-03,No,2,0,8012
Retail,S005,ST0046_M,2026-02-03,No,1,0,1743
Retail,S005,ST0030_S,2026-02-03,No,4,0,4148
Retail,S006,ST0034_L,2026-02-03,No,1,0,4269
Retail,S006,ST0004_M,2026-02-03,No,4,0,11540
Retail,S006,ST0048_L,2026-02-03,No,2,0,9904
Retail,S006,ST0013_L,2026-02-03,No,4,0,5824
Retail,S006,ST0022_S,2026-02-03,No,4,0,3204
Retail,S006,ST0046_M,2026-02-03,No,1,0,1743
Retail,S006,ST0025_L,2026-02-03,No,1,0,2565
Retail,S006,ST0019_S,2026-02-03,No,2,0,2630
Retail,S006,ST0010_L,2026-02-03,No,1,0,4423
Retail,S006,ST0017_M,2026-02-03,No,1,0,3936
Retail,S006,ST0031_S,2026-02-03,No,1,0,3450
Retail,S006,ST0014_M,2026-02-03,No,2,0,9986
Retail,S006,ST0049_S,2026-02-03,No,2,0,6698
Retail,S006,ST0020_M,2026-02-03,No,3,0,9072
Retail,S006,ST0032_S,2026-02-03,No,4,0,17388
Retail,S006,ST0006_S,2026-02-03,No,2,0,3032
Retail,S007,ST0012_XL,2026-02-03,No,3,0,10107
Retail,S007,ST0043_XL,2026-02-03,No,2,0,3940
Retail,S007,ST0038_M,2026-02-03,No,4,0,19860
Retail,S007,ST0034_XL,2026-02-03,No,2,0,2148
Retail,S007,ST0027_S,2026-02-03,No,4,0,18056
Retail,S007,ST0007_S,2026-02-03,No,1,0,3608
Retail,S007,ST0035_XL,2026-02-03,No,4,0,17416
Retail,S007,ST0010_L,2026-02-03,No,1,0,4423
Retail,S007,ST0036_M,2026-02-03,No,3,0,9480
Retail,S007,ST0007_XL,2026-02-03,No,4,0,14680
Retail,S007,ST0017_L,2026-02-03,No,1,0,1062
Retail,S007,ST0048_XL,2026-02-03,No,4,0,10280
Retail,S007,ST0013_S,2026-02-03,No,1,0,3734
Retail,S008,ST0035_S,2026-02-03,No,1,0,3761
Retail,S008,ST0038_S,2026-02-03,No,1,0,4864
Retail,S008,ST0040_M,2026-02-03,No,2,0,2480
Retail,S008,ST0012_M,2026-02-03,No,1,0,4933
Retail,S008,ST0022_S,2026-02-03,No,2,0,1602
Retail,S008,ST0022_M,2026-02-03,No,3,0,14328
Retail,S008,ST0037_M,2026-02-03,No,2,0,2752
Retail,S008,ST0001_M,2026-02-03,No,2,0,2318
Retail,S008,ST0010_L,2026-02-03,No,2,0,8846
Retail,S008,ST0026_S,2026-02-03,No,4,0,4276
Retail,S008,ST0023_XL,2026-02-03,No,2,0,5600
Retail,S008,ST0010_XL,2026-02-03,No,4,0,3012
Retail,S008,ST0019_S,2026-02-03,No,4,0,5260
Retail,S008,ST0026_L,2026-02-03,No,3,0,9699
Retail,S008,ST0021_L,2026-02-03,No,1,0,2827
Retail,S008,ST0047_M,2026-02-03,No,3,0,10377
Retail,S008,ST0005_S,2026-02-03,No,3,0,13683
Retail,S009,ST0013_S,2026-02-03,No,4,0,14936
Retail,S009,ST0007_S,2026-02-03,No,1,0,3608
Retail,S009,ST0021_M,2026-02-03,No,2,0,3120
Retail,S009,ST0026_L,2026-02-03,No,3,0,9699
Retail,S009,ST0050_S,2026-02-03,No,2,0,4262
Retail,S009,ST0021_XL,2026-02-03,No,2,0,7840
Retail,S009,ST0006_XL,2026-02-03,No,4,0,16892
Retail,S009,ST0043_S,2026-02-03,No,2,0,8344
Retail,S009,ST0018_S,2026-02-03,No,2,0,7708
Retail,S009,ST0035_S,2026-02-03,No,1,0,3761
Retail,S009,ST0015_M,2026-02-03,No,4,0,6872
Retail,S009,ST0050_M,2026-02-03,No,4,0,13264
Retail,S009,ST0004_XL,2026-02-03,No,2,0,4604
Retail,S010,ST0013_L,2026-02-03,No,2,0,2912
Retail,S010,ST0019_M,2026-02-03,No,3,0,10860
Retail,S010,ST0023_S,2026-02-03,No,2,0,2398
Retail,S010,ST0005_S,2026-02-03,No,4,0,18244
Retail,S010,ST0043_M,2026-02-03,No,1,0,3843
Retail,S010,ST0028_XL,2026-02-03,No,3,0,13671
Retail,S010,ST0044_S,2026-02-03,No,3,0,3240
Retail,S010,ST0031_S,2026-02-03,No,2,0,6900
Retail,S010,ST0050_XL,2026-02-03,No,1,0,1848
Retail,S010,ST0039_L,2026-02-03,No,3,0,3990
Retail,S010,ST0026_L,2026-02-03,No,4,0,12932
Retail,S010,ST0044_L,2026-02-03,No,1,0,3647
Retail,S010,ST0010_L,2026-02-03,No,2,0,8846
Retail,S010,ST0030_M,2026-02-03,No,2,0,4682
Retail,S001,ST0008_XL,2026-02-04,No,4,0,19996
Retail,S001,ST0028_M,2026-02-04,No,1,0,3037
Retail,S001,ST0026_S,2026-02-04,No,4,0,4276
Retail,S001,ST0003_XL,2026-02-04,No,3,0,10428
Retail,S001,ST0029_L,2026-02-04,No,1,0,4841
Retail,S001,ST0032_L,2026-02-04,No,1,0,3201
Retail,S001,ST0045_XL,2026-02-04,No,1,0,3856
Retail,S001,ST0005_S,2026-02-04,No,4,0,18244
Retail,S001,ST0024_M,2026-02-04,No,3,0,10425
Retail,S001,ST0044_S,2026-02-04,No,2,0,2160
Retail,S001,ST0012_L,2026-02-04,No,2,0,8554
Retail,S001,ST0002_XL,2026-02-04,No,4,0,13644
Retail,S001,ST0029_XL,2026-02-04,No,2,0,6612
Retail,S001,ST0044_L,2026-02-04,No,1,0,3647
Retail,S001,ST0007_XL,2026-02-04,No,1,0,3670
Retail,S001,ST0048_L,2026-02-04,No,4,0,19808
Retail,S002,ST0012_XL,2026-02-04,No,1,0,3369
Retail,S002,ST0029_M,2026-02-04,No,2,0,7350
Retail,S002,ST0003_S,2026-02-04,No,1,0,2234
Retail,S002,ST0033_XL,2026-02-04,No,4,0,5412
Retail,S002,ST0009_L,2026-02-04,No,3,0,13473
Retail,S002,ST0028_M,2026-02-04,No,3,0,9111
Retail,S002,ST0040_L,2026-02-04,No,4,0,2464
Retail,S002,ST0028_L,2026-02-04,No,3,0,5727
Retail,S002,ST0022_M,2026-02-04,No,2,0,9552
Retail,S002,ST0036_XL,2026-02-04,No,1,0,3551
Retail,S002,ST0045_M,2026-02-04,No,2,0,8012
Retail,S002,ST0004_M,2026-02-04,No,3,0,8655
Retail,S002,ST0024_S,2026-02-04,No,2,0,2960
Retail,S003,ST0006_S,2026-02-04,No,1,0,1516
Retail,S003,ST0010_XL,2026-02-04,No,4,0,3012
Retail,S003,ST0012_L,2026-02-04,No,1,0,4277
Retail,S003,ST0043_M,2026-02-04,No,3,0,11529
Retail,S003,ST0048_S,2026-02-04,No,4,0,8540
Retail,S003,ST0028_M,2026-02-04,No,2,0,6074
Retail,S003,ST0037_L,2026-02-04,No,3,0,4473
Retail,S003,ST0021_L,2026-02-04,No,3,0,8481
Retail,S003,ST0004_M,2026-02-04,No,3,0,8655
Retail,S003,ST0033_S,2026-02-04,No,1,0,1666
Retail,S003,ST0012_S,2026-02-04,No,2,0,6922
Retail,S003,ST0045_M,2026-02-04,No,4,0,16024
Retail,S003,ST0046_M,2026-02-04,No,3,0,5229
Retail,S003,ST0023_S,2026-02-04,No,1,0,1199
Retail,S003,ST0049_M,2026-02-04,No,2,0,7502
Retail,S003,ST0022_S,2026-02-04,No,3,0,2403
Retail,S003,ST0020_S,2026-02-04,No,2,0,5410
Retail,S003,ST0036_S,2026-02-04,No,2,0,5982
Retail,S004,ST0014_XL,2026-02-04,No,4,0,17948
Retail,S004,ST0013_L,2026-02-04,No,3,0,4368
Retail,S004,ST0030_S,2026-02-04,No,3,0,3111
Retail,S004,ST0021_S,2026-02-04,No,4,0,12260
Retail,S004,ST0041_S,2026-02-04,No,2,0,3300
Retail,S004,ST0014_L,2026-02-04,No,4,0,7200
Retail,S004,ST0015_XL,2026-02-04,No,1,0,3604
Retail,S004,ST0045_L,2026-02-04,No,4,0,12976
Retail,S004,ST0045_XL,2026-02-04,No,1,0,3856
Retail,S004,ST0009_XL,2026-02-04,No,3,0,6444
Retail,S004,ST0011_M,2026-02-04,No,1,0,3057
Retail,S004,ST0033_S,2026-02-04,No,3,0,4998
Retail,S004,ST0020_S,2026-02-04,No,2,0,5410
Retail,S004,ST0010_L,2026-02-04,No,4,0,17692
Retail,S005,ST0017_M,2026-02-04,No,3,0,11808
Retail,S005,ST0005_L,2026-02-04,No,2,0,1524
Retail,S005,ST0039_S,2026-02-04,No,3,0,6546
Retail,S005,ST0009_L,2026-02-04,No,1,0,4491
Retail,S005,ST0019_S,2026-02-04,No,3,0,3945
Retail,S005,ST0025_M,2026-02-04,No,1,0,627
Retail,S005,ST0006_M,2026-02-04,No,2,0,8286
Retail,S005,ST0022_XL,2026-02-04,No,2,0,7340
Retail,S005,ST0002_L,2026-02-04,No,1,0,3719
Retail,S005,ST0047_XL,2026-02-04,No,3,0,8937
Retail,S005,ST0036_L,2026-02-04,No,4,0,14496
Retail,S005,ST0044_XL,2026-02-04,No,4,0,18996
Retail,S005,ST0047_M,2026-02-04,No,1,0,3459
Retail,S005,ST0024_S,2026-02-04,No,4,0,5920
Retail,S005,ST0043_S,2026-02-04,No,1,0,4172
Retail,S006,ST0048_XL,2026-02-04,No,4,0,10280
Retail,S006,ST0033_M,2026-02-04,No,3,0,9822
Retail,S006,ST0034_L,2026-02-04,No,3,0,12807
Retail,S006,ST0041_M,2026-02-04,No,2,0,4862
Retail,S006,ST0022_XL,2026-02-04,No,1,0,3670
Retail,S006,ST0031_S,2026-02-04,No,1,0,3450
Retail,S006,ST0007_M,2026-02-04,No,3,0,13770
Retail,S006,ST0003_M,2026-02-04,No,4,0,9372
Retail,S006,ST0017_L,2026-02-04,No,2,0,2124
Retail,S006,ST0029_XL,2026-02-04,No,4,0,13224
Retail,S006,ST0047_L,2026-02-04,No,2,0,5530
Retail,S006,ST0016_M,2026-02-04,No,4,0,5816
Retail,S006,ST0032_M,2026-02-04,No,2,0,9990
Retail,S006,ST0017_S,2026-02-04,No,3,0,6579
Retail,S007,ST0041_S,2026-02-04,No,2,0,3300
Retail,S007,ST0006_S,2026-02-04,No,1,0,1516
Retail,S007,ST0033_M,2026-02-04,No,3,0,9822
Retail,S007,ST0004_XL,2026-02-04,No,4,0,9208
Retail,S007,ST0033_XL,2026-02-04,No,2,0,2706
Retail,S007,ST0019_M,2026-02-04,No,3,0,10860
Retail,S007,ST0027_L,2026-02-04,No,2,0,4372
Retail,S007,ST0035_XL,2026-02-04,No,1,0,4354
Retail,S007,ST0012_S,2026-02-04,No,3,0,10383
Retail,S007,ST0011_L,2026-02-04,No,1,0,598
Retail,S007,ST0045_S,2026-02-04,No,4,0,8716
Retail,S007,ST0018_L,2026-02-04,No,3,0,4377
Retail,S007,ST0020_XL,2026-02-04,No,2,0,7888
Retail,S007,ST0008_L,2026-02-04,No,3,0,4962
Retail,S008,ST0010_XL,2026-02-04,No,2,0,1506
Retail,S008,ST0007_XL,2026-02-04,No,4,0,14680
Retail,S008,ST0045_L,2026-02-04,No,1,0,3244
Retail,S008,ST0030_L,2026-02-04,No,1,0,2955
Retail,S008,ST0024_S,2026-02-04,No,2,0,2960
Retail,S008,ST0040_M,2026-02-04,No,3,0,3720
Retail,S008,ST0018_M,2026-02-04,No,2,0,1450
Retail,S008,ST0024_XL,2026-02-04,No,3,0,11481
Retail,S008,ST0044_L,2026-02-04,No,4,0,14588
Retail,S008,ST0023_XL,2026-02-04,No,1,0,2800
Retail,S008,ST0032_L,2026-02-04,No,1,0,3201
Retail,S008,ST0040_L,2026-02-04,No,1,0,616
Retail,S008,ST0019_S,2026-02-04,No,4,0,5260
Retail,S008,ST0047_S,2026-02-04,No,1,0,3559
Retail,S008,ST0012_L,2026-02-04,No,1,0,4277
Retail,S009,ST0023_S,2026-02-04,No,1,0,1199
Retail,S009,ST0026_L,2026-02-04,No,4,0,12932
Retail,S009,ST0038_XL,2026-02-04,No,2,0,4386
Retail,S009,ST0006_XL,2026-02-04,No,2,0,8446
Retail,S009,ST0041_XL,2026-02-04,No,4,0,8656
Retail,S009,ST0016_M,2026-02-04,No,4,0,5816
Retail,S009,ST0027_M,2026-02-04,No,4,0,13604
Retail,S009,ST0023_M,2026-02-04,No,3,0,4917
Retail,S009,ST0027_XL,2026-02-04,No,3,0,10527
Retail,S009,ST0029_M,2026-02-04,No,1,0,3675
Retail,S009,ST0047_M,2026-02-04,No,2,0,6918
Retail,S009,ST0043_S,2026-02-04,No,3,0,12516
Retail,S009,ST0035_L,2026-02-04,No,1,0,2215
Retail,S009,ST0014_XL,2026-02-04,No,1,0,4487
Retail,S009,ST0035_XL,2026-02-04,No,2,0,8708
Retail,S009,ST0046_M,2026-02-04,No,2,0,3486
Retail,S010,ST0047_XL,2026-02-04,No,2,0,5958
Retail,S010,ST0040_M,2026-02-04,No,2,0,2480
Retail,S010,ST0022_M,2026-02-04,No,1,0,4776
Retail,S010,ST0043_S,2026-02-04,No,4,0,16688
Retail,S010,ST0048_XL,2026-02-04,No,1,0,2570
Retail,S010,ST0005_M,2026-02-04,No,1,0,3869
Retail,S010,ST0001_S,2026-02-04,No,2,0,4588
Retail,S010,ST0028_S,2026-02-04,No,1,0,654
Retail,S010,ST0038_S,2026-02-04,No,3,0,14592
Retail,S010,ST0045_S,2026-02-04,No,1,0,2179
Retail,S010,ST0010_M,2026-02-04,No,4,0,18796
Retail,S010,ST0039_L,2026-02-04,No,1,0,1330
Retail,S010,ST0027_L,2026-02-04,No,3,0,6558
Retail,S010,ST0037_S,2026-02-04,No,1,0,504
Retail,S001,ST0035_XL,2026-02-05,No,1,0,4354
Retail,S001,ST0032_S,2026-02-05,No,4,0,17388
Retail,S001,ST0017_L,2026-02-05,No,4,0,4248
Retail,S001,ST0041_XL,2026-02-05,No,4,0,8656
Retail,S001,ST0024_M,2026-02-05,No,2,0,6950
Retail,S001,ST0037_S,2026-02-05,No,1,0,504
Retail,S001,ST0030_L,2026-02-05,No,3,0,8865
Retail,S001,ST0002_L,2026-02-05,No,3,0,11157
Retail,S001,ST0022_XL,2026-02-05,No,4,0,14680
Retail,S001,ST0003_M,2026-02-05,No,3,0,7029
Retail,S001,ST0026_XL,2026-02-05,No,4,0,17452
Retail,S001,ST0014_M,2026-02-05,No,1,0,4993
Retail,S001,ST0006_XL,2026-02-05,No,3,0,12669
Retail,S001,ST0040_M,2026-02-05,No,4,0,4960
Retail,S002,ST0014_S,2026-02-05,No,1,0,660
Retail,S002,ST0038_M,2026-02-05,No,2,0,9930
Retail,S002,ST0036_S,2026-02-05,No,1,0,2991
Retail,S002,ST0007_S,2026-02-05,No,2,0,7216
Retail,S002,ST0040_XL,2026-02-05,No,2,0,6676
Retail,S002,ST0045_L,2026-02-05,No,4,0,12976
Retail,S002,ST0049_L,2026-02-05,No,4,0,16920
Retail,S002,ST0030_S,2026-02-05,No,4,0,4148
Retail,S002,ST0020_M,2026-02-05,No,4,0,12096
Retail,S002,ST0027_L,2026-02-05,No,1,0,2186
Retail,S002,ST0039_M,2026-02-05,No,1,0,619
Retail,S002,ST0017_S,2026-02-05,No,4,0,8772
Retail,S002,ST0050_XL,2026-02-05,No,2,0,3696
Retail,S002,ST0041_S,2026-02-05,No,4,0,6600
Retail,S002,ST0011_XL,2026-02-05,No,1,0,2700
Retail,S003,ST0014_L,2026-02-05,No,4,0,7200
Retail,S003,ST0039_S,2026-02-05,No,1,0,2182
Retail,S003,ST0042_M,2026-02-05,No,1,0,1012
Retail,S003,ST0048_L,2026-02-05,No,3,0,14856
Retail,S003,ST0017_XL,2026-02-05,No,3,0,8955
Retail,S003,ST0033_XL,2026-02-05,No,3,0,4059
Retail,S003,ST0001_L,2026-02-05,No,3,0,9933
Retail,S003,ST0025_XL,2026-02-05,No,2,0,4632
Retail,S003,ST0021_XL,2026-02-05,No,2,0,7840
Retail,S003,ST0009_XL,2026-02-05,No,1,0,2148
Retail,S003,ST0004_M,2026-02-05,No,4,0,11540
Retail,S003,ST0001_XL,2026-02-05,No,4,0,7476
Retail,S003,ST0030_XL,2026-02-05,No,1,0,1024
Retail,S003,ST0041_L,2026-02-05,No,1,0,1512
Retail,S004,ST0016_S,2026-02-05,No,3,0,9705
Retail,S004,ST0029_S,2026-02-05,No,2,0,2568
Retail,S004,ST0010_S,2026-02-05,No,4,0,7780
Retail,S004,ST0015_S,2026-02-05,No,4,0,8108
Retail,S004,ST0046_L,2026-02-05,No,3,0,10854
Retail,S004,ST0002_XL,2026-02-05,No,4,0,13644
Retail,S004,ST0001_L,2026-02-05,No,1,0,3311
Retail,S004,ST0021_L,2026-02-05,No,1,0,2827
Retail,S004,ST0023_XL,2026-02-05,No,2,0,5600
Retail,S004,ST0005_L,2026-02-05,No,2,0,1524
Retail,S004,ST0009_L,2026-02-05,No,3,0,13473
Retail,S004,ST0036_XL,2026-02-05,No,3,0,10653
Retail,S005,ST0044_XL,2026-02-05,No,3,0,14247
Retail,S005,ST0032_S,2026-02-05,No,2,0,8694
Retail,S005,ST0044_M,2026-02-05,No,3,0,8382
Retail,S005,ST0026_S,2026-02-05,No,2,0,2138
Retail,S005,ST0016_L,2026-02-05,No,3,0,11838
Retail,S005,ST0005_M,2026-02-05,No,1,0,3869
Retail,S005,ST0031_L,2026-02-05,No,4,0,18460
Retail,S005,ST0042_S,2026-02-05,No,4,0,6324
Retail,S005,ST0021_M,2026-02-05,No,3,0,4680
Retail,S005,ST0028_XL,2026-02-05,No,2,0,9114
Retail,S005,ST0004_M,2026-02-05,No,1,0,2885
Retail,S005,ST0024_S,2026-02-05,No,2,0,2960
Retail,S005,ST0012_M,2026-02-05,No,4,0,19732
Retail,S005,ST0005_XL,2026-02-05,No,4,0,4492
Retail,S005,ST0016_S,2026-02-05,No,2,0,6470
Retail,S006,ST0004_L,2026-02-05,No,1,0,3419
Retail,S006,ST0049_L,2026-02-05,No,3,0,12690
Retail,S006,ST0014_S,2026-02-05,No,1,0,660
Retail,S006,ST0040_M,2026-02-05,No,2,0,2480
Retail,S006,ST0024_L,2026-02-05,No,1,0,1684
Retail,S006,ST0028_S,2026-02-05,No,2,0,1308
Retail,S006,ST0020_S,2026-02-05,No,3,0,8115
Retail,S006,ST0009_L,2026-02-05,No,4,0,17964
Retail,S006,ST0036_S,2026-02-05,No,3,0,8973
Retail,S006,ST0031_M,2026-02-05,No,4,0,18524
Retail,S006,ST0028_XL,2026-02-05,No,3,0,13671
Retail,S006,ST0014_M,2026-02-05,No,4,0,19972
Retail,S006,ST0016_S,2026-02-05,No,2,0,6470
Retail,S006,ST0047_M,2026-02-05,No,2,0,6918
Retail,S007,ST0034_L,2026-02-05,No,2,0,8538
Retail,S007,ST0047_XL,2026-02-05,No,2,0,5958
Retail,S007,ST0008_S,2026-02-05,No,3,0,6546
Retail,S007,ST0001_XL,2026-02-05,No,1,0,1869
Retail,S007,ST0041_S,2026-02-05,No,4,0,6600
Retail,S007,ST0017_XL,2026-02-05,No,2,0,5970
Retail,S007,ST0030_XL,2026-02-05,No,3,0,3072
Retail,S007,ST0027_XL,2026-02-05,No,3,0,10527
Retail,S007,ST0029_S,2026-02-05,No,2,0,2568
Retail,S007,ST0026_M,2026-02-05,No,2,0,4790
Retail,S007,ST0005_XL,2026-02-05,No,3,0,3369
Retail,S007,ST0004_M,2026-02-05,No,1,0,2885
Retail,S008,ST0005_S,2026-02-05,No,2,0,9122
Retail,S008,ST0025_S,2026-02-05,No,4,0,15576
Retail,S008,ST0010_M,2026-02-05,No,1,0,4699
Retail,S008,ST0007_L,2026-02-05,No,1,0,2556
Retail,S008,ST0005_L,2026-02-05,No,4,0,3048
Retail,S008,ST0013_S,2026-02-05,No,4,0,14936
Retail,S008,ST0015_L,2026-02-05,No,1,0,4996
Retail,S008,ST0014_M,2026-02-05,No,1,0,4993
Retail,S008,ST0037_L,2026-02-05,No,3,0,4473
Retail,S008,ST0008_XL,2026-02-05,No,1,0,4999
Retail,S008,ST0011_S,2026-02-05,No,1,0,3683
Retail,S008,ST0003_XL,2026-02-05,No,4,0,13904
Retail,S008,ST0040_M,2026-02-05,No,1,0,1240
Retail,S009,ST0042_XL,2026-02-05,No,3,0,3177
Retail,S009,ST0039_S,2026-02-05,No,1,0,2182
Retail,S009,ST0017_L,2026-02-05,No,4,0,4248
Retail,S009,ST0016_XL,2026-02-05,No,4,0,6180
Retail,S009,ST0046_S,2026-02-05,No,1,0,4545
Retail,S009,ST0019_S,2026-02-05,No,2,0,2630
Retail,S009,ST0038_S,2026-02-05,No,1,0,4864
Retail,S009,ST0050_L,2026-02-05,No,3,0,4545
Retail,S009,ST0002_S,2026-02-05,No,1,0,2486
Retail,S009,ST0009_XL,2026-02-05,No,1,0,2148
Retail,S009,ST0023_XL,2026-02-05,No,1,0,2800
Retail,S009,ST0042_L,2026-02-05,No,3,0,10047
Retail,S009,ST0003_L,2026-02-05,No,1,0,988
Retail,S009,ST0029_XL,2026-02-05,No,2,0,6612
Retail,S010,ST0049_XL,2026-02-05,No,3,0,8967
Retail,S010,ST0017_L,2026-02-05,No,3,0,3186
Retail,S010,ST0003_XL,2026-02-05,No,1,0,3476
Retail,S010,ST0013_L,2026-02-05,No,2,0,2912
Retail,S010,ST0044_XL,2026-02-05,No,1,0,4749
Retail,S010,ST0021_XL,2026-02-05,No,2,0,7840
Retail,S010,ST0002_L,2026-02-05,No,2,0,7438
Retail,S010,ST0015_S,2026-02-05,No,1,0,2027
Retail,S010,ST0006_XL,2026-02-05,No,1,0,4223
Retail,S010,ST0014_XL,2026-02-05,No,4,0,17948
Retail,S010,ST0040_XL,2026-02-05,No,1,0,3338
Retail,S010,ST0009_XL,2026-02-05,No,2,0,4296
Retail,S010,ST0027_L,2026-02-05,No,2,0,4372
Retail,S010,ST0029_XL,2026-02-05,No,3,0,9918
Retail,S010,ST0016_L,2026-02-05,No,3,0,11838
Retail,S010,ST0018_L,2026-02-05,No,1,0,1459
Retail,S010,ST0047_L,2026-02-05,No,1,0,2765
Retail,S010,ST0031_M,2026-02-05,No,2,0,9262
Retail,S010,ST0004_XL,2026-02-05,No,3,0,6906
Retail,S001,ST0017_L,2026-02-06,No,3,0,3186
Retail,S001,ST0011_XL,2026-02-06,No,2,0,5400
Retail,S001,ST0042_M,2026-02-06,No,1,0,1012
Retail,S001,ST0047_L,2026-02-06,No,2,0,5530
Retail,S001,ST0048_M,2026-02-06,No,2,0,4514
Retail,S001,ST0002_S,2026-02-06,No,3,0,7458
Retail,S001,ST0041_M,2026-02-06,No,2,0,4862
Retail,S001,ST0043_L,2026-02-06,No,2,0,9140
Retail,S001,ST0022_XL,2026-02-06,No,2,0,7340
Retail,S001,ST0045_M,2026-02-06,No,4,0,16024
Retail,S001,ST0034_L,2026-02-06,No,4,0,17076
Retail,S001,ST0019_XL,2026-02-06,No,1,0,1743
Retail,S001,ST0004_S,2026-02-06,No,3,0,7377
Retail,S001,ST0041_XL,2026-02-06,No,3,0,6492
Retail,S002,ST0027_XL,2026-02-06,No,2,0,7018
Retail,S002,ST0019_XL,2026-02-06,No,1,0,1743
Retail,S002,ST0009_M,2026-02-06,No,1,0,2196
Retail,S002,ST0012_S,2026-02-06,No,2,0,6922
Retail,S002,ST0018_L,2026-02-06,No,4,0,5836
Retail,S002,ST0042_XL,2026-02-06,No,4,0,4236
Retail,S002,ST0002_XL,2026-02-06,No,2,0,6822
Retail,S002,ST0019_L,2026-02-06,No,1,0,516
Retail,S002,ST0039_L,2026-02-06,No,2,0,2660
Retail,S002,ST0047_L,2026-02-06,No,3,0,8295
Retail,S002,ST0049_XL,2026-02-06,No,1,0,2989
Retail,S002,ST0040_S,2026-02-06,No,1,0,1869
Retail,S002,ST0033_M,2026-02-06,No,4,0,13096
Retail,S002,ST0015_L,2026-02-06,No,3,0,14988
Retail,S003,ST0049_M,2026-02-06,No,4,0,15004
Retail,S003,ST0013_M,2026-02-06,No,2,0,8582
Retail,S003,ST0035_XL,2026-02-06,No,1,0,4354
Retail,S003,ST0043_S,2026-02-06,No,1,0,4172
Retail,S003,ST0027_L,2026-02-06,No,1,0,2186
Retail,S003,ST0010_S,2026-02-06,No,1,0,1945
Retail,S003,ST0044_M,2026-02-06,No,4,0,11176
Retail,S003,ST0021_M,2026-02-06,No,4,0,6240
Retail,S003,ST0041_L,2026-02-06,No,3,0,4536
Retail,S003,ST0029_XL,2026-02-06,No,2,0,6612
Retail,S003,ST0006_XL,2026-02-06,No,4,0,16892
Retail,S003,ST0004_L,2026-02-06,No,4,0,13676
Retail,S003,ST0028_S,2026-02-06,No,2,0,1308
Retail,S003,ST0023_L,2026-02-06,No,2,0,1380
Retail,S003,ST0010_L,2026-02-06,No,4,0,17692
Retail,S003,ST0030_M,2026-02-06,No,1,0,2341
Retail,S003,ST0016_L,2026-02-06,No,3,0,11838
Retail,S004,ST0025_XL,2026-02-06,No,4,0,9264
Retail,S004,ST0024_XL,2026-02-06,No,4,0,15308
Retail,S004,ST0010_XL,2026-02-06,No,2,0,1506
Retail,S004,ST0023_M,2026-02-06,No,2,0,3278
Retail,S004,ST0020_XL,2026-02-06,No,2,0,7888
Retail,S004,ST0011_L,2026-02-06,No,2,0,1196
Retail,S004,ST0029_XL,2026-02-06,No,1,0,3306
Retail,S004,ST0007_XL,2026-02-06,No,4,0,14680
Retail,S004,ST0029_L,2026-02-06,No,1,0,4841
Retail,S004,ST0005_M,2026-02-06,No,4,0,15476
Retail,S004,ST0034_M,2026-02-06,No,3,0,12708
Retail,S004,ST0036_S,2026-02-06,No,3,0,8973
Retail,S004,ST0030_S,2026-02-06,No,4,0,4148
Retail,S005,ST0003_M,2026-02-06,No,4,0,9372
Retail,S005,ST0031_S,2026-02-06,No,1,0,3450
Retail,S005,ST0049_L,2026-02-06,No,1,0,4230
Retail,S005,ST0045_S,2026-02-06,No,3,0,6537
Retail,S005,ST0016_L,2026-02-06,No,1,0,3946
Retail,S005,ST0042_L,2026-02-06,No,3,0,10047
Retail,S005,ST0006_S,2026-02-06,No,4,0,6064
Retail,S005,ST0020_S,2026-02-06,No,1,0,2705
Retail,S005,ST0019_XL,2026-02-06,No,2,0,3486
Retail,S005,ST0009_M,2026-02-06,No,4,0,8784
Retail,S005,ST0038_S,2026-02-06,No,3,0,14592
Retail,S005,ST0028_L,2026-02-06,No,4,0,7636
Retail,S005,ST0030_M,2026-02-06,No,2,0,4682
Retail,S005,ST0011_XL,2026-02-06,No,3,0,8100
Retail,S005,ST0037_XL,2026-02-06,No,3,0,13926
Retail,S006,ST0023_M,2026-02-06,No,3,0,4917
Retail,S006,ST0009_S,2026-02-06,No,1,0,3691
Retail,S006,ST0021_M,2026-02-06,No,4,0,6240
Retail,S006,ST0042_L,2026-02-06,No,2,0,6698
Retail,S006,ST0050_M,2026-02-06,No,1,0,3316
Retail,S006,ST0017_S,2026-02-06,No,2,0,4386
Retail,S006,ST0033_L,2026-02-06,No,4,0,9928
Retail,S006,ST0044_M,2026-02-06,No,1,0,2794
Retail,S006,ST0043_S,2026-02-06,No,2,0,8344
Retail,S006,ST0004_M,2026-02-06,No,2,0,5770
Retail,S006,ST0014_M,2026-02-06,No,2,0,9986
Retail,S006,ST0030_XL,2026-02-06,No,3,0,3072
Retail,S006,ST0034_M,2026-02-06,No,1,0,4236
Retail,S006,ST0047_XL,2026-02-06,No,3,0,8937
Retail,S006,ST0019_L,2026-02-06,No,1,0,516
Retail,S007,ST0011_S,2026-02-06,No,4,0,14732
Retail,S007,ST0001_S,2026-02-06,No,4,0,9176
Retail,S007,ST0006_M,2026-02-06,No,1,0,4143
Retail,S007,ST0042_L,2026-02-06,No,2,0,6698
Retail,S007,ST0019_L,2026-02-06,No,3,0,1548
Retail,S007,ST0004_L,2026-02-06,No,4,0,13676
Retail,S007,ST0018_S,2026-02-06,No,3,0,11562
Retail,S007,ST0021_L,2026-02-06,No,1,0,2827
Retail,S007,ST0004_M,2026-02-06,No,4,0,11540
Retail,S007,ST0003_M,2026-02-06,No,2,0,4686
Retail,S007,ST0042_S,2026-02-06,No,2,0,3162
Retail,S007,ST0035_L,2026-02-06,No,1,0,2215
Retail,S007,ST0005_S,2026-02-06,No,3,0,13683
Retail,S007,ST0007_XL,2026-02-06,No,2,0,7340
Retail,S007,ST0002_S,2026-02-06,No,2,0,4972
Retail,S008,ST0045_XL,2026-02-06,No,1,0,3856
Retail,S008,ST0050_S,2026-02-06,No,2,0,4262
Retail,S008,ST0019_S,2026-02-06,No,1,0,1315
Retail,S008,ST0029_S,2026-02-06,No,3,0,3852
Retail,S008,ST0027_L,2026-02-06,No,3,0,6558
Retail,S008,ST0020_L,2026-02-06,No,2,0,3138
Retail,S008,ST0036_S,2026-02-06,No,2,0,5982
Retail,S008,ST0016_L,2026-02-06,No,4,0,15784
Retail,S008,ST0037_XL,2026-02-06,No,3,0,13926
Retail,S008,ST0050_XL,2026-02-06,No,3,0,5544
Retail,S008,ST0034_XL,2026-02-06,No,1,0,1074
Retail,S008,ST0046_S,2026-02-06,No,2,0,9090
Retail,S008,ST0044_M,2026-02-06,No,1,0,2794
Retail,S008,ST0047_L,2026-02-06,No,3,0,8295
Retail,S008,ST0010_M,2026-02-06,No,2,0,9398
Retail,S009,ST0036_M,2026-02-06,No,3,0,9480
Retail,S009,ST0001_L,2026-02-06,No,1,0,3311
Retail,S009,ST0030_S,2026-02-06,No,3,0,3111
Retail,S009,ST0030_M,2026-02-06,No,1,0,2341
Retail,S009,ST0048_L,2026-02-06,No,1,0,4952
Retail,S009,ST0039_M,2026-02-06,No,3,0,1857
Retail,S009,ST0017_L,2026-02-06,No,1,0,1062
Retail,S009,ST0013_S,2026-02-06,No,3,0,11202
Retail,S009,ST0007_S,2026-02-06,No,4,0,14432
Retail,S009,ST0044_L,2026-02-06,No,3,0,10941
Retail,S009,ST0026_XL,2026-02-06,No,4,0,17452
Retail,S009,ST0022_S,2026-02-06,No,4,0,3204
Retail,S009,ST0037_L,2026-02-06,No,1,0,1491
Retail,S009,ST0046_S,2026-02-06,No,4,0,18180
Retail,S009,ST0018_XL,2026-02-06,No,4,0,14268
Retail,S009,ST0026_L,2026-02-06,No,1,0,3233
Retail,S009,ST0041_M,2026-02-06,No,2,0,4862
Retail,S009,ST0007_XL,2026-02-06,No,3,0,11010
Retail,S009,ST0002_XL,2026-02-06,No,4,0,13644
Retail,S010,ST0003_S,2026-02-06,No,3,0,6702
Retail,S010,ST0012_L,2026-02-06,No,4,0,17108
Retail,S010,ST0033_XL,2026-02-06,No,2,0,2706
Retail,S010,ST0025_M,2026-02-06,No,2,0,1254
Retail,S010,ST0028_L,2026-02-06,No,2,0,3818
Retail,S010,ST0049_XL,2026-02-06,No,4,0,11956
Retail,S010,ST0010_L,2026-02-06,No,2,0,8846
Retail,S010,ST0050_M,2026-02-06,No,2,0,6632
Retail,S010,ST0046_M,2026-02-06,No,3,0,5229
Retail,S010,ST0027_S,2026-02-06,No,3,0,13542
Retail,S010,ST0049_M,2026-02-06,No,2,0,7502
Retail,S010,ST0041_L,2026-02-06,No,3,0,4536
Retail,S010,ST0016_M,2026-02-06,No,3,0,4362
Retail,S010,ST0023_XL,2026-02-06,No,4,0,11200
Retail,S010,ST0030_S,2026-02-06,No,1,0,1037
Retail,S001,ST0009_L,2026-02-07,No,3,0,13473
Retail,S001,ST0013_XL,2026-02-07,No,2,0,9134
Retail,S001,ST0042_XL,2026-02-07,No,2,0,2118
Retail,S001,ST0004_M,2026-02-07,No,4,0,11540
Retail,S001,ST0026_S,2026-02-07,No,4,0,4276
Retail,S001,ST0010_L,2026-02-07,No,1,0,4423
Retail,S001,ST0043_L,2026-02-07,No,2,0,9140
Retail,S001,ST0040_XL,2026-02-07,No,3,0,10014
Retail,S001,ST0022_XL,2026-02-07,No,2,0,7340
Retail,S001,ST0036_S,2026-02-07,No,1,0,2991
Retail,S001,ST0035_M,2026-02-07,No,4,0,6592
Retail,S001,ST0024_XL,2026-02-07,No,4,0,15308
Retail,S001,ST0044_L,2026-02-07,No,3,0,10941
Retail,S001,ST0026_XL,2026-02-07,No,2,0,8726
Retail,S002,ST0009_S,2026-02-07,No,1,0,3691
Retail,S002,ST0041_M,2026-02-07,No,3,0,7293
Retail,S002,ST0031_S,2026-02-07,No,3,0,10350
Retail,S002,ST0027_S,2026-02-07,No,3,0,13542
Retail,S002,ST0023_XL,2026-02-07,No,2,0,5600
Retail,S002,ST0029_M,2026-02-07,No,4,0,14700
Retail,S002,ST0038_L,2026-02-07,No,2,0,2270
Retail,S002,ST0009_M,2026-02-07,No,1,0,2196
Retail,S002,ST0023_L,2026-02-07,No,3,0,2070
Retail,S002,ST0046_S,2026-02-07,No,2,0,9090
Retail,S002,ST0044_L,2026-02-07,No,3,0,10941
Retail,S002,ST0026_M,2026-02-07,No,2,0,4790
Retail,S002,ST0039_XL,2026-02-07,No,3,0,12525
Retail,S002,ST0030_S,2026-02-07,No,1,0,1037
Retail,S002,ST0005_L,2026-02-07,No,1,0,762
Retail,S002,ST0018_M,2026-02-07,No,4,0,2900
Retail,S003,ST0038_S,2026-02-07,No,1,0,4864
Retail,S003,ST0047_S,2026-02-07,No,1,0,3559
Retail,S003,ST0028_M,2026-02-07,No,4,0,12148
Retail,S003,ST0045_S,2026-02-07,No,3,0,6537
Retail,S003,ST0043_L,2026-02-07,No,3,0,13710
Retail,S003,ST0008_S,2026-02-07,No,1,0,2182
Retail,S003,ST0037_L,2026-02-07,No,2,0,2982
Retail,S003,ST0014_L,2026-02-07,No,4,0,7200
Retail,S003,ST0041_L,2026-02-07,No,1,0,1512
Retail,S003,ST0021_M,2026-02-07,No,1,0,1560
Retail,S003,ST0005_S,2026-02-07,No,1,0,4561
Retail,S003,ST0048_M,2026-02-07,No,2,0,4514
Retail,S003,ST0049_L,2026-02-07,No,4,0,16920
Retail,S003,ST0044_S,2026-02-07,No,4,0,4320
Retail,S004,ST0003_XL,2026-02-07,No,3,0,10428
Retail,S004,ST0040_M,2026-02-07,No,4,0,4960
Retail,S004,ST0041_L,2026-02-07,No,3,0,4536
Retail,S004,ST0017_S,2026-02-07,No,4,0,8772
Retail,S004,ST0040_L,2026-02-07,No,2,0,1232
Retail,S004,ST0039_S,2026-02-07,No,1,0,2182
Retail,S004,ST0021_L,2026-02-07,No,2,0,5654
Retail,S004,ST0044_S,2026-02-07,No,3,0,3240
Retail,S004,ST0020_M,2026-02-07,No,2,0,6048
Retail,S004,ST0016_L,2026-02-07,No,1,0,3946
Retail,S004,ST0044_XL,2026-02-07,No,1,0,4749
Retail,S004,ST0050_M,2026-02-07,No,4,0,13264
Retail,S004,ST0015_S,2026-02-07,No,2,0,4054
Retail,S004,ST0006_S,2026-02-07,No,3,0,4548
Retail,S004,ST0017_M,2026-02-07,No,1,0,3936
Retail,S004,ST0046_M,2026-02-07,No,4,0,6972
Retail,S004,ST0026_XL,2026-02-07,No,4,0,17452
Retail,S005,ST0007_L,2026-02-07,No,2,0,5112
Retail,S005,ST0048_L,2026-02-07,No,2,0,9904
Retail,S005,ST0035_M,2026-02-07,No,2,0,3296
Retail,S005,ST0034_M,2026-02-07,No,3,0,12708
Retail,S005,ST0003_S,2026-02-07,No,4,0,8936
Retail,S005,ST0048_M,2026-02-07,No,3,0,6771
Retail,S005,ST0014_S,2026-02-07,No,1,0,660
Retail,S005,ST0009_S,2026-02-07,No,3,0,11073
Retail,S005,ST0036_S,2026-02-07,No,4,0,11964
Retail,S005,ST0008_M,2026-02-07,No,2,0,5510
Retail,S005,ST0030_XL,2026-02-07,No,3,0,3072
Retail,S005,ST0012_L,2026-02-07,No,2,0,8554
Retail,S005,ST0013_L,2026-02-07,No,2,0,2912
Retail,S005,ST0041_M,2026-02-07,No,2,0,4862
Retail,S005,ST0008_L,2026-02-07,No,4,0,6616
Retail,S005,ST0049_S,2026-02-07,No,2,0,6698
Retail,S005,ST0039_S,2026-02-07,No,4,0,8728
Retail,S006,ST0024_M,2026-02-07,No,2,0,6950
Retail,S006,ST0009_M,2026-02-07,No,3,0,6588
Retail,S006,ST0033_L,2026-02-07,No,3,0,7446
Retail,S006,ST0012_S,2026-02-07,No,3,0,10383
Retail,S006,ST0008_L,2026-02-07,No,2,0,3308
Retail,S006,ST0037_L,2026-02-07,No,4,0,5964
Retail,S006,ST0028_XL,2026-02-07,No,4,0,18228
Retail,S006,ST0010_M,2026-02-07,No,1,0,4699
Retail,S006,ST0046_XL,2026-02-07,No,4,0,10564
Retail,S006,ST0021_S,2026-02-07,No,4,0,12260
Retail,S006,ST0040_M,2026-02-07,No,3,0,3720
Retail,S006,ST0047_XL,2026-02-07,No,1,0,2979
Retail,S006,ST0019_S,2026-02-07,No,4,0,5260
Retail,S007,ST0003_L,2026-02-07,No,3,0,2964
Retail,S007,ST0029_L,2026-02-07,No,3,0,14523
Retail,S007,ST0016_L,2026-02-07,No,4,0,15784
Retail,S007,ST0026_S,2026-02-07,No,1,0,1069
Retail,S007,ST0017_L,2026-02-07,No,2,0,2124
Retail,S007,ST0044_L,2026-02-07,No,4,0,14588
Retail,S007,ST0042_XL,2026-02-07,No,1,0,1059
Retail,S007,ST0038_XL,2026-02-07,No,4,0,8772
Retail,S007,ST0050_M,2026-02-07,No,2,0,6632
Retail,S007,ST0012_S,2026-02-07,No,4,0,13844
Retail,S007,ST0017_M,2026-02-07,No,3,0,11808
Retail,S008,ST0029_M,2026-02-07,No,2,0,7350
Retail,S008,ST0046_S,2026-02-07,No,4,0,18180
Retail,S008,ST0016_M,2026-02-07,No,3,0,4362
Retail,S008,ST0020_S,2026-02-07,No,1,0,2705
Retail,S008,ST0047_S,2026-02-07,No,3,0,10677
Retail,S008,ST0025_S,2026-02-07,No,1,0,3894
Retail,S008,ST0001_XL,2026-02-07,No,3,0,5607
Retail,S008,ST0027_S,2026-02-07,No,2,0,9028
Retail,S008,ST0031_L,2026-02-07,No,4,0,18460
Retail,S008,ST0042_M,2026-02-07,No,2,0,2024
Retail,S008,ST0050_XL,2026-02-07,No,2,0,3696
Retail,S008,ST0002_XL,2026-02-07,No,3,0,10233
Retail,S008,ST0010_S,2026-02-07,No,3,0,5835
Retail,S008,ST0045_S,2026-02-07,No,2,0,4358
Retail,S008,ST0015_XL,2026-02-07,No,2,0,7208
Retail,S009,ST0005_XL,2026-02-07,No,4,0,4492
Retail,S009,ST0032_XL,2026-02-07,No,4,0,5884
Retail,S009,ST0045_S,2026-02-07,No,4,0,8716
Retail,S009,ST0007_XL,2026-02-07,No,1,0,3670
Retail,S009,ST0046_S,2026-02-07,No,1,0,4545
Retail,S009,ST0040_XL,2026-02-07,No,4,0,13352
Retail,S009,ST0039_M,2026-02-07,No,3,0,1857
Retail,S009,ST0049_M,2026-02-07,No,2,0,7502
Retail,S009,ST0009_XL,2026-02-07,No,2,0,4296
Retail,S009,ST0034_M,2026-02-07,No,3,0,12708
Retail,S009,ST0012_S,2026-02-07,No,1,0,3461
Retail,S009,ST0033_S,2026-02-07,No,1,0,1666
Retail,S009,ST0027_L,2026-02-07,No,4,0,8744
Retail,S009,ST0022_L,2026-02-07,No,1,0,1106
Retail,S010,ST0013_S,2026-02-07,No,2,0,7468
Retail,S010,ST0034_S,2026-02-07,No,1,0,4646
Retail,S010,ST0034_M,2026-02-07,No,1,0,4236
Retail,S010,ST0019_S,2026-02-07,No,2,0,2630
Retail,S010,ST0039_M,2026-02-07,No,4,0,2476
Retail,S010,ST0039_S,2026-02-07,No,4,0,8728
Retail,S010,ST0009_S,2026-02-07,No,2,0,7382
Retail,S010,ST0008_L,2026-02-07,No,2,0,3308
Retail,S010,ST0038_M,2026-02-07,No,1,0,4965
Retail,S010,ST0003_L,2026-02-07,No,4,0,3952
Retail,S010,ST0019_L,2026-02-07,No,2,0,1032
Retail,S010,ST0011_S,2026-02-07,No,2,0,7366
Retail,S010,ST0002_XL,2026-02-07,No,3,0,10233
Retail,S010,ST0006_M,2026-02-07,No,4,0,16572
Retail,S010,ST0022_XL,2026-02-07,No,3,0,11010
Retail,S010,ST0012_S,2026-02-07,No,4,0,13844
Retail,S001,ST0015_XL,2026-02-08,No,2,0,7208
Retail,S001,ST0003_L,2026-02-08,No,3,0,2964
Retail,S001,ST0016_M,2026-02-08,No,2,0,2908
Retail,S001,ST0008_S,2026-02-08,No,2,0,4364
Retail,S001,ST0047_M,2026-02-08,No,3,0,10377
Retail,S001,ST0043_S,2026-02-08,No,4,0,16688
Retail,S001,ST0024_S,2026-02-08,No,3,0,4440
Retail,S001,ST0010_M,2026-02-08,No,1,0,4699
Retail,S001,ST0044_L,2026-02-08,No,2,0,7294
Retail,S001,ST0030_L,2026-02-08,No,4,0,11820
Retail,S001,ST0048_M,2026-02-08,No,1,0,2257
Retail,S001,ST0050_XL,2026-02-08,No,1,0,1848
Retail,S001,ST0012_XL,2026-02-08,No,4,0,13476
Retail,S001,ST0002_L,2026-02-08,No,3,0,11157
Retail,S001,ST0013_L,2026-02-08,No,2,0,2912
Retail,S001,ST0037_L,2026-02-08,No,3,0,4473
Retail,S001,ST0035_XL,2026-02-08,No,4,0,17416
Retail,S001,ST0031_M,2026-02-08,No,3,0,13893
Retail,S001,ST0020_L,2026-02-08,No,4,0,6276
Retail,S002,ST0036_S,2026-02-08,No,4,0,11964
Retail,S002,ST0030_L,2026-02-08,No,4,0,11820
Retail,S002,ST0049_M,2026-02-08,No,2,0,7502
Retail,S002,ST0024_S,2026-02-08,No,2,0,2960
Retail,S002,ST0050_L,2026-02-08,No,4,0,6060
Retail,S002,ST0005_XL,2026-02-08,No,1,0,1123
Retail,S002,ST0037_M,2026-02-08,No,3,0,4128
Retail,S002,ST0032_S,2026-02-08,No,3,0,13041
Retail,S002,ST0007_S,2026-02-08,No,2,0,7216
Retail,S002,ST0028_L,2026-02-08,No,1,0,1909
Retail,S002,ST0047_L,2026-02-08,No,2,0,5530
Retail,S002,ST0013_L,2026-02-08,No,4,0,5824
Retail,S002,ST0041_XL,2026-02-08,No,2,0,4328
Retail,S002,ST0008_S,2026-02-08,No,4,0,8728
Retail,S002,ST0013_S,2026-02-08,No,2,0,7468
Retail,S002,ST0007_L,2026-02-08,No,3,0,7668
Retail,S002,ST0045_L,2026-02-08,No,3,0,9732
Retail,S003,ST0033_M,2026-02-08,No,1,0,3274
Retail,S003,ST0001_S,2026-02-08,No,1,0,2294
Retail,S003,ST0041_XL,2026-02-08,No,3,0,6492
Retail,S003,ST0014_L,2026-02-08,No,2,0,3600
Retail,S003,ST0019_XL,2026-02-08,No,3,0,5229
Retail,S003,ST0020_M,2026-02-08,No,2,0,6048
Retail,S003,ST0006_S,2026-02-08,No,3,0,4548
Retail,S003,ST0034_L,2026-02-08,No,1,0,4269
Retail,S003,ST0044_XL,2026-02-08,No,1,0,4749
Retail,S003,ST0031_S,2026-02-08,No,2,0,6900
Retail,S003,ST0019_M,2026-02-08,No,1,0,3620
Retail,S003,ST0043_M,2026-02-08,No,3,0,11529
Retail,S003,ST0044_L,2026-02-08,No,1,0,3647
Retail,S003,ST0029_L,2026-02-08,No,4,0,19364
Retail,S003,ST0012_L,2026-02-08,No,3,0,12831
Retail,S003,ST0049_L,2026-02-08,No,4,0,16920
Retail,S003,ST0002_L,2026-02-08,No,4,0,14876
Retail,S004,ST0050_L,2026-02-08,No,4,0,6060
Retail,S004,ST0020_XL,2026-02-08,No,2,0,7888
Retail,S004,ST0001_L,2026-02-08,No,2,0,6622
Retail,S004,ST0002_L,2026-02-08,No,3,0,11157
Retail,S004,ST0026_M,2026-02-08,No,2,0,4790
Retail,S004,ST0004_S,2026-02-08,No,4,0,9836
Retail,S004,ST0035_S,2026-02-08,No,3,0,11283
Retail,S004,ST0020_M,2026-02-08,No,2,0,6048
Retail,S004,ST0047_L,2026-02-08,No,1,0,2765
Retail,S004,ST0016_L,2026-02-08,No,1,0,3946
Retail,S004,ST0030_L,2026-02-08,No,3,0,8865
Retail,S004,ST0041_S,2026-02-08,No,1,0,1650
Retail,S004,ST0022_L,2026-02-08,No,1,0,1106
Retail,S004,ST0012_XL,2026-02-08,No,2,0,6738
Retail,S005,ST0024_L,2026-02-08,No,2,0,3368
Retail,S005,ST0017_M,2026-02-08,No,3,0,11808
Retail,S005,ST0037_S,2026-02-08,No,1,0,504
Retail,S005,ST0004_M,2026-02-08,No,4,0,11540
Retail,S005,ST0037_M,2026-02-08,No,3,0,4128
Retail,S005,ST0001_XL,2026-02-08,No,4,0,7476
Retail,S005,ST0043_L,2026-02-08,No,1,0,4570
Retail,S005,ST0033_S,2026-02-08,No,2,0,3332
Retail,S005,ST0040_M,2026-02-08,No,3,0,3720
Retail,S005,ST0004_L,2026-02-08,No,2,0,6838
Retail,S005,ST0033_XL,2026-02-08,No,3,0,4059
Retail,S005,ST0042_XL,2026-02-08,No,3,0,3177
Retail,S005,ST0027_M,2026-02-08,No,1,0,3401
Retail,S005,ST0008_M,2026-02-08,No,2,0,5510
Retail,S005,ST0032_S,2026-02-08,No,1,0,4347
Retail,S006,ST0016_M,2026-02-08,No,3,0,4362
Retail,S006,ST0024_S,2026-02-08,No,1,0,1480
Retail,S006,ST0012_XL,2026-02-08,No,1,0,3369
Retail,S006,ST0035_XL,2026-02-08,No,2,0,8708
Retail,S006,ST0036_S,2026-02-08,No,4,0,11964
Retail,S006,ST0014_M,2026-02-08,No,2,0,9986
Retail,S006,ST0019_L,2026-02-08,No,4,0,2064
Retail,S006,ST0038_XL,2026-02-08,No,3,0,6579
Retail,S006,ST0010_M,2026-02-08,No,3,0,14097
Retail,S006,ST0001_XL,2026-02-08,No,2,0,3738
Retail,S006,ST0045_S,2026-02-08,No,2,0,4358
Retail,S006,ST0015_L,2026-02-08,No,1,0,4996
Retail,S006,ST0040_S,2026-02-08,No,2,0,3738
Retail,S006,ST0020_XL,2026-02-08,No,1,0,3944
Retail,S006,ST0043_XL,2026-02-08,No,4,0,7880
Retail,S006,ST0049_M,2026-02-08,No,2,0,7502
Retail,S006,ST0022_S,2026-02-08,No,1,0,801
Retail,S007,ST0047_XL,2026-02-08,No,1,0,2979
Retail,S007,ST0008_L,2026-02-08,No,4,0,6616
Retail,S007,ST0037_L,2026-02-08,No,2,0,2982
Retail,S007,ST0046_L,2026-02-08,No,1,0,3618
Retail,S007,ST0003_S,2026-02-08,No,4,0,8936
Retail,S007,ST0017_M,2026-02-08,No,2,0,7872
Retail,S007,ST0033_M,2026-02-08,No,4,0,13096
Retail,S007,ST0025_L,2026-02-08,No,2,0,5130
Retail,S007,ST0033_XL,2026-02-08,No,2,0,2706
Retail,S007,ST0026_S,2026-02-08,No,4,0,4276
Retail,S007,ST0050_L,2026-02-08,No,2,0,3030
Retail,S007,ST0007_XL,2026-02-08,No,2,0,7340
Retail,S007,ST0011_M,2026-02-08,No,3,0,9171
Retail,S007,ST0044_S,2026-02-08,No,2,0,2160
Retail,S008,ST0002_M,2026-02-08,No,1,0,646
Retail,S008,ST0015_S,2026-02-08,No,4,0,8108
Retail,S008,ST0002_L,2026-02-08,No,1,0,3719
Retail,S008,ST0038_L,2026-02-08,No,2,0,2270
Retail,S008,ST0015_M,2026-02-08,No,1,0,1718
Retail,S008,ST0039_M,2026-02-08,No,2,0,1238
Retail,S008,ST0040_XL,2026-02-08,No,2,0,6676
Retail,S008,ST0045_S,2026-02-08,No,3,0,6537
Retail,S008,ST0029_L,2026-02-08,No,1,0,4841
Retail,S008,ST0017_L,2026-02-08,No,1,0,1062
Retail,S008,ST0003_S,2026-02-08,No,2,0,4468
Retail,S008,ST0013_L,2026-02-08,No,3,0,4368
Retail,S008,ST0050_S,2026-02-08,No,1,0,2131
Retail,S008,ST0008_S,2026-02-08,No,2,0,4364
Retail,S009,ST0006_L,2026-02-08,No,4,0,10196
Retail,S009,ST0029_M,2026-02-08,No,1,0,3675
Retail,S009,ST0048_L,2026-02-08,No,4,0,19808
Retail,S009,ST0021_M,2026-02-08,No,4,0,6240
Retail,S009,ST0019_L,2026-02-08,No,3,0,1548
Retail,S009,ST0001_XL,2026-02-08,No,1,0,1869
Retail,S009,ST0042_L,2026-02-08,No,3,0,10047
Retail,S009,ST0018_L,2026-02-08,No,4,0,5836
Retail,S009,ST0008_S,2026-02-08,No,3,0,6546
Retail,S009,ST0039_XL,2026-02-08,No,1,0,4175
Retail,S009,ST0037_S,2026-02-08,No,4,0,2016
Retail,S009,ST0043_S,2026-02-08,No,3,0,12516
Retail,S009,ST0027_XL,2026-02-08,No,4,0,14036
Retail,S009,ST0025_XL,2026-02-08,No,4,0,9264
Retail,S009,ST0031_L,2026-02-08,No,1,0,4615
Retail,S009,ST0028_M,2026-02-08,No,1,0,3037
Retail,S010,ST0028_L,2026-02-08,No,1,0,1909
Retail,S010,ST0004_S,2026-02-08,No,1,0,2459
Retail,S010,ST0017_XL,2026-02-08,No,1,0,2985
Retail,S010,ST0009_XL,2026-02-08,No,2,0,4296
Retail,S010,ST0034_XL,2026-02-08,No,1,0,1074
Retail,S010,ST0031_L,2026-02-08,No,4,0,18460
Retail,S010,ST0034_L,2026-02-08,No,3,0,12807
Retail,S010,ST0019_S,2026-02-08,No,3,0,3945
Retail,S010,ST0047_M,2026-02-08,No,3,0,10377
Retail,S010,ST0031_XL,2026-02-08,No,2,0,5736
Retail,S010,ST0007_S,2026-02-08,No,1,0,3608
Retail,S010,ST0008_S,2026-02-08,No,4,0,8728
Retail,S010,ST0028_S,2026-02-08,No,3,0,1962
Retail,S010,ST0010_XL,2026-02-08,No,4,0,3012
Retail,S010,ST0018_M,2026-02-08,No,1,0,725
Retail,S010,ST0048_L,2026-02-08,No,1,0,4952
Retail,S010,ST0008_L,2026-02-08,No,4,0,6616
Retail,S001,ST0001_XL,2026-02-09,No,1,0,1869
Retail,S001,ST0001_M,2026-02-09,No,3,0,3477
Retail,S001,ST0009_XL,2026-02-09,No,3,0,6444
Retail,S001,ST0035_XL,2026-02-09,No,4,0,17416
Retail,S001,ST0041_XL,2026-02-09,No,1,0,2164
Retail,S001,ST0019_S,2026-02-09,No,4,0,5260
Retail,S001,ST0043_S,2026-02-09,No,4,0,16688
Retail,S001,ST0025_M,2026-02-09,No,1,0,627
Retail,S001,ST0026_S,2026-02-09,No,1,0,1069
Retail,S001,ST0025_S,2026-02-09,No,4,0,15576
Retail,S001,ST0007_XL,2026-02-09,No,2,0,7340
Retail,S001,ST0016_M,2026-02-09,No,3,0,4362
Retail,S001,ST0049_M,2026-02-09,No,1,0,3751
Retail,S001,ST0015_L,2026-02-09,No,3,0,14988
Retail,S001,ST0034_XL,2026-02-09,No,1,0,1074
Retail,S002,ST0002_M,2026-02-09,No,2,0,1292
Retail,S002,ST0018_S,2026-02-09,No,1,0,3854
Retail,S002,ST0013_XL,2026-02-09,No,3,0,13701
Retail,S002,ST0033_XL,2026-02-09,No,4,0,5412
Retail,S002,ST0050_M,2026-02-09,No,2,0,6632
Retail,S002,ST0033_L,2026-02-09,No,4,0,9928
Retail,S002,ST0009_S,2026-02-09,No,3,0,11073
Retail,S002,ST0018_L,2026-02-09,No,2,0,2918
Retail,S002,ST0023_M,2026-02-09,No,3,0,4917
Retail,S002,ST0034_M,2026-02-09,No,4,0,16944
Retail,S002,ST0024_S,2026-02-09,No,2,0,2960
Retail,S002,ST0038_M,2026-02-09,No,4,0,19860
Retail,S002,ST0002_S,2026-02-09,No,2,0,4972
Retail,S002,ST0004_L,2026-02-09,No,3,0,10257
Retail,S002,ST0012_S,2026-02-09,No,2,0,6922
Retail,S002,ST0011_XL,2026-02-09,No,4,0,10800
Retail,S002,ST0005_M,2026-02-09,No,1,0,3869
Retail,S002,ST0025_XL,2026-02-09,No,4,0,9264
Retail,S003,ST0037_L,2026-02-09,No,2,0,2982
Retail,S003,ST0012_XL,2026-02-09,No,1,0,3369
Retail,S003,ST0048_S,2026-02-09,No,4,0,8540
Retail,S003,ST0049_XL,2026-02-09,No,1,0,2989
Retail,S003,ST0003_S,2026-02-09,No,2,0,4468
Retail,S003,ST0037_S,2026-02-09,No,1,0,504
Retail,S003,ST0014_L,2026-02-09,No,3,0,5400
Retail,S003,ST0025_L,2026-02-09,No,3,0,7695
Retail,S003,ST0006_S,2026-02-09,No,1,0,1516
Retail,S003,ST0046_S,2026-02-09,No,3,0,13635
Retail,S003,ST0030_M,2026-02-09,No,3,0,7023
Retail,S003,ST0025_M,2026-02-09,No,4,0,2508
Retail,S003,ST0005_S,2026-02-09,No,4,0,18244
Retail,S003,ST0050_L,2026-02-09,No,1,0,1515
Retail,S003,ST0018_M,2026-02-09,No,3,0,2175
Retail,S003,ST0009_M,2026-02-09,No,2,0,4392
Retail,S003,ST0024_L,2026-02-09,No,2,0,3368
Retail,S004,ST0044_S,2026-02-09,No,1,0,1080
Retail,S004,ST0028_XL,2026-02-09,No,4,0,18228
Retail,S004,ST0044_M,2026-02-09,No,2,0,5588
Retail,S004,ST0029_XL,2026-02-09,No,1,0,3306
Retail,S004,ST0002_XL,2026-02-09,No,1,0,3411
Retail,S004,ST0022_L,2026-02-09,No,4,0,4424
Retail,S004,ST0006_S,2026-02-09,No,4,0,6064
Retail,S004,ST0049_XL,2026-02-09,No,1,0,2989
Retail,S004,ST0045_XL,2026-02-09,No,3,0,11568
Retail,S004,ST0037_S,2026-02-09,No,1,0,504
Retail,S004,ST0034_M,2026-02-09,No,3,0,12708
Retail,S004,ST0016_XL,2026-02-09,No,3,0,4635
Retail,S004,ST0020_S,2026-02-09,No,3,0,8115
Retail,S004,ST0007_XL,2026-02-09,No,3,0,11010
Retail,S004,ST0012_XL,2026-02-09,No,1,0,3369
Retail,S004,ST0015_XL,2026-02-09,No,3,0,10812
Retail,S005,ST0017_M,2026-02-09,No,4,0,15744
Retail,S005,ST0013_M,2026-02-09,No,1,0,4291
Retail,S005,ST0001_XL,2026-02-09,No,2,0,3738
Retail,S005,ST0028_S,2026-02-09,No,2,0,1308
Retail,S005,ST0032_M,2026-02-09,No,1,0,4995
Retail,S005,ST0026_S,2026-02-09,No,4,0,4276
Retail,S005,ST0007_XL,2026-02-09,No,1,0,3670
Retail,S005,ST0018_L,2026-02-09,No,3,0,4377
Retail,S005,ST0050_L,2026-02-09,No,2,0,3030
Retail,S005,ST0006_S,2026-02-09,No,3,0,4548
Retail,S005,ST0021_XL,2026-02-09,No,1,0,3920
Retail,S005,ST0039_L,2026-02-09,No,3,0,3990
Retail,S005,ST0040_M,2026-02-09,No,4,0,4960
Retail,S005,ST0026_XL,2026-02-09,No,4,0,17452
Retail,S005,ST0027_M,2026-02-09,No,2,0,6802
Retail,S005,ST0018_S,2026-02-09,No,3,0,11562
Retail,S006,ST0043_XL,2026-02-09,No,2,0,3940
Retail,S006,ST0011_M,2026-02-09,No,3,0,9171
Retail,S006,ST0007_M,2026-02-09,No,2,0,9180
Retail,S006,ST0022_XL,2026-02-09,No,2,0,7340
Retail,S006,ST0005_M,2026-02-09,No,2,0,7738
Retail,S006,ST0025_L,2026-02-09,No,1,0,2565
Retail,S006,ST0004_L,2026-02-09,No,2,0,6838
Retail,S006,ST0043_S,2026-02-09,No,4,0,16688
Retail,S006,ST0032_XL,2026-02-09,No,3,0,4413
Retail,S006,ST0011_XL,2026-02-09,No,2,0,5400
Retail,S006,ST0037_S,2026-02-09,No,4,0,2016
Retail,S006,ST0026_M,2026-02-09,No,3,0,7185
Retail,S007,ST0019_M,2026-02-09,No,2,0,7240
Retail,S007,ST0005_XL,2026-02-09,No,3,0,3369
Retail,S007,ST0047_S,2026-02-09,No,2,0,7118
Retail,S007,ST0006_S,2026-02-09,No,1,0,1516
Retail,S007,ST0003_XL,2026-02-09,No,3,0,10428
Retail,S007,ST0032_L,2026-02-09,No,4,0,12804
Retail,S007,ST0004_L,2026-02-09,No,1,0,3419
Retail,S007,ST0034_M,2026-02-09,No,1,0,4236
Retail,S007,ST0019_L,2026-02-09,No,1,0,516
Retail,S007,ST0026_M,2026-02-09,No,2,0,4790
Retail,S007,ST0012_XL,2026-02-09,No,4,0,13476
Retail,S007,ST0010_L,2026-02-09,No,4,0,17692
Retail,S007,ST0014_M,2026-02-09,No,4,0,19972
Retail,S008,ST0045_M,2026-02-09,No,4,0,16024
Retail,S008,ST0034_M,2026-02-09,No,4,0,16944
Retail,S008,ST0015_M,2026-02-09,No,1,0,1718
Retail,S008,ST0021_L,2026-02-09,No,1,0,2827
Retail,S008,ST0013_L,2026-02-09,No,4,0,5824
Retail,S008,ST0024_S,2026-02-09,No,4,0,5920
Retail,S008,ST0037_S,2026-02-09,No,1,0,504
Retail,S008,ST0013_XL,2026-02-09,No,3,0,13701
Retail,S008,ST0042_M,2026-02-09,No,4,0,4048
Retail,S008,ST0050_S,2026-02-09,No,3,0,6393
Retail,S008,ST0047_L,2026-02-09,No,3,0,8295
Retail,S008,ST0020_S,2026-02-09,No,1,0,2705
Retail,S008,ST0049_M,2026-02-09,No,2,0,7502
Retail,S008,ST0043_L,2026-02-09,No,1,0,4570
Retail,S008,ST0027_M,2026-02-09,No,4,0,13604
Retail,S009,ST0033_L,2026-02-09,No,3,0,7446
Retail,S009,ST0044_XL,2026-02-09,No,3,0,14247
Retail,S009,ST0006_XL,2026-02-09,No,1,0,4223
Retail,S009,ST0050_XL,2026-02-09,No,1,0,1848
Retail,S009,ST0048_M,2026-02-09,No,3,0,6771
Retail,S009,ST0040_M,2026-02-09,No,3,0,3720
Retail,S009,ST0014_M,2026-02-09,No,1,0,4993
Retail,S009,ST0003_S,2026-02-09,No,1,0,2234
Retail,S009,ST0019_L,2026-02-09,No,3,0,1548
Retail,S009,ST0038_L,2026-02-09,No,1,0,1135
Retail,S009,ST0033_S,2026-02-09,No,4,0,6664
Retail,S009,ST0024_M,2026-02-09,No,3,0,10425
Retail,S009,ST0048_XL,2026-02-09,No,1,0,2570
Retail,S009,ST0001_S,2026-02-09,No,1,0,2294
Retail,S009,ST0003_M,2026-02-09,No,1,0,2343
Retail,S009,ST0031_S,2026-02-09,No,4,0,13800
Retail,S010,ST0003_S,2026-02-09,No,1,0,2234
Retail,S010,ST0001_S,2026-02-09,No,1,0,2294
Retail,S010,ST0039_L,2026-02-09,No,2,0,2660
Retail,S010,ST0030_L,2026-02-09,No,1,0,2955
Retail,S010,ST0011_S,2026-02-09,No,4,0,14732
Retail,S010,ST0007_S,2026-02-09,No,3,0,10824
Retail,S010,ST0021_XL,2026-02-09,No,2,0,7840
Retail,S010,ST0019_XL,2026-02-09,No,2,0,3486
Retail,S010,ST0036_M,2026-02-09,No,2,0,6320
Retail,S010,ST0003_M,2026-02-09,No,4,0,9372
Retail,S010,ST0019_S,2026-02-09,No,2,0,2630
Retail,S010,ST0005_S,2026-02-09,No,3,0,13683
Retail,S010,ST0027_XL,2026-02-09,No,1,0,3509
Retail,S001,ST0026_L,2026-02-10,No,3,0,9699
Retail,S001,ST0029_S,2026-02-10,No,4,0,5136
Retail,S001,ST0017_S,2026-02-10,No,2,0,4386
Retail,S001,ST0010_M,2026-02-10,No,4,0,18796
Retail,S001,ST0014_S,2026-02-10,No,4,0,2640
Retail,S001,ST0033_M,2026-02-10,No,1,0,3274
Retail,S001,ST0032_M,2026-02-10,No,1,0,4995
Retail,S001,ST0019_S,2026-02-10,No,4,0,5260
Retail,S001,ST0002_L,2026-02-10,No,3,0,11157
Retail,S001,ST0007_XL,2026-02-10,No,4,0,14680
Retail,S001,ST0016_L,2026-02-10,No,3,0,11838
Retail,S001,ST0025_L,2026-02-10,No,4,0,10260
Retail,S001,ST0005_M,2026-02-10,No,1,0,3869
Retail,S002,ST0050_L,2026-02-10,No,3,0,4545
Retail,S002,ST0029_M,2026-02-10,No,2,0,7350
Retail,S002,ST0008_L,2026-02-10,No,4,0,6616
Retail,S002,ST0025_XL,2026-02-10,No,2,0,4632
Retail,S002,ST0045_L,2026-02-10,No,3,0,9732
Retail,S002,ST0038_S,2026-02-10,No,1,0,4864
Retail,S002,ST0046_L,2026-02-10,No,1,0,3618
Retail,S002,ST0046_S,2026-02-10,No,1,0,4545
Retail,S002,ST0001_L,2026-02-10,No,2,0,6622
Retail,S002,ST0016_L,2026-02-10,No,1,0,3946
Retail,S002,ST0006_XL,2026-02-10,No,2,0,8446
Retail,S002,ST0003_L,2026-02-10,No,3,0,2964
Retail,S002,ST0024_XL,2026-02-10,No,2,0,7654
Retail,S003,ST0040_S,2026-02-10,No,3,0,5607
Retail,S003,ST0049_S,2026-02-10,No,2,0,6698
Retail,S003,ST0020_L,2026-02-10,No,4,0,6276
Retail,S003,ST0006_M,2026-02-10,No,3,0,12429
Retail,S003,ST0008_M,2026-02-10,No,2,0,5510
Retail,S003,ST0027_S,2026-02-10,No,2,0,9028
Retail,S003,ST0039_L,2026-02-10,No,1,0,1330
Retail,S003,ST0004_L,2026-02-10,No,4,0,13676
Retail,S003,ST0036_S,2026-02-10,No,1,0,2991
Retail,S003,ST0050_L,2026-02-10,No,1,0,1515
Retail,S003,ST0012_M,2026-02-10,No,2,0,9866
Retail,S003,ST0004_XL,2026-02-10,No,3,0,6906
Retail,S003,ST0001_M,2026-02-10,No,2,0,2318
Retail,S003,ST0015_L,2026-02-10,No,1,0,4996
Retail,S003,ST0028_XL,2026-02-10,No,1,0,4557
Retail,S003,ST0042_M,2026-02-10,No,4,0,4048
Retail,S004,ST0018_S,2026-02-10,No,1,0,3854
Retail,S004,ST0034_M,2026-02-10,No,2,0,8472
Retail,S004,ST0027_XL,2026-02-10,No,1,0,3509
Retail,S004,ST0021_L,2026-02-10,No,4,0,11308
Retail,S004,ST0042_M,2026-02-10,No,1,0,1012
Retail,S004,ST0032_M,2026-02-10,No,3,0,14985
Retail,S004,ST0003_L,2026-02-10,No,1,0,988
Retail,S004,ST0027_S,2026-02-10,No,1,0,4514
Retail,S004,ST0017_M,2026-02-10,No,4,0,15744
Retail,S005,ST0004_S,2026-02-10,No,3,0,7377
Retail,S005,ST0041_M,2026-02-10,No,1,0,2431
Retail,S005,ST0012_S,2026-02-10,No,3,0,10383
Retail,S005,ST0015_S,2026-02-10,No,3,0,6081
Retail,S005,ST0028_XL,2026-02-10,No,2,0,9114
Retail,S005,ST0017_L,2026-02-10,No,1,0,1062
Retail,S005,ST0007_XL,2026-02-10,No,1,0,3670
Retail,S005,ST0037_XL,2026-02-10,No,2,0,9284
Retail,S005,ST0048_S,2026-02-10,No,4,0,8540
Retail,S005,ST0037_L,2026-02-10,No,3,0,4473
Retail,S005,ST0010_M,2026-02-10,No,4,0,18796
Retail,S005,ST0028_S,2026-02-10,No,3,0,1962
Retail,S005,ST0030_L,2026-02-10,No,2,0,5910
Retail,S005,ST0048_M,2026-02-10,No,3,0,6771
Retail,S005,ST0004_M,2026-02-10,No,1,0,2885
Retail,S005,ST0020_L,2026-02-10,No,2,0,3138
Retail,S006,ST0028_L,2026-02-10,No,3,0,5727
Retail,S006,ST0048_S,2026-02-10,No,2,0,4270
Retail,S006,ST0041_L,2026-02-10,No,1,0,1512
Retail,S006,ST0028_XL,2026-02-10,No,4,0,18228
Retail,S006,ST0042_M,2026-02-10,No,1,0,1012
Retail,S006,ST0026_S,2026-02-10,No,1,0,1069
Retail,S006,ST0010_L,2026-02-10,No,3,0,13269
Retail,S006,ST0039_M,2026-02-10,No,4,0,2476
Retail,S006,ST0010_M,2026-02-10,No,1,0,4699
Retail,S006,ST0024_XL,2026-02-10,No,2,0,7654
Retail,S006,ST0006_XL,2026-02-10,No,4,0,16892
Retail,S006,ST0020_S,2026-02-10,No,4,0,10820
Retail,S006,ST0001_XL,2026-02-10,No,1,0,1869
Retail,S006,ST0037_L,2026-02-10,No,1,0,1491
Retail,S006,ST0013_XL,2026-02-10,No,1,0,4567
Retail,S006,ST0047_L,2026-02-10,No,3,0,8295
Retail,S007,ST0031_XL,2026-02-10,No,3,0,8604
Retail,S007,ST0016_XL,2026-02-10,No,4,0,6180
Retail,S007,ST0029_XL,2026-02-10,No,3,0,9918
Retail,S007,ST0041_XL,2026-02-10,No,2,0,4328
Retail,S007,ST0042_XL,2026-02-10,No,2,0,2118
Retail,S007,ST0025_S,2026-02-10,No,3,0,11682
Retail,S007,ST0043_L,2026-02-10,No,4,0,18280
Retail,S007,ST0048_L,2026-02-10,No,1,0,4952
Retail,S007,ST0021_M,2026-02-10,No,3,0,4680
Retail,S007,ST0029_L,2026-02-10,No,1,0,4841
Retail,S007,ST0022_XL,2026-02-10,No,3,0,11010
Retail,S007,ST0012_L,2026-02-10,No,2,0,8554
Retail,S007,ST0002_XL,2026-02-10,No,1,0,3411
Retail,S007,ST0023_M,2026-02-10,No,2,0,3278
Retail,S007,ST0014_M,2026-02-10,No,1,0,4993
Retail,S007,ST0024_M,2026-02-10,No,2,0,6950
Retail,S008,ST0027_S,2026-02-10,No,3,0,13542
Retail,S008,ST0046_L,2026-02-10,No,4,0,14472
Retail,S008,ST0041_S,2026-02-10,No,3,0,4950
Retail,S008,ST0038_L,2026-02-10,No,2,0,2270
Retail,S008,ST0043_L,2026-02-10,No,3,0,13710
Retail,S008,ST0048_XL,2026-02-10,No,4,0,10280
Retail,S008,ST0002_S,2026-02-10,No,2,0,4972
Retail,S008,ST0025_S,2026-02-10,No,2,0,7788
Retail,S008,ST0002_XL,2026-02-10,No,1,0,3411
Retail,S008,ST0050_XL,2026-02-10,No,4,0,7392
Retail,S008,ST0037_L,2026-02-10,No,1,0,1491
Retail,S008,ST0045_XL,2026-02-10,No,1,0,3856
Retail,S008,ST0015_XL,2026-02-10,No,1,0,3604
Retail,S008,ST0035_M,2026-02-10,No,3,0,4944
Retail,S009,ST0010_M,2026-02-10,No,4,0,18796
Retail,S009,ST0014_S,2026-02-10,No,3,0,1980
Retail,S009,ST0008_L,2026-02-10,No,1,0,1654
Retail,S009,ST0024_S,2026-02-10,No,4,0,5920
Retail,S009,ST0020_S,2026-02-10,No,3,0,8115
Retail,S009,ST0029_S,2026-02-10,No,3,0,3852
Retail,S009,ST0012_S,2026-02-10,No,1,0,3461
Retail,S009,ST0041_L,2026-02-10,No,3,0,4536
Retail,S009,ST0037_M,2026-02-10,No,3,0,4128
Retail,S009,ST0017_XL,2026-02-10,No,4,0,11940
Retail,S009,ST0029_M,2026-02-10,No,2,0,7350
Retail,S009,ST0005_L,2026-02-10,No,4,0,3048
Retail,S009,ST0018_S,2026-02-10,No,2,0,7708
Retail,S009,ST0035_S,2026-02-10,No,1,0,3761
Retail,S009,ST0036_XL,2026-02-10,No,4,0,14204
Retail,S009,ST0034_XL,2026-02-10,No,1,0,1074
Retail,S010,ST0042_M,2026-02-10,No,3,0,3036
Retail,S010,ST0006_L,2026-02-10,No,2,0,5098
Retail,S010,ST0017_XL,2026-02-10,No,3,0,8955
Retail,S010,ST0040_M,2026-02-10,No,4,0,4960
Retail,S010,ST0013_S,2026-02-10,No,1,0,3734
Retail,S010,ST0024_S,2026-02-10,No,1,0,1480
Retail,S010,ST0005_M,2026-02-10,No,2,0,7738
Retail,S010,ST0034_S,2026-02-10,No,4,0,18584
Retail,S010,ST0002_M,2026-02-10,No,2,0,1292
Retail,S010,ST0014_M,2026-02-10,No,4,0,19972
Retail,S010,ST0023_M,2026-02-10,No,4,0,6556
Retail,S010,ST0009_XL,2026-02-10,No,2,0,4296
Retail,S010,ST0049_M,2026-02-10,No,2,0,7502
Retail,S010,ST0021_L,2026-02-10,No,2,0,5654
Retail,S001,ST0033_S,2026-02-11,No,2,0,3332
Retail,S001,ST0009_L,2026-02-11,No,2,0,8982
Retail,S001,ST0014_L,2026-02-11,No,3,0,5400
Retail,S001,ST0023_XL,2026-02-11,No,1,0,2800
Retail,S001,ST0024_M,2026-02-11,No,4,0,13900
Retail,S001,ST0041_L,2026-02-11,No,4,0,6048
Retail,S001,ST0017_M,2026-02-11,No,3,0,11808
Retail,S001,ST0021_M,2026-02-11,No,4,0,6240
Retail,S001,ST0010_S,2026-02-11,No,3,0,5835
Retail,S001,ST0028_L,2026-02-11,No,3,0,5727
Retail,S001,ST0027_L,2026-02-11,No,1,0,2186
Retail,S001,ST0015_M,2026-02-11,No,3,0,5154
Retail,S001,ST0025_M,2026-02-11,No,1,0,627
Retail,S001,ST0019_S,2026-02-11,No,3,0,3945
Retail,S001,ST0009_XL,2026-02-11,No,3,0,6444
Retail,S001,ST0050_S,2026-02-11,No,4,0,8524
Retail,S002,ST0002_S,2026-02-11,No,2,0,4972
Retail,S002,ST0011_XL,2026-02-11,No,4,0,10800
Retail,S002,ST0019_M,2026-02-11,No,2,0,7240
Retail,S002,ST0006_XL,2026-02-11,No,4,0,16892
Retail,S002,ST0001_XL,2026-02-11,No,1,0,1869
Retail,S002,ST0030_S,2026-02-11,No,2,0,2074
Retail,S002,ST0013_L,2026-02-11,No,1,0,1456
Retail,S002,ST0042_L,2026-02-11,No,1,0,3349
Retail,S002,ST0010_S,2026-02-11,No,4,0,7780
Retail,S002,ST0024_L,2026-02-11,No,4,0,6736
Retail,S002,ST0033_L,2026-02-11,No,3,0,7446
Retail,S002,ST0027_XL,2026-02-11,No,2,0,7018
Retail,S002,ST0046_L,2026-02-11,No,4,0,14472
Retail,S002,ST0005_XL,2026-02-11,No,3,0,3369
Retail,S002,ST0001_L,2026-02-11,No,2,0,6622
Retail,S003,ST0038_S,2026-02-11,No,2,0,9728
Retail,S003,ST0015_M,2026-02-11,No,2,0,3436
Retail,S003,ST0043_XL,2026-02-11,No,3,0,5910
Retail,S003,ST0023_S,2026-02-11,No,2,0,2398
Retail,S003,ST0049_S,2026-02-11,No,2,0,6698
Retail,S003,ST0043_L,2026-02-11,No,1,0,4570
Retail,S003,ST0048_L,2026-02-11,No,1,0,4952
Retail,S003,ST0003_XL,2026-02-11,No,1,0,3476
Retail,S003,ST0033_M,2026-02-11,No,2,0,6548
Retail,S003,ST0039_XL,2026-02-11,No,3,0,12525
Retail,S003,ST0022_S,2026-02-11,No,3,0,2403
Retail,S003,ST0029_L,2026-02-11,No,2,0,9682
Retail,S003,ST0008_L,2026-02-11,No,1,0,1654
Retail,S004,ST0002_XL,2026-02-11,No,3,0,10233
Retail,S004,ST0035_L,2026-02-11,No,2,0,4430
Retail,S004,ST0034_M,2026-02-11,No,4,0,16944
Retail,S004,ST0018_M,2026-02-11,No,4,0,2900
Retail,S004,ST0008_M,2026-02-11,No,1,0,2755
Retail,S004,ST0026_L,2026-02-11,No,1,0,3233
Retail,S004,ST0049_L,2026-02-11,No,4,0,16920
Retail,S004,ST0001_L,2026-02-11,No,1,0,3311
Retail,S004,ST0013_S,2026-02-11,No,3,0,11202
Retail,S004,ST0015_M,2026-02-11,No,2,0,3436
Retail,S004,ST0044_S,2026-02-11,No,4,0,4320
Retail,S004,ST0015_XL,2026-02-11,No,4,0,14416
Retail,S004,ST0036_L,2026-02-11,No,2,0,7248
Retail,S004,ST0046_S,2026-02-11,No,4,0,18180
Retail,S005,ST0018_XL,2026-02-11,No,3,0,10701
Retail,S005,ST0020_S,2026-02-11,No,4,0,10820
Retail,S005,ST0022_L,2026-02-11,No,1,0,1106
Retail,S005,ST0037_XL,2026-02-11,No,1,0,4642
Retail,S005,ST0050_XL,2026-02-11,No,2,0,3696
Retail,S005,ST0036_S,2026-02-11,No,3,0,8973
Retail,S005,ST0044_M,2026-02-11,No,2,0,5588
Retail,S005,ST0015_M,2026-02-11,No,3,0,5154
Retail,S005,ST0010_L,2026-02-11,No,1,0,4423
Retail,S005,ST0012_L,2026-02-11,No,2,0,8554
Retail,S005,ST0013_M,2026-02-11,No,3,0,12873
Retail,S005,ST0040_M,2026-02-11,No,1,0,1240
Retail,S005,ST0009_L,2026-02-11,No,4,0,17964
Retail,S005,ST0021_L,2026-02-11,No,1,0,2827
Retail,S006,ST0019_S,2026-02-11,No,2,0,2630
Retail,S006,ST0007_XL,2026-02-11,No,2,0,7340
Retail,S006,ST0003_M,2026-02-11,No,1,0,2343
Retail,S006,ST0033_L,2026-02-11,No,4,0,9928
Retail,S006,ST0044_S,2026-02-11,No,4,0,4320
Retail,S006,ST0015_S,2026-02-11,No,3,0,6081
Retail,S006,ST0042_M,2026-02-11,No,3,0,3036
Retail,S006,ST0017_L,2026-02-11,No,4,0,4248
Retail,S006,ST0009_S,2026-02-11,No,3,0,11073
Retail,S006,ST0028_S,2026-02-11,No,3,0,1962
Retail,S006,ST0042_S,2026-02-11,No,1,0,1581
Retail,S006,ST0023_M,2026-02-11,No,3,0,4917
Retail,S006,ST0035_XL,2026-02-11,No,4,0,17416
Retail,S006,ST0044_M,2026-02-11,No,2,0,5588
Retail,S006,ST0016_XL,2026-02-11,No,1,0,1545
Retail,S006,ST0018_L,2026-02-11,No,4,0,5836
Retail,S006,ST0025_M,2026-02-11,No,1,0,627
Retail,S007,ST0003_L,2026-02-11,No,2,0,1976
Retail,S007,ST0007_S,2026-02-11,No,4,0,14432
Retail,S007,ST0007_M,2026-02-11,No,2,0,9180
Retail,S007,ST0021_M,2026-02-11,No,4,0,6240
Retail,S007,ST0021_XL,2026-02-11,No,2,0,7840
Retail,S007,ST0026_L,2026-02-11,No,2,0,6466
Retail,S007,ST0003_M,2026-02-11,No,3,0,7029
Retail,S007,ST0047_XL,2026-02-11,No,2,0,5958
Retail,S007,ST0001_L,2026-02-11,No,2,0,6622
Retail,S007,ST0049_M,2026-02-11,No,1,0,3751
Retail,S007,ST0047_S,2026-02-11,No,1,0,3559
Retail,S007,ST0044_L,2026-02-11,No,2,0,7294
Retail,S007,ST0013_S,2026-02-11,No,2,0,7468
Retail,S007,ST0001_M,2026-02-11,No,4,0,4636
Retail,S007,ST0040_L,2026-02-11,No,2,0,1232
Retail,S007,ST0016_XL,2026-02-11,No,2,0,3090
Retail,S007,ST0018_M,2026-02-11,No,2,0,1450
Retail,S008,ST0046_XL,2026-02-11,No,2,0,5282
Retail,S008,ST0049_L,2026-02-11,No,2,0,8460
Retail,S008,ST0039_M,2026-02-11,No,2,0,1238
Retail,S008,ST0012_L,2026-02-11,No,4,0,17108
Retail,S008,ST0020_XL,2026-02-11,No,4,0,15776
Retail,S008,ST0010_XL,2026-02-11,No,1,0,753
Retail,S008,ST0023_S,2026-02-11,No,4,0,4796
Retail,S008,ST0018_M,2026-02-11,No,3,0,2175
Retail,S008,ST0026_M,2026-02-11,No,4,0,9580
Retail,S008,ST0004_XL,2026-02-11,No,4,0,9208
Retail,S008,ST0030_S,2026-02-11,No,2,0,2074
Retail,S008,ST0003_M,2026-02-11,No,3,0,7029
Retail,S008,ST0047_M,2026-02-11,No,4,0,13836
Retail,S008,ST0026_XL,2026-02-11,No,4,0,17452
Retail,S008,ST0047_L,2026-02-11,No,3,0,8295
Retail,S008,ST0011_XL,2026-02-11,No,4,0,10800
Retail,S009,ST0007_M,2026-02-11,No,2,0,9180
Retail,S009,ST0026_S,2026-02-11,No,1,0,1069
Retail,S009,ST0016_M,2026-02-11,No,3,0,4362
Retail,S009,ST0019_M,2026-02-11,No,3,0,10860
Retail,S009,ST0039_S,2026-02-11,No,4,0,8728
Retail,S009,ST0002_XL,2026-02-11,No,1,0,3411
Retail,S009,ST0003_S,2026-02-11,No,3,0,6702
Retail,S009,ST0018_S,2026-02-11,No,4,0,15416
Retail,S009,ST0038_L,2026-02-11,No,4,0,4540
Retail,S009,ST0038_S,2026-02-11,No,3,0,14592
Retail,S009,ST0023_S,2026-02-11,No,1,0,1199
Retail,S009,ST0046_M,2026-02-11,No,1,0,1743
Retail,S009,ST0048_M,2026-02-11,No,1,0,2257
Retail,S009,ST0025_S,2026-02-11,No,3,0,11682
Retail,S009,ST0013_M,2026-02-11,No,1,0,4291
Retail,S009,ST0045_L,2026-02-11,No,3,0,9732
Retail,S009,ST0010_XL,2026-02-11,No,3,0,2259
Retail,S010,ST0010_M,2026-02-11,No,2,0,9398
Retail,S010,ST0040_XL,2026-02-11,No,3,0,10014
Retail,S010,ST0042_S,2026-02-11,No,3,0,4743
Retail,S010,ST0005_XL,2026-02-11,No,1,0,1123
Retail,S010,ST0036_M,2026-02-11,No,4,0,12640
Retail,S010,ST0032_M,2026-02-11,No,1,0,4995
Retail,S010,ST0032_XL,2026-02-11,No,4,0,5884
Retail,S010,ST0044_L,2026-02-11,No,2,0,7294
Retail,S010,ST0029_L,2026-02-11,No,1,0,4841
Retail,S010,ST0042_L,2026-02-11,No,1,0,3349
Retail,S010,ST0001_L,2026-02-11,No,2,0,6622
Retail,S010,ST0045_S,2026-02-11,No,3,0,6537
Retail,S010,ST0023_L,2026-02-11,No,2,0,1380
Retail,S010,ST0027_S,2026-02-11,No,2,0,9028
Retail,S010,ST0046_M,2026-02-11,No,4,0,6972
Retail,S010,ST0003_XL,2026-02-11,No,2,0,6952
Retail,S010,ST0010_XL,2026-02-11,No,3,0,2259
Retail,S001,ST0050_L,2026-02-12,No,4,0,6060
Retail,S001,ST0010_M,2026-02-12,No,2,0,9398
Retail,S001,ST0032_L,2026-02-12,No,3,0,9603
Retail,S001,ST0038_S,2026-02-12,No,3,0,14592
Retail,S001,ST0028_S,2026-02-12,No,2,0,1308
Retail,S001,ST0011_XL,2026-02-12,No,3,0,8100
Retail,S001,ST0008_XL,2026-02-12,No,1,0,4999
Retail,S001,ST0030_S,2026-02-12,No,1,0,1037
Retail,S001,ST0011_S,2026-02-12,No,4,0,14732
Retail,S001,ST0021_XL,2026-02-12,No,1,0,3920
Retail,S001,ST0036_XL,2026-02-12,No,2,0,7102
Retail,S001,ST0017_L,2026-02-12,No,1,0,1062
Retail,S001,ST0003_XL,2026-02-12,No,2,0,6952
Retail,S001,ST0029_L,2026-02-12,No,3,0,14523
Retail,S002,ST0030_XL,2026-02-12,No,1,0,1024
Retail,S002,ST0022_L,2026-02-12,No,4,0,4424
Retail,S002,ST0034_S,2026-02-12,No,1,0,4646
Retail,S002,ST0043_XL,2026-02-12,No,4,0,7880
Retail,S002,ST0001_L,2026-02-12,No,4,0,13244
Retail,S002,ST0012_XL,2026-02-12,No,1,0,3369
Retail,S002,ST0023_S,2026-02-12,No,1,0,1199
Retail,S002,ST0049_S,2026-02-12,No,3,0,10047
Retail,S002,ST0011_S,2026-02-12,No,1,0,3683
Retail,S002,ST0049_L,2026-02-12,No,4,0,16920
Retail,S002,ST0038_L,2026-02-12,No,2,0,2270
Retail,S002,ST0034_XL,2026-02-12,No,3,0,3222
Retail,S002,ST0017_S,2026-02-12,No,4,0,8772
Retail,S002,ST0019_S,2026-02-12,No,4,0,5260
Retail,S003,ST0050_XL,2026-02-12,No,4,0,7392
Retail,S003,ST0003_S,2026-02-12,No,2,0,4468
Retail,S003,ST0026_S,2026-02-12,No,3,0,3207
Retail,S003,ST0042_M,2026-02-12,No,4,0,4048
Retail,S003,ST0030_L,2026-02-12,No,1,0,2955
Retail,S003,ST0025_L,2026-02-12,No,4,0,10260
Retail,S003,ST0030_XL,2026-02-12,No,1,0,1024
Retail,S003,ST0002_L,2026-02-12,No,2,0,7438
Retail,S003,ST0003_M,2026-02-12,No,4,0,9372
Retail,S003,ST0015_XL,2026-02-12,No,1,0,3604
Retail,S003,ST0043_M,2026-02-12,No,4,0,15372
Retail,S003,ST0030_M,2026-02-12,No,4,0,9364
Retail,S004,ST0007_XL,2026-02-12,No,4,0,14680
Retail,S004,ST0038_XL,2026-02-12,No,2,0,4386
Retail,S004,ST0047_L,2026-02-12,No,2,0,5530
Retail,S004,ST0039_M,2026-02-12,No,4,0,2476
Retail,S004,ST0020_S,2026-02-12,No,4,0,10820
Retail,S004,ST0021_L,2026-02-12,No,4,0,11308
Retail,S004,ST0031_M,2026-02-12,No,1,0,4631
Retail,S004,ST0014_L,2026-02-12,No,2,0,3600
Retail,S004,ST0010_L,2026-02-12,No,3,0,13269
Retail,S004,ST0011_XL,2026-02-12,No,2,0,5400
Retail,S004,ST0030_L,2026-02-12,No,1,0,2955
Retail,S004,ST0015_M,2026-02-12,No,2,0,3436
Retail,S004,ST0031_XL,2026-02-12,No,4,0,11472
Retail,S004,ST0013_M,2026-02-12,No,4,0,17164
Retail,S004,ST0010_XL,2026-02-12,No,1,0,753
Retail,S004,ST0006_XL,2026-02-12,No,3,0,12669
Retail,S005,ST0032_L,2026-02-12,No,4,0,12804
Retail,S005,ST0027_M,2026-02-12,No,2,0,6802
Retail,S005,ST0013_XL,2026-02-12,No,3,0,13701
Retail,S005,ST0010_S,2026-02-12,No,1,0,1945
Retail,S005,ST0033_M,2026-02-12,No,2,0,6548
Retail,S005,ST0040_L,2026-02-12,No,3,0,1848
Retail,S005,ST0035_XL,2026-02-12,No,2,0,8708
Retail,S005,ST0035_L,2026-02-12,No,3,0,6645
Retail,S005,ST0006_S,2026-02-12,No,1,0,1516
Retail,S005,ST0014_M,2026-02-12,No,1,0,4993
Retail,S005,ST0005_S,2026-02-12,No,3,0,13683
Retail,S005,ST0017_L,2026-02-12,No,3,0,3186
Retail,S005,ST0011_L,2026-02-12,No,2,0,1196
Retail,S005,ST0028_L,2026-02-12,No,4,0,7636
Retail,S006,ST0013_XL,2026-02-12,No,4,0,18268
Retail,S006,ST0020_L,2026-02-12,No,2,0,3138
Retail,S006,ST0003_L,2026-02-12,No,4,0,3952
Retail,S006,ST0015_XL,2026-02-12,No,1,0,3604
Retail,S006,ST0047_L,2026-02-12,No,3,0,8295
Retail,S006,ST0029_S,2026-02-12,No,1,0,1284
Retail,S006,ST0011_L,2026-02-12,No,2,0,1196
Retail,S006,ST0019_S,2026-02-12,No,2,0,2630
Retail,S006,ST0020_M,2026-02-12,No,4,0,12096
Retail,S006,ST0033_M,2026-02-12,No,3,0,9822
Retail,S006,ST0032_M,2026-02-12,No,4,0,19980
Retail,S006,ST0015_L,2026-02-12,No,2,0,9992
Retail,S007,ST0048_L,2026-02-12,No,3,0,14856
Retail,S007,ST0048_XL,2026-02-12,No,2,0,5140
Retail,S007,ST0017_XL,2026-02-12,No,3,0,8955
Retail,S007,ST0021_XL,2026-02-12,No,3,0,11760
Retail,S007,ST0010_L,2026-02-12,No,2,0,8846
Retail,S007,ST0001_M,2026-02-12,No,4,0,4636
Retail,S007,ST0010_XL,2026-02-12,No,3,0,2259
Retail,S007,ST0021_S,2026-02-12,No,4,0,12260
Retail,S007,ST0036_S,2026-02-12,No,3,0,8973
Retail,S007,ST0014_M,2026-02-12,No,3,0,14979
Retail,S007,ST0020_L,2026-02-12,No,2,0,3138
Retail,S007,ST0029_L,2026-02-12,No,1,0,4841
Retail,S007,ST0026_L,2026-02-12,No,2,0,6466
Retail,S007,ST0045_M,2026-02-12,No,2,0,8012
Retail,S007,ST0025_S,2026-02-12,No,4,0,15576
Retail,S007,ST0029_M,2026-02-12,No,2,0,7350
Retail,S007,ST0035_S,2026-02-12,No,1,0,3761
Retail,S008,ST0019_M,2026-02-12,No,2,0,7240
Retail,S008,ST0002_XL,2026-02-12,No,4,0,13644
Retail,S008,ST0040_M,2026-02-12,No,2,0,2480
Retail,S008,ST0042_M,2026-02-12,No,4,0,4048
Retail,S008,ST0035_M,2026-02-12,No,4,0,6592
Retail,S008,ST0016_S,2026-02-12,No,2,0,6470
Retail,S008,ST0045_L,2026-02-12,No,4,0,12976
Retail,S008,ST0032_XL,2026-02-12,No,4,0,5884
Retail,S008,ST0004_S,2026-02-12,No,1,0,2459
Retail,S008,ST0041_S,2026-02-12,No,4,0,6600
Retail,S008,ST0039_XL,2026-02-12,No,3,0,12525
Retail,S008,ST0013_M,2026-02-12,No,4,0,17164
Retail,S009,ST0016_L,2026-02-12,No,4,0,15784
Retail,S009,ST0040_S,2026-02-12,No,1,0,1869
Retail,S009,ST0007_L,2026-02-12,No,2,0,5112
Retail,S009,ST0017_L,2026-02-12,No,3,0,3186
Retail,S009,ST0018_M,2026-02-12,No,2,0,1450
Retail,S009,ST0038_XL,2026-02-12,No,2,0,4386
Retail,S009,ST0045_XL,2026-02-12,No,2,0,7712
Retail,S009,ST0028_M,2026-02-12,No,3,0,9111
Retail,S009,ST0046_S,2026-02-12,No,3,0,13635
Retail,S009,ST0031_XL,2026-02-12,No,2,0,5736
Retail,S009,ST0010_S,2026-02-12,No,1,0,1945
Retail,S009,ST0004_M,2026-02-12,No,3,0,8655
Retail,S009,ST0044_L,2026-02-12,No,4,0,14588
Retail,S009,ST0028_L,2026-02-12,No,3,0,5727
Retail,S010,ST0020_XL,2026-02-12,No,4,0,15776
Retail,S010,ST0045_L,2026-02-12,No,4,0,12976
Retail,S010,ST0024_L,2026-02-12,No,2,0,3368
Retail,S010,ST0023_M,2026-02-12,No,1,0,1639
Retail,S010,ST0037_M,2026-02-12,No,4,0,5504
Retail,S010,ST0039_S,2026-02-12,No,4,0,8728
Retail,S010,ST0044_S,2026-02-12,No,4,0,4320
Retail,S010,ST0033_M,2026-02-12,No,4,0,13096
Retail,S010,ST0021_XL,2026-02-12,No,1,0,3920
Retail,S010,ST0035_S,2026-02-12,No,4,0,15044
Retail,S010,ST0002_XL,2026-02-12,No,2,0,6822
Retail,S010,ST0024_M,2026-02-12,No,4,0,13900
Retail,S010,ST0042_S,2026-02-12,No,4,0,6324
Retail,S010,ST0031_M,2026-02-12,No,2,0,9262
Retail,S010,ST0014_XL,2026-02-12,No,1,0,4487
Retail,S010,ST0033_S,2026-02-12,No,1,0,1666
Retail,S010,ST0049_XL,2026-02-12,No,4,0,11956
Retail,S001,ST0020_S,2026-02-13,No,4,0,10820
Retail,S001,ST0006_L,2026-02-13,No,1,0,2549
Retail,S001,ST0003_M,2026-02-13,No,1,0,2343
Retail,S001,ST0039_L,2026-02-13,No,1,0,1330
Retail,S001,ST0028_L,2026-02-13,No,1,0,1909
Retail,S001,ST0029_XL,2026-02-13,No,4,0,13224
Retail,S001,ST0037_M,2026-02-13,No,1,0,1376
Retail,S001,ST0028_S,2026-02-13,No,1,0,654
Retail,S001,ST0037_L,2026-02-13,No,4,0,5964
Retail,S001,ST0007_XL,2026-02-13,No,4,0,14680
Retail,S001,ST0012_M,2026-02-13,No,4,0,19732
Retail,S001,ST0016_S,2026-02-13,No,1,0,3235
Retail,S001,ST0023_L,2026-02-13,No,2,0,1380
Retail,S001,ST0006_M,2026-02-13,No,2,0,8286
Retail,S001,ST0050_M,2026-02-13,No,4,0,13264
Retail,S001,ST0024_XL,2026-02-13,No,3,0,11481
Retail,S002,ST0005_S,2026-02-13,No,2,0,9122
Retail,S002,ST0025_XL,2026-02-13,No,1,0,2316
Retail,S002,ST0031_XL,2026-02-13,No,1,0,2868
Retail,S002,ST0010_XL,2026-02-13,No,3,0,2259
Retail,S002,ST0043_L,2026-02-13,No,4,0,18280
Retail,S002,ST0004_L,2026-02-13,No,1,0,3419
Retail,S002,ST0018_L,2026-02-13,No,1,0,1459
Retail,S002,ST0004_XL,2026-02-13,No,2,0,4604
Retail,S002,ST0005_L,2026-02-13,No,2,0,1524
Retail,S002,ST0019_L,2026-02-13,No,3,0,1548
Retail,S002,ST0043_M,2026-02-13,No,2,0,7686
Retail,S002,ST0002_M,2026-02-13,No,2,0,1292
Retail,S003,ST0013_M,2026-02-13,No,2,0,8582
Retail,S003,ST0023_L,2026-02-13,No,1,0,690
Retail,S003,ST0020_L,2026-02-13,No,2,0,3138
Retail,S003,ST0017_XL,2026-02-13,No,2,0,5970
Retail,S003,ST0005_XL,2026-02-13,No,2,0,2246
Retail,S003,ST0019_M,2026-02-13,No,4,0,14480
Retail,S003,ST0002_S,2026-02-13,No,2,0,4972
Retail,S003,ST0045_L,2026-02-13,No,1,0,3244
Retail,S003,ST0045_XL,2026-02-13,No,4,0,15424
Retail,S003,ST0044_S,2026-02-13,No,3,0,3240
Retail,S003,ST0009_M,2026-02-13,No,2,0,4392
Retail,S003,ST0044_L,2026-02-13,No,2,0,7294
Retail,S003,ST0017_M,2026-02-13,No,4,0,15744
Retail,S003,ST0029_XL,2026-02-13,No,1,0,3306
Retail,S003,ST0049_S,2026-02-13,No,3,0,10047
Retail,S003,ST0012_XL,2026-02-13,No,4,0,13476
Retail,S003,ST0041_L,2026-02-13,No,3,0,4536
Retail,S003,ST0008_M,2026-02-13,No,3,0,8265
Retail,S003,ST0002_L,2026-02-13,No,3,0,11157
Retail,S004,ST0023_S,2026-02-13,No,3,0,3597
Retail,S004,ST0018_S,2026-02-13,No,1,0,3854
Retail,S004,ST0005_L,2026-02-13,No,1,0,762
Retail,S004,ST0050_S,2026-02-13,No,1,0,2131
Retail,S004,ST0016_S,2026-02-13,No,1,0,3235
Retail,S004,ST0035_L,2026-02-13,No,1,0,2215
Retail,S004,ST0026_L,2026-02-13,No,1,0,3233
Retail,S004,ST0017_XL,2026-02-13,No,1,0,2985
Retail,S004,ST0034_M,2026-02-13,No,1,0,4236
Retail,S004,ST0008_S,2026-02-13,No,1,0,2182
Retail,S004,ST0042_S,2026-02-13,No,1,0,1581
Retail,S004,ST0024_XL,2026-02-13,No,2,0,7654
Retail,S004,ST0043_L,2026-02-13,No,2,0,9140
Retail,S004,ST0026_XL,2026-02-13,No,4,0,17452
Retail,S005,ST0032_M,2026-02-13,No,2,0,9990
Retail,S005,ST0020_XL,2026-02-13,No,3,0,11832
Retail,S005,ST0014_L,2026-02-13,No,3,0,5400
Retail,S005,ST0039_M,2026-02-13,No,4,0,2476
Retail,S005,ST0020_S,2026-02-13,No,3,0,8115
Retail,S005,ST0047_L,2026-02-13,No,2,0,5530
Retail,S005,ST0001_XL,2026-02-13,No,4,0,7476
Retail,S005,ST0026_XL,2026-02-13,No,1,0,4363
Retail,S005,ST0025_XL,2026-02-13,No,3,0,6948
Retail,S005,ST0019_XL,2026-02-13,No,1,0,1743
Retail,S005,ST0030_S,2026-02-13,No,2,0,2074
Retail,S005,ST0049_M,2026-02-13,No,3,0,11253
Retail,S005,ST0029_M,2026-02-13,No,1,0,3675
Retail,S005,ST0035_S,2026-02-13,No,3,0,11283
Retail,S005,ST0043_XL,2026-02-13,No,1,0,1970
Retail,S006,ST0045_XL,2026-02-13,No,1,0,3856
Retail,S006,ST0030_XL,2026-02-13,No,4,0,4096
Retail,S006,ST0028_XL,2026-02-13,No,4,0,18228
Retail,S006,ST0035_S,2026-02-13,No,4,0,15044
Retail,S006,ST0011_S,2026-02-13,No,4,0,14732
Retail,S006,ST0049_XL,2026-02-13,No,2,0,5978
Retail,S006,ST0005_S,2026-02-13,No,2,0,9122
Retail,S006,ST0015_L,2026-02-13,No,1,0,4996
Retail,S006,ST0042_S,2026-02-13,No,3,0,4743
Retail,S006,ST0050_L,2026-02-13,No,4,0,6060
Retail,S006,ST0011_L,2026-02-13,No,2,0,1196
Retail,S006,ST0001_S,2026-02-13,No,2,0,4588
Retail,S006,ST0011_M,2026-02-13,No,3,0,9171
Retail,S006,ST0046_M,2026-02-13,No,2,0,3486
Retail,S006,ST0015_S,2026-02-13,No,2,0,4054
Retail,S007,ST0027_L,2026-02-13,No,2,0,4372
Retail,S007,ST0035_M,2026-02-13,No,4,0,6592
Retail,S007,ST0048_L,2026-02-13,No,1,0,4952
Retail,S007,ST0050_L,2026-02-13,No,3,0,4545
Retail,S007,ST0008_S,2026-02-13,No,1,0,2182
Retail,S007,ST0019_S,2026-02-13,No,4,0,5260
Retail,S007,ST0045_S,2026-02-13,No,1,0,2179
Retail,S007,ST0028_M,2026-02-13,No,2,0,6074
Retail,S007,ST0020_S,2026-02-13,No,2,0,5410
Retail,S007,ST0043_S,2026-02-13,No,3,0,12516
Retail,S007,ST0038_M,2026-02-13,No,3,0,14895
Retail,S007,ST0030_S,2026-02-13,No,3,0,3111
Retail,S007,ST0003_XL,2026-02-13,No,1,0,3476
Retail,S007,ST0014_S,2026-02-13,No,1,0,660
Retail,S007,ST0042_XL,2026-02-13,No,2,0,2118
Retail,S007,ST0028_S,2026-02-13,No,1,0,654
Retail,S008,ST0017_M,2026-02-13,No,4,0,15744
Retail,S008,ST0033_M,2026-02-13,No,2,0,6548
Retail,S008,ST0030_L,2026-02-13,No,1,0,2955
Retail,S008,ST0015_S,2026-02-13,No,3,0,6081
Retail,S008,ST0006_S,2026-02-13,No,2,0,3032
Retail,S008,ST0023_L,2026-02-13,No,3,0,2070
Retail,S008,ST0022_L,2026-02-13,No,4,0,4424
Retail,S008,ST0005_XL,2026-02-13,No,4,0,4492
Retail,S008,ST0032_XL,2026-02-13,No,2,0,2942
Retail,S008,ST0010_L,2026-02-13,No,3,0,13269
Retail,S008,ST0024_M,2026-02-13,No,1,0,3475
Retail,S008,ST0014_M,2026-02-13,No,1,0,4993
Retail,S008,ST0003_XL,2026-02-13,No,2,0,6952
Retail,S008,ST0043_XL,2026-02-13,No,1,0,1970
Retail,S008,ST0003_M,2026-02-13,No,3,0,7029
Retail,S009,ST0002_M,2026-02-13,No,2,0,1292
Retail,S009,ST0012_S,2026-02-13,No,2,0,6922
Retail,S009,ST0001_S,2026-02-13,No,3,0,6882
Retail,S009,ST0030_S,2026-02-13,No,1,0,1037
Retail,S009,ST0007_L,2026-02-13,No,2,0,5112
Retail,S009,ST0047_L,2026-02-13,No,1,0,2765
Retail,S009,ST0006_S,2026-02-13,No,3,0,4548
Retail,S009,ST0040_S,2026-02-13,No,4,0,7476
Retail,S009,ST0036_XL,2026-02-13,No,4,0,14204
Retail,S009,ST0039_XL,2026-02-13,No,2,0,8350
Retail,S009,ST0030_L,2026-02-13,No,4,0,11820
Retail,S009,ST0001_L,2026-02-13,No,3,0,9933
Retail,S010,ST0019_M,2026-02-13,No,1,0,3620
Retail,S010,ST0049_M,2026-02-13,No,4,0,15004
Retail,S010,ST0049_XL,2026-02-13,No,4,0,11956
Retail,S010,ST0014_M,2026-02-13,No,3,0,14979
Retail,S010,ST0029_S,2026-02-13,No,2,0,2568
Retail,S010,ST0041_L,2026-02-13,No,2,0,3024
Retail,S010,ST0018_M,2026-02-13,No,1,0,725
Retail,S010,ST0049_S,2026-02-13,No,2,0,6698
Retail,S010,ST0026_L,2026-02-13,No,3,0,9699
Retail,S010,ST0002_M,2026-02-13,No,2,0,1292
Retail,S010,ST0016_XL,2026-02-13,No,4,0,6180
Retail,S010,ST0020_M,2026-02-13,No,2,0,6048
Retail,S010,ST0010_S,2026-02-13,No,2,0,3890
Retail,S001,ST0029_XL,2026-02-14,No,3,0,9918
Retail,S001,ST0043_L,2026-02-14,No,2,0,9140
Retail,S001,ST0030_XL,2026-02-14,No,3,0,3072
Retail,S001,ST0050_M,2026-02-14,No,3,0,9948
Retail,S001,ST0035_XL,2026-02-14,No,3,0,13062
Retail,S001,ST0032_L,2026-02-14,No,1,0,3201
Retail,S001,ST0019_L,2026-02-14,No,1,0,516
Retail,S001,ST0046_S,2026-02-14,No,4,0,18180
Retail,S001,ST0036_M,2026-02-14,No,1,0,3160
Retail,S001,ST0050_L,2026-02-14,No,1,0,1515
Retail,S001,ST0045_M,2026-02-14,No,2,0,8012
Retail,S001,ST0026_S,2026-02-14,No,4,0,4276
Retail,S001,ST0025_XL,2026-02-14,No,3,0,6948
Retail,S001,ST0030_M,2026-02-14,No,2,0,4682
Retail,S001,ST0002_XL,2026-02-14,No,2,0,6822
Retail,S001,ST0046_XL,2026-02-14,No,2,0,5282
Retail,S002,ST0018_XL,2026-02-14,No,3,0,10701
Retail,S002,ST0025_M,2026-02-14,No,1,0,627
Retail,S002,ST0049_L,2026-02-14,No,4,0,16920
Retail,S002,ST0040_M,2026-02-14,No,3,0,3720
Retail,S002,ST0035_M,2026-02-14,No,3,0,4944
Retail,S002,ST0039_S,2026-02-14,No,3,0,6546
Retail,S002,ST0014_L,2026-02-14,No,1,0,1800
Retail,S002,ST0007_M,2026-02-14,No,1,0,4590
Retail,S002,ST0029_S,2026-02-14,No,1,0,1284
Retail,S002,ST0032_S,2026-02-14,No,4,0,17388
Retail,S002,ST0045_S,2026-02-14,No,3,0,6537
Retail,S002,ST0039_XL,2026-02-14,No,1,0,4175
Retail,S002,ST0029_L,2026-02-14,No,1,0,4841
Retail,S002,ST0038_L,2026-02-14,No,4,0,4540
Retail,S002,ST0001_L,2026-02-14,No,2,0,6622
Retail,S003,ST0017_L,2026-02-14,No,1,0,1062
Retail,S003,ST0016_XL,2026-02-14,No,3,0,4635
Retail,S003,ST0035_M,2026-02-14,No,3,0,4944
Retail,S003,ST0038_M,2026-02-14,No,2,0,9930
Retail,S003,ST0021_L,2026-02-14,No,4,0,11308
Retail,S003,ST0033_L,2026-02-14,No,4,0,9928
Retail,S003,ST0015_S,2026-02-14,No,2,0,4054
Retail,S003,ST0011_L,2026-02-14,No,4,0,2392
Retail,S003,ST0042_L,2026-02-14,No,2,0,6698
Retail,S003,ST0031_M,2026-02-14,No,2,0,9262
Retail,S003,ST0047_M,2026-02-14,No,2,0,6918
Retail,S003,ST0029_L,2026-02-14,No,3,0,14523
Retail,S003,ST0008_L,2026-02-14,No,3,0,4962
Retail,S003,ST0043_XL,2026-02-14,No,1,0,1970
Retail,S004,ST0039_XL,2026-02-14,No,3,0,12525
Retail,S004,ST0015_L,2026-02-14,No,4,0,19984
Retail,S004,ST0011_L,2026-02-14,No,2,0,1196
Retail,S004,ST0046_S,2026-02-14,No,4,0,18180
Retail,S004,ST0044_XL,2026-02-14,No,4,0,18996
Retail,S004,ST0011_M,2026-02-14,No,1,0,3057
Retail,S004,ST0002_M,2026-02-14,No,3,0,1938
Retail,S004,ST0007_M,2026-02-14,No,2,0,9180
Retail,S004,ST0037_M,2026-02-14,No,3,0,4128
Retail,S004,ST0047_L,2026-02-14,No,3,0,8295
Retail,S004,ST0026_S,2026-02-14,No,1,0,1069
Retail,S004,ST0049_M,2026-02-14,No,4,0,15004
Retail,S004,ST0014_L,2026-02-14,No,4,0,7200
Retail,S004,ST0012_XL,2026-02-14,No,2,0,6738
Retail,S004,ST0048_M,2026-02-14,No,4,0,9028
Retail,S004,ST0049_XL,2026-02-14,No,4,0,11956
Retail,S004,ST0038_XL,2026-02-14,No,3,0,6579
Retail,S005,ST0011_M,2026-02-14,No,1,0,3057
Retail,S005,ST0013_XL,2026-02-14,No,1,0,4567
Retail,S005,ST0009_L,2026-02-14,No,4,0,17964
Retail,S005,ST0005_L,2026-02-14,No,3,0,2286
Retail,S005,ST0041_S,2026-02-14,No,2,0,3300
Retail,S005,ST0021_S,2026-02-14,No,2,0,6130
Retail,S005,ST0036_L,2026-02-14,No,1,0,3624
Retail,S005,ST0026_XL,2026-02-14,No,1,0,4363
Retail,S005,ST0032_S,2026-02-14,No,1,0,4347
Retail,S005,ST0033_L,2026-02-14,No,4,0,9928
Retail,S005,ST0023_XL,2026-02-14,No,4,0,11200
Retail,S005,ST0045_XL,2026-02-14,No,1,0,3856
Retail,S005,ST0050_S,2026-02-14,No,1,0,2131
Retail,S005,ST0047_S,2026-02-14,No,3,0,10677
Retail,S005,ST0043_L,2026-02-14,No,1,0,4570
Retail,S006,ST0015_XL,2026-02-14,No,1,0,3604
Retail,S006,ST0041_S,2026-02-14,No,2,0,3300
Retail,S006,ST0006_XL,2026-02-14,No,2,0,8446
Retail,S006,ST0036_XL,2026-02-14,No,1,0,3551
Retail,S006,ST0015_S,2026-02-14,No,1,0,2027
Retail,S006,ST0044_XL,2026-02-14,No,4,0,18996
Retail,S006,ST0032_XL,2026-02-14,No,2,0,2942
Retail,S006,ST0020_L,2026-02-14,No,3,0,4707
Retail,S006,ST0018_XL,2026-02-14,No,1,0,3567
Retail,S006,ST0037_M,2026-02-14,No,3,0,4128
Retail,S006,ST0038_M,2026-02-14,No,4,0,19860
Retail,S006,ST0014_M,2026-02-14,No,3,0,14979
Retail,S006,ST0032_L,2026-02-14,No,1,0,3201
Retail,S006,ST0001_XL,2026-02-14,No,1,0,1869
Retail,S006,ST0022_XL,2026-02-14,No,3,0,11010
Retail,S007,ST0050_XL,2026-02-14,No,2,0,3696
Retail,S007,ST0008_M,2026-02-14,No,2,0,5510
Retail,S007,ST0037_M,2026-02-14,No,2,0,2752
Retail,S007,ST0014_S,2026-02-14,No,3,0,1980
Retail,S007,ST0019_S,2026-02-14,No,1,0,1315
Retail,S007,ST0002_M,2026-02-14,No,3,0,1938
Retail,S007,ST0026_L,2026-02-14,No,4,0,12932
Retail,S007,ST0013_M,2026-02-14,No,3,0,12873
Retail,S007,ST0025_S,2026-02-14,No,4,0,15576
Retail,S007,ST0020_S,2026-02-14,No,4,0,10820
Retail,S007,ST0036_XL,2026-02-14,No,4,0,14204
Retail,S007,ST0017_L,2026-02-14,No,1,0,1062
Retail,S007,ST0007_L,2026-02-14,No,4,0,10224
Retail,S007,ST0008_L,2026-02-14,No,3,0,4962
Retail,S007,ST0033_M,2026-02-14,No,2,0,6548
Retail,S007,ST0031_M,2026-02-14,No,4,0,18524
Retail,S007,ST0035_S,2026-02-14,No,4,0,15044
Retail,S008,ST0003_M,2026-02-14,No,3,0,7029
Retail,S008,ST0012_M,2026-02-14,No,3,0,14799
Retail,S008,ST0021_XL,2026-02-14,No,2,0,7840
Retail,S008,ST0007_XL,2026-02-14,No,1,0,3670
Retail,S008,ST0009_L,2026-02-14,No,3,0,13473
Retail,S008,ST0028_L,2026-02-14,No,4,0,7636
Retail,S008,ST0045_L,2026-02-14,No,1,0,3244
Retail,S008,ST0011_XL,2026-02-14,No,1,0,2700
Retail,S008,ST0025_S,2026-02-14,No,2,0,7788
Retail,S008,ST0022_XL,2026-02-14,No,3,0,11010
Retail,S008,ST0016_XL,2026-02-14,No,4,0,6180
Retail,S008,ST0042_XL,2026-02-14,No,4,0,4236
Retail,S008,ST0045_XL,2026-02-14,No,4,0,15424
Retail,S008,ST0016_L,2026-02-14,No,4,0,15784
Retail,S008,ST0027_S,2026-02-14,No,1,0,4514
Retail,S009,ST0036_L,2026-02-14,No,2,0,7248
Retail,S009,ST0046_M,2026-02-14,No,4,0,6972
Retail,S009,ST0026_L,2026-02-14,No,1,0,3233
Retail,S009,ST0047_M,2026-02-14,No,3,0,10377
Retail,S009,ST0047_L,2026-02-14,No,3,0,8295
Retail,S009,ST0017_S,2026-02-14,No,1,0,2193
Retail,S009,ST0049_L,2026-02-14,No,1,0,4230
Retail,S009,ST0020_S,2026-02-14,No,2,0,5410
Retail,S009,ST0018_M,2026-02-14,No,3,0,2175
Retail,S009,ST0023_M,2026-02-14,No,1,0,1639
Retail,S009,ST0041_L,2026-02-14,No,1,0,1512
Retail,S009,ST0036_XL,2026-02-14,No,1,0,3551
Retail,S009,ST0019_M,2026-02-14,No,3,0,10860
Retail,S009,ST0020_M,2026-02-14,No,1,0,3024
Retail,S010,ST0044_M,2026-02-14,No,1,0,2794
Retail,S010,ST0043_XL,2026-02-14,No,2,0,3940
Retail,S010,ST0005_S,2026-02-14,No,1,0,4561
Retail,S010,ST0015_M,2026-02-14,No,3,0,5154
Retail,S010,ST0006_M,2026-02-14,No,3,0,12429
Retail,S010,ST0049_XL,2026-02-14,No,3,0,8967
Retail,S010,ST0037_L,2026-02-14,No,1,0,1491
Retail,S010,ST0003_XL,2026-02-14,No,2,0,6952
Retail,S010,ST0029_M,2026-02-14,No,2,0,7350
Retail,S010,ST0027_M,2026-02-14,No,3,0,10203
Retail,S010,ST0045_S,2026-02-14,No,1,0,2179
Retail,S010,ST0008_S,2026-02-14,No,3,0,6546
Retail,S010,ST0012_S,2026-02-14,No,2,0,6922
Retail,S010,ST0025_S,2026-02-14,No,1,0,3894
Retail,S010,ST0008_M,2026-02-14,No,3,0,8265
Retail,S010,ST0030_XL,2026-02-14,No,1,0,1024
Retail,S001,ST0006_XL,2026-02-15,No,1,0,4223
Retail,S001,ST0008_XL,2026-02-15,No,1,0,4999
Retail,S001,ST0032_XL,2026-02-15,No,3,0,4413
Retail,S001,ST0045_S,2026-02-15,No,2,0,4358
Retail,S001,ST0023_M,2026-02-15,No,2,0,3278
Retail,S001,ST0033_S,2026-02-15,No,3,0,4998
Retail,S001,ST0011_M,2026-02-15,No,4,0,12228
Retail,S001,ST0016_L,2026-02-15,No,1,0,3946
Retail,S001,ST0048_M,2026-02-15,No,2,0,4514
Retail,S001,ST0019_M,2026-02-15,No,3,0,10860
Retail,S001,ST0048_S,2026-02-15,No,4,0,8540
Retail,S001,ST0009_L,2026-02-15,No,1,0,4491
Retail,S001,ST0047_XL,2026-02-15,No,2,0,5958
Retail,S001,ST0038_M,2026-02-15,No,1,0,4965
Retail,S002,ST0033_XL,2026-02-15,No,2,0,2706
Retail,S002,ST0034_L,2026-02-15,No,1,0,4269
Retail,S002,ST0012_M,2026-02-15,No,3,0,14799
Retail,S002,ST0038_L,2026-02-15,No,1,0,1135
Retail,S002,ST0015_XL,2026-02-15,No,3,0,10812
Retail,S002,ST0032_M,2026-02-15,No,3,0,14985
Retail,S002,ST0010_S,2026-02-15,No,4,0,7780
Retail,S002,ST0013_S,2026-02-15,No,1,0,3734
Retail,S002,ST0019_M,2026-02-15,No,1,0,3620
Retail,S002,ST0050_L,2026-02-15,No,1,0,1515
Retail,S002,ST0018_XL,2026-02-15,No,2,0,7134
Retail,S002,ST0008_S,2026-02-15,No,2,0,4364
Retail,S002,ST0011_XL,2026-02-15,No,2,0,5400
Retail,S002,ST0038_M,2026-02-15,No,4,0,19860
Retail,S003,ST0035_L,2026-02-15,No,3,0,6645
Retail,S003,ST0032_L,2026-02-15,No,4,0,12804
Retail,S003,ST0014_XL,2026-02-15,No,2,0,8974
Retail,S003,ST0012_S,2026-02-15,No,4,0,13844
Retail,S003,ST0030_M,2026-02-15,No,2,0,4682
Retail,S003,ST0027_M,2026-02-15,No,3,0,10203
Retail,S003,ST0007_XL,2026-02-15,No,1,0,3670
Retail,S003,ST0044_XL,2026-02-15,No,1,0,4749
Retail,S003,ST0032_M,2026-02-15,No,2,0,9990
Retail,S003,ST0024_XL,2026-02-15,No,3,0,11481
Retail,S003,ST0002_L,2026-02-15,No,2,0,7438
Retail,S003,ST0001_M,2026-02-15,No,3,0,3477
Retail,S003,ST0005_M,2026-02-15,No,3,0,11607
Retail,S003,ST0047_S,2026-02-15,No,2,0,7118
Retail,S003,ST0034_L,2026-02-15,No,1,0,4269
Retail,S004,ST0045_XL,2026-02-15,No,1,0,3856
Retail,S004,ST0020_L,2026-02-15,No,1,0,1569
Retail,S004,ST0028_L,2026-02-15,No,1,0,1909
Retail,S004,ST0007_XL,2026-02-15,No,3,0,11010
Retail,S004,ST0004_L,2026-02-15,No,1,0,3419
Retail,S004,ST0023_L,2026-02-15,No,4,0,2760
Retail,S004,ST0001_S,2026-02-15,No,2,0,4588
Retail,S004,ST0008_L,2026-02-15,No,1,0,1654
Retail,S004,ST0026_XL,2026-02-15,No,1,0,4363
Retail,S004,ST0029_L,2026-02-15,No,1,0,4841
Retail,S004,ST0043_M,2026-02-15,No,3,0,11529
Retail,S004,ST0026_M,2026-02-15,No,2,0,4790
Retail,S004,ST0013_XL,2026-02-15,No,4,0,18268
Retail,S004,ST0034_M,2026-02-15,No,2,0,8472
Retail,S004,ST0047_L,2026-02-15,No,4,0,11060
Retail,S004,ST0021_XL,2026-02-15,No,1,0,3920
Retail,S005,ST0024_M,2026-02-15,No,2,0,6950
Retail,S005,ST0018_L,2026-02-15,No,4,0,5836
Retail,S005,ST0049_M,2026-02-15,No,4,0,15004
Retail,S005,ST0002_S,2026-02-15,No,4,0,9944
Retail,S005,ST0032_S,2026-02-15,No,4,0,17388
Retail,S005,ST0049_S,2026-02-15,No,1,0,3349
Retail,S005,ST0019_XL,2026-02-15,No,2,0,3486
Retail,S005,ST0019_L,2026-02-15,No,2,0,1032
Retail,S005,ST0038_M,2026-02-15,No,1,0,4965
Retail,S005,ST0019_M,2026-02-15,No,1,0,3620
Retail,S005,ST0043_M,2026-02-15,No,2,0,7686
Retail,S005,ST0030_XL,2026-02-15,No,2,0,2048
Retail,S005,ST0037_S,2026-02-15,No,1,0,504
Retail,S005,ST0044_S,2026-02-15,No,1,0,1080
Retail,S005,ST0025_L,2026-02-15,No,1,0,2565
Retail,S006,ST0041_M,2026-02-15,No,4,0,9724
Retail,S006,ST0001_M,2026-02-15,No,2,0,2318
Retail,S006,ST0016_M,2026-02-15,No,2,0,2908
Retail,S006,ST0032_XL,2026-02-15,No,2,0,2942
Retail,S006,ST0004_L,2026-02-15,No,4,0,13676
Retail,S006,ST0043_S,2026-02-15,No,3,0,12516
Retail,S006,ST0038_XL,2026-02-15,No,3,0,6579
Retail,S006,ST0029_XL,2026-02-15,No,4,0,13224
Retail,S006,ST0026_XL,2026-02-15,No,4,0,17452
Retail,S006,ST0015_XL,2026-02-15,No,2,0,7208
Retail,S006,ST0050_S,2026-02-15,No,1,0,2131
Retail,S006,ST0049_L,2026-02-15,No,1,0,4230
Retail,S006,ST0030_M,2026-02-15,No,4,0,9364
Retail,S007,ST0017_M,2026-02-15,No,4,0,15744
Retail,S007,ST0047_L,2026-02-15,No,4,0,11060
Retail,S007,ST0019_L,2026-02-15,No,3,0,1548
Retail,S007,ST0035_L,2026-02-15,No,4,0,8860
Retail,S007,ST0015_XL,2026-02-15,No,2,0,7208
Retail,S007,ST0019_XL,2026-02-15,No,1,0,1743
Retail,S007,ST0002_XL,2026-02-15,No,1,0,3411
Retail,S007,ST0006_XL,2026-02-15,No,1,0,4223
Retail,S007,ST0028_XL,2026-02-15,No,1,0,4557
Retail,S007,ST0041_XL,2026-02-15,No,4,0,8656
Retail,S007,ST0009_L,2026-02-15,No,3,0,13473
Retail,S007,ST0017_S,2026-02-15,No,4,0,8772
Retail,S007,ST0015_M,2026-02-15,No,1,0,1718
Retail,S007,ST0026_S,2026-02-15,No,1,0,1069
Retail,S007,ST0043_S,2026-02-15,No,2,0,8344
Retail,S007,ST0018_M,2026-02-15,No,2,0,1450
Retail,S007,ST0047_S,2026-02-15,No,1,0,3559
Retail,S008,ST0006_L,2026-02-15,No,3,0,7647
Retail,S008,ST0015_S,2026-02-15,No,4,0,8108
Retail,S008,ST0047_XL,2026-02-15,No,3,0,8937
Retail,S008,ST0026_XL,2026-02-15,No,1,0,4363
Retail,S008,ST0032_L,2026-02-15,No,2,0,6402
Retail,S008,ST0018_M,2026-02-15,No,1,0,725
Retail,S008,ST0002_M,2026-02-15,No,2,0,1292
Retail,S008,ST0011_L,2026-02-15,No,3,0,1794
Retail,S008,ST0019_M,2026-02-15,No,1,0,3620
Retail,S008,ST0046_S,2026-02-15,No,1,0,4545
Retail,S008,ST0026_M,2026-02-15,No,2,0,4790
Retail,S008,ST0022_S,2026-02-15,No,3,0,2403
Retail,S008,ST0007_S,2026-02-15,No,1,0,3608
Retail,S008,ST0014_XL,2026-02-15,No,1,0,4487
Retail,S008,ST0042_L,2026-02-15,No,2,0,6698
Retail,S008,ST0010_L,2026-02-15,No,4,0,17692
Retail,S009,ST0044_S,2026-02-15,No,4,0,4320
Retail,S009,ST0029_S,2026-02-15,No,2,0,2568
Retail,S009,ST0031_L,2026-02-15,No,2,0,9230
Retail,S009,ST0048_S,2026-02-15,No,4,0,8540
Retail,S009,ST0038_M,2026-02-15,No,2,0,9930
Retail,S009,ST0035_S,2026-02-15,No,2,0,7522
Retail,S009,ST0036_XL,2026-02-15,No,1,0,3551
Retail,S009,ST0042_S,2026-02-15,No,2,0,3162
Retail,S009,ST0031_M,2026-02-15,No,3,0,13893
Retail,S009,ST0031_S,2026-02-15,No,4,0,13800
Retail,S009,ST0020_XL,2026-02-15,No,4,0,15776
Retail,S009,ST0024_XL,2026-02-15,No,4,0,15308
Retail,S009,ST0011_S,2026-02-15,No,3,0,11049
Retail,S009,ST0012_S,2026-02-15,No,2,0,6922
Retail,S010,ST0044_M,2026-02-15,No,4,0,11176
Retail,S010,ST0015_L,2026-02-15,No,1,0,4996
Retail,S010,ST0005_XL,2026-02-15,No,2,0,2246
Retail,S010,ST0013_S,2026-02-15,No,1,0,3734
Retail,S010,ST0039_M,2026-02-15,No,1,0,619
Retail,S010,ST0027_L,2026-02-15,No,2,0,4372
Retail,S010,ST0034_L,2026-02-15,No,3,0,12807
Retail,S010,ST0043_S,2026-02-15,No,2,0,8344
Retail,S010,ST0050_L,2026-02-15,No,1,0,1515
Retail,S010,ST0011_S,2026-02-15,No,3,0,11049
Retail,S010,ST0012_L,2026-02-15,No,2,0,8554
Retail,S010,ST0009_M,2026-02-15,No,2,0,4392
Retail,S010,ST0044_XL,2026-02-15,No,1,0,4749
Retail,S001,ST0003_M,2026-02-16,No,1,0,2343
Retail,S001,ST0041_L,2026-02-16,No,2,0,3024
Retail,S001,ST0005_S,2026-02-16,No,2,0,9122
Retail,S001,ST0021_M,2026-02-16,No,3,0,4680
Retail,S001,ST0006_XL,2026-02-16,No,1,0,4223
Retail,S001,ST0018_L,2026-02-16,No,3,0,4377
Retail,S001,ST0045_S,2026-02-16,No,3,0,6537
Retail,S001,ST0022_S,2026-02-16,No,3,0,2403
Retail,S001,ST0036_S,2026-02-16,No,3,0,8973
Retail,S001,ST0005_M,2026-02-16,No,3,0,11607
Retail,S001,ST0047_L,2026-02-16,No,4,0,11060
Retail,S001,ST0033_XL,2026-02-16,No,1,0,1353
Retail,S001,ST0041_M,2026-02-16,No,4,0,9724
Retail,S001,ST0042_XL,2026-02-16,No,2,0,2118
Retail,S001,ST0019_M,2026-02-16,No,4,0,14480
Retail,S001,ST0034_XL,2026-02-16,No,4,0,4296
Retail,S002,ST0038_XL,2026-02-16,No,2,0,4386
Retail,S002,ST0022_L,2026-02-16,No,4,0,4424
Retail,S002,ST0042_L,2026-02-16,No,1,0,3349
Retail,S002,ST0007_S,2026-02-16,No,3,0,10824
Retail,S002,ST0020_XL,2026-02-16,No,2,0,7888
Retail,S002,ST0025_L,2026-02-16,No,1,0,2565
Retail,S002,ST0045_XL,2026-02-16,No,2,0,7712
Retail,S002,ST0011_XL,2026-02-16,No,3,0,8100
Retail,S002,ST0017_XL,2026-02-16,No,2,0,5970
Retail,S002,ST0010_S,2026-02-16,No,3,0,5835
Retail,S002,ST0019_L,2026-02-16,No,1,0,516
Retail,S002,ST0009_M,2026-02-16,No,1,0,2196
Retail,S002,ST0032_M,2026-02-16,No,2,0,9990
Retail,S002,ST0018_XL,2026-02-16,No,4,0,14268
Retail,S002,ST0049_XL,2026-02-16,No,3,0,8967
Retail,S002,ST0019_XL,2026-02-16,No,1,0,1743
Retail,S003,ST0044_S,2026-02-16,No,3,0,3240
Retail,S003,ST0030_M,2026-02-16,No,2,0,4682
Retail,S003,ST0031_M,2026-02-16,No,4,0,18524
Retail,S003,ST0043_S,2026-02-16,No,1,0,4172
Retail,S003,ST0021_M,2026-02-16,No,3,0,4680
Retail,S003,ST0025_XL,2026-02-16,No,4,0,9264
Retail,S003,ST0002_L,2026-02-16,No,1,0,3719
Retail,S003,ST0033_M,2026-02-16,No,2,0,6548
Retail,S003,ST0046_XL,2026-02-16,No,4,0,10564
Retail,S003,ST0022_XL,2026-02-16,No,1,0,3670
Retail,S003,ST0004_S,2026-02-16,No,2,0,4918
Retail,S003,ST0015_L,2026-02-16,No,1,0,4996
Retail,S003,ST0021_XL,2026-02-16,No,3,0,11760
Retail,S003,ST0043_L,2026-02-16,No,1,0,4570
Retail,S003,ST0041_L,2026-02-16,No,2,0,3024
Retail,S003,ST0022_S,2026-02-16,No,2,0,1602
Retail,S003,ST0017_L,2026-02-16,No,1,0,1062
Retail,S003,ST0028_XL,2026-02-16,No,4,0,18228
Retail,S003,ST0007_L,2026-02-16,No,4,0,10224
Retail,S004,ST0020_L,2026-02-16,No,3,0,4707
Retail,S004,ST0031_L,2026-02-16,No,4,0,18460
Retail,S004,ST0034_XL,2026-02-16,No,3,0,3222
Retail,S004,ST0008_XL,2026-02-16,No,3,0,14997
Retail,S004,ST0001_L,2026-02-16,No,2,0,6622
Retail,S004,ST0050_L,2026-02-16,No,3,0,4545
Retail,S004,ST0025_XL,2026-02-16,No,4,0,9264
Retail,S004,ST0044_L,2026-02-16,No,3,0,10941
Retail,S004,ST0046_L,2026-02-16,No,3,0,10854
Retail,S004,ST0022_M,2026-02-16,No,4,0,19104
Retail,S004,ST0031_S,2026-02-16,No,3,0,10350
Retail,S004,ST0029_M,2026-02-16,No,3,0,11025
Retail,S004,ST0032_L,2026-02-16,No,1,0,3201
Retail,S004,ST0044_M,2026-02-16,No,1,0,2794
Retail,S004,ST0042_XL,2026-02-16,No,4,0,4236
Retail,S005,ST0038_M,2026-02-16,No,1,0,4965
Retail,S005,ST0046_L,2026-02-16,No,3,0,10854
Retail,S005,ST0042_M,2026-02-16,No,3,0,3036
Retail,S005,ST0035_XL,2026-02-16,No,4,0,17416
Retail,S005,ST0012_M,2026-02-16,No,3,0,14799
Retail,S005,ST0023_L,2026-02-16,No,1,0,690
Retail,S005,ST0050_L,2026-02-16,No,3,0,4545
Retail,S005,ST0046_M,2026-02-16,No,4,0,6972
Retail,S005,ST0040_S,2026-02-16,No,1,0,1869
Retail,S005,ST0018_M,2026-02-16,No,2,0,1450
Retail,S005,ST0011_L,2026-02-16,No,1,0,598
Retail,S005,ST0049_XL,2026-02-16,No,2,0,5978
Retail,S005,ST0018_XL,2026-02-16,No,3,0,10701
Retail,S005,ST0036_S,2026-02-16,No,3,0,8973
Retail,S005,ST0002_S,2026-02-16,No,1,0,2486
Retail,S005,ST0001_M,2026-02-16,No,3,0,3477
Retail,S005,ST0019_XL,2026-02-16,No,4,0,6972
Retail,S005,ST0019_M,2026-02-16,No,1,0,3620
Retail,S006,ST0016_L,2026-02-16,No,2,0,7892
Retail,S006,ST0007_L,2026-02-16,No,4,0,10224
Retail,S006,ST0031_S,2026-02-16,No,4,0,13800
Retail,S006,ST0014_L,2026-02-16,No,4,0,7200
Retail,S006,ST0017_M,2026-02-16,No,1,0,3936
Retail,S006,ST0007_S,2026-02-16,No,1,0,3608
Retail,S006,ST0037_L,2026-02-16,No,1,0,1491
Retail,S006,ST0027_XL,2026-02-16,No,1,0,3509
Retail,S006,ST0007_M,2026-02-16,No,4,0,18360
Retail,S006,ST0006_S,2026-02-16,No,4,0,6064
Retail,S006,ST0019_L,2026-02-16,No,4,0,2064
Retail,S006,ST0005_S,2026-02-16,No,1,0,4561
Retail,S006,ST0044_L,2026-02-16,No,4,0,14588
Retail,S006,ST0034_L,2026-02-16,No,1,0,4269
Retail,S006,ST0024_M,2026-02-16,No,1,0,3475
Retail,S006,ST0033_XL,2026-02-16,No,3,0,4059
Retail,S006,ST0010_XL,2026-02-16,No,1,0,753
Retail,S006,ST0030_M,2026-02-16,No,1,0,2341
Retail,S006,ST0023_S,2026-02-16,No,2,0,2398
Retail,S006,ST0007_XL,2026-02-16,No,3,0,11010
Retail,S007,ST0019_XL,2026-02-16,No,4,0,6972
Retail,S007,ST0030_L,2026-02-16,No,4,0,11820
Retail,S007,ST0042_S,2026-02-16,No,2,0,3162
Retail,S007,ST0012_M,2026-02-16,No,3,0,14799
Retail,S007,ST0044_M,2026-02-16,No,3,0,8382
Retail,S007,ST0007_XL,2026-02-16,No,2,0,7340
Retail,S007,ST0038_S,2026-02-16,No,1,0,4864
Retail,S007,ST0005_S,2026-02-16,No,2,0,9122
Retail,S007,ST0042_M,2026-02-16,No,4,0,4048
Retail,S007,ST0044_S,2026-02-16,No,4,0,4320
Retail,S007,ST0043_M,2026-02-16,No,3,0,11529
Retail,S007,ST0047_S,2026-02-16,No,4,0,14236
Retail,S007,ST0018_XL,2026-02-16,No,2,0,7134
Retail,S007,ST0015_XL,2026-02-16,No,1,0,3604
Retail,S007,ST0008_L,2026-02-16,No,2,0,3308
Retail,S007,ST0010_M,2026-02-16,No,1,0,4699
Retail,S007,ST0040_XL,2026-02-16,No,1,0,3338
Retail,S007,ST0004_S,2026-02-16,No,3,0,7377
Retail,S008,ST0036_L,2026-02-16,No,3,0,10872
Retail,S008,ST0015_L,2026-02-16,No,4,0,19984
Retail,S008,ST0034_L,2026-02-16,No,2,0,8538
Retail,S008,ST0009_M,2026-02-16,No,3,0,6588
Retail,S008,ST0015_M,2026-02-16,No,3,0,5154
Retail,S008,ST0010_M,2026-02-16,No,4,0,18796
Retail,S008,ST0006_S,2026-02-16,No,1,0,1516
Retail,S008,ST0002_S,2026-02-16,No,1,0,2486
Retail,S008,ST0016_XL,2026-02-16,No,1,0,1545
Retail,S008,ST0036_S,2026-02-16,No,3,0,8973
Retail,S008,ST0031_XL,2026-02-16,No,1,0,2868
Retail,S008,ST0017_L,2026-02-16,No,3,0,3186
Retail,S008,ST0019_S,2026-02-16,No,3,0,3945
Retail,S008,ST0032_S,2026-02-16,No,1,0,4347
Retail,S008,ST0016_M,2026-02-16,No,3,0,4362
Retail,S008,ST0019_L,2026-02-16,No,2,0,1032
Retail,S008,ST0045_XL,2026-02-16,No,2,0,7712
Retail,S008,ST0009_XL,2026-02-16,No,3,0,6444
Retail,S009,ST0007_M,2026-02-16,No,4,0,18360
Retail,S009,ST0005_L,2026-02-16,No,1,0,762
Retail,S009,ST0005_S,2026-02-16,No,1,0,4561
Retail,S009,ST0003_S,2026-02-16,No,4,0,8936
Retail,S009,ST0049_S,2026-02-16,No,4,0,13396
Retail,S009,ST0016_L,2026-02-16,No,2,0,7892
Retail,S009,ST0012_S,2026-02-16,No,2,0,6922
Retail,S009,ST0047_L,2026-02-16,No,2,0,5530
Retail,S009,ST0036_S,2026-02-16,No,2,0,5982
Retail,S009,ST0014_M,2026-02-16,No,3,0,14979
Retail,S009,ST0033_L,2026-02-16,No,2,0,4964
Retail,S009,ST0002_XL,2026-02-16,No,4,0,13644
Retail,S009,ST0046_M,2026-02-16,No,1,0,1743
Retail,S009,ST0018_L,2026-02-16,No,1,0,1459
Retail,S009,ST0044_S,2026-02-16,No,4,0,4320
Retail,S009,ST0024_S,2026-02-16,No,1,0,1480
Retail,S010,ST0014_L,2026-02-16,No,3,0,5400
Retail,S010,ST0030_M,2026-02-16,No,4,0,9364
Retail,S010,ST0012_XL,2026-02-16,No,2,0,6738
Retail,S010,ST0016_XL,2026-02-16,No,1,0,1545
Retail,S010,ST0006_XL,2026-02-16,No,3,0,12669
Retail,S010,ST0038_M,2026-02-16,No,3,0,14895
Retail,S010,ST0035_M,2026-02-16,No,1,0,1648
Retail,S010,ST0044_L,2026-02-16,No,4,0,14588
Retail,S010,ST0005_S,2026-02-16,No,2,0,9122
Retail,S010,ST0032_M,2026-02-16,No,2,0,9990
Retail,S010,ST0003_M,2026-02-16,No,1,0,2343
Retail,S010,ST0006_M,2026-02-16,No,1,0,4143
Retail,S010,ST0034_XL,2026-02-16,No,3,0,3222
Retail,S010,ST0042_XL,2026-02-16,No,1,0,1059
Retail,S010,ST0026_XL,2026-02-16,No,2,0,8726
Retail,S010,ST0029_L,2026-02-16,No,1,0,4841
Retail,S010,ST0017_M,2026-02-16,No,1,0,3936
Retail,S010,ST0003_XL,2026-02-16,No,4,0,13904
Retail,S010,ST0030_L,2026-02-16,No,2,0,5910
Retail,S001,ST0038_S,2026-02-17,No,2,0,9728
Retail,S001,ST0009_S,2026-02-17,No,1,0,3691
Retail,S001,ST0008_L,2026-02-17,No,1,0,1654
Retail,S001,ST0022_M,2026-02-17,No,2,0,9552
Retail,S001,ST0047_L,2026-02-17,No,2,0,5530
Retail,S001,ST0043_M,2026-02-17,No,2,0,7686
Retail,S001,ST0046_M,2026-02-17,No,3,0,5229
Retail,S001,ST0046_S,2026-02-17,No,2,0,9090
Retail,S001,ST0017_L,2026-02-17,No,1,0,1062
Retail,S001,ST0021_XL,2026-02-17,No,4,0,15680
Retail,S001,ST0024_S,2026-02-17,No,1,0,1480
Retail,S001,ST0013_XL,2026-02-17,No,2,0,9134
Retail,S001,ST0007_M,2026-02-17,No,1,0,4590
Retail,S001,ST0011_XL,2026-02-17,No,1,0,2700
Retail,S002,ST0006_XL,2026-02-17,No,3,0,12669
Retail,S002,ST0017_XL,2026-02-17,No,2,0,5970
Retail,S002,ST0021_S,2026-02-17,No,1,0,3065
Retail,S002,ST0023_XL,2026-02-17,No,4,0,11200
Retail,S002,ST0042_M,2026-02-17,No,2,0,2024
Retail,S002,ST0045_XL,2026-02-17,No,2,0,7712
Retail,S002,ST0016_XL,2026-02-17,No,1,0,1545
Retail,S002,ST0005_S,2026-02-17,No,4,0,18244
Retail,S002,ST0010_M,2026-02-17,No,1,0,4699
Retail,S002,ST0047_XL,2026-02-17,No,4,0,11916
Retail,S002,ST0021_XL,2026-02-17,No,3,0,11760
Retail,S002,ST0017_M,2026-02-17,No,2,0,7872
Retail,S003,ST0017_S,2026-02-17,No,1,0,2193
Retail,S003,ST0011_L,2026-02-17,No,4,0,2392
Retail,S003,ST0025_S,2026-02-17,No,2,0,7788
Retail,S003,ST0039_L,2026-02-17,No,4,0,5320
Retail,S003,ST0020_XL,2026-02-17,No,3,0,11832
Retail,S003,ST0045_L,2026-02-17,No,2,0,6488
Retail,S003,ST0031_L,2026-02-17,No,2,0,9230
Retail,S003,ST0012_L,2026-02-17,No,3,0,12831
Retail,S003,ST0020_L,2026-02-17,No,4,0,6276
Retail,S003,ST0040_M,2026-02-17,No,4,0,4960
Retail,S003,ST0043_S,2026-02-17,No,3,0,12516
Retail,S003,ST0013_S,2026-02-17,No,4,0,14936
Retail,S003,ST0012_XL,2026-02-17,No,1,0,3369
Retail,S003,ST0038_M,2026-02-17,No,2,0,9930
Retail,S003,ST0003_S,2026-02-17,No,1,0,2234
Retail,S003,ST0014_M,2026-02-17,No,3,0,14979
Retail,S004,ST0022_M,2026-02-17,No,4,0,19104
Retail,S004,ST0038_XL,2026-02-17,No,4,0,8772
Retail,S004,ST0031_L,2026-02-17,No,2,0,9230
Retail,S004,ST0012_XL,2026-02-17,No,2,0,6738
Retail,S004,ST0009_XL,2026-02-17,No,4,0,8592
Retail,S004,ST0033_S,2026-02-17,No,1,0,1666
Retail,S004,ST0021_S,2026-02-17,No,3,0,9195
Retail,S004,ST0035_XL,2026-02-17,No,4,0,17416
Retail,S004,ST0003_XL,2026-02-17,No,3,0,10428
Retail,S004,ST0020_S,2026-02-17,No,3,0,8115
Retail,S004,ST0036_S,2026-02-17,No,1,0,2991
Retail,S004,ST0013_L,2026-02-17,No,4,0,5824
Retail,S004,ST0014_S,2026-02-17,No,4,0,2640
Retail,S004,ST0048_M,2026-02-17,No,4,0,9028
Retail,S004,ST0038_S,2026-02-17,No,4,0,19456
Retail,S005,ST0004_L,2026-02-17,No,3,0,10257
Retail,S005,ST0008_S,2026-02-17,No,2,0,4364
Retail,S005,ST0035_S,2026-02-17,No,3,0,11283
Retail,S005,ST0027_L,2026-02-17,No,3,0,6558
Retail,S005,ST0026_XL,2026-02-17,No,4,0,17452
Retail,S005,ST0042_XL,2026-02-17,No,1,0,1059
Retail,S005,ST0017_XL,2026-02-17,No,1,0,2985
Retail,S005,ST0012_M,2026-02-17,No,3,0,14799
Retail,S005,ST0036_M,2026-02-17,No,1,0,3160
Retail,S005,ST0002_S,2026-02-17,No,2,0,4972
Retail,S005,ST0028_S,2026-02-17,No,2,0,1308
Retail,S005,ST0005_S,2026-02-17,No,2,0,9122
Retail,S005,ST0028_L,2026-02-17,No,2,0,3818
Retail,S005,ST0027_S,2026-02-17,No,1,0,4514
Retail,S005,ST0009_L,2026-02-17,No,4,0,17964
Retail,S005,ST0039_S,2026-02-17,No,1,0,2182
Retail,S005,ST0037_L,2026-02-17,No,3,0,4473
Retail,S006,ST0033_L,2026-02-17,No,2,0,4964
Retail,S006,ST0039_XL,2026-02-17,No,4,0,16700
Retail,S006,ST0030_XL,2026-02-17,No,1,0,1024
Retail,S006,ST0036_L,2026-02-17,No,3,0,10872
Retail,S006,ST0027_XL,2026-02-17,No,1,0,3509
Retail,S006,ST0016_S,2026-02-17,No,2,0,6470
Retail,S006,ST0028_S,2026-02-17,No,1,0,654
Retail,S006,ST0046_L,2026-02-17,No,1,0,3618
Retail,S006,ST0024_S,2026-02-17,No,1,0,1480
Retail,S006,ST0037_L,2026-02-17,No,1,0,1491
Retail,S006,ST0032_XL,2026-02-17,No,4,0,5884
Retail,S006,ST0026_M,2026-02-17,No,3,0,7185
Retail,S006,ST0038_L,2026-02-17,No,2,0,2270
Retail,S006,ST0044_XL,2026-02-17,No,1,0,4749
Retail,S006,ST0020_S,2026-02-17,No,3,0,8115
Retail,S006,ST0036_M,2026-02-17,No,1,0,3160
Retail,S007,ST0001_L,2026-02-17,No,3,0,9933
Retail,S007,ST0016_L,2026-02-17,No,4,0,15784
Retail,S007,ST0049_M,2026-02-17,No,1,0,3751
Retail,S007,ST0020_XL,2026-02-17,No,4,0,15776
Retail,S007,ST0012_L,2026-02-17,No,1,0,4277
Retail,S007,ST0043_XL,2026-02-17,No,3,0,5910
Retail,S007,ST0050_M,2026-02-17,No,1,0,3316
Retail,S007,ST0027_XL,2026-02-17,No,4,0,14036
Retail,S007,ST0006_S,2026-02-17,No,4,0,6064
Retail,S007,ST0033_XL,2026-02-17,No,4,0,5412
Retail,S007,ST0023_M,2026-02-17,No,1,0,1639
Retail,S007,ST0013_S,2026-02-17,No,2,0,7468
Retail,S007,ST0038_M,2026-02-17,No,1,0,4965
Retail,S007,ST0012_XL,2026-02-17,No,1,0,3369
Retail,S007,ST0007_S,2026-02-17,No,1,0,3608
Retail,S007,ST0021_XL,2026-02-17,No,1,0,3920
Retail,S007,ST0024_M,2026-02-17,No,4,0,13900
Retail,S008,ST0022_M,2026-02-17,No,4,0,19104
Retail,S008,ST0004_M,2026-02-17,No,1,0,2885
Retail,S008,ST0010_M,2026-02-17,No,2,0,9398
Retail,S008,ST0014_M,2026-02-17,No,2,0,9986
Retail,S008,ST0008_XL,2026-02-17,No,2,0,9998
Retail,S008,ST0011_S,2026-02-17,No,2,0,7366
Retail,S008,ST0050_M,2026-02-17,No,3,0,9948
Retail,S008,ST0030_M,2026-02-17,No,3,0,7023
Retail,S008,ST0004_XL,2026-02-17,No,2,0,4604
Retail,S008,ST0015_XL,2026-02-17,No,3,0,10812
Retail,S008,ST0049_L,2026-02-17,No,3,0,12690
Retail,S008,ST0018_XL,2026-02-17,No,2,0,7134
Retail,S008,ST0002_S,2026-02-17,No,2,0,4972
Retail,S008,ST0048_XL,2026-02-17,No,3,0,7710
Retail,S008,ST0017_S,2026-02-17,No,3,0,6579
Retail,S008,ST0040_M,2026-02-17,No,1,0,1240
Retail,S008,ST0019_XL,2026-02-17,No,2,0,3486
Retail,S009,ST0005_L,2026-02-17,No,2,0,1524
Retail,S009,ST0041_M,2026-02-17,No,3,0,7293
Retail,S009,ST0049_XL,2026-02-17,No,2,0,5978
Retail,S009,ST0013_XL,2026-02-17,No,3,0,13701
Retail,S009,ST0038_L,2026-02-17,No,4,0,4540
Retail,S009,ST0016_S,2026-02-17,No,3,0,9705
Retail,S009,ST0032_L,2026-02-17,No,4,0,12804
Retail,S009,ST0015_L,2026-02-17,No,3,0,14988
Retail,S009,ST0011_L,2026-02-17,No,1,0,598
Retail,S009,ST0007_M,2026-02-17,No,4,0,18360
Retail,S009,ST0006_S,2026-02-17,No,2,0,3032
Retail,S009,ST0016_XL,2026-02-17,No,4,0,6180
Retail,S009,ST0026_S,2026-02-17,No,3,0,3207
Retail,S009,ST0047_XL,2026-02-17,No,2,0,5958
Retail,S009,ST0022_M,2026-02-17,No,3,0,14328
Retail,S009,ST0048_S,2026-02-17,No,3,0,6405
Retail,S010,ST0050_M,2026-02-17,No,2,0,6632
Retail,S010,ST0044_S,2026-02-17,No,3,0,3240
Retail,S010,ST0042_XL,2026-02-17,No,4,0,4236
Retail,S010,ST0031_M,2026-02-17,No,3,0,13893
Retail,S010,ST0001_XL,2026-02-17,No,4,0,7476
Retail,S010,ST0034_L,2026-02-17,No,1,0,4269
Retail,S010,ST0033_S,2026-02-17,No,1,0,1666
Retail,S010,ST0037_S,2026-02-17,No,2,0,1008
Retail,S010,ST0043_L,2026-02-17,No,4,0,18280
Retail,S010,ST0029_M,2026-02-17,No,2,0,7350
Retail,S010,ST0024_S,2026-02-17,No,4,0,5920
Retail,S010,ST0038_M,2026-02-17,No,4,0,19860
Retail,S010,ST0015_S,2026-02-17,No,3,0,6081
Retail,S010,ST0029_S,2026-02-17,No,1,0,1284
Retail,S010,ST0031_L,2026-02-17,No,1,0,4615
Retail,S010,ST0039_XL,2026-02-17,No,3,0,12525
Retail,S010,ST0008_M,2026-02-17,No,4,0,11020
Retail,S001,ST0035_M,2026-02-18,No,2,0,3296
Retail,S001,ST0014_S,2026-02-18,No,1,0,660
Retail,S001,ST0026_L,2026-02-18,No,2,0,6466
Retail,S001,ST0004_XL,2026-02-18,No,1,0,2302
Retail,S001,ST0027_L,2026-02-18,No,2,0,4372
Retail,S001,ST0043_S,2026-02-18,No,2,0,8344
Retail,S001,ST0027_XL,2026-02-18,No,3,0,10527
Retail,S001,ST0025_L,2026-02-18,No,4,0,10260
Retail,S001,ST0002_L,2026-02-18,No,4,0,14876
Retail,S001,ST0036_L,2026-02-18,No,3,0,10872
Retail,S001,ST0047_XL,2026-02-18,No,2,0,5958
Retail,S001,ST0028_XL,2026-02-18,No,1,0,4557
Retail,S001,ST0026_S,2026-02-18,No,4,0,4276
Retail,S001,ST0008_L,2026-02-18,No,3,0,4962
Retail,S001,ST0020_XL,2026-02-18,No,1,0,3944
Retail,S001,ST0020_M,2026-02-18,No,4,0,12096
Retail,S002,ST0045_M,2026-02-18,No,4,0,16024
Retail,S002,ST0039_L,2026-02-18,No,1,0,1330
Retail,S002,ST0015_M,2026-02-18,No,3,0,5154
Retail,S002,ST0035_L,2026-02-18,No,2,0,4430
Retail,S002,ST0040_S,2026-02-18,No,4,0,7476
Retail,S002,ST0021_S,2026-02-18,No,3,0,9195
Retail,S002,ST0047_M,2026-02-18,No,1,0,3459
Retail,S002,ST0050_XL,2026-02-18,No,4,0,7392
Retail,S002,ST0019_M,2026-02-18,No,1,0,3620
Retail,S002,ST0040_XL,2026-02-18,No,1,0,3338
Retail,S002,ST0020_XL,2026-02-18,No,4,0,15776
Retail,S002,ST0032_L,2026-02-18,No,2,0,6402
Retail,S002,ST0011_M,2026-02-18,No,4,0,12228
Retail,S002,ST0047_L,2026-02-18,No,1,0,2765
Retail,S002,ST0023_M,2026-02-18,No,2,0,3278
Retail,S002,ST0049_M,2026-02-18,No,1,0,3751
Retail,S002,ST0027_L,2026-02-18,No,3,0,6558
Retail,S002,ST0009_L,2026-02-18,No,3,0,13473
Retail,S003,ST0039_S,2026-02-18,No,2,0,4364
Retail,S003,ST0029_S,2026-02-18,No,3,0,3852
Retail,S003,ST0021_XL,2026-02-18,No,4,0,15680
Retail,S003,ST0005_XL,2026-02-18,No,4,0,4492
Retail,S003,ST0022_S,2026-02-18,No,1,0,801
Retail,S003,ST0017_M,2026-02-18,No,4,0,15744
Retail,S003,ST0008_S,2026-02-18,No,2,0,4364
Retail,S003,ST0032_XL,2026-02-18,No,4,0,5884
Retail,S003,ST0009_S,2026-02-18,No,1,0,3691
Retail,S003,ST0034_L,2026-02-18,No,4,0,17076
Retail,S003,ST0044_M,2026-02-18,No,2,0,5588
Retail,S003,ST0046_M,2026-02-18,No,4,0,6972
Retail,S003,ST0016_L,2026-02-18,No,1,0,3946
Retail,S003,ST0022_L,2026-02-18,No,4,0,4424
Retail,S004,ST0042_M,2026-02-18,No,2,0,2024
Retail,S004,ST0045_M,2026-02-18,No,3,0,12018
Retail,S004,ST0047_XL,2026-02-18,No,4,0,11916
Retail,S004,ST0033_XL,2026-02-18,No,3,0,4059
Retail,S004,ST0036_M,2026-02-18,No,2,0,6320
Retail,S004,ST0025_M,2026-02-18,No,1,0,627
Retail,S004,ST0009_S,2026-02-18,No,1,0,3691
Retail,S004,ST0035_M,2026-02-18,No,4,0,6592
Retail,S004,ST0034_L,2026-02-18,No,1,0,4269
Retail,S004,ST0003_L,2026-02-18,No,2,0,1976
Retail,S004,ST0021_M,2026-02-18,No,4,0,6240
Retail,S004,ST0022_L,2026-02-18,No,4,0,4424
Retail,S004,ST0050_M,2026-02-18,No,2,0,6632
Retail,S004,ST0038_S,2026-02-18,No,3,0,14592
Retail,S005,ST0020_M,2026-02-18,No,3,0,9072
Retail,S005,ST0042_M,2026-02-18,No,1,0,1012
Retail,S005,ST0046_S,2026-02-18,No,3,0,13635
Retail,S005,ST0001_M,2026-02-18,No,3,0,3477
Retail,S005,ST0049_M,2026-02-18,No,4,0,15004
Retail,S005,ST0031_S,2026-02-18,No,2,0,6900
Retail,S005,ST0028_S,2026-02-18,No,3,0,1962
Retail,S005,ST0048_S,2026-02-18,No,3,0,6405
Retail,S005,ST0012_S,2026-02-18,No,2,0,6922
Retail,S005,ST0011_L,2026-02-18,No,3,0,1794
Retail,S005,ST0005_XL,2026-02-18,No,3,0,3369
Retail,S005,ST0019_S,2026-02-18,No,3,0,3945
Retail,S005,ST0012_XL,2026-02-18,No,3,0,10107
Retail,S005,ST0012_M,2026-02-18,No,3,0,14799
Retail,S005,ST0035_S,2026-02-18,No,2,0,7522
Retail,S005,ST0034_XL,2026-02-18,No,1,0,1074
Retail,S006,ST0006_L,2026-02-18,No,4,0,10196
Retail,S006,ST0005_M,2026-02-18,No,2,0,7738
Retail,S006,ST0011_M,2026-02-18,No,3,0,9171
Retail,S006,ST0002_M,2026-02-18,No,1,0,646
Retail,S006,ST0022_XL,2026-02-18,No,4,0,14680
Retail,S006,ST0030_S,2026-02-18,No,4,0,4148
Retail,S006,ST0043_M,2026-02-18,No,1,0,3843
Retail,S006,ST0039_S,2026-02-18,No,4,0,8728
Retail,S006,ST0032_L,2026-02-18,No,1,0,3201
Retail,S006,ST0036_M,2026-02-18,No,1,0,3160
Retail,S006,ST0018_L,2026-02-18,No,2,0,2918
Retail,S006,ST0035_L,2026-02-18,No,1,0,2215
Retail,S006,ST0042_L,2026-02-18,No,2,0,6698
Retail,S006,ST0009_S,2026-02-18,No,3,0,11073
Retail,S006,ST0038_XL,2026-02-18,No,4,0,8772
Retail,S006,ST0044_XL,2026-02-18,No,2,0,9498
Retail,S006,ST0002_S,2026-02-18,No,3,0,7458
Retail,S007,ST0018_S,2026-02-18,No,1,0,3854
Retail,S007,ST0046_L,2026-02-18,No,1,0,3618
Retail,S007,ST0016_L,2026-02-18,No,4,0,15784
Retail,S007,ST0045_XL,2026-02-18,No,1,0,3856
Retail,S007,ST0017_S,2026-02-18,No,3,0,6579
Retail,S007,ST0008_M,2026-02-18,No,2,0,5510
Retail,S007,ST0009_L,2026-02-18,No,2,0,8982
Retail,S007,ST0047_XL,2026-02-18,No,3,0,8937
Retail,S007,ST0049_XL,2026-02-18,No,4,0,11956
Retail,S007,ST0011_XL,2026-02-18,No,1,0,2700
Retail,S007,ST0029_L,2026-02-18,No,2,0,9682
Retail,S007,ST0015_L,2026-02-18,No,3,0,14988
Retail,S007,ST0038_XL,2026-02-18,No,2,0,4386
Retail,S007,ST0040_M,2026-02-18,No,3,0,3720
Retail,S007,ST0006_XL,2026-02-18,No,3,0,12669
Retail,S007,ST0014_M,2026-02-18,No,4,0,19972
Retail,S007,ST0011_L,2026-02-18,No,1,0,598
Retail,S008,ST0046_S,2026-02-18,No,1,0,4545
Retail,S008,ST0005_L,2026-02-18,No,2,0,1524
Retail,S008,ST0027_S,2026-02-18,No,1,0,4514
Retail,S008,ST0001_S,2026-02-18,No,2,0,4588
Retail,S008,ST0011_XL,2026-02-18,No,4,0,10800
Retail,S008,ST0019_M,2026-02-18,No,4,0,14480
Retail,S008,ST0002_L,2026-02-18,No,4,0,14876
Retail,S008,ST0014_S,2026-02-18,No,3,0,1980
Retail,S008,ST0004_M,2026-02-18,No,3,0,8655
Retail,S008,ST0048_S,2026-02-18,No,4,0,8540
Retail,S008,ST0040_XL,2026-02-18,No,1,0,3338
Retail,S008,ST0050_XL,2026-02-18,No,3,0,5544
Retail,S008,ST0021_L,2026-02-18,No,2,0,5654
Retail,S008,ST0034_L,2026-02-18,No,2,0,8538
Retail,S008,ST0005_S,2026-02-18,No,4,0,18244
Retail,S008,ST0017_M,2026-02-18,No,2,0,7872
Retail,S009,ST0019_M,2026-02-18,No,4,0,14480
Retail,S009,ST0007_S,2026-02-18,No,1,0,3608
Retail,S009,ST0047_M,2026-02-18,No,3,0,10377
Retail,S009,ST0045_M,2026-02-18,No,2,0,8012
Retail,S009,ST0016_XL,2026-02-18,No,3,0,4635
Retail,S009,ST0018_L,2026-02-18,No,3,0,4377
Retail,S009,ST0031_XL,2026-02-18,No,3,0,8604
Retail,S009,ST0040_S,2026-02-18,No,3,0,5607
Retail,S009,ST0037_M,2026-02-18,No,1,0,1376
Retail,S009,ST0002_S,2026-02-18,No,2,0,4972
Retail,S009,ST0002_M,2026-02-18,No,3,0,1938
Retail,S009,ST0041_L,2026-02-18,No,2,0,3024
Retail,S009,ST0021_XL,2026-02-18,No,3,0,11760
Retail,S009,ST0005_M,2026-02-18,No,2,0,7738
Retail,S009,ST0050_XL,2026-02-18,No,4,0,7392
Retail,S009,ST0049_L,2026-02-18,No,3,0,12690
Retail,S010,ST0049_M,2026-02-18,No,2,0,7502
Retail,S010,ST0001_M,2026-02-18,No,2,0,2318
Retail,S010,ST0012_M,2026-02-18,No,1,0,4933
Retail,S010,ST0029_XL,2026-02-18,No,2,0,6612
Retail,S010,ST0017_S,2026-02-18,No,3,0,6579
Retail,S010,ST0034_L,2026-02-18,No,3,0,12807
Retail,S010,ST0050_L,2026-02-18,No,1,0,1515
Retail,S010,ST0046_S,2026-02-18,No,3,0,13635
Retail,S010,ST0041_XL,2026-02-18,No,2,0,4328
Retail,S010,ST0001_L,2026-02-18,No,1,0,3311
Retail,S010,ST0016_S,2026-02-18,No,4,0,12940
Retail,S010,ST0024_M,2026-02-18,No,3,0,10425
Retail,S010,ST0023_XL,2026-02-18,No,3,0,8400
Retail,S010,ST0028_S,2026-02-18,No,2,0,1308
Retail,S001,ST0021_L,2026-02-19,No,4,0,11308
Retail,S001,ST0031_M,2026-02-19,No,1,0,4631
Retail,S001,ST0007_L,2026-02-19,No,1,0,2556
Retail,S001,ST0023_L,2026-02-19,No,4,0,2760
Retail,S001,ST0012_L,2026-02-19,No,3,0,12831
Retail,S001,ST0018_L,2026-02-19,No,4,0,5836
Retail,S001,ST0016_M,2026-02-19,No,2,0,2908
Retail,S001,ST0042_S,2026-02-19,No,1,0,1581
Retail,S001,ST0036_XL,2026-02-19,No,4,0,14204
Retail,S001,ST0032_L,2026-02-19,No,2,0,6402
Retail,S001,ST0043_XL,2026-02-19,No,2,0,3940
Retail,S001,ST0004_XL,2026-02-19,No,1,0,2302
Retail,S001,ST0041_S,2026-02-19,No,4,0,6600
Retail,S001,ST0043_S,2026-02-19,No,2,0,8344
Retail,S001,ST0025_XL,2026-02-19,No,2,0,4632
Retail,S001,ST0039_L,2026-02-19,No,1,0,1330
Retail,S002,ST0046_S,2026-02-19,No,4,0,18180
Retail,S002,ST0008_S,2026-02-19,No,4,0,8728
Retail,S002,ST0044_L,2026-02-19,No,3,0,10941
Retail,S002,ST0037_M,2026-02-19,No,3,0,4128
Retail,S002,ST0006_M,2026-02-19,No,2,0,8286
Retail,S002,ST0025_S,2026-02-19,No,4,0,15576
Retail,S002,ST0001_XL,2026-02-19,No,1,0,1869
Retail,S002,ST0041_XL,2026-02-19,No,3,0,6492
Retail,S002,ST0016_XL,2026-02-19,No,4,0,6180
Retail,S002,ST0041_L,2026-02-19,No,4,0,6048
Retail,S002,ST0002_M,2026-02-19,No,1,0,646
Retail,S002,ST0003_XL,2026-02-19,No,4,0,13904
Retail,S002,ST0026_XL,2026-02-19,No,1,0,4363
Retail,S002,ST0025_M,2026-02-19,No,2,0,1254
Retail,S002,ST0010_XL,2026-02-19,No,2,0,1506
Retail,S002,ST0020_L,2026-02-19,No,4,0,6276
Retail,S003,ST0022_M,2026-02-19,No,2,0,9552
Retail,S003,ST0016_S,2026-02-19,No,4,0,12940
Retail,S003,ST0043_L,2026-02-19,No,1,0,4570
Retail,S003,ST0016_XL,2026-02-19,No,2,0,3090
Retail,S003,ST0031_S,2026-02-19,No,2,0,6900
Retail,S003,ST0026_XL,2026-02-19,No,2,0,8726
Retail,S003,ST0048_L,2026-02-19,No,4,0,19808
Retail,S003,ST0042_XL,2026-02-19,No,4,0,4236
Retail,S003,ST0021_L,2026-02-19,No,4,0,11308
Retail,S003,ST0004_L,2026-02-19,No,1,0,3419
Retail,S003,ST0009_M,2026-02-19,No,2,0,4392
Retail,S003,ST0034_S,2026-02-19,No,1,0,4646
Retail,S003,ST0050_XL,2026-02-19,No,3,0,5544
Retail,S003,ST0036_XL,2026-02-19,No,1,0,3551
Retail,S003,ST0025_M,2026-02-19,No,2,0,1254
Retail,S003,ST0027_L,2026-02-19,No,2,0,4372
Retail,S004,ST0018_L,2026-02-19,No,2,0,2918
Retail,S004,ST0018_M,2026-02-19,No,2,0,1450
Retail,S004,ST0050_L,2026-02-19,No,3,0,4545
Retail,S004,ST0048_S,2026-02-19,No,4,0,8540
Retail,S004,ST0040_L,2026-02-19,No,3,0,1848
Retail,S004,ST0044_S,2026-02-19,No,3,0,3240
Retail,S004,ST0017_S,2026-02-19,No,3,0,6579
Retail,S004,ST0049_XL,2026-02-19,No,3,0,8967
Retail,S004,ST0003_M,2026-02-19,No,2,0,4686
Retail,S004,ST0014_M,2026-02-19,No,2,0,9986
Retail,S004,ST0031_M,2026-02-19,No,4,0,18524
Retail,S004,ST0048_M,2026-02-19,No,4,0,9028
Retail,S004,ST0014_S,2026-02-19,No,2,0,1320
Retail,S004,ST0048_L,2026-02-19,No,3,0,14856
Retail,S004,ST0024_M,2026-02-19,No,3,0,10425
Retail,S004,ST0038_XL,2026-02-19,No,2,0,4386
Retail,S004,ST0039_XL,2026-02-19,No,4,0,16700
Retail,S005,ST0029_S,2026-02-19,No,2,0,2568
Retail,S005,ST0006_L,2026-02-19,No,3,0,7647
Retail,S005,ST0042_M,2026-02-19,No,1,0,1012
Retail,S005,ST0021_XL,2026-02-19,No,1,0,3920
Retail,S005,ST0023_L,2026-02-19,No,3,0,2070
Retail,S005,ST0017_S,2026-02-19,No,2,0,4386
Retail,S005,ST0033_XL,2026-02-19,No,1,0,1353
Retail,S005,ST0021_M,2026-02-19,No,1,0,1560
Retail,S005,ST0031_L,2026-02-19,No,1,0,4615
Retail,S005,ST0028_XL,2026-02-19,No,4,0,18228
Retail,S005,ST0011_L,2026-02-19,No,1,0,598
Retail,S005,ST0008_S,2026-02-19,No,1,0,2182
Retail,S005,ST0021_S,2026-02-19,No,2,0,6130
Retail,S005,ST0042_S,2026-02-19,No,4,0,6324
Retail,S006,ST0016_S,2026-02-19,No,1,0,3235
Retail,S006,ST0008_L,2026-02-19,No,2,0,3308
Retail,S006,ST0047_M,2026-02-19,No,1,0,3459
Retail,S006,ST0013_S,2026-02-19,No,3,0,11202
Retail,S006,ST0034_S,2026-02-19,No,2,0,9292
Retail,S006,ST0023_M,2026-02-19,No,3,0,4917
Retail,S006,ST0029_S,2026-02-19,No,2,0,2568
Retail,S006,ST0041_M,2026-02-19,No,1,0,2431
Retail,S006,ST0048_S,2026-02-19,No,3,0,6405
Retail,S006,ST0008_M,2026-02-19,No,3,0,8265
Retail,S006,ST0001_XL,2026-02-19,No,1,0,1869
Retail,S006,ST0025_XL,2026-02-19,No,4,0,9264
Retail,S006,ST0030_XL,2026-02-19,No,4,0,4096
Retail,S006,ST0007_M,2026-02-19,No,4,0,18360
Retail,S006,ST0019_XL,2026-02-19,No,4,0,6972
Retail,S007,ST0028_L,2026-02-19,No,4,0,7636
Retail,S007,ST0002_S,2026-02-19,No,2,0,4972
Retail,S007,ST0021_S,2026-02-19,No,3,0,9195
Retail,S007,ST0039_L,2026-02-19,No,2,0,2660
Retail,S007,ST0043_L,2026-02-19,No,3,0,13710
Retail,S007,ST0042_L,2026-02-19,No,3,0,10047
Retail,S007,ST0017_XL,2026-02-19,No,2,0,5970
Retail,S007,ST0038_S,2026-02-19,No,3,0,14592
Retail,S007,ST0045_XL,2026-02-19,No,1,0,3856
Retail,S007,ST0046_S,2026-02-19,No,1,0,4545
Retail,S007,ST0030_XL,2026-02-19,No,3,0,3072
Retail,S007,ST0024_S,2026-02-19,No,1,0,1480
Retail,S007,ST0028_S,2026-02-19,No,1,0,654
Retail,S007,ST0041_XL,2026-02-19,No,2,0,4328
Retail,S007,ST0007_S,2026-02-19,No,2,0,7216
Retail,S007,ST0005_XL,2026-02-19,No,1,0,1123
Retail,S007,ST0045_L,2026-02-19,No,3,0,9732
Retail,S007,ST0002_M,2026-02-19,No,3,0,1938
Retail,S008,ST0048_M,2026-02-19,No,2,0,4514
Retail,S008,ST0027_S,2026-02-19,No,2,0,9028
Retail,S008,ST0020_XL,2026-02-19,No,3,0,11832
Retail,S008,ST0037_XL,2026-02-19,No,4,0,18568
Retail,S008,ST0042_M,2026-02-19,No,3,0,3036
Retail,S008,ST0005_M,2026-02-19,No,2,0,7738
Retail,S008,ST0001_S,2026-02-19,No,2,0,4588
Retail,S008,ST0035_S,2026-02-19,No,3,0,11283
Retail,S008,ST0042_S,2026-02-19,No,4,0,6324
Retail,S008,ST0036_XL,2026-02-19,No,4,0,14204
Retail,S008,ST0024_L,2026-02-19,No,4,0,6736
Retail,S008,ST0004_M,2026-02-19,No,1,0,2885
Retail,S008,ST0030_XL,2026-02-19,No,2,0,2048
Retail,S008,ST0040_L,2026-02-19,No,1,0,616
Retail,S008,ST0041_L,2026-02-19,No,1,0,1512
Retail,S008,ST0003_S,2026-02-19,No,2,0,4468
Retail,S008,ST0034_XL,2026-02-19,No,3,0,3222
Retail,S009,ST0043_XL,2026-02-19,No,1,0,1970
Retail,S009,ST0014_M,2026-02-19,No,4,0,19972
Retail,S009,ST0004_S,2026-02-19,No,2,0,4918
Retail,S009,ST0041_S,2026-02-19,No,3,0,4950
Retail,S009,ST0030_XL,2026-02-19,No,1,0,1024
Retail,S009,ST0035_XL,2026-02-19,No,4,0,17416
Retail,S009,ST0010_M,2026-02-19,No,4,0,18796
Retail,S009,ST0037_S,2026-02-19,No,1,0,504
Retail,S009,ST0001_XL,2026-02-19,No,2,0,3738
Retail,S009,ST0008_L,2026-02-19,No,1,0,1654
Retail,S009,ST0005_M,2026-02-19,No,3,0,11607
Retail,S009,ST0019_S,2026-02-19,No,2,0,2630
Retail,S009,ST0045_L,2026-02-19,No,4,0,12976
Retail,S009,ST0046_M,2026-02-19,No,3,0,5229
Retail,S009,ST0020_L,2026-02-19,No,1,0,1569
Retail,S009,ST0048_L,2026-02-19,No,3,0,14856
Retail,S009,ST0004_M,2026-02-19,No,1,0,2885
Retail,S009,ST0002_S,2026-02-19,No,3,0,7458
Retail,S010,ST0006_XL,2026-02-19,No,4,0,16892
Retail,S010,ST0017_XL,2026-02-19,No,3,0,8955
Retail,S010,ST0006_S,2026-02-19,No,3,0,4548
Retail,S010,ST0010_XL,2026-02-19,No,3,0,2259
Retail,S010,ST0044_M,2026-02-19,No,1,0,2794
Retail,S010,ST0005_M,2026-02-19,No,3,0,11607
Retail,S010,ST0001_L,2026-02-19,No,2,0,6622
Retail,S010,ST0043_L,2026-02-19,No,3,0,13710
Retail,S010,ST0007_L,2026-02-19,No,2,0,5112
Retail,S010,ST0046_S,2026-02-19,No,3,0,13635
Retail,S010,ST0009_S,2026-02-19,No,2,0,7382
Retail,S010,ST0042_XL,2026-02-19,No,1,0,1059
Retail,S010,ST0007_M,2026-02-19,No,2,0,9180
Retail,S010,ST0034_S,2026-02-19,No,3,0,13938
Retail,S001,ST0021_XL,2026-02-20,No,1,0,3920
Retail,S001,ST0031_L,2026-02-20,No,1,0,4615
Retail,S001,ST0022_XL,2026-02-20,No,1,0,3670
Retail,S001,ST0006_S,2026-02-20,No,3,0,4548
Retail,S001,ST0022_M,2026-02-20,No,2,0,9552
Retail,S001,ST0028_L,2026-02-20,No,2,0,3818
Retail,S001,ST0016_XL,2026-02-20,No,3,0,4635
Retail,S001,ST0040_S,2026-02-20,No,4,0,7476
Retail,S001,ST0015_M,2026-02-20,No,1,0,1718
Retail,S001,ST0038_S,2026-02-20,No,4,0,19456
Retail,S001,ST0049_XL,2026-02-20,No,2,0,5978
Retail,S001,ST0004_S,2026-02-20,No,4,0,9836
Retail,S001,ST0027_XL,2026-02-20,No,3,0,10527
Retail,S001,ST0025_S,2026-02-20,No,2,0,7788
Retail,S001,ST0031_M,2026-02-20,No,4,0,18524
Retail,S001,ST0026_M,2026-02-20,No,4,0,9580
Retail,S002,ST0032_XL,2026-02-20,No,4,0,5884
Retail,S002,ST0040_XL,2026-02-20,No,4,0,13352
Retail,S002,ST0007_S,2026-02-20,No,4,0,14432
Retail,S002,ST0035_S,2026-02-20,No,1,0,3761
Retail,S002,ST0037_L,2026-02-20,No,3,0,4473
Retail,S002,ST0015_S,2026-02-20,No,4,0,8108
Retail,S002,ST0037_M,2026-02-20,No,2,0,2752
Retail,S002,ST0001_M,2026-02-20,No,1,0,1159
Retail,S002,ST0013_L,2026-02-20,No,4,0,5824
Retail,S002,ST0041_M,2026-02-20,No,2,0,4862
Retail,S002,ST0035_M,2026-02-20,No,4,0,6592
Retail,S002,ST0041_S,2026-02-20,No,3,0,4950
Retail,S002,ST0036_M,2026-02-20,No,2,0,6320
Retail,S003,ST0038_S,2026-02-20,No,2,0,9728
Retail,S003,ST0026_M,2026-02-20,No,3,0,7185
Retail,S003,ST0025_S,2026-02-20,No,4,0,15576
Retail,S003,ST0009_S,2026-02-20,No,1,0,3691
Retail,S003,ST0038_M,2026-02-20,No,3,0,14895
Retail,S003,ST0043_XL,2026-02-20,No,3,0,5910
Retail,S003,ST0033_L,2026-02-20,No,2,0,4964
Retail,S003,ST0036_XL,2026-02-20,No,2,0,7102
Retail,S003,ST0015_L,2026-02-20,No,4,0,19984
Retail,S003,ST0007_M,2026-02-20,No,2,0,9180
Retail,S003,ST0014_M,2026-02-20,No,2,0,9986
Retail,S003,ST0017_S,2026-02-20,No,2,0,4386
Retail,S003,ST0041_S,2026-02-20,No,1,0,1650
Retail,S003,ST0004_XL,2026-02-20,No,2,0,4604
Retail,S003,ST0015_S,2026-02-20,No,1,0,2027
Retail,S004,ST0009_XL,2026-02-20,No,4,0,8592
Retail,S004,ST0014_XL,2026-02-20,No,1,0,4487
Retail,S004,ST0029_S,2026-02-20,No,3,0,3852
Retail,S004,ST0024_XL,2026-02-20,No,1,0,3827
Retail,S004,ST0029_L,2026-02-20,No,1,0,4841
Retail,S004,ST0031_XL,2026-02-20,No,1,0,2868
Retail,S004,ST0026_M,2026-02-20,No,3,0,7185
Retail,S004,ST0011_M,2026-02-20,No,3,0,9171
Retail,S004,ST0036_S,2026-02-20,No,1,0,2991
Retail,S004,ST0004_S,2026-02-20,No,2,0,4918
Retail,S004,ST0006_S,2026-02-20,No,3,0,4548
Retail,S004,ST0012_M,2026-02-20,No,2,0,9866
Retail,S005,ST0018_XL,2026-02-20,No,2,0,7134
Retail,S005,ST0048_S,2026-02-20,No,2,0,4270
Retail,S005,ST0043_S,2026-02-20,No,4,0,16688
Retail,S005,ST0023_M,2026-02-20,No,3,0,4917
Retail,S005,ST0020_XL,2026-02-20,No,2,0,7888
Retail,S005,ST0001_XL,2026-02-20,No,2,0,3738
Retail,S005,ST0050_XL,2026-02-20,No,1,0,1848
Retail,S005,ST0033_L,2026-02-20,No,2,0,4964
Retail,S005,ST0031_XL,2026-02-20,No,4,0,11472
Retail,S005,ST0032_M,2026-02-20,No,4,0,19980
Retail,S005,ST0050_M,2026-02-20,No,2,0,6632
Retail,S005,ST0014_M,2026-02-20,No,3,0,14979
Retail,S005,ST0015_M,2026-02-20,No,1,0,1718
Retail,S005,ST0034_M,2026-02-20,No,1,0,4236
Retail,S005,ST0003_M,2026-02-20,No,2,0,4686
Retail,S005,ST0016_L,2026-02-20,No,2,0,7892
Retail,S005,ST0030_L,2026-02-20,No,3,0,8865
Retail,S006,ST0011_S,2026-02-20,No,2,0,7366
Retail,S006,ST0008_M,2026-02-20,No,4,0,11020
Retail,S006,ST0010_M,2026-02-20,No,4,0,18796
Retail,S006,ST0038_XL,2026-02-20,No,3,0,6579
Retail,S006,ST0040_L,2026-02-20,No,1,0,616
Retail,S006,ST0037_L,2026-02-20,No,2,0,2982
Retail,S006,ST0001_XL,2026-02-20,No,1,0,1869
Retail,S006,ST0010_L,2026-02-20,No,3,0,13269
Retail,S006,ST0020_M,2026-02-20,No,2,0,6048
Retail,S006,ST0001_L,2026-02-20,No,1,0,3311
Retail,S006,ST0016_L,2026-02-20,No,1,0,3946
Retail,S006,ST0003_M,2026-02-20,No,1,0,2343
Retail,S006,ST0046_L,2026-02-20,No,4,0,14472
Retail,S007,ST0031_L,2026-02-20,No,2,0,9230
Retail,S007,ST0005_XL,2026-02-20,No,3,0,3369
Retail,S007,ST0001_S,2026-02-20,No,4,0,9176
Retail,S007,ST0042_L,2026-02-20,No,2,0,6698
Retail,S007,ST0047_L,2026-02-20,No,1,0,2765
Retail,S007,ST0024_M,2026-02-20,No,1,0,3475
Retail,S007,ST0013_XL,2026-02-20,No,1,0,4567
Retail,S007,ST0029_S,2026-02-20,No,2,0,2568
Retail,S007,ST0016_L,2026-02-20,No,2,0,7892
Retail,S007,ST0026_S,2026-02-20,No,4,0,4276
Retail,S007,ST0010_M,2026-02-20,No,4,0,18796
Retail,S007,ST0048_L,2026-02-20,No,1,0,4952
Retail,S007,ST0048_M,2026-02-20,No,3,0,6771
Retail,S007,ST0023_XL,2026-02-20,No,1,0,2800
Retail,S007,ST0033_M,2026-02-20,No,3,0,9822
Retail,S007,ST0045_L,2026-02-20,No,3,0,9732
Retail,S008,ST0027_L,2026-02-20,No,3,0,6558
Retail,S008,ST0002_L,2026-02-20,No,1,0,3719
Retail,S008,ST0002_S,2026-02-20,No,4,0,9944
Retail,S008,ST0039_L,2026-02-20,No,2,0,2660
Retail,S008,ST0016_S,2026-02-20,No,4,0,12940
Retail,S008,ST0046_L,2026-02-20,No,4,0,14472
Retail,S008,ST0010_M,2026-02-20,No,2,0,9398
Retail,S008,ST0042_S,2026-02-20,No,2,0,3162
Retail,S008,ST0030_M,2026-02-20,No,3,0,7023
Retail,S008,ST0001_XL,2026-02-20,No,2,0,3738
Retail,S008,ST0035_M,2026-02-20,No,1,0,1648
Retail,S008,ST0034_S,2026-02-20,No,4,0,18584
Retail,S009,ST0001_M,2026-02-20,No,4,0,4636
Retail,S009,ST0010_L,2026-02-20,No,4,0,17692
Retail,S009,ST0021_M,2026-02-20,No,1,0,1560
Retail,S009,ST0044_L,2026-02-20,No,1,0,3647
Retail,S009,ST0030_XL,2026-02-20,No,4,0,4096
Retail,S009,ST0010_XL,2026-02-20,No,3,0,2259
Retail,S009,ST0004_M,2026-02-20,No,2,0,5770
Retail,S009,ST0039_S,2026-02-20,No,3,0,6546
Retail,S009,ST0048_XL,2026-02-20,No,2,0,5140
Retail,S009,ST0011_M,2026-02-20,No,2,0,6114
Retail,S009,ST0049_M,2026-02-20,No,4,0,15004
Retail,S009,ST0039_L,2026-02-20,No,1,0,1330
Retail,S009,ST0018_L,2026-02-20,No,4,0,5836
Retail,S009,ST0006_M,2026-02-20,No,3,0,12429
Retail,S010,ST0018_M,2026-02-20,No,2,0,1450
Retail,S010,ST0032_L,2026-02-20,No,4,0,12804
Retail,S010,ST0013_S,2026-02-20,No,3,0,11202
Retail,S010,ST0032_M,2026-02-20,No,1,0,4995
Retail,S010,ST0021_L,2026-02-20,No,3,0,8481
Retail,S010,ST0008_XL,2026-02-20,No,1,0,4999
Retail,S010,ST0018_S,2026-02-20,No,1,0,3854
Retail,S010,ST0044_XL,2026-02-20,No,2,0,9498
Retail,S010,ST0026_XL,2026-02-20,No,1,0,4363
Retail,S010,ST0022_L,2026-02-20,No,1,0,1106
Retail,S010,ST0050_M,2026-02-20,No,2,0,6632
Retail,S010,ST0049_S,2026-02-20,No,3,0,10047
Retail,S010,ST0023_M,2026-02-20,No,2,0,3278
Retail,S001,ST0019_S,2026-02-21,No,3,0,3945
Retail,S001,ST0016_S,2026-02-21,No,1,0,3235
Retail,S001,ST0030_L,2026-02-21,No,3,0,8865
Retail,S001,ST0011_L,2026-02-21,No,1,0,598
Retail,S001,ST0020_S,2026-02-21,No,2,0,5410
Retail,S001,ST0022_S,2026-02-21,No,1,0,801
Retail,S001,ST0017_S,2026-02-21,No,4,0,8772
Retail,S001,ST0045_S,2026-02-21,No,1,0,2179
Retail,S001,ST0043_M,2026-02-21,No,1,0,3843
Retail,S001,ST0014_M,2026-02-21,No,3,0,14979
Retail,S001,ST0031_L,2026-02-21,No,4,0,18460
Retail,S001,ST0039_M,2026-02-21,No,1,0,619
Retail,S001,ST0029_L,2026-02-21,No,2,0,9682
Retail,S001,ST0013_S,2026-02-21,No,2,0,7468
Retail,S001,ST0019_M,2026-02-21,No,2,0,7240
Retail,S002,ST0015_M,2026-02-21,No,1,0,1718
Retail,S002,ST0022_L,2026-02-21,No,2,0,2212
Retail,S002,ST0017_S,2026-02-21,No,4,0,8772
Retail,S002,ST0021_XL,2026-02-21,No,2,0,7840
Retail,S002,ST0025_S,2026-02-21,No,3,0,11682
Retail,S002,ST0027_M,2026-02-21,No,1,0,3401
Retail,S002,ST0023_S,2026-02-21,No,1,0,1199
Retail,S002,ST0020_M,2026-02-21,No,1,0,3024
Retail,S002,ST0010_M,2026-02-21,No,2,0,9398
Retail,S002,ST0046_XL,2026-02-21,No,2,0,5282
Retail,S002,ST0036_S,2026-02-21,No,4,0,11964
Retail,S002,ST0034_L,2026-02-21,No,4,0,17076
Retail,S002,ST0030_XL,2026-02-21,No,3,0,3072
Retail,S002,ST0044_M,2026-02-21,No,3,0,8382
Retail,S003,ST0046_M,2026-02-21,No,4,0,6972
Retail,S003,ST0003_S,2026-02-21,No,4,0,8936
Retail,S003,ST0022_L,2026-02-21,No,3,0,3318
Retail,S003,ST0026_S,2026-02-21,No,4,0,4276
Retail,S003,ST0041_L,2026-02-21,No,3,0,4536
Retail,S003,ST0008_M,2026-02-21,No,1,0,2755
Retail,S003,ST0049_XL,2026-02-21,No,1,0,2989
Retail,S003,ST0019_L,2026-02-21,No,2,0,1032
Retail,S003,ST0050_S,2026-02-21,No,1,0,2131
Retail,S003,ST0001_M,2026-02-21,No,4,0,4636
Retail,S003,ST0030_L,2026-02-21,No,1,0,2955
Retail,S003,ST0009_L,2026-02-21,No,2,0,8982
Retail,S003,ST0033_XL,2026-02-21,No,1,0,1353
Retail,S003,ST0031_L,2026-02-21,No,1,0,4615
Retail,S003,ST0023_L,2026-02-21,No,1,0,690
Retail,S003,ST0033_S,2026-02-21,No,2,0,3332
Retail,S003,ST0044_L,2026-02-21,No,2,0,7294
Retail,S004,ST0025_S,2026-02-21,No,2,0,7788
Retail,S004,ST0038_M,2026-02-21,No,2,0,9930
Retail,S004,ST0031_M,2026-02-21,No,3,0,13893
Retail,S004,ST0024_L,2026-02-21,No,2,0,3368
Retail,S004,ST0032_XL,2026-02-21,No,2,0,2942
Retail,S004,ST0037_XL,2026-02-21,No,4,0,18568
Retail,S004,ST0048_L,2026-02-21,No,2,0,9904
Retail,S004,ST0016_L,2026-02-21,No,2,0,7892
Retail,S004,ST0040_M,2026-02-21,No,4,0,4960
Retail,S004,ST0029_S,2026-02-21,No,1,0,1284
Retail,S004,ST0033_XL,2026-02-21,No,3,0,4059
Retail,S004,ST0018_XL,2026-02-21,No,2,0,7134
Retail,S004,ST0045_M,2026-02-21,No,1,0,4006
Retail,S004,ST0018_M,2026-02-21,No,4,0,2900
Retail,S004,ST0002_L,2026-02-21,No,3,0,11157
Retail,S004,ST0029_L,2026-02-21,No,4,0,19364
Retail,S005,ST0042_S,2026-02-21,No,2,0,3162
Retail,S005,ST0027_L,2026-02-21,No,2,0,4372
Retail,S005,ST0018_XL,2026-02-21,No,1,0,3567
Retail,S005,ST0039_L,2026-02-21,No,1,0,1330
Retail,S005,ST0016_L,2026-02-21,No,4,0,15784
Retail,S005,ST0002_XL,2026-02-21,No,2,0,6822
Retail,S005,ST0050_XL,2026-02-21,No,3,0,5544
Retail,S005,ST0035_L,2026-02-21,No,2,0,4430
Retail,S005,ST0038_L,2026-02-21,No,2,0,2270
Retail,S005,ST0002_S,2026-02-21,No,1,0,2486
Retail,S005,ST0003_M,2026-02-21,No,4,0,9372
Retail,S006,ST0014_XL,2026-02-21,No,2,0,8974
Retail,S006,ST0001_S,2026-02-21,No,1,0,2294
Retail,S006,ST0042_L,2026-02-21,No,1,0,3349
Retail,S006,ST0050_S,2026-02-21,No,2,0,4262
Retail,S006,ST0015_XL,2026-02-21,No,2,0,7208
Retail,S006,ST0040_XL,2026-02-21,No,3,0,10014
Retail,S006,ST0046_S,2026-02-21,No,4,0,18180
Retail,S006,ST0047_S,2026-02-21,No,1,0,3559
Retail,S006,ST0029_M,2026-02-21,No,1,0,3675
Retail,S006,ST0032_XL,2026-02-21,No,3,0,4413
Retail,S006,ST0018_M,2026-02-21,No,2,0,1450
Retail,S006,ST0036_M,2026-02-21,No,3,0,9480
Retail,S006,ST0015_L,2026-02-21,No,3,0,14988
Retail,S007,ST0045_M,2026-02-21,No,2,0,8012
Retail,S007,ST0022_M,2026-02-21,No,1,0,4776
Retail,S007,ST0019_XL,2026-02-21,No,1,0,1743
Retail,S007,ST0003_XL,2026-02-21,No,3,0,10428
Retail,S007,ST0012_M,2026-02-21,No,2,0,9866
Retail,S007,ST0029_S,2026-02-21,No,4,0,5136
Retail,S007,ST0050_XL,2026-02-21,No,4,0,7392
Retail,S007,ST0040_M,2026-02-21,No,1,0,1240
Retail,S007,ST0027_XL,2026-02-21,No,4,0,14036
Retail,S007,ST0001_L,2026-02-21,No,3,0,9933
Retail,S007,ST0016_M,2026-02-21,No,3,0,4362
Retail,S007,ST0036_XL,2026-02-21,No,2,0,7102
Retail,S007,ST0041_S,2026-02-21,No,1,0,1650
Retail,S007,ST0002_XL,2026-02-21,No,3,0,10233
Retail,S007,ST0049_M,2026-02-21,No,2,0,7502
Retail,S007,ST0018_M,2026-02-21,No,3,0,2175
Retail,S008,ST0013_S,2026-02-21,No,2,0,7468
Retail,S008,ST0047_M,2026-02-21,No,4,0,13836
Retail,S008,ST0016_M,2026-02-21,No,2,0,2908
Retail,S008,ST0007_L,2026-02-21,No,3,0,7668
Retail,S008,ST0024_S,2026-02-21,No,2,0,2960
Retail,S008,ST0029_L,2026-02-21,No,4,0,19364
Retail,S008,ST0037_XL,2026-02-21,No,2,0,9284
Retail,S008,ST0018_M,2026-02-21,No,1,0,725
Retail,S008,ST0022_S,2026-02-21,No,2,0,1602
Retail,S008,ST0041_M,2026-02-21,No,1,0,2431
Retail,S008,ST0002_L,2026-02-21,No,1,0,3719
Retail,S008,ST0017_S,2026-02-21,No,2,0,4386
Retail,S008,ST0037_S,2026-02-21,No,4,0,2016
Retail,S008,ST0011_M,2026-02-21,No,3,0,9171
Retail,S008,ST0045_L,2026-02-21,No,1,0,3244
Retail,S008,ST0021_S,2026-02-21,No,3,0,9195
Retail,S009,ST0034_M,2026-02-21,No,4,0,16944
Retail,S009,ST0033_S,2026-02-21,No,2,0,3332
Retail,S009,ST0050_L,2026-02-21,No,4,0,6060
Retail,S009,ST0030_S,2026-02-21,No,2,0,2074
Retail,S009,ST0025_L,2026-02-21,No,2,0,5130
Retail,S009,ST0042_L,2026-02-21,No,1,0,3349
Retail,S009,ST0043_XL,2026-02-21,No,1,0,1970
Retail,S009,ST0030_M,2026-02-21,No,3,0,7023
Retail,S009,ST0035_XL,2026-02-21,No,2,0,8708
Retail,S009,ST0010_XL,2026-02-21,No,2,0,1506
Retail,S009,ST0001_XL,2026-02-21,No,1,0,1869
Retail,S009,ST0033_M,2026-02-21,No,3,0,9822
Retail,S010,ST0049_L,2026-02-21,No,2,0,8460
Retail,S010,ST0038_S,2026-02-21,No,1,0,4864
Retail,S010,ST0041_L,2026-02-21,No,3,0,4536
Retail,S010,ST0021_M,2026-02-21,No,4,0,6240
Retail,S010,ST0015_XL,2026-02-21,No,2,0,7208
Retail,S010,ST0045_L,2026-02-21,No,1,0,3244
Retail,S010,ST0036_L,2026-02-21,No,2,0,7248
Retail,S010,ST0047_S,2026-02-21,No,4,0,14236
Retail,S010,ST0037_S,2026-02-21,No,1,0,504
Retail,S010,ST0046_L,2026-02-21,No,4,0,14472
Retail,S010,ST0045_S,2026-02-21,No,4,0,8716
Retail,S010,ST0045_M,2026-02-21,No,4,0,16024
Retail,S001,ST0008_M,2026-02-22,No,3,0,8265
Retail,S001,ST0026_L,2026-02-22,No,4,0,12932
Retail,S001,ST0010_S,2026-02-22,No,4,0,7780
Retail,S001,ST0047_XL,2026-02-22,No,1,0,2979
Retail,S001,ST0049_M,2026-02-22,No,4,0,15004
Retail,S001,ST0027_L,2026-02-22,No,1,0,2186
Retail,S001,ST0011_S,2026-02-22,No,4,0,14732
Retail,S001,ST0043_M,2026-02-22,No,4,0,15372
Retail,S001,ST0048_L,2026-02-22,No,4,0,19808
Retail,S001,ST0017_S,2026-02-22,No,4,0,8772
Retail,S001,ST0046_L,2026-02-22,No,2,0,7236
Retail,S001,ST0032_S,2026-02-22,No,1,0,4347
Retail,S001,ST0002_S,2026-02-22,No,2,0,4972
Retail,S001,ST0012_L,2026-02-22,No,4,0,17108
Retail,S001,ST0018_L,2026-02-22,No,4,0,5836
Retail,S002,ST0045_S,2026-02-22,No,3,0,6537
Retail,S002,ST0015_S,2026-02-22,No,4,0,8108
Retail,S002,ST0010_L,2026-02-22,No,1,0,4423
Retail,S002,ST0034_S,2026-02-22,No,3,0,13938
Retail,S002,ST0029_L,2026-02-22,No,4,0,19364
Retail,S002,ST0001_XL,2026-02-22,No,4,0,7476
Retail,S002,ST0034_M,2026-02-22,No,4,0,16944
Retail,S002,ST0008_L,2026-02-22,No,1,0,1654
Retail,S002,ST0044_L,2026-02-22,No,3,0,10941
Retail,S002,ST0008_M,2026-02-22,No,3,0,8265
Retail,S002,ST0048_M,2026-02-22,No,4,0,9028
Retail,S002,ST0008_XL,2026-02-22,No,4,0,19996
Retail,S002,ST0045_XL,2026-02-22,No,3,0,11568
Retail,S002,ST0047_S,2026-02-22,No,4,0,14236
Retail,S002,ST0019_XL,2026-02-22,No,1,0,1743
Retail,S002,ST0027_S,2026-02-22,No,4,0,18056
Retail,S002,ST0001_S,2026-02-22,No,3,0,6882
Retail,S003,ST0040_M,2026-02-22,No,4,0,4960
Retail,S003,ST0035_L,2026-02-22,No,3,0,6645
Retail,S003,ST0042_M,2026-02-22,No,4,0,4048
Retail,S003,ST0023_S,2026-02-22,No,1,0,1199
Retail,S003,ST0021_XL,2026-02-22,No,1,0,3920
Retail,S003,ST0049_S,2026-02-22,No,1,0,3349
Retail,S003,ST0039_L,2026-02-22,No,4,0,5320
Retail,S003,ST0007_S,2026-02-22,No,1,0,3608
Retail,S003,ST0031_S,2026-02-22,No,3,0,10350
Retail,S003,ST0034_M,2026-02-22,No,4,0,16944
Retail,S003,ST0008_XL,2026-02-22,No,4,0,19996
Retail,S003,ST0050_S,2026-02-22,No,1,0,2131
Retail,S003,ST0045_L,2026-02-22,No,1,0,3244
Retail,S003,ST0015_XL,2026-02-22,No,4,0,14416
Retail,S003,ST0002_L,2026-02-22,No,3,0,11157
Retail,S003,ST0037_XL,2026-02-22,No,3,0,13926
Retail,S003,ST0033_XL,2026-02-22,No,2,0,2706
Retail,S004,ST0043_XL,2026-02-22,No,1,0,1970
Retail,S004,ST0047_XL,2026-02-22,No,3,0,8937
Retail,S004,ST0020_S,2026-02-22,No,2,0,5410
Retail,S004,ST0021_L,2026-02-22,No,2,0,5654
Retail,S004,ST0033_M,2026-02-22,No,3,0,9822
Retail,S004,ST0022_XL,2026-02-22,No,2,0,7340
Retail,S004,ST0038_XL,2026-02-22,No,1,0,2193
Retail,S004,ST0009_L,2026-02-22,No,1,0,4491
Retail,S004,ST0023_M,2026-02-22,No,3,0,4917
Retail,S004,ST0042_M,2026-02-22,No,2,0,2024
Retail,S004,ST0013_M,2026-02-22,No,2,0,8582
Retail,S004,ST0048_S,2026-02-22,No,2,0,4270
Retail,S004,ST0014_XL,2026-02-22,No,3,0,13461
Retail,S005,ST0001_M,2026-02-22,No,1,0,1159
Retail,S005,ST0048_XL,2026-02-22,No,1,0,2570
Retail,S005,ST0019_M,2026-02-22,No,2,0,7240
Retail,S005,ST0047_XL,2026-02-22,No,2,0,5958
Retail,S005,ST0010_XL,2026-02-22,No,1,0,753
Retail,S005,ST0033_L,2026-02-22,No,2,0,4964
Retail,S005,ST0029_M,2026-02-22,No,4,0,14700
Retail,S005,ST0014_L,2026-02-22,No,4,0,7200
Retail,S005,ST0038_M,2026-02-22,No,2,0,9930
Retail,S005,ST0016_S,2026-02-22,No,4,0,12940
Retail,S005,ST0011_L,2026-02-22,No,1,0,598
Retail,S005,ST0034_XL,2026-02-22,No,2,0,2148
Retail,S005,ST0018_XL,2026-02-22,No,3,0,10701
Retail,S005,ST0016_M,2026-02-22,No,3,0,4362
Retail,S005,ST0038_L,2026-02-22,No,2,0,2270
Retail,S005,ST0042_S,2026-02-22,No,1,0,1581
Retail,S006,ST0043_L,2026-02-22,No,3,0,13710
Retail,S006,ST0021_S,2026-02-22,No,1,0,3065
Retail,S006,ST0034_S,2026-02-22,No,1,0,4646
Retail,S006,ST0039_M,2026-02-22,No,1,0,619
Retail,S006,ST0031_L,2026-02-22,No,3,0,13845
Retail,S006,ST0024_M,2026-02-22,No,2,0,6950
Retail,S006,ST0047_S,2026-02-22,No,3,0,10677
Retail,S006,ST0049_XL,2026-02-22,No,4,0,11956
Retail,S006,ST0035_M,2026-02-22,No,4,0,6592
Retail,S006,ST0035_L,2026-02-22,No,1,0,2215
Retail,S006,ST0020_XL,2026-02-22,No,2,0,7888
Retail,S006,ST0028_S,2026-02-22,No,4,0,2616
Retail,S006,ST0029_XL,2026-02-22,No,3,0,9918
Retail,S006,ST0022_XL,2026-02-22,No,4,0,14680
Retail,S006,ST0014_L,2026-02-22,No,1,0,1800
Retail,S006,ST0017_L,2026-02-22,No,4,0,4248
Retail,S007,ST0021_M,2026-02-22,No,4,0,6240
Retail,S007,ST0033_L,2026-02-22,No,4,0,9928
Retail,S007,ST0039_S,2026-02-22,No,2,0,4364
Retail,S007,ST0004_S,2026-02-22,No,2,0,4918
Retail,S007,ST0014_S,2026-02-22,No,3,0,1980
Retail,S007,ST0041_L,2026-02-22,No,3,0,4536
Retail,S007,ST0012_M,2026-02-22,No,1,0,4933
Retail,S007,ST0035_L,2026-02-22,No,4,0,8860
Retail,S007,ST0005_L,2026-02-22,No,1,0,762
Retail,S007,ST0019_M,2026-02-22,No,4,0,14480
Retail,S007,ST0014_M,2026-02-22,No,4,0,19972
Retail,S007,ST0042_XL,2026-02-22,No,2,0,2118
Retail,S007,ST0027_L,2026-02-22,No,4,0,8744
Retail,S007,ST0032_M,2026-02-22,No,4,0,19980
Retail,S007,ST0048_L,2026-02-22,No,2,0,9904
Retail,S007,ST0033_XL,2026-02-22,No,2,0,2706
Retail,S007,ST0049_XL,2026-02-22,No,4,0,11956
Retail,S008,ST0005_XL,2026-02-22,No,3,0,3369
Retail,S008,ST0003_L,2026-02-22,No,3,0,2964
Retail,S008,ST0041_M,2026-02-22,No,4,0,9724
Retail,S008,ST0008_M,2026-02-22,No,2,0,5510
Retail,S008,ST0028_XL,2026-02-22,No,1,0,4557
Retail,S008,ST0002_S,2026-02-22,No,2,0,4972
Retail,S008,ST0016_M,2026-02-22,No,2,0,2908
Retail,S008,ST0005_S,2026-02-22,No,1,0,4561
Retail,S008,ST0017_XL,2026-02-22,No,3,0,8955
Retail,S008,ST0050_M,2026-02-22,No,3,0,9948
Retail,S008,ST0010_L,2026-02-22,No,2,0,8846
Retail,S008,ST0001_XL,2026-02-22,No,2,0,3738
Retail,S008,ST0048_M,2026-02-22,No,4,0,9028
Retail,S008,ST0049_XL,2026-02-22,No,2,0,5978
Retail,S008,ST0010_S,2026-02-22,No,4,0,7780
Retail,S008,ST0031_M,2026-02-22,No,1,0,4631
Retail,S009,ST0003_S,2026-02-22,No,4,0,8936
Retail,S009,ST0008_L,2026-02-22,No,4,0,6616
Retail,S009,ST0035_S,2026-02-22,No,2,0,7522
Retail,S009,ST0040_M,2026-02-22,No,1,0,1240
Retail,S009,ST0020_S,2026-02-22,No,2,0,5410
Retail,S009,ST0018_M,2026-02-22,No,3,0,2175
Retail,S009,ST0042_L,2026-02-22,No,4,0,13396
Retail,S009,ST0010_L,2026-02-22,No,1,0,4423
Retail,S009,ST0041_M,2026-02-22,No,4,0,9724
Retail,S009,ST0018_S,2026-02-22,No,3,0,11562
Retail,S009,ST0044_M,2026-02-22,No,1,0,2794
Retail,S009,ST0014_L,2026-02-22,No,4,0,7200
Retail,S009,ST0045_XL,2026-02-22,No,2,0,7712
Retail,S009,ST0039_M,2026-02-22,No,4,0,2476
Retail,S009,ST0030_XL,2026-02-22,No,1,0,1024
Retail,S009,ST0032_L,2026-02-22,No,4,0,12804
Retail,S009,ST0007_M,2026-02-22,No,4,0,18360
Retail,S009,ST0002_S,2026-02-22,No,1,0,2486
Retail,S010,ST0033_M,2026-02-22,No,1,0,3274
Retail,S010,ST0042_L,2026-02-22,No,4,0,13396
Retail,S010,ST0016_M,2026-02-22,No,3,0,4362
Retail,S010,ST0017_S,2026-02-22,No,2,0,4386
Retail,S010,ST0031_S,2026-02-22,No,4,0,13800
Retail,S010,ST0003_XL,2026-02-22,No,3,0,10428
Retail,S010,ST0035_S,2026-02-22,No,1,0,3761
Retail,S010,ST0020_S,2026-02-22,No,1,0,2705
Retail,S010,ST0046_S,2026-02-22,No,2,0,9090
Retail,S010,ST0032_M,2026-02-22,No,1,0,4995
Retail,S010,ST0005_L,2026-02-22,No,2,0,1524
Retail,S001,ST0016_M,2026-02-23,No,2,0,2908
Retail,S001,ST0046_M,2026-02-23,No,1,0,1743
Retail,S001,ST0023_M,2026-02-23,No,3,0,4917
Retail,S001,ST0041_L,2026-02-23,No,2,0,3024
Retail,S001,ST0044_L,2026-02-23,No,4,0,14588
Retail,S001,ST0042_L,2026-02-23,No,1,0,3349
Retail,S001,ST0038_M,2026-02-23,No,1,0,4965
Retail,S001,ST0029_L,2026-02-23,No,3,0,14523
Retail,S001,ST0022_S,2026-02-23,No,1,0,801
Retail,S001,ST0042_M,2026-02-23,No,3,0,3036
Retail,S001,ST0046_L,2026-02-23,No,2,0,7236
Retail,S001,ST0009_M,2026-02-23,No,1,0,2196
Retail,S001,ST0036_XL,2026-02-23,No,1,0,3551
Retail,S001,ST0050_XL,2026-02-23,No,4,0,7392
Retail,S001,ST0014_L,2026-02-23,No,2,0,3600
Retail,S001,ST0040_S,2026-02-23,No,3,0,5607
Retail,S001,ST0004_S,2026-02-23,No,4,0,9836
Retail,S002,ST0030_M,2026-02-23,No,3,0,7023
Retail,S002,ST0027_S,2026-02-23,No,3,0,13542
Retail,S002,ST0015_S,2026-02-23,No,3,0,6081
Retail,S002,ST0013_XL,2026-02-23,No,1,0,4567
Retail,S002,ST0048_XL,2026-02-23,No,3,0,7710
Retail,S002,ST0043_M,2026-02-23,No,3,0,11529
Retail,S002,ST0035_S,2026-02-23,No,2,0,7522
Retail,S002,ST0001_S,2026-02-23,No,1,0,2294
Retail,S002,ST0023_L,2026-02-23,No,4,0,2760
Retail,S002,ST0004_L,2026-02-23,No,2,0,6838
Retail,S002,ST0025_XL,2026-02-23,No,4,0,9264
Retail,S002,ST0039_S,2026-02-23,No,1,0,2182
Retail,S002,ST0009_M,2026-02-23,No,4,0,8784
Retail,S002,ST0045_S,2026-02-23,No,3,0,6537
Retail,S002,ST0009_XL,2026-02-23,No,1,0,2148
Retail,S002,ST0032_S,2026-02-23,No,2,0,8694
Retail,S003,ST0036_XL,2026-02-23,No,1,0,3551
Retail,S003,ST0014_S,2026-02-23,No,3,0,1980
Retail,S003,ST0042_M,2026-02-23,No,1,0,1012
Retail,S003,ST0009_XL,2026-02-23,No,2,0,4296
Retail,S003,ST0029_S,2026-02-23,No,1,0,1284
Retail,S003,ST0004_S,2026-02-23,No,2,0,4918
Retail,S003,ST0021_XL,2026-02-23,No,4,0,15680
Retail,S003,ST0017_L,2026-02-23,No,4,0,4248
Retail,S003,ST0006_M,2026-02-23,No,3,0,12429
Retail,S003,ST0047_S,2026-02-23,No,1,0,3559
Retail,S003,ST0029_M,2026-02-23,No,3,0,11025
Retail,S003,ST0008_XL,2026-02-23,No,1,0,4999
Retail,S003,ST0025_XL,2026-02-23,No,4,0,9264
Retail,S003,ST0044_M,2026-02-23,No,2,0,5588
Retail,S003,ST0047_L,2026-02-23,No,2,0,5530
Retail,S004,ST0023_S,2026-02-23,No,1,0,1199
Retail,S004,ST0045_M,2026-02-23,No,4,0,16024
Retail,S004,ST0041_S,2026-02-23,No,3,0,4950
Retail,S004,ST0016_XL,2026-02-23,No,2,0,3090
Retail,S004,ST0039_L,2026-02-23,No,1,0,1330
Retail,S004,ST0040_XL,2026-02-23,No,3,0,10014
Retail,S004,ST0008_M,2026-02-23,No,4,0,11020
Retail,S004,ST0031_M,2026-02-23,No,4,0,18524
Retail,S004,ST0034_L,2026-02-23,No,2,0,8538
Retail,S004,ST0019_S,2026-02-23,No,2,0,2630
Retail,S004,ST0007_L,2026-02-23,No,3,0,7668
Retail,S004,ST0022_XL,2026-02-23,No,2,0,7340
Retail,S004,ST0014_XL,2026-02-23,No,1,0,4487
Retail,S005,ST0006_S,2026-02-23,No,3,0,4548
Retail,S005,ST0016_L,2026-02-23,No,3,0,11838
Retail,S005,ST0005_L,2026-02-23,No,2,0,1524
Retail,S005,ST0030_XL,2026-02-23,No,1,0,1024
Retail,S005,ST0005_XL,2026-02-23,No,3,0,3369
Retail,S005,ST0022_S,2026-02-23,No,4,0,3204
Retail,S005,ST0048_L,2026-02-23,No,2,0,9904
Retail,S005,ST0005_M,2026-02-23,No,4,0,15476
Retail,S005,ST0035_M,2026-02-23,No,4,0,6592
Retail,S005,ST0041_M,2026-02-23,No,3,0,7293
Retail,S005,ST0033_L,2026-02-23,No,3,0,7446
Retail,S005,ST0011_M,2026-02-23,No,3,0,9171
Retail,S005,ST0025_L,2026-02-23,No,4,0,10260
Retail,S005,ST0041_L,2026-02-23,No,3,0,4536
Retail,S005,ST0042_XL,2026-02-23,No,1,0,1059
Retail,S006,ST0041_L,2026-02-23,No,4,0,6048
Retail,S006,ST0017_XL,2026-02-23,No,2,0,5970
Retail,S006,ST0024_M,2026-02-23,No,3,0,10425
Retail,S006,ST0043_L,2026-02-23,No,1,0,4570
Retail,S006,ST0026_XL,2026-02-23,No,3,0,13089
Retail,S006,ST0019_XL,2026-02-23,No,1,0,1743
Retail,S006,ST0031_M,2026-02-23,No,4,0,18524
Retail,S006,ST0044_M,2026-02-23,No,4,0,11176
Retail,S006,ST0033_M,2026-02-23,No,1,0,3274
Retail,S006,ST0022_M,2026-02-23,No,3,0,14328
Retail,S006,ST0045_L,2026-02-23,No,1,0,3244
Retail,S006,ST0018_S,2026-02-23,No,4,0,15416
Retail,S006,ST0017_M,2026-02-23,No,1,0,3936
Retail,S006,ST0013_XL,2026-02-23,No,2,0,9134
Retail,S007,ST0014_L,2026-02-23,No,4,0,7200
Retail,S007,ST0002_M,2026-02-23,No,1,0,646
Retail,S007,ST0047_L,2026-02-23,No,2,0,5530
Retail,S007,ST0041_S,2026-02-23,No,1,0,1650
Retail,S007,ST0019_XL,2026-02-23,No,2,0,3486
Retail,S007,ST0009_L,2026-02-23,No,1,0,4491
Retail,S007,ST0028_XL,2026-02-23,No,4,0,18228
Retail,S007,ST0050_S,2026-02-23,No,3,0,6393
Retail,S007,ST0048_M,2026-02-23,No,4,0,9028
Retail,S007,ST0012_M,2026-02-23,No,2,0,9866
Retail,S007,ST0041_L,2026-02-23,No,1,0,1512
Retail,S007,ST0015_S,2026-02-23,No,2,0,4054
Retail,S007,ST0046_S,2026-02-23,No,1,0,4545
Retail,S007,ST0008_L,2026-02-23,No,1,0,1654
Retail,S008,ST0045_S,2026-02-23,No,1,0,2179
Retail,S008,ST0034_XL,2026-02-23,No,1,0,1074
Retail,S008,ST0043_S,2026-02-23,No,4,0,16688
Retail,S008,ST0028_L,2026-02-23,No,2,0,3818
Retail,S008,ST0040_M,2026-02-23,No,2,0,2480
Retail,S008,ST0027_XL,2026-02-23,No,2,0,7018
Retail,S008,ST0042_XL,2026-02-23,No,1,0,1059
Retail,S008,ST0039_S,2026-02-23,No,1,0,2182
Retail,S008,ST0047_M,2026-02-23,No,2,0,6918
Retail,S008,ST0026_XL,2026-02-23,No,1,0,4363
Retail,S008,ST0033_M,2026-02-23,No,4,0,13096
Retail,S008,ST0037_S,2026-02-23,No,1,0,504
Retail,S008,ST0036_XL,2026-02-23,No,3,0,10653
Retail,S008,ST0038_S,2026-02-23,No,3,0,14592
Retail,S008,ST0015_L,2026-02-23,No,3,0,14988
Retail,S009,ST0030_L,2026-02-23,No,1,0,2955
Retail,S009,ST0031_XL,2026-02-23,No,1,0,2868
Retail,S009,ST0025_XL,2026-02-23,No,3,0,6948
Retail,S009,ST0028_L,2026-02-23,No,1,0,1909
Retail,S009,ST0039_M,2026-02-23,No,1,0,619
Retail,S009,ST0001_XL,2026-02-23,No,2,0,3738
Retail,S009,ST0035_L,2026-02-23,No,3,0,6645
Retail,S009,ST0017_L,2026-02-23,No,1,0,1062
Retail,S009,ST0047_S,2026-02-23,No,1,0,3559
Retail,S009,ST0019_M,2026-02-23,No,4,0,14480
Retail,S009,ST0004_S,2026-02-23,No,3,0,7377
Retail,S009,ST0049_S,2026-02-23,No,4,0,13396
Retail,S009,ST0006_L,2026-02-23,No,3,0,7647
Retail,S009,ST0049_L,2026-02-23,No,3,0,12690
Retail,S009,ST0036_XL,2026-02-23,No,1,0,3551
Retail,S010,ST0038_M,2026-02-23,No,2,0,9930
Retail,S010,ST0014_L,2026-02-23,No,3,0,5400
Retail,S010,ST0038_XL,2026-02-23,No,2,0,4386
Retail,S010,ST0050_XL,2026-02-23,No,3,0,5544
Retail,S010,ST0008_M,2026-02-23,No,2,0,5510
Retail,S010,ST0021_L,2026-02-23,No,3,0,8481
Retail,S010,ST0024_XL,2026-02-23,No,4,0,15308
Retail,S010,ST0036_L,2026-02-23,No,3,0,10872
Retail,S010,ST0002_S,2026-02-23,No,3,0,7458
Retail,S010,ST0032_XL,2026-02-23,No,2,0,2942
Retail,S010,ST0040_S,2026-02-23,No,3,0,5607
Retail,S001,ST0043_S,2026-02-24,No,3,0,12516
Retail,S001,ST0025_L,2026-02-24,No,3,0,7695
Retail,S001,ST0029_M,2026-02-24,No,1,0,3675
Retail,S001,ST0047_M,2026-02-24,No,4,0,13836
Retail,S001,ST0011_L,2026-02-24,No,2,0,1196
Retail,S001,ST0027_S,2026-02-24,No,2,0,9028
Retail,S001,ST0003_L,2026-02-24,No,1,0,988
Retail,S001,ST0035_XL,2026-02-24,No,4,0,17416
Retail,S001,ST0043_L,2026-02-24,No,1,0,4570
Retail,S001,ST0020_S,2026-02-24,No,2,0,5410
Retail,S001,ST0009_XL,2026-02-24,No,3,0,6444
Retail,S001,ST0007_L,2026-02-24,No,3,0,7668
Retail,S001,ST0009_M,2026-02-24,No,1,0,2196
Retail,S001,ST0024_S,2026-02-24,No,3,0,4440
Retail,S001,ST0005_XL,2026-02-24,No,3,0,3369
Retail,S002,ST0016_S,2026-02-24,No,4,0,12940
Retail,S002,ST0014_XL,2026-02-24,No,1,0,4487
Retail,S002,ST0035_S,2026-02-24,No,4,0,15044
Retail,S002,ST0047_M,2026-02-24,No,2,0,6918
Retail,S002,ST0038_XL,2026-02-24,No,1,0,2193
Retail,S002,ST0021_L,2026-02-24,No,1,0,2827
Retail,S002,ST0049_M,2026-02-24,No,2,0,7502
Retail,S002,ST0026_M,2026-02-24,No,4,0,9580
Retail,S002,ST0004_S,2026-02-24,No,4,0,9836
Retail,S002,ST0026_L,2026-02-24,No,1,0,3233
Retail,S002,ST0017_S,2026-02-24,No,3,0,6579
Retail,S002,ST0016_M,2026-02-24,No,3,0,4362
Retail,S002,ST0004_XL,2026-02-24,No,4,0,9208
Retail,S003,ST0025_M,2026-02-24,No,1,0,627
Retail,S003,ST0036_S,2026-02-24,No,1,0,2991
Retail,S003,ST0037_M,2026-02-24,No,2,0,2752
Retail,S003,ST0008_XL,2026-02-24,No,4,0,19996
Retail,S003,ST0042_M,2026-02-24,No,1,0,1012
Retail,S003,ST0035_S,2026-02-24,No,2,0,7522
Retail,S003,ST0017_M,2026-02-24,No,3,0,11808
Retail,S003,ST0030_S,2026-02-24,No,4,0,4148
Retail,S003,ST0023_S,2026-02-24,No,3,0,3597
Retail,S003,ST0047_S,2026-02-24,No,2,0,7118
Retail,S003,ST0009_M,2026-02-24,No,2,0,4392
Retail,S003,ST0018_S,2026-02-24,No,2,0,7708
Retail,S003,ST0024_S,2026-02-24,No,4,0,5920
Retail,S003,ST0008_M,2026-02-24,No,1,0,2755
Retail,S003,ST0026_S,2026-02-24,No,1,0,1069
Retail,S004,ST0035_L,2026-02-24,No,4,0,8860
Retail,S004,ST0005_M,2026-02-24,No,1,0,3869
Retail,S004,ST0006_M,2026-02-24,No,2,0,8286
Retail,S004,ST0012_M,2026-02-24,No,2,0,9866
Retail,S004,ST0024_M,2026-02-24,No,3,0,10425
Retail,S004,ST0033_M,2026-02-24,No,1,0,3274
Retail,S004,ST0025_S,2026-02-24,No,3,0,11682
Retail,S004,ST0010_L,2026-02-24,No,4,0,17692
Retail,S004,ST0014_L,2026-02-24,No,3,0,5400
Retail,S004,ST0039_M,2026-02-24,No,1,0,619
Retail,S004,ST0018_XL,2026-02-24,No,2,0,7134
Retail,S004,ST0044_L,2026-02-24,No,1,0,3647
Retail,S004,ST0001_M,2026-02-24,No,2,0,2318
Retail,S004,ST0030_M,2026-02-24,No,2,0,4682
Retail,S004,ST0039_L,2026-02-24,No,3,0,3990
Retail,S005,ST0037_M,2026-02-24,No,3,0,4128
Retail,S005,ST0025_XL,2026-02-24,No,3,0,6948
Retail,S005,ST0007_L,2026-02-24,No,1,0,2556
Retail,S005,ST0010_M,2026-02-24,No,3,0,14097
Retail,S005,ST0036_M,2026-02-24,No,1,0,3160
Retail,S005,ST0023_L,2026-02-24,No,2,0,1380
Retail,S005,ST0034_S,2026-02-24,No,3,0,13938
Retail,S005,ST0020_XL,2026-02-24,No,1,0,3944
Retail,S005,ST0018_XL,2026-02-24,No,3,0,10701
Retail,S005,ST0008_S,2026-02-24,No,3,0,6546
Retail,S005,ST0040_S,2026-02-24,No,4,0,7476
Retail,S005,ST0001_M,2026-02-24,No,2,0,2318
Retail,S005,ST0046_L,2026-02-24,No,1,0,3618
Retail,S005,ST0045_S,2026-02-24,No,3,0,6537
Retail,S005,ST0003_M,2026-02-24,No,4,0,9372
Retail,S005,ST0029_S,2026-02-24,No,3,0,3852
Retail,S005,ST0034_XL,2026-02-24,No,2,0,2148
Retail,S005,ST0017_XL,2026-02-24,No,4,0,11940
Retail,S006,ST0031_S,2026-02-24,No,1,0,3450
Retail,S006,ST0046_L,2026-02-24,No,4,0,14472
Retail,S006,ST0013_XL,2026-02-24,No,1,0,4567
Retail,S006,ST0013_M,2026-02-24,No,2,0,8582
Retail,S006,ST0010_L,2026-02-24,No,4,0,17692
Retail,S006,ST0003_XL,2026-02-24,No,2,0,6952
Retail,S006,ST0003_L,2026-02-24,No,1,0,988
Retail,S006,ST0034_S,2026-02-24,No,1,0,4646
Retail,S006,ST0040_S,2026-02-24,No,1,0,1869
Retail,S006,ST0041_S,2026-02-24,No,2,0,3300
Retail,S006,ST0028_S,2026-02-24,No,2,0,1308
Retail,S006,ST0028_L,2026-02-24,No,2,0,3818
Retail,S006,ST0008_XL,2026-02-24,No,2,0,9998
Retail,S006,ST0016_L,2026-02-24,No,4,0,15784
Retail,S006,ST0044_M,2026-02-24,No,4,0,11176
Retail,S006,ST0009_M,2026-02-24,No,1,0,2196
Retail,S006,ST0030_M,2026-02-24,No,2,0,4682
Retail,S006,ST0025_S,2026-02-24,No,4,0,15576
Retail,S007,ST0036_XL,2026-02-24,No,2,0,7102
Retail,S007,ST0014_L,2026-02-24,No,1,0,1800
Retail,S007,ST0013_S,2026-02-24,No,3,0,11202
Retail,S007,ST0040_M,2026-02-24,No,1,0,1240
Retail,S007,ST0038_M,2026-02-24,No,1,0,4965
Retail,S007,ST0036_L,2026-02-24,No,1,0,3624
Retail,S007,ST0018_XL,2026-02-24,No,1,0,3567
Retail,S007,ST0023_M,2026-02-24,No,2,0,3278
Retail,S007,ST0009_L,2026-02-24,No,4,0,17964
Retail,S007,ST0045_XL,2026-02-24,No,3,0,11568
Retail,S007,ST0024_S,2026-02-24,No,2,0,2960
Retail,S007,ST0008_S,2026-02-24,No,2,0,4364
Retail,S007,ST0024_XL,2026-02-24,No,1,0,3827
Retail,S007,ST0001_S,2026-02-24,No,4,0,9176
Retail,S007,ST0033_XL,2026-02-24,No,1,0,1353
Retail,S007,ST0011_S,2026-02-24,No,2,0,7366
Retail,S008,ST0037_S,2026-02-24,No,1,0,504
Retail,S008,ST0019_L,2026-02-24,No,2,0,1032
Retail,S008,ST0041_M,2026-02-24,No,4,0,9724
Retail,S008,ST0016_S,2026-02-24,No,1,0,3235
Retail,S008,ST0006_S,2026-02-24,No,4,0,6064
Retail,S008,ST0044_L,2026-02-24,No,4,0,14588
Retail,S008,ST0050_L,2026-02-24,No,2,0,3030
Retail,S008,ST0031_S,2026-02-24,No,4,0,13800
Retail,S008,ST0024_L,2026-02-24,No,1,0,1684
Retail,S008,ST0048_S,2026-02-24,No,1,0,2135
Retail,S008,ST0007_L,2026-02-24,No,4,0,10224
Retail,S008,ST0006_M,2026-02-24,No,2,0,8286
Retail,S008,ST0018_M,2026-02-24,No,2,0,1450
Retail,S008,ST0029_XL,2026-02-24,No,1,0,3306
Retail,S008,ST0011_L,2026-02-24,No,1,0,598
Retail,S008,ST0014_XL,2026-02-24,No,1,0,4487
Retail,S009,ST0008_S,2026-02-24,No,1,0,2182
Retail,S009,ST0035_S,2026-02-24,No,2,0,7522
Retail,S009,ST0022_S,2026-02-24,No,4,0,3204
Retail,S009,ST0016_L,2026-02-24,No,1,0,3946
Retail,S009,ST0046_L,2026-02-24,No,4,0,14472
Retail,S009,ST0008_L,2026-02-24,No,3,0,4962
Retail,S009,ST0021_XL,2026-02-24,No,1,0,3920
Retail,S009,ST0002_L,2026-02-24,No,3,0,11157
Retail,S009,ST0050_M,2026-02-24,No,3,0,9948
Retail,S009,ST0050_L,2026-02-24,No,1,0,1515
Retail,S009,ST0012_S,2026-02-24,No,2,0,6922
Retail,S009,ST0043_L,2026-02-24,No,2,0,9140
Retail,S009,ST0016_XL,2026-02-24,No,4,0,6180
Retail,S009,ST0041_M,2026-02-24,No,2,0,4862
Retail,S010,ST0009_XL,2026-02-24,No,2,0,4296
Retail,S010,ST0016_M,2026-02-24,No,3,0,4362
Retail,S010,ST0002_S,2026-02-24,No,3,0,7458
Retail,S010,ST0003_M,2026-02-24,No,3,0,7029
Retail,S010,ST0031_S,2026-02-24,No,2,0,6900
Retail,S010,ST0037_M,2026-02-24,No,4,0,5504
Retail,S010,ST0012_M,2026-02-24,No,3,0,14799
Retail,S010,ST0047_M,2026-02-24,No,4,0,13836
Retail,S010,ST0021_M,2026-02-24,No,2,0,3120
Retail,S010,ST0006_L,2026-02-24,No,1,0,2549
Retail,S010,ST0048_XL,2026-02-24,No,4,0,10280
Retail,S010,ST0046_XL,2026-02-24,No,4,0,10564
Retail,S010,ST0006_XL,2026-02-24,No,4,0,16892
Retail,S010,ST0030_M,2026-02-24,No,4,0,9364
Retail,S010,ST0041_S,2026-02-24,No,4,0,6600
Retail,S010,ST0024_L,2026-02-24,No,1,0,1684
Retail,S010,ST0049_M,2026-02-24,No,4,0,15004
Retail,S001,ST0047_S,2026-02-25,No,2,0,7118
Retail,S001,ST0039_XL,2026-02-25,No,3,0,12525
Retail,S001,ST0022_XL,2026-02-25,No,1,0,3670
Retail,S001,ST0029_S,2026-02-25,No,4,0,5136
Retail,S001,ST0009_XL,2026-02-25,No,3,0,6444
Retail,S001,ST0011_S,2026-02-25,No,2,0,7366
Retail,S001,ST0008_XL,2026-02-25,No,3,0,14997
Retail,S001,ST0028_M,2026-02-25,No,1,0,3037
Retail,S001,ST0048_S,2026-02-25,No,3,0,6405
Retail,S001,ST0039_M,2026-02-25,No,2,0,1238
Retail,S001,ST0031_L,2026-02-25,No,1,0,4615
Retail,S001,ST0006_M,2026-02-25,No,2,0,8286
Retail,S001,ST0035_S,2026-02-25,No,2,0,7522
Retail,S001,ST0044_S,2026-02-25,No,2,0,2160
Retail,S001,ST0041_M,2026-02-25,No,1,0,2431
Retail,S001,ST0007_M,2026-02-25,No,3,0,13770
Retail,S002,ST0040_XL,2026-02-25,No,2,0,6676
Retail,S002,ST0041_XL,2026-02-25,No,2,0,4328
Retail,S002,ST0026_XL,2026-02-25,No,3,0,13089
Retail,S002,ST0008_L,2026-02-25,No,1,0,1654
Retail,S002,ST0026_S,2026-02-25,No,2,0,2138
Retail,S002,ST0005_XL,2026-02-25,No,2,0,2246
Retail,S002,ST0023_S,2026-02-25,No,3,0,3597
Retail,S002,ST0016_XL,2026-02-25,No,4,0,6180
Retail,S002,ST0007_L,2026-02-25,No,3,0,7668
Retail,S002,ST0005_S,2026-02-25,No,3,0,13683
Retail,S002,ST0038_L,2026-02-25,No,2,0,2270
Retail,S002,ST0007_S,2026-02-25,No,3,0,10824
Retail,S002,ST0011_L,2026-02-25,No,2,0,1196
Retail,S002,ST0044_XL,2026-02-25,No,3,0,14247
Retail,S003,ST0043_L,2026-02-25,No,1,0,4570
Retail,S003,ST0008_L,2026-02-25,No,3,0,4962
Retail,S003,ST0013_S,2026-02-25,No,3,0,11202
Retail,S003,ST0019_L,2026-02-25,No,1,0,516
Retail,S003,ST0021_M,2026-02-25,No,2,0,3120
Retail,S003,ST0043_M,2026-02-25,No,4,0,15372
Retail,S003,ST0034_M,2026-02-25,No,1,0,4236
Retail,S003,ST0003_S,2026-02-25,No,3,0,6702
Retail,S003,ST0031_XL,2026-02-25,No,2,0,5736
Retail,S003,ST0022_M,2026-02-25,No,1,0,4776
Retail,S003,ST0046_L,2026-02-25,No,1,0,3618
Retail,S003,ST0018_S,2026-02-25,No,2,0,7708
Retail,S003,ST0045_XL,2026-02-25,No,1,0,3856
Retail,S003,ST0033_M,2026-02-25,No,3,0,9822
Retail,S003,ST0003_M,2026-02-25,No,3,0,7029
Retail,S003,ST0005_S,2026-02-25,No,3,0,13683
Retail,S003,ST0036_XL,2026-02-25,No,4,0,14204
Retail,S004,ST0003_M,2026-02-25,No,1,0,2343
Retail,S004,ST0036_S,2026-02-25,No,2,0,5982
Retail,S004,ST0037_M,2026-02-25,No,4,0,5504
Retail,S004,ST0028_L,2026-02-25,No,1,0,1909
Retail,S004,ST0048_M,2026-02-25,No,1,0,2257
Retail,S004,ST0038_M,2026-02-25,No,2,0,9930
Retail,S004,ST0048_L,2026-02-25,No,2,0,9904
Retail,S004,ST0020_XL,2026-02-25,No,2,0,7888
Retail,S004,ST0010_M,2026-02-25,No,3,0,14097
Retail,S004,ST0006_S,2026-02-25,No,1,0,1516
Retail,S004,ST0030_XL,2026-02-25,No,3,0,3072
Retail,S004,ST0028_M,2026-02-25,No,2,0,6074
Retail,S005,ST0034_M,2026-02-25,No,1,0,4236
Retail,S005,ST0043_L,2026-02-25,No,3,0,13710
Retail,S005,ST0044_S,2026-02-25,No,4,0,4320
Retail,S005,ST0045_XL,2026-02-25,No,4,0,15424
Retail,S005,ST0018_S,2026-02-25,No,1,0,3854
Retail,S005,ST0008_S,2026-02-25,No,1,0,2182
Retail,S005,ST0016_XL,2026-02-25,No,1,0,1545
Retail,S005,ST0018_XL,2026-02-25,No,2,0,7134
Retail,S005,ST0047_L,2026-02-25,No,3,0,8295
Retail,S005,ST0030_XL,2026-02-25,No,1,0,1024
Retail,S005,ST0037_XL,2026-02-25,No,3,0,13926
Retail,S005,ST0031_L,2026-02-25,No,1,0,4615
Retail,S005,ST0019_M,2026-02-25,No,2,0,7240
Retail,S006,ST0044_L,2026-02-25,No,2,0,7294
Retail,S006,ST0036_S,2026-02-25,No,2,0,5982
Retail,S006,ST0034_XL,2026-02-25,No,4,0,4296
Retail,S006,ST0023_S,2026-02-25,No,4,0,4796
Retail,S006,ST0032_S,2026-02-25,No,1,0,4347
Retail,S006,ST0037_S,2026-02-25,No,1,0,504
Retail,S006,ST0046_XL,2026-02-25,No,2,0,5282
Retail,S006,ST0021_L,2026-02-25,No,3,0,8481
Retail,S006,ST0023_L,2026-02-25,No,1,0,690
Retail,S006,ST0001_M,2026-02-25,No,1,0,1159
Retail,S006,ST0041_S,2026-02-25,No,4,0,6600
Retail,S006,ST0047_S,2026-02-25,No,3,0,10677
Retail,S006,ST0033_M,2026-02-25,No,3,0,9822
Retail,S006,ST0041_M,2026-02-25,No,2,0,4862
Retail,S006,ST0015_S,2026-02-25,No,1,0,2027
Retail,S006,ST0033_S,2026-02-25,No,3,0,4998
Retail,S007,ST0045_M,2026-02-25,No,2,0,8012
Retail,S007,ST0028_S,2026-02-25,No,4,0,2616
Retail,S007,ST0048_L,2026-02-25,No,2,0,9904
Retail,S007,ST0043_M,2026-02-25,No,1,0,3843
Retail,S007,ST0049_XL,2026-02-25,No,2,0,5978
Retail,S007,ST0010_L,2026-02-25,No,4,0,17692
Retail,S007,ST0032_M,2026-02-25,No,3,0,14985
Retail,S007,ST0009_M,2026-02-25,No,2,0,4392
Retail,S007,ST0017_L,2026-02-25,No,3,0,3186
Retail,S007,ST0050_L,2026-02-25,No,2,0,3030
Retail,S007,ST0044_L,2026-02-25,No,2,0,7294
Retail,S007,ST0009_L,2026-02-25,No,1,0,4491
Retail,S007,ST0026_S,2026-02-25,No,4,0,4276
Retail,S007,ST0010_M,2026-02-25,No,2,0,9398
Retail,S007,ST0014_XL,2026-02-25,No,2,0,8974
Retail,S007,ST0043_XL,2026-02-25,No,4,0,7880
Retail,S007,ST0014_M,2026-02-25,No,4,0,19972
Retail,S007,ST0005_XL,2026-02-25,No,3,0,3369
Retail,S008,ST0020_XL,2026-02-25,No,4,0,15776
Retail,S008,ST0047_S,2026-02-25,No,2,0,7118
Retail,S008,ST0033_L,2026-02-25,No,2,0,4964
Retail,S008,ST0017_XL,2026-02-25,No,1,0,2985
Retail,S008,ST0030_XL,2026-02-25,No,1,0,1024
Retail,S008,ST0026_S,2026-02-25,No,2,0,2138
Retail,S008,ST0042_S,2026-02-25,No,1,0,1581
Retail,S008,ST0005_L,2026-02-25,No,3,0,2286
Retail,S008,ST0010_S,2026-02-25,No,2,0,3890
Retail,S008,ST0007_M,2026-02-25,No,4,0,18360
Retail,S008,ST0048_S,2026-02-25,No,1,0,2135
Retail,S008,ST0038_S,2026-02-25,No,4,0,19456
Retail,S008,ST0047_L,2026-02-25,No,2,0,5530
Retail,S008,ST0040_XL,2026-02-25,No,2,0,6676
Retail,S008,ST0050_S,2026-02-25,No,1,0,2131
Retail,S009,ST0009_L,2026-02-25,No,3,0,13473
Retail,S009,ST0009_M,2026-02-25,No,2,0,4392
Retail,S009,ST0025_M,2026-02-25,No,1,0,627
Retail,S009,ST0030_L,2026-02-25,No,1,0,2955
Retail,S009,ST0010_S,2026-02-25,No,1,0,1945
Retail,S009,ST0033_XL,2026-02-25,No,2,0,2706
Retail,S009,ST0001_M,2026-02-25,No,3,0,3477
Retail,S009,ST0040_S,2026-02-25,No,3,0,5607
Retail,S009,ST0013_L,2026-02-25,No,2,0,2912
Retail,S009,ST0015_XL,2026-02-25,No,2,0,7208
Retail,S009,ST0031_M,2026-02-25,No,1,0,4631
Retail,S009,ST0032_L,2026-02-25,No,4,0,12804
Retail,S010,ST0012_L,2026-02-25,No,1,0,4277
Retail,S010,ST0047_M,2026-02-25,No,1,0,3459
Retail,S010,ST0043_M,2026-02-25,No,3,0,11529
Retail,S010,ST0003_XL,2026-02-25,No,2,0,6952
Retail,S010,ST0047_S,2026-02-25,No,2,0,7118
Retail,S010,ST0003_M,2026-02-25,No,3,0,7029
Retail,S010,ST0039_M,2026-02-25,No,3,0,1857
Retail,S010,ST0012_M,2026-02-25,No,3,0,14799
Retail,S010,ST0023_XL,2026-02-25,No,1,0,2800
Retail,S010,ST0048_XL,2026-02-25,No,3,0,7710
Retail,S010,ST0046_XL,2026-02-25,No,1,0,2641
Retail,S010,ST0027_S,2026-02-25,No,1,0,4514
Retail,S010,ST0035_L,2026-02-25,No,3,0,6645
Retail,S010,ST0037_M,2026-02-25,No,4,0,5504
Retail,S010,ST0031_L,2026-02-25,No,1,0,4615
Retail,S010,ST0049_M,2026-02-25,No,2,0,7502
Retail,S010,ST0014_M,2026-02-25,No,4,0,19972
Retail,S010,ST0016_XL,2026-02-25,No,1,0,1545
Retail,S001,ST0049_S,2026-02-26,No,1,0,3349
Retail,S001,ST0028_S,2026-02-26,No,4,0,2616
Retail,S001,ST0042_L,2026-02-26,No,2,0,6698
Retail,S001,ST0010_S,2026-02-26,No,3,0,5835
Retail,S001,ST0012_XL,2026-02-26,No,4,0,13476
Retail,S001,ST0046_L,2026-02-26,No,4,0,14472
Retail,S001,ST0039_L,2026-02-26,No,3,0,3990
Retail,S001,ST0013_XL,2026-02-26,No,4,0,18268
Retail,S001,ST0021_L,2026-02-26,No,2,0,5654
Retail,S001,ST0043_XL,2026-02-26,No,3,0,5910
Retail,S001,ST0040_XL,2026-02-26,No,4,0,13352
Retail,S001,ST0049_L,2026-02-26,No,4,0,16920
Retail,S002,ST0041_S,2026-02-26,No,2,0,3300
Retail,S002,ST0033_L,2026-02-26,No,1,0,2482
Retail,S002,ST0008_XL,2026-02-26,No,3,0,14997
Retail,S002,ST0013_XL,2026-02-26,No,3,0,13701
Retail,S002,ST0049_M,2026-02-26,No,3,0,11253
Retail,S002,ST0013_S,2026-02-26,No,3,0,11202
Retail,S002,ST0037_XL,2026-02-26,No,3,0,13926
Retail,S002,ST0001_L,2026-02-26,No,3,0,9933
Retail,S002,ST0048_S,2026-02-26,No,3,0,6405
Retail,S002,ST0016_L,2026-02-26,No,2,0,7892
Retail,S002,ST0020_S,2026-02-26,No,4,0,10820
Retail,S002,ST0019_S,2026-02-26,No,1,0,1315
Retail,S002,ST0033_XL,2026-02-26,No,1,0,1353
Retail,S002,ST0041_M,2026-02-26,No,3,0,7293
Retail,S003,ST0037_M,2026-02-26,No,4,0,5504
Retail,S003,ST0009_L,2026-02-26,No,3,0,13473
Retail,S003,ST0046_L,2026-02-26,No,3,0,10854
Retail,S003,ST0034_XL,2026-02-26,No,4,0,4296
Retail,S003,ST0011_M,2026-02-26,No,4,0,12228
Retail,S003,ST0020_L,2026-02-26,No,1,0,1569
Retail,S003,ST0043_L,2026-02-26,No,3,0,13710
Retail,S003,ST0008_L,2026-02-26,No,1,0,1654
Retail,S003,ST0030_XL,2026-02-26,No,4,0,4096
Retail,S003,ST0014_L,2026-02-26,No,2,0,3600
Retail,S003,ST0024_M,2026-02-26,No,1,0,3475
Retail,S003,ST0017_L,2026-02-26,No,3,0,3186
Retail,S003,ST0033_XL,2026-02-26,No,3,0,4059
Retail,S003,ST0017_S,2026-02-26,No,1,0,2193
Retail,S004,ST0034_M,2026-02-26,No,1,0,4236
Retail,S004,ST0040_M,2026-02-26,No,1,0,1240
Retail,S004,ST0007_L,2026-02-26,No,4,0,10224
Retail,S004,ST0007_M,2026-02-26,No,2,0,9180
Retail,S004,ST0012_M,2026-02-26,No,3,0,14799
Retail,S004,ST0035_S,2026-02-26,No,4,0,15044
Retail,S004,ST0014_XL,2026-02-26,No,2,0,8974
Retail,S004,ST0007_XL,2026-02-26,No,2,0,7340
Retail,S004,ST0020_M,2026-02-26,No,3,0,9072
Retail,S004,ST0047_M,2026-02-26,No,1,0,3459
Retail,S004,ST0028_S,2026-02-26,No,1,0,654
Retail,S004,ST0021_M,2026-02-26,No,1,0,1560
Retail,S004,ST0039_L,2026-02-26,No,1,0,1330
Retail,S004,ST0017_M,2026-02-26,No,3,0,11808
Retail,S004,ST0010_M,2026-02-26,No,1,0,4699
Retail,S005,ST0048_L,2026-02-26,No,4,0,19808
Retail,S005,ST0028_M,2026-02-26,No,3,0,9111
Retail,S005,ST0041_S,2026-02-26,No,2,0,3300
Retail,S005,ST0003_S,2026-02-26,No,3,0,6702
Retail,S005,ST0047_L,2026-02-26,No,2,0,5530
Retail,S005,ST0021_XL,2026-02-26,No,1,0,3920
Retail,S005,ST0020_XL,2026-02-26,No,3,0,11832
Retail,S005,ST0006_L,2026-02-26,No,3,0,7647
Retail,S005,ST0019_M,2026-02-26,No,4,0,14480
Retail,S005,ST0046_XL,2026-02-26,No,3,0,7923
Retail,S005,ST0019_L,2026-02-26,No,3,0,1548
Retail,S005,ST0045_S,2026-02-26,No,1,0,2179
Retail,S005,ST0006_S,2026-02-26,No,2,0,3032
Retail,S005,ST0009_XL,2026-02-26,No,3,0,6444
Retail,S005,ST0033_S,2026-02-26,No,4,0,6664
Retail,S005,ST0035_M,2026-02-26,No,1,0,1648
Retail,S005,ST0050_XL,2026-02-26,No,4,0,7392
Retail,S006,ST0016_XL,2026-02-26,No,1,0,1545
Retail,S006,ST0016_M,2026-02-26,No,2,0,2908
Retail,S006,ST0047_S,2026-02-26,No,4,0,14236
Retail,S006,ST0041_M,2026-02-26,No,4,0,9724
Retail,S006,ST0010_XL,2026-02-26,No,1,0,753
Retail,S006,ST0046_S,2026-02-26,No,2,0,9090
Retail,S006,ST0010_L,2026-02-26,No,3,0,13269
Retail,S006,ST0043_S,2026-02-26,No,1,0,4172
Retail,S006,ST0029_S,2026-02-26,No,2,0,2568
Retail,S006,ST0027_S,2026-02-26,No,2,0,9028
Retail,S006,ST0018_M,2026-02-26,No,1,0,725
Retail,S006,ST0040_S,2026-02-26,No,3,0,5607
Retail,S006,ST0010_M,2026-02-26,No,1,0,4699
Retail,S006,ST0006_M,2026-02-26,No,4,0,16572
Retail,S006,ST0005_M,2026-02-26,No,3,0,11607
Retail,S006,ST0023_M,2026-02-26,No,1,0,1639
Retail,S007,ST0003_XL,2026-02-26,No,1,0,3476
Retail,S007,ST0005_S,2026-02-26,No,1,0,4561
Retail,S007,ST0021_XL,2026-02-26,No,1,0,3920
Retail,S007,ST0046_XL,2026-02-26,No,2,0,5282
Retail,S007,ST0036_L,2026-02-26,No,1,0,3624
Retail,S007,ST0039_L,2026-02-26,No,2,0,2660
Retail,S007,ST0038_M,2026-02-26,No,4,0,19860
Retail,S007,ST0029_L,2026-02-26,No,3,0,14523
Retail,S007,ST0027_L,2026-02-26,No,3,0,6558
Retail,S007,ST0048_M,2026-02-26,No,2,0,4514
Retail,S007,ST0005_L,2026-02-26,No,3,0,2286
Retail,S007,ST0010_L,2026-02-26,No,4,0,17692
Retail,S007,ST0007_L,2026-02-26,No,1,0,2556
Retail,S007,ST0026_S,2026-02-26,No,4,0,4276
Retail,S007,ST0022_S,2026-02-26,No,4,0,3204
Retail,S007,ST0019_L,2026-02-26,No,3,0,1548
Retail,S008,ST0022_M,2026-02-26,No,2,0,9552
Retail,S008,ST0035_S,2026-02-26,No,1,0,3761
Retail,S008,ST0050_XL,2026-02-26,No,1,0,1848
Retail,S008,ST0001_L,2026-02-26,No,3,0,9933
Retail,S008,ST0005_L,2026-02-26,No,3,0,2286
Retail,S008,ST0048_L,2026-02-26,No,1,0,4952
Retail,S008,ST0037_L,2026-02-26,No,4,0,5964
Retail,S008,ST0044_L,2026-02-26,No,1,0,3647
Retail,S008,ST0046_XL,2026-02-26,No,2,0,5282
Retail,S008,ST0038_XL,2026-02-26,No,2,0,4386
Retail,S008,ST0010_S,2026-02-26,No,4,0,7780
Retail,S008,ST0003_M,2026-02-26,No,1,0,2343
Retail,S008,ST0033_M,2026-02-26,No,2,0,6548
Retail,S008,ST0016_L,2026-02-26,No,1,0,3946
Retail,S008,ST0047_S,2026-02-26,No,2,0,7118
Retail,S009,ST0011_XL,2026-02-26,No,4,0,10800
Retail,S009,ST0014_M,2026-02-26,No,4,0,19972
Retail,S009,ST0005_XL,2026-02-26,No,2,0,2246
Retail,S009,ST0024_M,2026-02-26,No,4,0,13900
Retail,S009,ST0022_M,2026-02-26,No,1,0,4776
Retail,S009,ST0027_XL,2026-02-26,No,2,0,7018
Retail,S009,ST0018_M,2026-02-26,No,2,0,1450
Retail,S009,ST0008_XL,2026-02-26,No,2,0,9998
Retail,S009,ST0010_M,2026-02-26,No,4,0,18796
Retail,S009,ST0034_XL,2026-02-26,No,4,0,4296
Retail,S009,ST0025_XL,2026-02-26,No,1,0,2316
Retail,S009,ST0003_M,2026-02-26,No,3,0,7029
Retail,S009,ST0005_L,2026-02-26,No,4,0,3048
Retail,S009,ST0011_S,2026-02-26,No,4,0,14732
Retail,S010,ST0031_S,2026-02-26,No,4,0,13800
Retail,S010,ST0010_XL,2026-02-26,No,3,0,2259
Retail,S010,ST0026_S,2026-02-26,No,2,0,2138
Retail,S010,ST0001_L,2026-02-26,No,3,0,9933
Retail,S010,ST0007_M,2026-02-26,No,2,0,9180
Retail,S010,ST0011_S,2026-02-26,No,3,0,11049
Retail,S010,ST0040_XL,2026-02-26,No,2,0,6676
Retail,S010,ST0043_M,2026-02-26,No,2,0,7686
Retail,S010,ST0033_L,2026-02-26,No,2,0,4964
Retail,S010,ST0021_XL,2026-02-26,No,1,0,3920
Retail,S010,ST0014_L,2026-02-26,No,4,0,7200
Retail,S010,ST0043_XL,2026-02-26,No,3,0,5910
Retail,S010,ST0041_M,2026-02-26,No,1,0,2431
Retail,S010,ST0035_M,2026-02-26,No,4,0,6592
Retail,S010,ST0031_XL,2026-02-26,No,4,0,11472
Retail,S010,ST0016_XL,2026-02-26,No,1,0,1545
Retail,S001,ST0020_L,2026-02-27,No,1,0,1569
Retail,S001,ST0019_M,2026-02-27,No,2,0,7240
Retail,S001,ST0006_S,2026-02-27,No,4,0,6064
Retail,S001,ST0025_L,2026-02-27,No,1,0,2565
Retail,S001,ST0040_L,2026-02-27,No,4,0,2464
Retail,S001,ST0005_L,2026-02-27,No,3,0,2286
Retail,S001,ST0038_M,2026-02-27,No,3,0,14895
Retail,S001,ST0010_S,2026-02-27,No,1,0,1945
Retail,S001,ST0017_M,2026-02-27,No,3,0,11808
Retail,S001,ST0015_L,2026-02-27,No,4,0,19984
Retail,S001,ST0032_XL,2026-02-27,No,3,0,4413
Retail,S001,ST0035_M,2026-02-27,No,4,0,6592
Retail,S002,ST0045_M,2026-02-27,No,3,0,12018
Retail,S002,ST0049_XL,2026-02-27,No,2,0,5978
Retail,S002,ST0009_L,2026-02-27,No,2,0,8982
Retail,S002,ST0032_L,2026-02-27,No,4,0,12804
Retail,S002,ST0033_M,2026-02-27,No,1,0,3274
Retail,S002,ST0021_M,2026-02-27,No,4,0,6240
Retail,S002,ST0018_L,2026-02-27,No,2,0,2918
Retail,S002,ST0043_XL,2026-02-27,No,1,0,1970
Retail,S002,ST0042_M,2026-02-27,No,2,0,2024
Retail,S002,ST0029_M,2026-02-27,No,1,0,3675
Retail,S002,ST0022_S,2026-02-27,No,3,0,2403
Retail,S002,ST0031_XL,2026-02-27,No,1,0,2868
Retail,S002,ST0042_S,2026-02-27,No,1,0,1581
Retail,S003,ST0037_M,2026-02-27,No,1,0,1376
Retail,S003,ST0002_L,2026-02-27,No,1,0,3719
Retail,S003,ST0034_L,2026-02-27,No,3,0,12807
Retail,S003,ST0023_M,2026-02-27,No,2,0,3278
Retail,S003,ST0026_S,2026-02-27,No,2,0,2138
Retail,S003,ST0016_XL,2026-02-27,No,2,0,3090
Retail,S003,ST0001_S,2026-02-27,No,3,0,6882
Retail,S003,ST0009_M,2026-02-27,No,3,0,6588
Retail,S003,ST0007_M,2026-02-27,No,1,0,4590
Retail,S003,ST0047_M,2026-02-27,No,1,0,3459
Retail,S003,ST0003_S,2026-02-27,No,2,0,4468
Retail,S003,ST0044_XL,2026-02-27,No,4,0,18996
Retail,S003,ST0021_XL,2026-02-27,No,3,0,11760
Retail,S003,ST0043_L,2026-02-27,No,3,0,13710
Retail,S003,ST0009_S,2026-02-27,No,4,0,14764
Retail,S003,ST0048_M,2026-02-27,No,2,0,4514
Retail,S003,ST0030_L,2026-02-27,No,4,0,11820
Retail,S003,ST0014_XL,2026-02-27,No,1,0,4487
Retail,S004,ST0016_M,2026-02-27,No,1,0,1454
Retail,S004,ST0038_XL,2026-02-27,No,3,0,6579
Retail,S004,ST0042_S,2026-02-27,No,2,0,3162
Retail,S004,ST0042_M,2026-02-27,No,4,0,4048
Retail,S004,ST0009_S,2026-02-27,No,4,0,14764
Retail,S004,ST0050_XL,2026-02-27,No,2,0,3696
Retail,S004,ST0044_L,2026-02-27,No,2,0,7294
Retail,S004,ST0049_S,2026-02-27,No,1,0,3349
Retail,S004,ST0014_XL,2026-02-27,No,3,0,13461
Retail,S004,ST0050_L,2026-02-27,No,1,0,1515
Retail,S004,ST0036_M,2026-02-27,No,2,0,6320
Retail,S004,ST0030_M,2026-02-27,No,3,0,7023
Retail,S004,ST0013_XL,2026-02-27,No,3,0,13701
Retail,S004,ST0010_M,2026-02-27,No,2,0,9398
Retail,S004,ST0035_L,2026-02-27,No,1,0,2215
Retail,S004,ST0015_L,2026-02-27,No,2,0,9992
Retail,S005,ST0050_XL,2026-02-27,No,4,0,7392
Retail,S005,ST0047_M,2026-02-27,No,1,0,3459
Retail,S005,ST0009_L,2026-02-27,No,1,0,4491
Retail,S005,ST0030_M,2026-02-27,No,4,0,9364
Retail,S005,ST0015_S,2026-02-27,No,2,0,4054
Retail,S005,ST0033_XL,2026-02-27,No,4,0,5412
Retail,S005,ST0026_M,2026-02-27,No,3,0,7185
Retail,S005,ST0037_M,2026-02-27,No,1,0,1376
Retail,S005,ST0012_L,2026-02-27,No,2,0,8554
Retail,S005,ST0046_S,2026-02-27,No,1,0,4545
Retail,S005,ST0018_M,2026-02-27,No,1,0,725
Retail,S005,ST0001_M,2026-02-27,No,4,0,4636
Retail,S005,ST0011_L,2026-02-27,No,4,0,2392
Retail,S005,ST0010_L,2026-02-27,No,2,0,8846
Retail,S005,ST0039_L,2026-02-27,No,1,0,1330
Retail,S005,ST0017_M,2026-02-27,No,4,0,15744
Retail,S005,ST0047_S,2026-02-27,No,1,0,3559
Retail,S006,ST0021_XL,2026-02-27,No,2,0,7840
Retail,S006,ST0009_XL,2026-02-27,No,3,0,6444
Retail,S006,ST0016_XL,2026-02-27,No,1,0,1545
Retail,S006,ST0030_L,2026-02-27,No,3,0,8865
Retail,S006,ST0003_M,2026-02-27,No,4,0,9372
Retail,S006,ST0021_L,2026-02-27,No,3,0,8481
Retail,S006,ST0003_S,2026-02-27,No,1,0,2234
Retail,S006,ST0027_M,2026-02-27,No,1,0,3401
Retail,S006,ST0018_L,2026-02-27,No,2,0,2918
Retail,S006,ST0026_M,2026-02-27,No,1,0,2395
Retail,S006,ST0007_XL,2026-02-27,No,2,0,7340
Retail,S006,ST0030_S,2026-02-27,No,4,0,4148
Retail,S006,ST0047_M,2026-02-27,No,3,0,10377
Retail,S006,ST0032_S,2026-02-27,No,4,0,17388
Retail,S006,ST0011_XL,2026-02-27,No,3,0,8100
Retail,S007,ST0049_S,2026-02-27,No,2,0,6698
Retail,S007,ST0016_L,2026-02-27,No,1,0,3946
Retail,S007,ST0050_S,2026-02-27,No,4,0,8524
Retail,S007,ST0017_S,2026-02-27,No,3,0,6579
Retail,S007,ST0011_M,2026-02-27,No,2,0,6114
Retail,S007,ST0041_L,2026-02-27,No,1,0,1512
Retail,S007,ST0004_S,2026-02-27,No,4,0,9836
Retail,S007,ST0037_M,2026-02-27,No,1,0,1376
Retail,S007,ST0031_XL,2026-02-27,No,1,0,2868
Retail,S007,ST0025_S,2026-02-27,No,4,0,15576
Retail,S007,ST0001_S,2026-02-27,No,4,0,9176
Retail,S007,ST0035_L,2026-02-27,No,2,0,4430
Retail,S007,ST0031_L,2026-02-27,No,3,0,13845
Retail,S008,ST0043_L,2026-02-27,No,2,0,9140
Retail,S008,ST0025_M,2026-02-27,No,3,0,1881
Retail,S008,ST0030_M,2026-02-27,No,2,0,4682
Retail,S008,ST0015_XL,2026-02-27,No,3,0,10812
Retail,S008,ST0042_M,2026-02-27,No,2,0,2024
Retail,S008,ST0036_XL,2026-02-27,No,3,0,10653
Retail,S008,ST0001_M,2026-02-27,No,3,0,3477
Retail,S008,ST0045_XL,2026-02-27,No,1,0,3856
Retail,S008,ST0048_XL,2026-02-27,No,4,0,10280
Retail,S008,ST0040_S,2026-02-27,No,1,0,1869
Retail,S008,ST0015_S,2026-02-27,No,1,0,2027
Retail,S008,ST0003_S,2026-02-27,No,2,0,4468
Retail,S008,ST0007_L,2026-02-27,No,4,0,10224
Retail,S008,ST0033_S,2026-02-27,No,4,0,6664
Retail,S009,ST0027_L,2026-02-27,No,3,0,6558
Retail,S009,ST0031_L,2026-02-27,No,4,0,18460
Retail,S009,ST0032_M,2026-02-27,No,4,0,19980
Retail,S009,ST0037_L,2026-02-27,No,3,0,4473
Retail,S009,ST0012_XL,2026-02-27,No,2,0,6738
Retail,S009,ST0003_M,2026-02-27,No,4,0,9372
Retail,S009,ST0008_M,2026-02-27,No,3,0,8265
Retail,S009,ST0022_M,2026-02-27,No,2,0,9552
Retail,S009,ST0024_M,2026-02-27,No,4,0,13900
Retail,S009,ST0013_XL,2026-02-27,No,3,0,13701
Retail,S009,ST0022_S,2026-02-27,No,2,0,1602
Retail,S009,ST0038_S,2026-02-27,No,3,0,14592
Retail,S009,ST0016_XL,2026-02-27,No,1,0,1545
Retail,S009,ST0050_M,2026-02-27,No,3,0,9948
Retail,S009,ST0045_S,2026-02-27,No,1,0,2179
Retail,S010,ST0030_L,2026-02-27,No,1,0,2955
Retail,S010,ST0032_L,2026-02-27,No,1,0,3201
Retail,S010,ST0050_XL,2026-02-27,No,1,0,1848
Retail,S010,ST0015_S,2026-02-27,No,3,0,6081
Retail,S010,ST0041_XL,2026-02-27,No,1,0,2164
Retail,S010,ST0028_XL,2026-02-27,No,2,0,9114
Retail,S010,ST0043_L,2026-02-27,No,1,0,4570
Retail,S010,ST0038_L,2026-02-27,No,2,0,2270
Retail,S010,ST0036_S,2026-02-27,No,4,0,11964
Retail,S010,ST0023_M,2026-02-27,No,1,0,1639
Retail,S010,ST0044_M,2026-02-27,No,3,0,8382
Retail,S010,ST0016_XL,2026-02-27,No,3,0,4635
Retail,S001,ST0045_L,2026-02-28,No,4,0,12976
Retail,S001,ST0011_M,2026-02-28,No,3,0,9171
Retail,S001,ST0012_M,2026-02-28,No,2,0,9866
Retail,S001,ST0035_S,2026-02-28,No,3,0,11283
Retail,S001,ST0031_XL,2026-02-28,No,3,0,8604
Retail,S001,ST0044_S,2026-02-28,No,3,0,3240
Retail,S001,ST0007_XL,2026-02-28,No,2,0,7340
Retail,S001,ST0017_S,2026-02-28,No,2,0,4386
Retail,S001,ST0040_M,2026-02-28,No,1,0,1240
Retail,S001,ST0034_M,2026-02-28,No,4,0,16944
Retail,S001,ST0029_L,2026-02-28,No,2,0,9682
Retail,S001,ST0026_S,2026-02-28,No,4,0,4276
Retail,S001,ST0020_XL,2026-02-28,No,4,0,15776
Retail,S001,ST0011_S,2026-02-28,No,4,0,14732
Retail,S001,ST0013_L,2026-02-28,No,3,0,4368
Retail,S001,ST0019_M,2026-02-28,No,1,0,3620
Retail,S002,ST0043_S,2026-02-28,No,2,0,8344
Retail,S002,ST0012_L,2026-02-28,No,1,0,4277
Retail,S002,ST0049_M,2026-02-28,No,1,0,3751
Retail,S002,ST0040_S,2026-02-28,No,3,0,5607
Retail,S002,ST0013_XL,2026-02-28,No,3,0,13701
Retail,S002,ST0017_M,2026-02-28,No,4,0,15744
Retail,S002,ST0025_S,2026-02-28,No,1,0,3894
Retail,S002,ST0019_L,2026-02-28,No,2,0,1032
Retail,S002,ST0044_L,2026-02-28,No,3,0,10941
Retail,S002,ST0007_S,2026-02-28,No,1,0,3608
Retail,S002,ST0031_M,2026-02-28,No,4,0,18524
Retail,S002,ST0035_S,2026-02-28,No,1,0,3761
Retail,S002,ST0023_M,2026-02-28,No,2,0,3278
Retail,S002,ST0033_S,2026-02-28,No,3,0,4998
Retail,S002,ST0042_XL,2026-02-28,No,4,0,4236
Retail,S003,ST0008_L,2026-02-28,No,2,0,3308
Retail,S003,ST0001_L,2026-02-28,No,4,0,13244
Retail,S003,ST0049_S,2026-02-28,No,4,0,13396
Retail,S003,ST0015_L,2026-02-28,No,1,0,4996
Retail,S003,ST0039_M,2026-02-28,No,3,0,1857
Retail,S003,ST0002_S,2026-02-28,No,3,0,7458
Retail,S003,ST0039_L,2026-02-28,No,2,0,2660
Retail,S003,ST0009_M,2026-02-28,No,3,0,6588
Retail,S003,ST0046_XL,2026-02-28,No,4,0,10564
Retail,S003,ST0042_L,2026-02-28,No,3,0,10047
Retail,S003,ST0032_S,2026-02-28,No,4,0,17388
Retail,S003,ST0026_XL,2026-02-28,No,1,0,4363
Retail,S003,ST0049_L,2026-02-28,No,1,0,4230
Retail,S003,ST0042_XL,2026-02-28,No,2,0,2118
Retail,S003,ST0036_L,2026-02-28,No,2,0,7248
Retail,S003,ST0017_XL,2026-02-28,No,3,0,8955
Retail,S003,ST0006_S,2026-02-28,No,1,0,1516
Retail,S004,ST0025_XL,2026-02-28,No,3,0,6948
Retail,S004,ST0037_XL,2026-02-28,No,1,0,4642
Retail,S004,ST0043_S,2026-02-28,No,2,0,8344
Retail,S004,ST0008_XL,2026-02-28,No,3,0,14997
Retail,S004,ST0048_XL,2026-02-28,No,4,0,10280
Retail,S004,ST0028_L,2026-02-28,No,1,0,1909
Retail,S004,ST0020_M,2026-02-28,No,1,0,3024
Retail,S004,ST0012_L,2026-02-28,No,1,0,4277
Retail,S004,ST0007_S,2026-02-28,No,4,0,14432
Retail,S004,ST0036_XL,2026-02-28,No,3,0,10653
Retail,S004,ST0015_S,2026-02-28,No,2,0,4054
Retail,S004,ST0023_S,2026-02-28,No,4,0,4796
Retail,S004,ST0008_S,2026-02-28,No,4,0,8728
Retail,S004,ST0007_M,2026-02-28,No,1,0,4590
Retail,S004,ST0024_L,2026-02-28,No,1,0,1684
Retail,S004,ST0038_M,2026-02-28,No,4,0,19860
Retail,S004,ST0016_XL,2026-02-28,No,2,0,3090
Retail,S005,ST0008_M,2026-02-28,No,3,0,8265
Retail,S005,ST0037_XL,2026-02-28,No,4,0,18568
Retail,S005,ST0020_L,2026-02-28,No,3,0,4707
Retail,S005,ST0025_S,2026-02-28,No,4,0,15576
Retail,S005,ST0001_L,2026-02-28,No,1,0,3311
Retail,S005,ST0042_M,2026-02-28,No,2,0,2024
Retail,S005,ST0040_L,2026-02-28,No,2,0,1232
Retail,S005,ST0049_L,2026-02-28,No,1,0,4230
Retail,S005,ST0029_XL,2026-02-28,No,2,0,6612
Retail,S005,ST0020_S,2026-02-28,No,3,0,8115
Retail,S005,ST0037_M,2026-02-28,No,3,0,4128
Retail,S005,ST0002_XL,2026-02-28,No,1,0,3411
Retail,S005,ST0047_S,2026-02-28,No,2,0,7118
Retail,S005,ST0013_XL,2026-02-28,No,1,0,4567
Retail,S005,ST0023_XL,2026-02-28,No,4,0,11200
Retail,S005,ST0019_L,2026-02-28,No,2,0,1032
Retail,S006,ST0017_S,2026-02-28,No,2,0,4386
Retail,S006,ST0003_S,2026-02-28,No,1,0,2234
Retail,S006,ST0020_XL,2026-02-28,No,2,0,7888
Retail,S006,ST0030_M,2026-02-28,No,4,0,9364
Retail,S006,ST0033_XL,2026-02-28,No,1,0,1353
Retail,S006,ST0036_S,2026-02-28,No,1,0,2991
Retail,S006,ST0049_L,2026-02-28,No,1,0,4230
Retail,S006,ST0048_XL,2026-02-28,No,1,0,2570
Retail,S006,ST0050_L,2026-02-28,No,4,0,6060
Retail,S006,ST0039_XL,2026-02-28,No,2,0,8350
Retail,S006,ST0041_M,2026-02-28,No,3,0,7293
Retail,S006,ST0019_XL,2026-02-28,No,4,0,6972
Retail,S006,ST0021_S,2026-02-28,No,1,0,3065
Retail,S006,ST0029_L,2026-02-28,No,4,0,19364
Retail,S007,ST0046_M,2026-02-28,No,3,0,5229
Retail,S007,ST0006_L,2026-02-28,No,2,0,5098
Retail,S007,ST0024_L,2026-02-28,No,1,0,1684
Retail,S007,ST0010_L,2026-02-28,No,4,0,17692
Retail,S007,ST0042_L,2026-02-28,No,4,0,13396
Retail,S007,ST0025_XL,2026-02-28,No,3,0,6948
Retail,S007,ST0018_L,2026-02-28,No,1,0,1459
Retail,S007,ST0030_XL,2026-02-28,No,4,0,4096
Retail,S007,ST0040_M,2026-02-28,No,2,0,2480
Retail,S007,ST0029_S,2026-02-28,No,4,0,5136
Retail,S007,ST0032_M,2026-02-28,No,4,0,19980
Retail,S007,ST0031_L,2026-02-28,No,4,0,18460
Retail,S007,ST0045_M,2026-02-28,No,2,0,8012
Retail,S007,ST0042_M,2026-02-28,No,1,0,1012
Retail,S007,ST0032_S,2026-02-28,No,3,0,13041
Retail,S007,ST0023_XL,2026-02-28,No,4,0,11200
Retail,S008,ST0046_M,2026-02-28,No,4,0,6972
Retail,S008,ST0027_S,2026-02-28,No,1,0,4514
Retail,S008,ST0013_S,2026-02-28,No,1,0,3734
Retail,S008,ST0021_M,2026-02-28,No,2,0,3120
Retail,S008,ST0022_XL,2026-02-28,No,1,0,3670
Retail,S008,ST0013_XL,2026-02-28,No,3,0,13701
Retail,S008,ST0036_XL,2026-02-28,No,2,0,7102
Retail,S008,ST0050_L,2026-02-28,No,1,0,1515
Retail,S008,ST0022_S,2026-02-28,No,1,0,801
Retail,S008,ST0045_L,2026-02-28,No,1,0,3244
Retail,S008,ST0035_S,2026-02-28,No,4,0,15044
Retail,S008,ST0038_L,2026-02-28,No,2,0,2270
Retail,S008,ST0017_XL,2026-02-28,No,4,0,11940
Retail,S008,ST0043_M,2026-02-28,No,2,0,7686
Retail,S008,ST0049_M,2026-02-28,No,4,0,15004
Retail,S008,ST0014_XL,2026-02-28,No,2,0,8974
Retail,S009,ST0047_L,2026-02-28,No,4,0,11060
Retail,S009,ST0036_M,2026-02-28,No,4,0,12640
Retail,S009,ST0020_S,2026-02-28,No,4,0,10820
Retail,S009,ST0026_M,2026-02-28,No,4,0,9580
Retail,S009,ST0019_XL,2026-02-28,No,2,0,3486
Retail,S009,ST0037_M,2026-02-28,No,1,0,1376
Retail,S009,ST0018_S,2026-02-28,No,4,0,15416
Retail,S009,ST0042_M,2026-02-28,No,3,0,3036
Retail,S009,ST0009_S,2026-02-28,No,3,0,11073
Retail,S009,ST0044_L,2026-02-28,No,2,0,7294
Retail,S010,ST0034_M,2026-02-28,No,3,0,12708
Retail,S010,ST0049_M,2026-02-28,No,1,0,3751
Retail,S010,ST0018_S,2026-02-28,No,1,0,3854
Retail,S010,ST0005_M,2026-02-28,No,3,0,11607
Retail,S010,ST0002_M,2026-02-28,No,3,0,1938
Retail,S010,ST0018_XL,2026-02-28,No,4,0,14268
Retail,S010,ST0024_S,2026-02-28,No,2,0,2960
Retail,S010,ST0030_M,2026-02-28,No,3,0,7023
Retail,S010,ST0022_S,2026-02-28,No,2,0,1602
Retail,S010,ST0030_XL,2026-02-28,No,4,0,4096
Retail,S010,ST0002_S,2026-02-28,No,3,0,7458
Retail,S010,ST0002_XL,2026-02-28,No,2,0,6822
Retail,S010,ST0038_L,2026-02-28,No,3,0,3405
Retail,S010,ST0010_XL,2026-02-28,No,4,0,3012
Retail,S010,ST0023_S,2026-02-28,No,3,0,3597
Retail,S010,ST0025_L,2026-02-28,No,3,0,7695
Retail,S001,ST0045_XL,2026-03-01,No,3,0,11568
Retail,S001,ST0002_S,2026-03-01,No,3,0,7458
Retail,S001,ST0017_S,2026-03-01,No,3,0,6579
Retail,S001,ST0042_M,2026-03-01,No,1,0,1012
Retail,S001,ST0020_L,2026-03-01,No,4,0,6276
Retail,S001,ST0006_M,2026-03-01,No,2,0,8286
Retail,S001,ST0010_S,2026-03-01,No,3,0,5835
Retail,S001,ST0014_XL,2026-03-01,No,1,0,4487
Retail,S001,ST0031_M,2026-03-01,No,2,0,9262
Retail,S001,ST0025_XL,2026-03-01,No,2,0,4632
Retail,S001,ST0018_L,2026-03-01,No,3,0,4377
Retail,S001,ST0033_M,2026-03-01,No,3,0,9822
Retail,S001,ST0045_S,2026-03-01,No,2,0,4358
Retail,S001,ST0033_XL,2026-03-01,No,1,0,1353
Retail,S001,ST0048_S,2026-03-01,No,1,0,2135
Retail,S001,ST0015_S,2026-03-01,No,1,0,2027
Retail,S001,ST0014_M,2026-03-01,No,1,0,4993
Retail,S001,ST0035_L,2026-03-01,No,4,0,8860
Retail,S002,ST0008_XL,2026-03-01,No,4,0,19996
Retail,S002,ST0021_L,2026-03-01,No,4,0,11308
Retail,S002,ST0035_M,2026-03-01,No,3,0,4944
Retail,S002,ST0013_S,2026-03-01,No,2,0,7468
Retail,S002,ST0050_M,2026-03-01,No,4,0,13264
Retail,S002,ST0032_S,2026-03-01,No,3,0,13041
Retail,S002,ST0002_S,2026-03-01,No,4,0,9944
Retail,S002,ST0019_S,2026-03-01,No,4,0,5260
Retail,S002,ST0049_L,2026-03-01,No,2,0,8460
Retail,S002,ST0005_M,2026-03-01,No,4,0,15476
Retail,S002,ST0009_S,2026-03-01,No,2,0,7382
Retail,S002,ST0022_S,2026-03-01,No,2,0,1602
Retail,S002,ST0001_XL,2026-03-01,No,2,0,3738
Retail,S002,ST0031_S,2026-03-01,No,3,0,10350
Retail,S002,ST0027_S,2026-03-01,No,3,0,13542
Retail,S002,ST0026_XL,2026-03-01,No,2,0,8726
Retail,S002,ST0006_XL,2026-03-01,No,4,0,16892
Retail,S003,ST0032_M,2026-03-01,No,3,0,14985
Retail,S003,ST0041_S,2026-03-01,No,1,0,1650
Retail,S003,ST0019_S,2026-03-01,No,1,0,1315
Retail,S003,ST0006_XL,2026-03-01,No,4,0,16892
Retail,S003,ST0021_S,2026-03-01,No,4,0,12260
Retail,S003,ST0038_XL,2026-03-01,No,2,0,4386
Retail,S003,ST0048_XL,2026-03-01,No,4,0,10280
Retail,S003,ST0043_XL,2026-03-01,No,1,0,1970
Retail,S003,ST0042_XL,2026-03-01,No,2,0,2118
Retail,S003,ST0041_M,2026-03-01,No,3,0,7293
Retail,S003,ST0040_S,2026-03-01,No,4,0,7476
Retail,S003,ST0028_L,2026-03-01,No,3,0,5727
Retail,S004,ST0045_S,2026-03-01,No,1,0,2179
Retail,S004,ST0045_L,2026-03-01,No,4,0,12976
Retail,S004,ST0017_S,2026-03-01,No,4,0,8772
Retail,S004,ST0048_XL,2026-03-01,No,2,0,5140
Retail,S004,ST0027_M,2026-03-01,No,1,0,3401
Retail,S004,ST0008_XL,2026-03-01,No,1,0,4999
Retail,S004,ST0028_XL,2026-03-01,No,1,0,4557
Retail,S004,ST0026_L,2026-03-01,No,3,0,9699
Retail,S004,ST0012_L,2026-03-01,No,2,0,8554
Retail,S004,ST0042_L,2026-03-01,No,2,0,6698
Retail,S004,ST0028_M,2026-03-01,No,2,0,6074
Retail,S004,ST0021_S,2026-03-01,No,1,0,3065
Retail,S004,ST0005_S,2026-03-01,No,2,0,9122
Retail,S004,ST0032_L,2026-03-01,No,3,0,9603
Retail,S004,ST0046_S,2026-03-01,No,3,0,13635
Retail,S004,ST0002_XL,2026-03-01,No,1,0,3411
Retail,S004,ST0049_L,2026-03-01,No,2,0,8460
Retail,S004,ST0009_S,2026-03-01,No,3,0,11073
Retail,S004,ST0018_M,2026-03-01,No,2,0,1450
Retail,S005,ST0044_L,2026-03-01,No,4,0,14588
Retail,S005,ST0008_M,2026-03-01,No,3,0,8265
Retail,S005,ST0042_S,2026-03-01,No,3,0,4743
Retail,S005,ST0040_M,2026-03-01,No,2,0,2480
Retail,S005,ST0047_XL,2026-03-01,No,3,0,8937
Retail,S005,ST0043_L,2026-03-01,No,1,0,4570
Retail,S005,ST0037_L,2026-03-01,No,1,0,1491
Retail,S005,ST0038_L,2026-03-01,No,2,0,2270
Retail,S005,ST0048_XL,2026-03-01,No,1,0,2570
Retail,S005,ST0009_XL,2026-03-01,No,4,0,8592
Retail,S005,ST0038_S,2026-03-01,No,1,0,4864
Retail,S005,ST0018_XL,2026-03-01,No,2,0,7134
Retail,S005,ST0030_S,2026-03-01,No,4,0,4148
Retail,S005,ST0002_M,2026-03-01,No,1,0,646
Retail,S006,ST0008_L,2026-03-01,No,2,0,3308
Retail,S006,ST0033_XL,2026-03-01,No,3,0,4059
Retail,S006,ST0011_L,2026-03-01,No,1,0,598
Retail,S006,ST0021_L,2026-03-01,No,4,0,11308
Retail,S006,ST0010_L,2026-03-01,No,4,0,17692
Retail,S006,ST0030_XL,2026-03-01,No,2,0,2048
Retail,S006,ST0043_XL,2026-03-01,No,2,0,3940
Retail,S006,ST0042_XL,2026-03-01,No,3,0,3177
Retail,S006,ST0045_S,2026-03-01,No,2,0,4358
Retail,S006,ST0027_M,2026-03-01,No,3,0,10203
Retail,S006,ST0048_M,2026-03-01,No,2,0,4514
Retail,S006,ST0018_M,2026-03-01,No,3,0,2175
Retail,S006,ST0022_L,2026-03-01,No,4,0,4424
Retail,S006,ST0032_S,2026-03-01,No,3,0,13041
Retail,S006,ST0023_M,2026-03-01,No,3,0,4917
Retail,S007,ST0043_L,2026-03-01,No,2,0,9140
Retail,S007,ST0049_XL,2026-03-01,No,1,0,2989
Retail,S007,ST0008_L,2026-03-01,No,1,0,1654
Retail,S007,ST0021_L,2026-03-01,No,3,0,8481
Retail,S007,ST0026_S,2026-03-01,No,4,0,4276
Retail,S007,ST0001_L,2026-03-01,No,1,0,3311
Retail,S007,ST0034_M,2026-03-01,No,2,0,8472
Retail,S007,ST0031_XL,2026-03-01,No,2,0,5736
Retail,S007,ST0029_M,2026-03-01,No,1,0,3675
Retail,S007,ST0003_L,2026-03-01,No,4,0,3952
Retail,S007,ST0018_M,2026-03-01,No,3,0,2175
Retail,S007,ST0030_S,2026-03-01,No,1,0,1037
Retail,S007,ST0047_M,2026-03-01,No,2,0,6918
Retail,S007,ST0044_L,2026-03-01,No,4,0,14588
Retail,S007,ST0048_XL,2026-03-01,No,2,0,5140
Retail,S007,ST0048_L,2026-03-01,No,4,0,19808
Retail,S007,ST0008_S,2026-03-01,No,4,0,8728
Retail,S008,ST0006_M,2026-03-01,No,1,0,4143
Retail,S008,ST0024_L,2026-03-01,No,2,0,3368
Retail,S008,ST0017_XL,2026-03-01,No,4,0,11940
Retail,S008,ST0001_L,2026-03-01,No,2,0,6622
Retail,S008,ST0013_M,2026-03-01,No,4,0,17164
Retail,S008,ST0028_S,2026-03-01,No,4,0,2616
Retail,S008,ST0016_S,2026-03-01,No,1,0,3235
Retail,S008,ST0009_S,2026-03-01,No,3,0,11073
Retail,S008,ST0037_XL,2026-03-01,No,4,0,18568
Retail,S008,ST0029_XL,2026-03-01,No,2,0,6612
Retail,S008,ST0017_L,2026-03-01,No,3,0,3186
Retail,S008,ST0013_S,2026-03-01,No,2,0,7468
Retail,S008,ST0014_M,2026-03-01,No,2,0,9986
Retail,S008,ST0037_S,2026-03-01,No,4,0,2016
Retail,S008,ST0050_L,2026-03-01,No,4,0,6060
Retail,S008,ST0039_XL,2026-03-01,No,1,0,4175
Retail,S009,ST0016_L,2026-03-01,No,2,0,7892
Retail,S009,ST0046_XL,2026-03-01,No,1,0,2641
Retail,S009,ST0048_M,2026-03-01,No,2,0,4514
Retail,S009,ST0008_S,2026-03-01,No,2,0,4364
Retail,S009,ST0029_L,2026-03-01,No,3,0,14523
Retail,S009,ST0037_L,2026-03-01,No,2,0,2982
Retail,S009,ST0008_M,2026-03-01,No,2,0,5510
Retail,S009,ST0037_M,2026-03-01,No,4,0,5504
Retail,S009,ST0026_L,2026-03-01,No,4,0,12932
Retail,S009,ST0003_L,2026-03-01,No,1,0,988
Retail,S009,ST0005_S,2026-03-01,No,3,0,13683
Retail,S009,ST0028_M,2026-03-01,No,3,0,9111
Retail,S009,ST0005_M,2026-03-01,No,2,0,7738
Retail,S010,ST0036_S,2026-03-01,No,4,0,11964
Retail,S010,ST0015_XL,2026-03-01,No,2,0,7208
Retail,S010,ST0026_L,2026-03-01,No,1,0,3233
Retail,S010,ST0020_M,2026-03-01,No,2,0,6048
Retail,S010,ST0025_XL,2026-03-01,No,3,0,6948
Retail,S010,ST0016_S,2026-03-01,No,4,0,12940
Retail,S010,ST0034_S,2026-03-01,No,2,0,9292
Retail,S010,ST0033_S,2026-03-01,No,1,0,1666
Retail,S010,ST0007_XL,2026-03-01,No,3,0,11010
Retail,S010,ST0045_S,2026-03-01,No,2,0,4358
Retail,S010,ST0025_L,2026-03-01,No,3,0,7695
Retail,S010,ST0038_XL,2026-03-01,No,4,0,8772
Retail,S010,ST0042_M,2026-03-01,No,2,0,2024
Retail,S010,ST0020_S,2026-03-01,No,3,0,8115
Retail,S010,ST0007_S,2026-03-01,No,2,0,7216
Retail,S001,ST0031_S,2026-03-02,No,1,0,3450
Retail,S001,ST0020_L,2026-03-02,No,1,0,1569
Retail,S001,ST0008_M,2026-03-02,No,4,0,11020
Retail,S001,ST0046_XL,2026-03-02,No,4,0,10564
Retail,S001,ST0014_XL,2026-03-02,No,2,0,8974
Retail,S001,ST0035_XL,2026-03-02,No,4,0,17416
Retail,S001,ST0012_S,2026-03-02,No,4,0,13844
Retail,S001,ST0032_M,2026-03-02,No,3,0,14985
Retail,S001,ST0009_S,2026-03-02,No,4,0,14764
Retail,S001,ST0032_L,2026-03-02,No,4,0,12804
Retail,S001,ST0042_XL,2026-03-02,No,4,0,4236
Retail,S001,ST0007_XL,2026-03-02,No,2,0,7340
Retail,S001,ST0010_M,2026-03-02,No,3,0,14097
Retail,S001,ST0047_L,2026-03-02,No,4,0,11060
Retail,S001,ST0016_XL,2026-03-02,No,4,0,6180
Retail,S002,ST0029_M,2026-03-02,No,1,0,3675
Retail,S002,ST0016_XL,2026-03-02,No,2,0,3090
Retail,S002,ST0045_S,2026-03-02,No,2,0,4358
Retail,S002,ST0004_XL,2026-03-02,No,4,0,9208
Retail,S002,ST0032_S,2026-03-02,No,2,0,8694
Retail,S002,ST0011_S,2026-03-02,No,3,0,11049
Retail,S002,ST0015_L,2026-03-02,No,2,0,9992
Retail,S002,ST0046_S,2026-03-02,No,1,0,4545
Retail,S002,ST0030_XL,2026-03-02,No,3,0,3072
Retail,S002,ST0037_S,2026-03-02,No,4,0,2016
Retail,S002,ST0034_S,2026-03-02,No,4,0,18584
Retail,S002,ST0004_L,2026-03-02,No,1,0,3419
Retail,S002,ST0002_S,2026-03-02,No,1,0,2486
Retail,S002,ST0032_M,2026-03-02,No,1,0,4995
Retail,S002,ST0018_M,2026-03-02,No,1,0,725
Retail,S002,ST0008_M,2026-03-02,No,1,0,2755
Retail,S002,ST0031_M,2026-03-02,No,1,0,4631
Retail,S002,ST0011_XL,2026-03-02,No,1,0,2700
Retail,S003,ST0046_M,2026-03-02,No,2,0,3486
Retail,S003,ST0023_L,2026-03-02,No,2,0,1380
Retail,S003,ST0006_S,2026-03-02,No,4,0,6064
Retail,S003,ST0018_XL,2026-03-02,No,2,0,7134
Retail,S003,ST0039_XL,2026-03-02,No,1,0,4175
Retail,S003,ST0028_XL,2026-03-02,No,4,0,18228
Retail,S003,ST0024_L,2026-03-02,No,4,0,6736
Retail,S003,ST0020_L,2026-03-02,No,4,0,6276
Retail,S003,ST0011_M,2026-03-02,No,1,0,3057
Retail,S003,ST0005_XL,2026-03-02,No,1,0,1123
Retail,S003,ST0042_L,2026-03-02,No,1,0,3349
Retail,S003,ST0009_M,2026-03-02,No,1,0,2196
Retail,S003,ST0030_M,2026-03-02,No,3,0,7023
Retail,S003,ST0036_M,2026-03-02,No,2,0,6320
Retail,S003,ST0004_S,2026-03-02,No,1,0,2459
Retail,S003,ST0042_S,2026-03-02,No,4,0,6324
Retail,S004,ST0009_S,2026-03-02,No,1,0,3691
Retail,S004,ST0041_XL,2026-03-02,No,4,0,8656
Retail,S004,ST0018_XL,2026-03-02,No,4,0,14268
Retail,S004,ST0011_L,2026-03-02,No,3,0,1794
Retail,S004,ST0027_M,2026-03-02,No,4,0,13604
Retail,S004,ST0020_S,2026-03-02,No,3,0,8115
Retail,S004,ST0035_L,2026-03-02,No,2,0,4430
Retail,S004,ST0035_S,2026-03-02,No,1,0,3761
Retail,S004,ST0004_M,2026-03-02,No,1,0,2885
Retail,S004,ST0042_XL,2026-03-02,No,2,0,2118
Retail,S004,ST0023_S,2026-03-02,No,2,0,2398
Retail,S004,ST0006_L,2026-03-02,No,1,0,2549
Retail,S004,ST0043_M,2026-03-02,No,3,0,11529
Retail,S004,ST0028_S,2026-03-02,No,1,0,654
Retail,S004,ST0044_S,2026-03-02,No,1,0,1080
Retail,S004,ST0005_S,2026-03-02,No,3,0,13683
Retail,S004,ST0013_XL,2026-03-02,No,1,0,4567
Retail,S004,ST0018_L,2026-03-02,No,1,0,1459
Retail,S005,ST0010_S,2026-03-02,No,3,0,5835
Retail,S005,ST0028_M,2026-03-02,No,4,0,12148
Retail,S005,ST0025_L,2026-03-02,No,1,0,2565
Retail,S005,ST0024_XL,2026-03-02,No,1,0,3827
Retail,S005,ST0009_L,2026-03-02,No,1,0,4491
Retail,S005,ST0017_L,2026-03-02,No,1,0,1062
Retail,S005,ST0032_L,2026-03-02,No,4,0,12804
Retail,S005,ST0020_L,2026-03-02,No,3,0,4707
Retail,S005,ST0028_XL,2026-03-02,No,4,0,18228
Retail,S005,ST0030_M,2026-03-02,No,1,0,2341
Retail,S005,ST0020_M,2026-03-02,No,4,0,12096
Retail,S005,ST0002_L,2026-03-02,No,2,0,7438
Retail,S005,ST0046_L,2026-03-02,No,2,0,7236
Retail,S005,ST0006_M,2026-03-02,No,4,0,16572
Retail,S005,ST0022_M,2026-03-02,No,3,0,14328
Retail,S006,ST0001_XL,2026-03-02,No,2,0,3738
Retail,S006,ST0012_S,2026-03-02,No,1,0,3461
Retail,S006,ST0018_S,2026-03-02,No,4,0,15416
Retail,S006,ST0036_XL,2026-03-02,No,4,0,14204
Retail,S006,ST0013_L,2026-03-02,No,1,0,1456
Retail,S006,ST0022_M,2026-03-02,No,1,0,4776
Retail,S006,ST0023_M,2026-03-02,No,4,0,6556
Retail,S006,ST0043_S,2026-03-02,No,4,0,16688
Retail,S006,ST0024_M,2026-03-02,No,2,0,6950
Retail,S006,ST0045_XL,2026-03-02,No,3,0,11568
Retail,S006,ST0013_S,2026-03-02,No,3,0,11202
Retail,S006,ST0016_L,2026-03-02,No,1,0,3946
Retail,S006,ST0012_XL,2026-03-02,No,3,0,10107
Retail,S006,ST0031_L,2026-03-02,No,2,0,9230
Retail,S006,ST0008_XL,2026-03-02,No,2,0,9998
Retail,S007,ST0009_S,2026-03-02,No,1,0,3691
Retail,S007,ST0046_L,2026-03-02,No,2,0,7236
Retail,S007,ST0050_M,2026-03-02,No,2,0,6632
Retail,S007,ST0048_S,2026-03-02,No,3,0,6405
Retail,S007,ST0029_S,2026-03-02,No,4,0,5136
Retail,S007,ST0014_M,2026-03-02,No,1,0,4993
Retail,S007,ST0007_XL,2026-03-02,No,2,0,7340
Retail,S007,ST0036_L,2026-03-02,No,4,0,14496
Retail,S007,ST0016_M,2026-03-02,No,3,0,4362
Retail,S007,ST0010_XL,2026-03-02,No,3,0,2259
Retail,S007,ST0033_L,2026-03-02,No,3,0,7446
Retail,S007,ST0002_S,2026-03-02,No,1,0,2486
Retail,S007,ST0032_S,2026-03-02,No,1,0,4347
Retail,S007,ST0038_XL,2026-03-02,No,3,0,6579
Retail,S007,ST0012_M,2026-03-02,No,3,0,14799
Retail,S007,ST0031_XL,2026-03-02,No,4,0,11472
Retail,S007,ST0020_L,2026-03-02,No,1,0,1569
Retail,S008,ST0050_M,2026-03-02,No,2,0,6632
Retail,S008,ST0032_L,2026-03-02,No,2,0,6402
Retail,S008,ST0008_M,2026-03-02,No,4,0,11020
Retail,S008,ST0027_XL,2026-03-02,No,1,0,3509
Retail,S008,ST0027_S,2026-03-02,No,3,0,13542
Retail,S008,ST0047_S,2026-03-02,No,2,0,7118
Retail,S008,ST0049_S,2026-03-02,No,1,0,3349
Retail,S008,ST0026_S,2026-03-02,No,4,0,4276
Retail,S008,ST0024_S,2026-03-02,No,4,0,5920
Retail,S008,ST0002_L,2026-03-02,No,2,0,7438
Retail,S008,ST0003_XL,2026-03-02,No,1,0,3476
Retail,S008,ST0031_S,2026-03-02,No,1,0,3450
Retail,S008,ST0049_XL,2026-03-02,No,3,0,8967
Retail,S008,ST0002_S,2026-03-02,No,1,0,2486
Retail,S008,ST0041_L,2026-03-02,No,3,0,4536
Retail,S008,ST0018_M,2026-03-02,No,1,0,725
Retail,S008,ST0037_L,2026-03-02,No,3,0,4473
Retail,S009,ST0039_S,2026-03-02,No,1,0,2182
Retail,S009,ST0048_S,2026-03-02,No,4,0,8540
Retail,S009,ST0030_S,2026-03-02,No,4,0,4148
Retail,S009,ST0025_L,2026-03-02,No,2,0,5130
Retail,S009,ST0048_XL,2026-03-02,No,2,0,5140
Retail,S009,ST0004_L,2026-03-02,No,1,0,3419
Retail,S009,ST0049_M,2026-03-02,No,3,0,11253
Retail,S009,ST0037_L,2026-03-02,No,2,0,2982
Retail,S009,ST0007_S,2026-03-02,No,3,0,10824
Retail,S009,ST0003_XL,2026-03-02,No,3,0,10428
Retail,S009,ST0025_XL,2026-03-02,No,3,0,6948
Retail,S009,ST0004_S,2026-03-02,No,2,0,4918
Retail,S009,ST0021_L,2026-03-02,No,2,0,5654
Retail,S009,ST0024_L,2026-03-02,No,3,0,5052
Retail,S010,ST0022_XL,2026-03-02,No,2,0,7340
Retail,S010,ST0038_M,2026-03-02,No,4,0,19860
Retail,S010,ST0019_XL,2026-03-02,No,3,0,5229
Retail,S010,ST0048_M,2026-03-02,No,1,0,2257
Retail,S010,ST0014_XL,2026-03-02,No,1,0,4487
Retail,S010,ST0028_S,2026-03-02,No,4,0,2616
Retail,S010,ST0005_XL,2026-03-02,No,4,0,4492
Retail,S010,ST0012_S,2026-03-02,No,3,0,10383
Retail,S010,ST0034_L,2026-03-02,No,1,0,4269
Retail,S010,ST0016_L,2026-03-02,No,2,0,7892
Retail,S010,ST0044_M,2026-03-02,No,1,0,2794
Retail,S010,ST0025_S,2026-03-02,No,1,0,3894
Retail,S010,ST0046_XL,2026-03-02,No,1,0,2641
Retail,S010,ST0040_S,2026-03-02,No,4,0,7476
Retail,S001,ST0030_XL,2026-03-03,No,4,0,4096
Retail,S001,ST0018_XL,2026-03-03,No,2,0,7134
Retail,S001,ST0010_L,2026-03-03,No,2,0,8846
Retail,S001,ST0010_S,2026-03-03,No,4,0,7780
Retail,S001,ST0009_M,2026-03-03,No,2,0,4392
Retail,S001,ST0046_M,2026-03-03,No,4,0,6972
Retail,S001,ST0028_L,2026-03-03,No,2,0,3818
Retail,S001,ST0035_S,2026-03-03,No,4,0,15044
Retail,S001,ST0026_S,2026-03-03,No,3,0,3207
Retail,S002,ST0009_M,2026-03-03,No,1,0,2196
Retail,S002,ST0023_S,2026-03-03,No,1,0,1199
Retail,S002,ST0042_L,2026-03-03,No,4,0,13396
Retail,S002,ST0025_XL,2026-03-03,No,4,0,9264
Retail,S002,ST0028_S,2026-03-03,No,4,0,2616
Retail,S002,ST0037_L,2026-03-03,No,3,0,4473
Retail,S002,ST0037_XL,2026-03-03,No,1,0,4642
Retail,S002,ST0006_L,2026-03-03,No,2,0,5098
Retail,S002,ST0004_XL,2026-03-03,No,1,0,2302
Retail,S002,ST0012_S,2026-03-03,No,4,0,13844
Retail,S002,ST0031_L,2026-03-03,No,3,0,13845
Retail,S002,ST0039_S,2026-03-03,No,1,0,2182
Retail,S002,ST0031_M,2026-03-03,No,2,0,9262
Retail,S002,ST0043_S,2026-03-03,No,2,0,8344
Retail,S002,ST0021_L,2026-03-03,No,2,0,5654
Retail,S002,ST0031_XL,2026-03-03,No,1,0,2868
Retail,S003,ST0046_XL,2026-03-03,No,1,0,2641
Retail,S003,ST0013_S,2026-03-03,No,2,0,7468
Retail,S003,ST0029_S,2026-03-03,No,4,0,5136
Retail,S003,ST0030_XL,2026-03-03,No,3,0,3072
Retail,S003,ST0041_L,2026-03-03,No,2,0,3024
Retail,S003,ST0029_M,2026-03-03,No,2,0,7350
Retail,S003,ST0014_M,2026-03-03,No,2,0,9986
Retail,S003,ST0016_XL,2026-03-03,No,1,0,1545
Retail,S003,ST0022_L,2026-03-03,No,3,0,3318
Retail,S003,ST0047_XL,2026-03-03,No,3,0,8937
Retail,S003,ST0018_M,2026-03-03,No,1,0,725
Retail,S003,ST0042_S,2026-03-03,No,4,0,6324
Retail,S003,ST0021_S,2026-03-03,No,1,0,3065
Retail,S003,ST0050_XL,2026-03-03,No,4,0,7392
Retail,S004,ST0045_XL,2026-03-03,No,2,0,7712
Retail,S004,ST0035_L,2026-03-03,No,1,0,2215
Retail,S004,ST0032_L,2026-03-03,No,2,0,6402
Retail,S004,ST0029_S,2026-03-03,No,3,0,3852
Retail,S004,ST0026_XL,2026-03-03,No,3,0,13089
Retail,S004,ST0030_L,2026-03-03,No,1,0,2955
Retail,S004,ST0031_XL,2026-03-03,No,4,0,11472
Retail,S004,ST0048_S,2026-03-03,No,1,0,2135
Retail,S004,ST0036_S,2026-03-03,No,2,0,5982
Retail,S004,ST0021_M,2026-03-03,No,1,0,1560
Retail,S004,ST0032_M,2026-03-03,No,3,0,14985
Retail,S004,ST0050_M,2026-03-03,No,3,0,9948
Retail,S004,ST0016_L,2026-03-03,No,3,0,11838
Retail,S004,ST0017_XL,2026-03-03,No,4,0,11940
Retail,S004,ST0007_L,2026-03-03,No,1,0,2556
Retail,S004,ST0046_M,2026-03-03,No,2,0,3486
Retail,S004,ST0023_L,2026-03-03,No,1,0,690
Retail,S005,ST0036_L,2026-03-03,No,2,0,7248
Retail,S005,ST0040_L,2026-03-03,No,1,0,616
Retail,S005,ST0045_S,2026-03-03,No,3,0,6537
Retail,S005,ST0019_M,2026-03-03,No,2,0,7240
Retail,S005,ST0031_S,2026-03-03,No,1,0,3450
Retail,S005,ST0027_XL,2026-03-03,No,2,0,7018
Retail,S005,ST0023_S,2026-03-03,No,4,0,4796
Retail,S005,ST0011_M,2026-03-03,No,4,0,12228
Retail,S005,ST0035_XL,2026-03-03,No,1,0,4354
Retail,S005,ST0040_S,2026-03-03,No,3,0,5607
Retail,S005,ST0007_L,2026-03-03,No,1,0,2556
Retail,S005,ST0009_L,2026-03-03,No,1,0,4491
Retail,S005,ST0049_XL,2026-03-03,No,1,0,2989
Retail,S005,ST0015_S,2026-03-03,No,2,0,4054
Retail,S005,ST0006_L,2026-03-03,No,1,0,2549
Retail,S005,ST0016_M,2026-03-03,No,1,0,1454
Retail,S005,ST0047_XL,2026-03-03,No,1,0,2979
Retail,S005,ST0037_L,2026-03-03,No,2,0,2982
Retail,S006,ST0021_M,2026-03-03,No,1,0,1560
Retail,S006,ST0047_XL,2026-03-03,No,2,0,5958
Retail,S006,ST0011_M,2026-03-03,No,1,0,3057
Retail,S006,ST0005_S,2026-03-03,No,1,0,4561
Retail,S006,ST0008_L,2026-03-03,No,2,0,3308
Retail,S006,ST0037_L,2026-03-03,No,1,0,1491
Retail,S006,ST0003_L,2026-03-03,No,3,0,2964
Retail,S006,ST0032_S,2026-03-03,No,4,0,17388
Retail,S006,ST0030_S,2026-03-03,No,3,0,3111
Retail,S006,ST0015_S,2026-03-03,No,3,0,6081
Retail,S006,ST0012_L,2026-03-03,No,1,0,4277
Retail,S006,ST0038_XL,2026-03-03,No,1,0,2193
Retail,S006,ST0028_M,2026-03-03,No,1,0,3037
Retail,S006,ST0032_XL,2026-03-03,No,3,0,4413
Retail,S006,ST0046_M,2026-03-03,No,1,0,1743
Retail,S006,ST0038_S,2026-03-03,No,2,0,9728
Retail,S007,ST0020_M,2026-03-03,No,3,0,9072
Retail,S007,ST0017_S,2026-03-03,No,1,0,2193
Retail,S007,ST0030_L,2026-03-03,No,1,0,2955
Retail,S007,ST0012_XL,2026-03-03,No,4,0,13476
Retail,S007,ST0014_M,2026-03-03,No,1,0,4993
Retail,S007,ST0037_S,2026-03-03,No,1,0,504
Retail,S007,ST0042_S,2026-03-03,No,4,0,6324
Retail,S007,ST0033_M,2026-03-03,No,2,0,6548
Retail,S007,ST0007_M,2026-03-03,No,1,0,4590
Retail,S007,ST0019_XL,2026-03-03,No,1,0,1743
Retail,S007,ST0026_S,2026-03-03,No,3,0,3207
Retail,S007,ST0022_L,2026-03-03,No,3,0,3318
Retail,S007,ST0050_L,2026-03-03,No,3,0,4545
Retail,S007,ST0003_L,2026-03-03,No,2,0,1976
Retail,S007,ST0023_XL,2026-03-03,No,3,0,8400
Retail,S007,ST0030_XL,2026-03-03,No,2,0,2048
Retail,S007,ST0044_M,2026-03-03,No,2,0,5588
Retail,S008,ST0026_S,2026-03-03,No,2,0,2138
Retail,S008,ST0011_XL,2026-03-03,No,3,0,8100
Retail,S008,ST0001_M,2026-03-03,No,4,0,4636
Retail,S008,ST0035_S,2026-03-03,No,3,0,11283
Retail,S008,ST0024_M,2026-03-03,No,4,0,13900
Retail,S008,ST0014_L,2026-03-03,No,1,0,1800
Retail,S008,ST0015_XL,2026-03-03,No,4,0,14416
Retail,S008,ST0010_M,2026-03-03,No,4,0,18796
Retail,S008,ST0009_XL,2026-03-03,No,3,0,6444
Retail,S008,ST0014_XL,2026-03-03,No,1,0,4487
Retail,S008,ST0024_S,2026-03-03,No,1,0,1480
Retail,S008,ST0046_M,2026-03-03,No,1,0,1743
Retail,S008,ST0025_S,2026-03-03,No,3,0,11682
Retail,S008,ST0038_S,2026-03-03,No,3,0,14592
Retail,S008,ST0032_S,2026-03-03,No,1,0,4347
Retail,S008,ST0005_S,2026-03-03,No,4,0,18244
Retail,S008,ST0023_S,2026-03-03,No,2,0,2398
Retail,S008,ST0050_L,2026-03-03,No,4,0,6060
Retail,S008,ST0002_M,2026-03-03,No,1,0,646
Retail,S009,ST0020_L,2026-03-03,No,2,0,3138
Retail,S009,ST0022_XL,2026-03-03,No,4,0,14680
Retail,S009,ST0037_L,2026-03-03,No,1,0,1491
Retail,S009,ST0044_L,2026-03-03,No,4,0,14588
Retail,S009,ST0016_XL,2026-03-03,No,4,0,6180
Retail,S009,ST0024_S,2026-03-03,No,4,0,5920
Retail,S009,ST0003_L,2026-03-03,No,2,0,1976
Retail,S009,ST0029_S,2026-03-03,No,1,0,1284
Retail,S009,ST0008_XL,2026-03-03,No,3,0,14997
Retail,S009,ST0020_S,2026-03-03,No,4,0,10820
Retail,S009,ST0024_L,2026-03-03,No,4,0,6736
Retail,S009,ST0014_L,2026-03-03,No,2,0,3600
Retail,S009,ST0006_L,2026-03-03,No,3,0,7647
Retail,S009,ST0005_L,2026-03-03,No,1,0,762
Retail,S009,ST0047_S,2026-03-03,No,2,0,7118
Retail,S009,ST0039_L,2026-03-03,No,2,0,2660
Retail,S010,ST0010_S,2026-03-03,No,3,0,5835
Retail,S010,ST0029_M,2026-03-03,No,2,0,7350
Retail,S010,ST0019_L,2026-03-03,No,1,0,516
Retail,S010,ST0010_M,2026-03-03,No,2,0,9398
Retail,S010,ST0049_L,2026-03-03,No,2,0,8460
Retail,S010,ST0013_L,2026-03-03,No,1,0,1456
Retail,S010,ST0023_M,2026-03-03,No,3,0,4917
Retail,S010,ST0012_XL,2026-03-03,No,3,0,10107
Retail,S010,ST0011_S,2026-03-03,No,1,0,3683
Retail,S010,ST0004_M,2026-03-03,No,4,0,11540
Retail,S010,ST0045_M,2026-03-03,No,1,0,4006
Retail,S010,ST0044_S,2026-03-03,No,4,0,4320
Retail,S010,ST0005_S,2026-03-03,No,3,0,13683
Retail,S010,ST0049_XL,2026-03-03,No,4,0,11956
Retail,S001,ST0046_L,2026-03-04,No,3,0,10854
Retail,S001,ST0005_M,2026-03-04,No,3,0,11607
Retail,S001,ST0028_S,2026-03-04,No,3,0,1962
Retail,S001,ST0046_S,2026-03-04,No,1,0,4545
Retail,S001,ST0016_L,2026-03-04,No,1,0,3946
Retail,S001,ST0021_S,2026-03-04,No,4,0,12260
Retail,S001,ST0006_S,2026-03-04,No,3,0,4548
Retail,S001,ST0028_L,2026-03-04,No,1,0,1909
Retail,S001,ST0037_S,2026-03-04,No,1,0,504
Retail,S001,ST0008_L,2026-03-04,No,3,0,4962
Retail,S001,ST0042_M,2026-03-04,No,2,0,2024
Retail,S001,ST0011_L,2026-03-04,No,3,0,1794
Retail,S001,ST0043_S,2026-03-04,No,3,0,12516
Retail,S001,ST0024_M,2026-03-04,No,1,0,3475
Retail,S002,ST0024_L,2026-03-04,No,3,0,5052
Retail,S002,ST0002_S,2026-03-04,No,2,0,4972
Retail,S002,ST0026_L,2026-03-04,No,3,0,9699
Retail,S002,ST0046_XL,2026-03-04,No,3,0,7923
Retail,S002,ST0014_L,2026-03-04,No,2,0,3600
Retail,S002,ST0035_M,2026-03-04,No,2,0,3296
Retail,S002,ST0019_M,2026-03-04,No,2,0,7240
Retail,S002,ST0009_XL,2026-03-04,No,2,0,4296
Retail,S002,ST0018_S,2026-03-04,No,2,0,7708
Retail,S002,ST0037_S,2026-03-04,No,1,0,504
Retail,S002,ST0029_L,2026-03-04,No,2,0,9682
Retail,S002,ST0025_L,2026-03-04,No,2,0,5130
Retail,S002,ST0039_XL,2026-03-04,No,3,0,12525
Retail,S002,ST0046_L,2026-03-04,No,1,0,3618
Retail,S002,ST0019_S,2026-03-04,No,3,0,3945
Retail,S003,ST0013_XL,2026-03-04,No,4,0,18268
Retail,S003,ST0022_S,2026-03-04,No,4,0,3204
Retail,S003,ST0043_M,2026-03-04,No,1,0,3843
Retail,S003,ST0001_L,2026-03-04,No,3,0,9933
Retail,S003,ST0032_M,2026-03-04,No,3,0,14985
Retail,S003,ST0020_L,2026-03-04,No,2,0,3138
Retail,S003,ST0045_S,2026-03-04,No,3,0,6537
Retail,S003,ST0049_L,2026-03-04,No,1,0,4230
Retail,S003,ST0019_S,2026-03-04,No,2,0,2630
Retail,S003,ST0049_M,2026-03-04,No,1,0,3751
Retail,S003,ST0015_M,2026-03-04,No,1,0,1718
Retail,S003,ST0016_S,2026-03-04,No,1,0,3235
Retail,S003,ST0032_XL,2026-03-04,No,4,0,5884
Retail,S003,ST0037_XL,2026-03-04,No,3,0,13926
Retail,S003,ST0025_S,2026-03-04,No,4,0,15576
Retail,S003,ST0011_M,2026-03-04,No,3,0,9171
Retail,S003,ST0036_M,2026-03-04,No,3,0,9480
Retail,S003,ST0044_XL,2026-03-04,No,2,0,9498
Retail,S004,ST0031_XL,2026-03-04,No,1,0,2868
Retail,S004,ST0029_S,2026-03-04,No,1,0,1284
Retail,S004,ST0001_S,2026-03-04,No,2,0,4588
Retail,S004,ST0010_L,2026-03-04,No,4,0,17692
Retail,S004,ST0020_XL,2026-03-04,No,3,0,11832
Retail,S004,ST0043_XL,2026-03-04,No,3,0,5910
Retail,S004,ST0003_M,2026-03-04,No,4,0,9372
Retail,S004,ST0036_M,2026-03-04,No,4,0,12640
Retail,S004,ST0006_XL,2026-03-04,No,3,0,12669
Retail,S004,ST0041_S,2026-03-04,No,1,0,1650
Retail,S004,ST0034_L,2026-03-04,No,2,0,8538
Retail,S004,ST0025_S,2026-03-04,No,1,0,3894
Retail,S005,ST0032_L,2026-03-04,No,2,0,6402
Retail,S005,ST0022_XL,2026-03-04,No,4,0,14680
Retail,S005,ST0017_S,2026-03-04,No,3,0,6579
Retail,S005,ST0009_XL,2026-03-04,No,3,0,6444
Retail,S005,ST0001_M,2026-03-04,No,2,0,2318
Retail,S005,ST0040_M,2026-03-04,No,1,0,1240
Retail,S005,ST0027_L,2026-03-04,No,4,0,8744
Retail,S005,ST0023_L,2026-03-04,No,2,0,1380
Retail,S005,ST0045_S,2026-03-04,No,3,0,6537
Retail,S005,ST0032_S,2026-03-04,No,1,0,4347
Retail,S005,ST0048_L,2026-03-04,No,1,0,4952
Retail,S005,ST0011_S,2026-03-04,No,3,0,11049
Retail,S005,ST0009_S,2026-03-04,No,4,0,14764
Retail,S005,ST0045_L,2026-03-04,No,3,0,9732
Retail,S005,ST0024_M,2026-03-04,No,1,0,3475
Retail,S005,ST0002_L,2026-03-04,No,3,0,11157
Retail,S005,ST0018_S,2026-03-04,No,4,0,15416
Retail,S006,ST0008_XL,2026-03-04,No,1,0,4999
Retail,S006,ST0031_L,2026-03-04,No,4,0,18460
Retail,S006,ST0026_M,2026-03-04,No,3,0,7185
Retail,S006,ST0034_S,2026-03-04,No,1,0,4646
Retail,S006,ST0026_XL,2026-03-04,No,1,0,4363
Retail,S006,ST0033_M,2026-03-04,No,3,0,9822
Retail,S006,ST0046_S,2026-03-04,No,2,0,9090
Retail,S006,ST0037_L,2026-03-04,No,1,0,1491
Retail,S006,ST0041_S,2026-03-04,No,3,0,4950
Retail,S006,ST0028_L,2026-03-04,No,2,0,3818
Retail,S006,ST0006_XL,2026-03-04,No,1,0,4223
Retail,S006,ST0038_XL,2026-03-04,No,3,0,6579
Retail,S006,ST0035_XL,2026-03-04,No,1,0,4354
Retail,S006,ST0010_S,2026-03-04,No,1,0,1945
Retail,S006,ST0025_S,2026-03-04,No,2,0,7788
Retail,S006,ST0012_XL,2026-03-04,No,3,0,10107
Retail,S006,ST0018_L,2026-03-04,No,2,0,2918
Retail,S007,ST0041_S,2026-03-04,No,4,0,6600
Retail,S007,ST0024_S,2026-03-04,No,3,0,4440
Retail,S007,ST0011_XL,2026-03-04,No,1,0,2700
Retail,S007,ST0010_M,2026-03-04,No,2,0,9398
Retail,S007,ST0020_XL,2026-03-04,No,3,0,11832
Retail,S007,ST0036_M,2026-03-04,No,4,0,12640
Retail,S007,ST0003_XL,2026-03-04,No,2,0,6952
Retail,S007,ST0026_M,2026-03-04,No,3,0,7185
Retail,S007,ST0024_XL,2026-03-04,No,4,0,15308
Retail,S007,ST0028_XL,2026-03-04,No,1,0,4557
Retail,S007,ST0045_S,2026-03-04,No,3,0,6537
Retail,S007,ST0001_S,2026-03-04,No,3,0,6882
Retail,S007,ST0029_XL,2026-03-04,No,2,0,6612
Retail,S007,ST0026_S,2026-03-04,No,2,0,2138
Retail,S007,ST0019_XL,2026-03-04,No,4,0,6972
Retail,S007,ST0010_S,2026-03-04,No,1,0,1945
Retail,S007,ST0011_L,2026-03-04,No,3,0,1794
Retail,S007,ST0021_L,2026-03-04,No,2,0,5654
Retail,S008,ST0009_M,2026-03-04,No,3,0,6588
Retail,S008,ST0027_XL,2026-03-04,No,4,0,14036
Retail,S008,ST0001_M,2026-03-04,No,3,0,3477
Retail,S008,ST0007_S,2026-03-04,No,4,0,14432
Retail,S008,ST0015_S,2026-03-04,No,2,0,4054
Retail,S008,ST0023_XL,2026-03-04,No,1,0,2800
Retail,S008,ST0035_XL,2026-03-04,No,4,0,17416
Retail,S008,ST0050_XL,2026-03-04,No,4,0,7392
Retail,S008,ST0044_S,2026-03-04,No,1,0,1080
Retail,S008,ST0033_XL,2026-03-04,No,4,0,5412
Retail,S008,ST0032_S,2026-03-04,No,3,0,13041
Retail,S008,ST0040_S,2026-03-04,No,3,0,5607
Retail,S008,ST0013_XL,2026-03-04,No,1,0,4567
Retail,S008,ST0028_S,2026-03-04,No,3,0,1962
Retail,S009,ST0046_XL,2026-03-04,No,1,0,2641
Retail,S009,ST0027_L,2026-03-04,No,1,0,2186
Retail,S009,ST0009_XL,2026-03-04,No,4,0,8592
Retail,S009,ST0024_XL,2026-03-04,No,1,0,3827
Retail,S009,ST0047_L,2026-03-04,No,1,0,2765
Retail,S009,ST0003_S,2026-03-04,No,2,0,4468
Retail,S009,ST0006_M,2026-03-04,No,1,0,4143
Retail,S009,ST0043_S,2026-03-04,No,1,0,4172
Retail,S009,ST0044_S,2026-03-04,No,4,0,4320
Retail,S009,ST0015_M,2026-03-04,No,2,0,3436
Retail,S009,ST0026_S,2026-03-04,No,3,0,3207
Retail,S010,ST0029_L,2026-03-04,No,2,0,9682
Retail,S010,ST0006_L,2026-03-04,No,4,0,10196
Retail,S010,ST0011_M,2026-03-04,No,1,0,3057
Retail,S010,ST0007_M,2026-03-04,No,2,0,9180
Retail,S010,ST0019_XL,2026-03-04,No,1,0,1743
Retail,S010,ST0035_M,2026-03-04,No,1,0,1648
Retail,S010,ST0013_M,2026-03-04,No,2,0,8582
Retail,S010,ST0010_M,2026-03-04,No,2,0,9398
Retail,S010,ST0016_XL,2026-03-04,No,2,0,3090
Retail,S010,ST0031_S,2026-03-04,No,2,0,6900
Retail,S010,ST0023_M,2026-03-04,No,3,0,4917
Retail,S010,ST0038_S,2026-03-04,No,4,0,19456
Retail,S010,ST0037_S,2026-03-04,No,2,0,1008
Retail,S010,ST0030_M,2026-03-04,No,1,0,2341
Retail,S010,ST0028_L,2026-03-04,No,4,0,7636
Retail,S001,ST0012_L,2026-03-05,No,4,0,17108
Retail,S001,ST0011_M,2026-03-05,No,1,0,3057
Retail,S001,ST0006_S,2026-03-05,No,1,0,1516
Retail,S001,ST0016_XL,2026-03-05,No,3,0,4635
Retail,S001,ST0034_S,2026-03-05,No,3,0,13938
Retail,S001,ST0023_S,2026-03-05,No,3,0,3597
Retail,S001,ST0007_S,2026-03-05,No,4,0,14432
Retail,S001,ST0022_M,2026-03-05,No,3,0,14328
Retail,S001,ST0030_S,2026-03-05,No,1,0,1037
Retail,S001,ST0010_S,2026-03-05,No,4,0,7780
Retail,S001,ST0024_L,2026-03-05,No,4,0,6736
Retail,S001,ST0045_M,2026-03-05,No,1,0,4006
Retail,S001,ST0050_L,2026-03-05,No,1,0,1515
Retail,S001,ST0003_M,2026-03-05,No,1,0,2343
Retail,S001,ST0048_XL,2026-03-05,No,4,0,10280
Retail,S002,ST0044_XL,2026-03-05,No,3,0,14247
Retail,S002,ST0040_XL,2026-03-05,No,1,0,3338
Retail,S002,ST0048_S,2026-03-05,No,3,0,6405
Retail,S002,ST0024_L,2026-03-05,No,3,0,5052
Retail,S002,ST0016_S,2026-03-05,No,1,0,3235
Retail,S002,ST0048_L,2026-03-05,No,2,0,9904
Retail,S002,ST0001_XL,2026-03-05,No,3,0,5607
Retail,S002,ST0015_S,2026-03-05,No,2,0,4054
Retail,S002,ST0006_M,2026-03-05,No,1,0,4143
Retail,S002,ST0016_M,2026-03-05,No,4,0,5816
Retail,S002,ST0045_S,2026-03-05,No,1,0,2179
Retail,S002,ST0001_M,2026-03-05,No,2,0,2318
Retail,S002,ST0047_M,2026-03-05,No,2,0,6918
Retail,S003,ST0013_S,2026-03-05,No,4,0,14936
Retail,S003,ST0007_S,2026-03-05,No,4,0,14432
Retail,S003,ST0017_M,2026-03-05,No,2,0,7872
Retail,S003,ST0028_L,2026-03-05,No,1,0,1909
Retail,S003,ST0031_XL,2026-03-05,No,2,0,5736
Retail,S003,ST0004_M,2026-03-05,No,2,0,5770
Retail,S003,ST0011_M,2026-03-05,No,4,0,12228
Retail,S003,ST0036_M,2026-03-05,No,2,0,6320
Retail,S003,ST0040_S,2026-03-05,No,1,0,1869
Retail,S003,ST0017_L,2026-03-05,No,2,0,2124
Retail,S003,ST0037_S,2026-03-05,No,2,0,1008
Retail,S003,ST0024_M,2026-03-05,No,1,0,3475
Retail,S003,ST0012_M,2026-03-05,No,3,0,14799
Retail,S003,ST0021_XL,2026-03-05,No,2,0,7840
Retail,S004,ST0009_XL,2026-03-05,No,2,0,4296
Retail,S004,ST0026_M,2026-03-05,No,4,0,9580
Retail,S004,ST0023_M,2026-03-05,No,2,0,3278
Retail,S004,ST0026_S,2026-03-05,No,1,0,1069
Retail,S004,ST0034_L,2026-03-05,No,1,0,4269
Retail,S004,ST0022_L,2026-03-05,No,3,0,3318
Retail,S004,ST0020_L,2026-03-05,No,4,0,6276
Retail,S004,ST0042_S,2026-03-05,No,3,0,4743
Retail,S004,ST0038_L,2026-03-05,No,4,0,4540
Retail,S004,ST0048_L,2026-03-05,No,2,0,9904
Retail,S004,ST0018_L,2026-03-05,No,4,0,5836
Retail,S005,ST0041_XL,2026-03-05,No,1,0,2164
Retail,S005,ST0028_S,2026-03-05,No,2,0,1308
Retail,S005,ST0001_L,2026-03-05,No,3,0,9933
Retail,S005,ST0048_M,2026-03-05,No,3,0,6771
Retail,S005,ST0032_L,2026-03-05,No,3,0,9603
Retail,S005,ST0019_S,2026-03-05,No,4,0,5260
Retail,S005,ST0023_L,2026-03-05,No,2,0,1380
Retail,S005,ST0027_XL,2026-03-05,No,1,0,3509
Retail,S005,ST0013_XL,2026-03-05,No,1,0,4567
Retail,S005,ST0039_M,2026-03-05,No,4,0,2476
Retail,S005,ST0043_M,2026-03-05,No,2,0,7686
Retail,S005,ST0012_M,2026-03-05,No,3,0,14799
Retail,S006,ST0021_XL,2026-03-05,No,3,0,11760
Retail,S006,ST0008_S,2026-03-05,No,3,0,6546
Retail,S006,ST0016_XL,2026-03-05,No,3,0,4635
Retail,S006,ST0041_XL,2026-03-05,No,4,0,8656
Retail,S006,ST0014_XL,2026-03-05,No,1,0,4487
Retail,S006,ST0046_M,2026-03-05,No,1,0,1743
Retail,S006,ST0041_S,2026-03-05,No,1,0,1650
Retail,S006,ST0001_S,2026-03-05,No,4,0,9176
Retail,S006,ST0043_XL,2026-03-05,No,4,0,7880
Retail,S006,ST0038_XL,2026-03-05,No,1,0,2193
Retail,S006,ST0018_L,2026-03-05,No,3,0,4377
Retail,S006,ST0045_XL,2026-03-05,No,2,0,7712
Retail,S006,ST0027_M,2026-03-05,No,3,0,10203
Retail,S006,ST0018_M,2026-03-05,No,2,0,1450
Retail,S007,ST0033_XL,2026-03-05,No,3,0,4059
Retail,S007,ST0035_S,2026-03-05,No,2,0,7522
Retail,S007,ST0027_XL,2026-03-05,No,4,0,14036
Retail,S007,ST0007_M,2026-03-05,No,3,0,13770
Retail,S007,ST0024_M,2026-03-05,No,3,0,10425
Retail,S007,ST0004_M,2026-03-05,No,1,0,2885
Retail,S007,ST0012_L,2026-03-05,No,1,0,4277
Retail,S007,ST0045_S,2026-03-05,No,3,0,6537
Retail,S007,ST0026_S,2026-03-05,No,1,0,1069
Retail,S007,ST0041_M,2026-03-05,No,2,0,4862
Retail,S007,ST0033_M,2026-03-05,No,3,0,9822
Retail,S007,ST0003_L,2026-03-05,No,1,0,988
Retail,S007,ST0012_XL,2026-03-05,No,2,0,6738
Retail,S007,ST0041_S,2026-03-05,No,3,0,4950
Retail,S007,ST0003_XL,2026-03-05,No,3,0,10428
Retail,S008,ST0024_S,2026-03-05,No,2,0,2960
Retail,S008,ST0018_L,2026-03-05,No,3,0,4377
Retail,S008,ST0023_XL,2026-03-05,No,1,0,2800
Retail,S008,ST0043_S,2026-03-05,No,1,0,4172
Retail,S008,ST0039_M,2026-03-05,No,2,0,1238
Retail,S008,ST0013_M,2026-03-05,No,4,0,17164
Retail,S008,ST0004_XL,2026-03-05,No,4,0,9208
Retail,S008,ST0003_S,2026-03-05,No,3,0,6702
Retail,S008,ST0019_XL,2026-03-05,No,4,0,6972
Retail,S008,ST0049_L,2026-03-05,No,3,0,12690
Retail,S008,ST0050_L,2026-03-05,No,3,0,4545
Retail,S008,ST0040_L,2026-03-05,No,1,0,616
Retail,S008,ST0002_L,2026-03-05,No,1,0,3719
Retail,S008,ST0026_XL,2026-03-05,No,1,0,4363
Retail,S008,ST0014_L,2026-03-05,No,4,0,7200
Retail,S008,ST0038_L,2026-03-05,No,1,0,1135
Retail,S008,ST0048_L,2026-03-05,No,1,0,4952
Retail,S008,ST0010_XL,2026-03-05,No,4,0,3012
Retail,S009,ST0023_XL,2026-03-05,No,3,0,8400
Retail,S009,ST0016_XL,2026-03-05,No,2,0,3090
Retail,S009,ST0046_XL,2026-03-05,No,1,0,2641
Retail,S009,ST0003_M,2026-03-05,No,2,0,4686
Retail,S009,ST0041_S,2026-03-05,No,1,0,1650
Retail,S009,ST0049_M,2026-03-05,No,2,0,7502
Retail,S009,ST0015_S,2026-03-05,No,1,0,2027
Retail,S009,ST0021_S,2026-03-05,No,2,0,6130
Retail,S009,ST0027_L,2026-03-05,No,3,0,6558
Retail,S009,ST0031_XL,2026-03-05,No,2,0,5736
Retail,S009,ST0039_L,2026-03-05,No,2,0,2660
Retail,S009,ST0036_M,2026-03-05,No,4,0,12640
Retail,S009,ST0030_L,2026-03-05,No,4,0,11820
Retail,S009,ST0022_L,2026-03-05,No,1,0,1106
Retail,S009,ST0019_M,2026-03-05,No,2,0,7240
Retail,S009,ST0029_XL,2026-03-05,No,2,0,6612
Retail,S009,ST0027_S,2026-03-05,No,2,0,9028
Retail,S010,ST0026_M,2026-03-05,No,4,0,9580
Retail,S010,ST0049_L,2026-03-05,No,3,0,12690
Retail,S010,ST0011_S,2026-03-05,No,3,0,11049
Retail,S010,ST0041_M,2026-03-05,No,1,0,2431
Retail,S010,ST0020_XL,2026-03-05,No,4,0,15776
Retail,S010,ST0007_L,2026-03-05,No,1,0,2556
Retail,S010,ST0026_S,2026-03-05,No,4,0,4276
Retail,S010,ST0024_L,2026-03-05,No,2,0,3368
Retail,S010,ST0016_M,2026-03-05,No,2,0,2908
Retail,S010,ST0033_XL,2026-03-05,No,3,0,4059
Retail,S010,ST0026_L,2026-03-05,No,4,0,12932
Retail,S010,ST0006_XL,2026-03-05,No,1,0,4223
Retail,S010,ST0021_S,2026-03-05,No,1,0,3065
Retail,S010,ST0021_L,2026-03-05,No,2,0,5654
Retail,S010,ST0004_XL,2026-03-05,No,1,0,2302
Retail,S001,ST0022_XL,2026-03-06,No,3,0,11010
Retail,S001,ST0041_L,2026-03-06,No,1,0,1512
Retail,S001,ST0031_XL,2026-03-06,No,3,0,8604
Retail,S001,ST0035_S,2026-03-06,No,4,0,15044
Retail,S001,ST0002_L,2026-03-06,No,1,0,3719
Retail,S001,ST0028_L,2026-03-06,No,3,0,5727
Retail,S001,ST0008_S,2026-03-06,No,1,0,2182
Retail,S001,ST0023_XL,2026-03-06,No,1,0,2800
Retail,S001,ST0009_M,2026-03-06,No,3,0,6588
Retail,S001,ST0047_S,2026-03-06,No,1,0,3559
Retail,S001,ST0027_M,2026-03-06,No,1,0,3401
Retail,S001,ST0032_S,2026-03-06,No,1,0,4347
Retail,S001,ST0046_M,2026-03-06,No,4,0,6972
Retail,S001,ST0033_XL,2026-03-06,No,2,0,2706
Retail,S001,ST0032_M,2026-03-06,No,3,0,14985
Retail,S001,ST0034_M,2026-03-06,No,2,0,8472
Retail,S001,ST0050_S,2026-03-06,No,1,0,2131
Retail,S001,ST0038_XL,2026-03-06,No,4,0,8772
Retail,S002,ST0014_XL,2026-03-06,No,1,0,4487
Retail,S002,ST0014_S,2026-03-06,No,1,0,660
Retail,S002,ST0028_L,2026-03-06,No,2,0,3818
Retail,S002,ST0017_S,2026-03-06,No,4,0,8772
Retail,S002,ST0003_S,2026-03-06,No,1,0,2234
Retail,S002,ST0008_S,2026-03-06,No,2,0,4364
Retail,S002,ST0003_XL,2026-03-06,No,3,0,10428
Retail,S002,ST0026_XL,2026-03-06,No,2,0,8726
Retail,S002,ST0009_M,2026-03-06,No,1,0,2196
Retail,S002,ST0008_M,2026-03-06,No,1,0,2755
Retail,S002,ST0036_S,2026-03-06,No,4,0,11964
Retail,S002,ST0049_XL,2026-03-06,No,1,0,2989
Retail,S002,ST0032_XL,2026-03-06,No,3,0,4413
Retail,S002,ST0010_S,2026-03-06,No,2,0,3890
Retail,S002,ST0035_M,2026-03-06,No,2,0,3296
Retail,S003,ST0026_L,2026-03-06,No,2,0,6466
Retail,S003,ST0040_S,2026-03-06,No,3,0,5607
Retail,S003,ST0021_M,2026-03-06,No,2,0,3120
Retail,S003,ST0046_M,2026-03-06,No,3,0,5229
Retail,S003,ST0043_M,2026-03-06,No,3,0,11529
Retail,S003,ST0034_XL,2026-03-06,No,4,0,4296
Retail,S003,ST0033_XL,2026-03-06,No,1,0,1353
Retail,S003,ST0038_L,2026-03-06,No,1,0,1135
Retail,S003,ST0030_XL,2026-03-06,No,3,0,3072
Retail,S003,ST0015_S,2026-03-06,No,3,0,6081
Retail,S003,ST0031_L,2026-03-06,No,4,0,18460
Retail,S003,ST0039_M,2026-03-06,No,4,0,2476
Retail,S003,ST0013_M,2026-03-06,No,4,0,17164
Retail,S003,ST0013_S,2026-03-06,No,1,0,3734
Retail,S003,ST0008_M,2026-03-06,No,2,0,5510
Retail,S003,ST0043_XL,2026-03-06,No,2,0,3940
Retail,S003,ST0035_L,2026-03-06,No,1,0,2215
Retail,S004,ST0029_L,2026-03-06,No,4,0,19364
Retail,S004,ST0011_XL,2026-03-06,No,4,0,10800
Retail,S004,ST0034_XL,2026-03-06,No,2,0,2148
Retail,S004,ST0039_M,2026-03-06,No,2,0,1238
Retail,S004,ST0026_S,2026-03-06,No,3,0,3207
Retail,S004,ST0038_S,2026-03-06,No,2,0,9728
Retail,S004,ST0038_L,2026-03-06,No,1,0,1135
Retail,S004,ST0027_M,2026-03-06,No,4,0,13604
Retail,S004,ST0019_S,2026-03-06,No,4,0,5260
Retail,S004,ST0021_S,2026-03-06,No,1,0,3065
Retail,S004,ST0008_XL,2026-03-06,No,1,0,4999
Retail,S004,ST0010_S,2026-03-06,No,2,0,3890
Retail,S004,ST0007_M,2026-03-06,No,3,0,13770
Retail,S005,ST0041_XL,2026-03-06,No,3,0,6492
Retail,S005,ST0014_M,2026-03-06,No,3,0,14979
Retail,S005,ST0041_M,2026-03-06,No,2,0,4862
Retail,S005,ST0042_S,2026-03-06,No,2,0,3162
Retail,S005,ST0020_S,2026-03-06,No,4,0,10820
Retail,S005,ST0001_L,2026-03-06,No,1,0,3311
Retail,S005,ST0022_S,2026-03-06,No,1,0,801
Retail,S005,ST0007_L,2026-03-06,No,2,0,5112
Retail,S005,ST0024_M,2026-03-06,No,4,0,13900
Retail,S005,ST0005_XL,2026-03-06,No,2,0,2246
Retail,S005,ST0005_S,2026-03-06,No,3,0,13683
Retail,S005,ST0004_L,2026-03-06,No,2,0,6838
Retail,S005,ST0014_S,2026-03-06,No,4,0,2640
Retail,S005,ST0015_M,2026-03-06,No,4,0,6872
Retail,S005,ST0012_M,2026-03-06,No,4,0,19732
Retail,S005,ST0019_M,2026-03-06,No,3,0,10860
Retail,S006,ST0009_M,2026-03-06,No,1,0,2196
Retail,S006,ST0038_L,2026-03-06,No,4,0,4540
Retail,S006,ST0033_M,2026-03-06,No,1,0,3274
Retail,S006,ST0011_XL,2026-03-06,No,2,0,5400
Retail,S006,ST0014_M,2026-03-06,No,1,0,4993
Retail,S006,ST0003_S,2026-03-06,No,2,0,4468
Retail,S006,ST0023_S,2026-03-06,No,4,0,4796
Retail,S006,ST0016_L,2026-03-06,No,2,0,7892
Retail,S006,ST0043_M,2026-03-06,No,1,0,3843
Retail,S006,ST0044_L,2026-03-06,No,4,0,14588
Retail,S006,ST0028_L,2026-03-06,No,1,0,1909
Retail,S006,ST0007_S,2026-03-06,No,4,0,14432
Retail,S006,ST0019_L,2026-03-06,No,2,0,1032
Retail,S006,ST0011_M,2026-03-06,No,2,0,6114
Retail,S006,ST0032_M,2026-03-06,No,4,0,19980
Retail,S006,ST0042_S,2026-03-06,No,3,0,4743
Retail,S006,ST0027_M,2026-03-06,No,3,0,10203
Retail,S007,ST0001_S,2026-03-06,No,3,0,6882
Retail,S007,ST0021_XL,2026-03-06,No,3,0,11760
Retail,S007,ST0006_S,2026-03-06,No,4,0,6064
Retail,S007,ST0031_M,2026-03-06,No,4,0,18524
Retail,S007,ST0039_XL,2026-03-06,No,3,0,12525
Retail,S007,ST0035_L,2026-03-06,No,1,0,2215
Retail,S007,ST0016_S,2026-03-06,No,1,0,3235
Retail,S007,ST0025_L,2026-03-06,No,4,0,10260
Retail,S007,ST0049_L,2026-03-06,No,3,0,12690
Retail,S007,ST0027_L,2026-03-06,No,1,0,2186
Retail,S007,ST0013_L,2026-03-06,No,1,0,1456
Retail,S007,ST0025_M,2026-03-06,No,3,0,1881
Retail,S007,ST0046_M,2026-03-06,No,3,0,5229
Retail,S007,ST0007_S,2026-03-06,No,3,0,10824
Retail,S007,ST0033_L,2026-03-06,No,3,0,7446
Retail,S007,ST0036_S,2026-03-06,No,4,0,11964
Retail,S008,ST0035_XL,2026-03-06,No,4,0,17416
Retail,S008,ST0012_XL,2026-03-06,No,2,0,6738
Retail,S008,ST0036_L,2026-03-06,No,2,0,7248
Retail,S008,ST0022_XL,2026-03-06,No,2,0,7340
Retail,S008,ST0035_M,2026-03-06,No,3,0,4944
Retail,S008,ST0012_S,2026-03-06,No,3,0,10383
Retail,S008,ST0005_M,2026-03-06,No,4,0,15476
Retail,S008,ST0011_L,2026-03-06,No,4,0,2392
Retail,S008,ST0021_S,2026-03-06,No,3,0,9195
Retail,S008,ST0028_L,2026-03-06,No,3,0,5727
Retail,S008,ST0038_XL,2026-03-06,No,1,0,2193
Retail,S008,ST0011_XL,2026-03-06,No,3,0,8100
Retail,S008,ST0008_S,2026-03-06,No,3,0,6546
Retail,S008,ST0031_S,2026-03-06,No,3,0,10350
Retail,S009,ST0035_S,2026-03-06,No,2,0,7522
Retail,S009,ST0021_XL,2026-03-06,No,2,0,7840
Retail,S009,ST0032_M,2026-03-06,No,3,0,14985
Retail,S009,ST0019_L,2026-03-06,No,2,0,1032
Retail,S009,ST0049_S,2026-03-06,No,4,0,13396
Retail,S009,ST0049_M,2026-03-06,No,1,0,3751
Retail,S009,ST0008_L,2026-03-06,No,1,0,1654
Retail,S009,ST0020_L,2026-03-06,No,1,0,1569
Retail,S009,ST0013_M,2026-03-06,No,1,0,4291
Retail,S009,ST0028_XL,2026-03-06,No,1,0,4557
Retail,S009,ST0009_L,2026-03-06,No,1,0,4491
Retail,S009,ST0024_XL,2026-03-06,No,3,0,11481
Retail,S009,ST0042_S,2026-03-06,No,1,0,1581
Retail,S009,ST0042_XL,2026-03-06,No,1,0,1059
Retail,S009,ST0013_L,2026-03-06,No,3,0,4368
Retail,S009,ST0046_L,2026-03-06,No,1,0,3618
Retail,S010,ST0049_L,2026-03-06,No,2,0,8460
Retail,S010,ST0043_M,2026-03-06,No,3,0,11529
Retail,S010,ST0023_XL,2026-03-06,No,2,0,5600
Retail,S010,ST0040_S,2026-03-06,No,4,0,7476
Retail,S010,ST0035_S,2026-03-06,No,1,0,3761
Retail,S010,ST0011_XL,2026-03-06,No,4,0,10800
Retail,S010,ST0041_L,2026-03-06,No,1,0,1512
Retail,S010,ST0023_L,2026-03-06,No,3,0,2070
Retail,S010,ST0004_S,2026-03-06,No,1,0,2459
Retail,S010,ST0026_M,2026-03-06,No,3,0,7185
Retail,S010,ST0013_XL,2026-03-06,No,3,0,13701
Retail,S010,ST0034_M,2026-03-06,No,3,0,12708
Retail,S010,ST0031_M,2026-03-06,No,2,0,9262
Retail,S010,ST0018_M,2026-03-06,No,3,0,2175
Retail,S010,ST0047_S,2026-03-06,No,3,0,10677
Retail,S010,ST0050_L,2026-03-06,No,2,0,3030
Retail,S001,ST0004_XL,2026-03-07,No,3,0,6906
Retail,S001,ST0040_L,2026-03-07,No,2,0,1232
Retail,S001,ST0024_L,2026-03-07,No,2,0,3368
Retail,S001,ST0029_S,2026-03-07,No,2,0,2568
Retail,S001,ST0007_S,2026-03-07,No,3,0,10824
Retail,S001,ST0035_M,2026-03-07,No,3,0,4944
Retail,S001,ST0039_XL,2026-03-07,No,4,0,16700
Retail,S001,ST0043_L,2026-03-07,No,1,0,4570
Retail,S001,ST0011_XL,2026-03-07,No,4,0,10800
Retail,S001,ST0043_S,2026-03-07,No,1,0,4172
Retail,S001,ST0003_S,2026-03-07,No,1,0,2234
Retail,S001,ST0031_XL,2026-03-07,No,1,0,2868
Retail,S001,ST0047_XL,2026-03-07,No,3,0,8937
Retail,S001,ST0041_L,2026-03-07,No,3,0,4536
Retail,S001,ST0025_L,2026-03-07,No,1,0,2565
Retail,S002,ST0013_M,2026-03-07,No,4,0,17164
Retail,S002,ST0033_L,2026-03-07,No,2,0,4964
Retail,S002,ST0008_M,2026-03-07,No,1,0,2755
Retail,S002,ST0005_M,2026-03-07,No,1,0,3869
Retail,S002,ST0014_M,2026-03-07,No,3,0,14979
Retail,S002,ST0019_L,2026-03-07,No,4,0,2064
Retail,S002,ST0037_S,2026-03-07,No,3,0,1512
Retail,S002,ST0004_S,2026-03-07,No,4,0,9836
Retail,S002,ST0019_S,2026-03-07,No,4,0,5260
Retail,S002,ST0041_S,2026-03-07,No,2,0,3300
Retail,S002,ST0032_S,2026-03-07,No,4,0,17388
Retail,S002,ST0046_XL,2026-03-07,No,3,0,7923
Retail,S002,ST0018_M,2026-03-07,No,3,0,2175
Retail,S002,ST0006_S,2026-03-07,No,2,0,3032
Retail,S003,ST0034_M,2026-03-07,No,2,0,8472
Retail,S003,ST0047_L,2026-03-07,No,4,0,11060
Retail,S003,ST0007_S,2026-03-07,No,1,0,3608
Retail,S003,ST0027_XL,2026-03-07,No,2,0,7018
Retail,S003,ST0022_M,2026-03-07,No,1,0,4776
Retail,S003,ST0049_S,2026-03-07,No,4,0,13396
Retail,S003,ST0012_L,2026-03-07,No,4,0,17108
Retail,S003,ST0041_S,2026-03-07,No,2,0,3300
Retail,S003,ST0044_XL,2026-03-07,No,1,0,4749
Retail,S003,ST0030_S,2026-03-07,No,3,0,3111
Retail,S003,ST0050_XL,2026-03-07,No,3,0,5544
Retail,S003,ST0010_XL,2026-03-07,No,1,0,753
Retail,S003,ST0019_XL,2026-03-07,No,2,0,3486
Retail,S003,ST0010_S,2026-03-07,No,3,0,5835
Retail,S003,ST0035_L,2026-03-07,No,2,0,4430
Retail,S003,ST0047_S,2026-03-07,No,1,0,3559
Retail,S003,ST0043_S,2026-03-07,No,2,0,8344
Retail,S003,ST0031_L,2026-03-07,No,4,0,18460
Retail,S004,ST0047_L,2026-03-07,No,2,0,5530
Retail,S004,ST0008_L,2026-03-07,No,3,0,4962
Retail,S004,ST0046_XL,2026-03-07,No,3,0,7923
Retail,S004,ST0005_XL,2026-03-07,No,2,0,2246
Retail,S004,ST0032_XL,2026-03-07,No,3,0,4413
Retail,S004,ST0030_XL,2026-03-07,No,4,0,4096
Retail,S004,ST0031_XL,2026-03-07,No,4,0,11472
Retail,S004,ST0029_S,2026-03-07,No,3,0,3852
Retail,S004,ST0033_XL,2026-03-07,No,2,0,2706
Retail,S004,ST0035_XL,2026-03-07,No,4,0,17416
Retail,S004,ST0024_L,2026-03-07,No,4,0,6736
Retail,S004,ST0028_S,2026-03-07,No,3,0,1962
Retail,S004,ST0036_XL,2026-03-07,No,3,0,10653
Retail,S004,ST0002_M,2026-03-07,No,1,0,646
Retail,S005,ST0029_L,2026-03-07,No,3,0,14523
Retail,S005,ST0040_XL,2026-03-07,No,4,0,13352
Retail,S005,ST0015_S,2026-03-07,No,3,0,6081
Retail,S005,ST0031_XL,2026-03-07,No,1,0,2868
Retail,S005,ST0039_L,2026-03-07,No,1,0,1330
Retail,S005,ST0019_L,2026-03-07,No,3,0,1548
Retail,S005,ST0044_M,2026-03-07,No,2,0,5588
Retail,S005,ST0043_M,2026-03-07,No,2,0,7686
Retail,S005,ST0026_XL,2026-03-07,No,4,0,17452
Retail,S005,ST0003_L,2026-03-07,No,3,0,2964
Retail,S005,ST0012_M,2026-03-07,No,2,0,9866
Retail,S005,ST0012_L,2026-03-07,No,2,0,8554
Retail,S005,ST0027_L,2026-03-07,No,1,0,2186
Retail,S005,ST0019_XL,2026-03-07,No,3,0,5229
Retail,S006,ST0022_S,2026-03-07,No,1,0,801
Retail,S006,ST0038_XL,2026-03-07,No,2,0,4386
Retail,S006,ST0010_L,2026-03-07,No,2,0,8846
Retail,S006,ST0006_S,2026-03-07,No,2,0,3032
Retail,S006,ST0007_M,2026-03-07,No,1,0,4590
Retail,S006,ST0013_L,2026-03-07,No,2,0,2912
Retail,S006,ST0048_L,2026-03-07,No,1,0,4952
Retail,S006,ST0032_S,2026-03-07,No,1,0,4347
Retail,S006,ST0043_XL,2026-03-07,No,3,0,5910
Retail,S006,ST0048_S,2026-03-07,No,1,0,2135
Retail,S006,ST0044_S,2026-03-07,No,4,0,4320
Retail,S006,ST0036_XL,2026-03-07,No,2,0,7102
Retail,S006,ST0022_L,2026-03-07,No,3,0,3318
Retail,S006,ST0033_XL,2026-03-07,No,3,0,4059
Retail,S006,ST0049_L,2026-03-07,No,2,0,8460
Retail,S007,ST0014_L,2026-03-07,No,3,0,5400
Retail,S007,ST0022_S,2026-03-07,No,4,0,3204
Retail,S007,ST0042_M,2026-03-07,No,3,0,3036
Retail,S007,ST0010_L,2026-03-07,No,2,0,8846
Retail,S007,ST0038_M,2026-03-07,No,4,0,19860
Retail,S007,ST0003_XL,2026-03-07,No,3,0,10428
Retail,S007,ST0032_L,2026-03-07,No,3,0,9603
Retail,S007,ST0007_M,2026-03-07,No,4,0,18360
Retail,S007,ST0037_XL,2026-03-07,No,2,0,9284
Retail,S007,ST0024_L,2026-03-07,No,4,0,6736
Retail,S007,ST0011_XL,2026-03-07,No,1,0,2700
Retail,S007,ST0025_S,2026-03-07,No,1,0,3894
Retail,S007,ST0034_XL,2026-03-07,No,2,0,2148
Retail,S007,ST0030_S,2026-03-07,No,2,0,2074
Retail,S008,ST0007_S,2026-03-07,No,1,0,3608
Retail,S008,ST0001_L,2026-03-07,No,4,0,13244
Retail,S008,ST0033_L,2026-03-07,No,2,0,4964
Retail,S008,ST0027_L,2026-03-07,No,3,0,6558
Retail,S008,ST0004_L,2026-03-07,No,1,0,3419
Retail,S008,ST0005_S,2026-03-07,No,2,0,9122
Retail,S008,ST0039_S,2026-03-07,No,2,0,4364
Retail,S008,ST0043_XL,2026-03-07,No,4,0,7880
Retail,S008,ST0032_S,2026-03-07,No,4,0,17388
Retail,S008,ST0027_XL,2026-03-07,No,4,0,14036
Retail,S008,ST0009_S,2026-03-07,No,3,0,11073
Retail,S008,ST0004_S,2026-03-07,No,1,0,2459
Retail,S008,ST0014_S,2026-03-07,No,1,0,660
Retail,S008,ST0006_L,2026-03-07,No,1,0,2549
Retail,S008,ST0035_S,2026-03-07,No,1,0,3761
Retail,S008,ST0049_L,2026-03-07,No,4,0,16920
Retail,S008,ST0042_L,2026-03-07,No,2,0,6698
Retail,S008,ST0022_L,2026-03-07,No,1,0,1106
Retail,S009,ST0032_S,2026-03-07,No,1,0,4347
Retail,S009,ST0026_S,2026-03-07,No,4,0,4276
Retail,S009,ST0007_L,2026-03-07,No,3,0,7668
Retail,S009,ST0032_XL,2026-03-07,No,4,0,5884
Retail,S009,ST0017_XL,2026-03-07,No,4,0,11940
Retail,S009,ST0023_S,2026-03-07,No,2,0,2398
Retail,S009,ST0031_L,2026-03-07,No,1,0,4615
Retail,S009,ST0041_L,2026-03-07,No,3,0,4536
Retail,S009,ST0014_M,2026-03-07,No,2,0,9986
Retail,S009,ST0008_M,2026-03-07,No,3,0,8265
Retail,S009,ST0041_M,2026-03-07,No,2,0,4862
Retail,S009,ST0031_XL,2026-03-07,No,1,0,2868
Retail,S009,ST0040_XL,2026-03-07,No,4,0,13352
Retail,S009,ST0011_XL,2026-03-07,No,3,0,8100
Retail,S009,ST0004_S,2026-03-07,No,2,0,4918
Retail,S009,ST0043_M,2026-03-07,No,4,0,15372
Retail,S009,ST0046_S,2026-03-07,No,2,0,9090
Retail,S009,ST0041_XL,2026-03-07,No,2,0,4328
Retail,S010,ST0012_S,2026-03-07,No,1,0,3461
Retail,S010,ST0040_XL,2026-03-07,No,1,0,3338
Retail,S010,ST0016_XL,2026-03-07,No,2,0,3090
Retail,S010,ST0006_L,2026-03-07,No,2,0,5098
Retail,S010,ST0026_L,2026-03-07,No,4,0,12932
Retail,S010,ST0037_M,2026-03-07,No,3,0,4128
Retail,S010,ST0038_S,2026-03-07,No,4,0,19456
Retail,S010,ST0002_M,2026-03-07,No,1,0,646
Retail,S010,ST0008_L,2026-03-07,No,1,0,1654
Retail,S010,ST0049_M,2026-03-07,No,4,0,15004
Retail,S001,ST0049_L,2026-03-08,No,3,0,12690
Retail,S001,ST0037_S,2026-03-08,No,4,0,2016
Retail,S001,ST0021_S,2026-03-08,No,4,0,12260
Retail,S001,ST0032_M,2026-03-08,No,1,0,4995
Retail,S001,ST0022_L,2026-03-08,No,1,0,1106
Retail,S001,ST0006_S,2026-03-08,No,3,0,4548
Retail,S001,ST0041_XL,2026-03-08,No,1,0,2164
Retail,S001,ST0014_S,2026-03-08,No,1,0,660
Retail,S001,ST0034_XL,2026-03-08,No,1,0,1074
Retail,S001,ST0026_L,2026-03-08,No,3,0,9699
Retail,S001,ST0003_XL,2026-03-08,No,4,0,13904
Retail,S001,ST0045_M,2026-03-08,No,1,0,4006
Retail,S001,ST0038_M,2026-03-08,No,1,0,4965
Retail,S001,ST0047_XL,2026-03-08,No,4,0,11916
Retail,S001,ST0024_S,2026-03-08,No,3,0,4440
Retail,S001,ST0006_M,2026-03-08,No,2,0,8286
Retail,S002,ST0015_XL,2026-03-08,No,2,0,7208
Retail,S002,ST0015_L,2026-03-08,No,1,0,4996
Retail,S002,ST0046_XL,2026-03-08,No,4,0,10564
Retail,S002,ST0002_L,2026-03-08,No,3,0,11157
Retail,S002,ST0012_L,2026-03-08,No,2,0,8554
Retail,S002,ST0050_XL,2026-03-08,No,2,0,3696
Retail,S002,ST0032_L,2026-03-08,No,4,0,12804
Retail,S002,ST0005_M,2026-03-08,No,3,0,11607
Retail,S002,ST0003_XL,2026-03-08,No,1,0,3476
Retail,S002,ST0028_M,2026-03-08,No,4,0,12148
Retail,S002,ST0026_M,2026-03-08,No,1,0,2395
Retail,S002,ST0042_L,2026-03-08,No,2,0,6698
Retail,S002,ST0031_L,2026-03-08,No,4,0,18460
Retail,S002,ST0031_M,2026-03-08,No,1,0,4631
Retail,S002,ST0022_M,2026-03-08,No,1,0,4776
Retail,S003,ST0009_L,2026-03-08,No,2,0,8982
Retail,S003,ST0045_M,2026-03-08,No,2,0,8012
Retail,S003,ST0012_XL,2026-03-08,No,1,0,3369
Retail,S003,ST0037_M,2026-03-08,No,4,0,5504
Retail,S003,ST0043_XL,2026-03-08,No,1,0,1970
Retail,S003,ST0019_S,2026-03-08,No,4,0,5260
Retail,S003,ST0015_L,2026-03-08,No,4,0,19984
Retail,S003,ST0050_S,2026-03-08,No,3,0,6393
Retail,S003,ST0049_L,2026-03-08,No,2,0,8460
Retail,S003,ST0003_S,2026-03-08,No,3,0,6702
Retail,S003,ST0036_L,2026-03-08,No,1,0,3624
Retail,S003,ST0010_M,2026-03-08,No,2,0,9398
Retail,S003,ST0022_S,2026-03-08,No,2,0,1602
Retail,S003,ST0040_L,2026-03-08,No,1,0,616
Retail,S003,ST0015_S,2026-03-08,No,2,0,4054
Retail,S003,ST0008_XL,2026-03-08,No,1,0,4999
Retail,S004,ST0015_S,2026-03-08,No,3,0,6081
Retail,S004,ST0041_M,2026-03-08,No,3,0,7293
Retail,S004,ST0007_S,2026-03-08,No,1,0,3608
Retail,S004,ST0020_M,2026-03-08,No,2,0,6048
Retail,S004,ST0049_S,2026-03-08,No,2,0,6698
Retail,S004,ST0031_M,2026-03-08,No,4,0,18524
Retail,S004,ST0023_S,2026-03-08,No,4,0,4796
Retail,S004,ST0038_M,2026-03-08,No,1,0,4965
Retail,S004,ST0005_S,2026-03-08,No,1,0,4561
Retail,S004,ST0012_XL,2026-03-08,No,4,0,13476
Retail,S004,ST0036_XL,2026-03-08,No,1,0,3551
Retail,S004,ST0029_XL,2026-03-08,No,3,0,9918
Retail,S004,ST0036_L,2026-03-08,No,3,0,10872
Retail,S004,ST0037_S,2026-03-08,No,2,0,1008
Retail,S004,ST0028_M,2026-03-08,No,1,0,3037
Retail,S004,ST0007_M,2026-03-08,No,2,0,9180
Retail,S004,ST0034_M,2026-03-08,No,4,0,16944
Retail,S004,ST0022_M,2026-03-08,No,1,0,4776
Retail,S005,ST0012_S,2026-03-08,No,1,0,3461
Retail,S005,ST0009_S,2026-03-08,No,4,0,14764
Retail,S005,ST0001_S,2026-03-08,No,3,0,6882
Retail,S005,ST0041_S,2026-03-08,No,4,0,6600
Retail,S005,ST0016_L,2026-03-08,No,1,0,3946
Retail,S005,ST0013_S,2026-03-08,No,1,0,3734
Retail,S005,ST0011_L,2026-03-08,No,4,0,2392
Retail,S005,ST0040_S,2026-03-08,No,4,0,7476
Retail,S005,ST0007_M,2026-03-08,No,3,0,13770
Retail,S005,ST0002_XL,2026-03-08,No,1,0,3411
Retail,S005,ST0024_M,2026-03-08,No,2,0,6950
Retail,S005,ST0033_XL,2026-03-08,No,2,0,2706
Retail,S005,ST0048_S,2026-03-08,No,1,0,2135
Retail,S005,ST0028_L,2026-03-08,No,2,0,3818
Retail,S005,ST0020_XL,2026-03-08,No,1,0,3944
Retail,S006,ST0038_M,2026-03-08,No,2,0,9930
Retail,S006,ST0033_S,2026-03-08,No,1,0,1666
Retail,S006,ST0010_M,2026-03-08,No,1,0,4699
Retail,S006,ST0029_S,2026-03-08,No,3,0,3852
Retail,S006,ST0040_M,2026-03-08,No,3,0,3720
Retail,S006,ST0011_S,2026-03-08,No,4,0,14732
Retail,S006,ST0006_XL,2026-03-08,No,4,0,16892
Retail,S006,ST0013_XL,2026-03-08,No,4,0,18268
Retail,S006,ST0006_M,2026-03-08,No,2,0,8286
Retail,S006,ST0027_S,2026-03-08,No,2,0,9028
Retail,S006,ST0015_M,2026-03-08,No,2,0,3436
Retail,S006,ST0027_L,2026-03-08,No,4,0,8744
Retail,S006,ST0046_M,2026-03-08,No,2,0,3486
Retail,S006,ST0016_L,2026-03-08,No,4,0,15784
Retail,S006,ST0024_S,2026-03-08,No,1,0,1480
Retail,S007,ST0015_L,2026-03-08,No,3,0,14988
Retail,S007,ST0044_L,2026-03-08,No,4,0,14588
Retail,S007,ST0027_S,2026-03-08,No,4,0,18056
Retail,S007,ST0006_L,2026-03-08,No,1,0,2549
Retail,S007,ST0012_S,2026-03-08,No,1,0,3461
Retail,S007,ST0048_L,2026-03-08,No,3,0,14856
Retail,S007,ST0008_XL,2026-03-08,No,4,0,19996
Retail,S007,ST0046_S,2026-03-08,No,4,0,18180
Retail,S007,ST0009_S,2026-03-08,No,1,0,3691
Retail,S007,ST0043_M,2026-03-08,No,3,0,11529
Retail,S007,ST0019_M,2026-03-08,No,2,0,7240
Retail,S007,ST0006_M,2026-03-08,No,4,0,16572
Retail,S007,ST0020_M,2026-03-08,No,3,0,9072
Retail,S007,ST0003_M,2026-03-08,No,4,0,9372
Retail,S007,ST0004_S,2026-03-08,No,3,0,7377
Retail,S008,ST0026_L,2026-03-08,No,4,0,12932
Retail,S008,ST0025_S,2026-03-08,No,4,0,15576
Retail,S008,ST0020_XL,2026-03-08,No,3,0,11832
Retail,S008,ST0017_XL,2026-03-08,No,1,0,2985
Retail,S008,ST0013_S,2026-03-08,No,4,0,14936
Retail,S008,ST0039_M,2026-03-08,No,2,0,1238
Retail,S008,ST0021_S,2026-03-08,No,1,0,3065
Retail,S008,ST0020_L,2026-03-08,No,1,0,1569
Retail,S008,ST0030_XL,2026-03-08,No,4,0,4096
Retail,S008,ST0018_L,2026-03-08,No,3,0,4377
Retail,S008,ST0033_XL,2026-03-08,No,1,0,1353
Retail,S008,ST0011_XL,2026-03-08,No,2,0,5400
Retail,S008,ST0025_M,2026-03-08,No,1,0,627
Retail,S008,ST0023_XL,2026-03-08,No,3,0,8400
Retail,S008,ST0010_XL,2026-03-08,No,3,0,2259
Retail,S008,ST0037_XL,2026-03-08,No,1,0,4642
Retail,S009,ST0001_M,2026-03-08,No,2,0,2318
Retail,S009,ST0042_S,2026-03-08,No,2,0,3162
Retail,S009,ST0023_L,2026-03-08,No,2,0,1380
Retail,S009,ST0029_XL,2026-03-08,No,2,0,6612
Retail,S009,ST0026_M,2026-03-08,No,2,0,4790
Retail,S009,ST0015_M,2026-03-08,No,1,0,1718
Retail,S009,ST0046_S,2026-03-08,No,2,0,9090
Retail,S009,ST0030_S,2026-03-08,No,4,0,4148
Retail,S009,ST0014_M,2026-03-08,No,3,0,14979
Retail,S009,ST0036_L,2026-03-08,No,4,0,14496
Retail,S009,ST0037_M,2026-03-08,No,3,0,4128
Retail,S009,ST0019_M,2026-03-08,No,2,0,7240
Retail,S009,ST0048_L,2026-03-08,No,2,0,9904
Retail,S009,ST0046_XL,2026-03-08,No,3,0,7923
Retail,S010,ST0045_XL,2026-03-08,No,2,0,7712
Retail,S010,ST0020_M,2026-03-08,No,3,0,9072
Retail,S010,ST0022_L,2026-03-08,No,2,0,2212
Retail,S010,ST0041_S,2026-03-08,No,4,0,6600
Retail,S010,ST0008_S,2026-03-08,No,4,0,8728
Retail,S010,ST0048_XL,2026-03-08,No,2,0,5140
Retail,S010,ST0034_M,2026-03-08,No,4,0,16944
Retail,S010,ST0023_S,2026-03-08,No,3,0,3597
Retail,S010,ST0036_L,2026-03-08,No,1,0,3624
Retail,S010,ST0018_XL,2026-03-08,No,3,0,10701
Retail,S010,ST0040_L,2026-03-08,No,3,0,1848
Retail,S010,ST0019_S,2026-03-08,No,1,0,1315
Retail,S010,ST0005_XL,2026-03-08,No,1,0,1123
Retail,S010,ST0009_M,2026-03-08,No,1,0,2196
Retail,S010,ST0046_S,2026-03-08,No,1,0,4545
Retail,S010,ST0018_L,2026-03-08,No,1,0,1459
Retail,S001,ST0040_M,2026-03-09,No,2,0,2480
Retail,S001,ST0050_S,2026-03-09,No,1,0,2131
Retail,S001,ST0048_M,2026-03-09,No,2,0,4514
Retail,S001,ST0040_L,2026-03-09,No,3,0,1848
Retail,S001,ST0049_S,2026-03-09,No,3,0,10047
Retail,S001,ST0024_M,2026-03-09,No,1,0,3475
Retail,S001,ST0039_S,2026-03-09,No,4,0,8728
Retail,S001,ST0006_S,2026-03-09,No,4,0,6064
Retail,S001,ST0019_S,2026-03-09,No,3,0,3945
Retail,S001,ST0049_XL,2026-03-09,No,1,0,2989
Retail,S001,ST0025_M,2026-03-09,No,1,0,627
Retail,S001,ST0002_M,2026-03-09,No,1,0,646
Retail,S001,ST0018_S,2026-03-09,No,2,0,7708
Retail,S001,ST0028_M,2026-03-09,No,2,0,6074
Retail,S001,ST0015_M,2026-03-09,No,4,0,6872
Retail,S002,ST0020_M,2026-03-09,No,1,0,3024
Retail,S002,ST0039_XL,2026-03-09,No,1,0,4175
Retail,S002,ST0002_S,2026-03-09,No,1,0,2486
Retail,S002,ST0001_XL,2026-03-09,No,3,0,5607
Retail,S002,ST0012_L,2026-03-09,No,1,0,4277
Retail,S002,ST0042_XL,2026-03-09,No,2,0,2118
Retail,S002,ST0023_M,2026-03-09,No,3,0,4917
Retail,S002,ST0022_M,2026-03-09,No,3,0,14328
Retail,S002,ST0030_L,2026-03-09,No,1,0,2955
Retail,S002,ST0020_L,2026-03-09,No,3,0,4707
Retail,S002,ST0037_S,2026-03-09,No,2,0,1008
Retail,S002,ST0026_L,2026-03-09,No,2,0,6466
Retail,S002,ST0018_XL,2026-03-09,No,4,0,14268
Retail,S002,ST0018_S,2026-03-09,No,1,0,3854
Retail,S003,ST0009_XL,2026-03-09,No,2,0,4296
Retail,S003,ST0048_XL,2026-03-09,No,3,0,7710
Retail,S003,ST0046_S,2026-03-09,No,1,0,4545
Retail,S003,ST0014_L,2026-03-09,No,1,0,1800
Retail,S003,ST0007_L,2026-03-09,No,1,0,2556
Retail,S003,ST0003_S,2026-03-09,No,3,0,6702
Retail,S003,ST0042_M,2026-03-09,No,1,0,1012
Retail,S003,ST0032_S,2026-03-09,No,4,0,17388
Retail,S003,ST0040_M,2026-03-09,No,3,0,3720
Retail,S003,ST0012_M,2026-03-09,No,1,0,4933
Retail,S003,ST0013_S,2026-03-09,No,1,0,3734
Retail,S003,ST0007_M,2026-03-09,No,1,0,4590
Retail,S003,ST0044_XL,2026-03-09,No,4,0,18996
Retail,S003,ST0001_L,2026-03-09,No,1,0,3311
Retail,S004,ST0050_M,2026-03-09,No,4,0,13264
Retail,S004,ST0021_M,2026-03-09,No,3,0,4680
Retail,S004,ST0011_M,2026-03-09,No,3,0,9171
Retail,S004,ST0049_XL,2026-03-09,No,3,0,8967
Retail,S004,ST0003_L,2026-03-09,No,2,0,1976
Retail,S004,ST0038_M,2026-03-09,No,4,0,19860
Retail,S004,ST0001_M,2026-03-09,No,1,0,1159
Retail,S004,ST0030_M,2026-03-09,No,2,0,4682
Retail,S004,ST0007_M,2026-03-09,No,1,0,4590
Retail,S004,ST0041_M,2026-03-09,No,2,0,4862
Retail,S004,ST0050_S,2026-03-09,No,1,0,2131
Retail,S004,ST0035_M,2026-03-09,No,2,0,3296
Retail,S004,ST0007_S,2026-03-09,No,3,0,10824
Retail,S004,ST0006_L,2026-03-09,No,2,0,5098
Retail,S005,ST0046_XL,2026-03-09,No,2,0,5282
Retail,S005,ST0045_L,2026-03-09,No,4,0,12976
Retail,S005,ST0021_S,2026-03-09,No,3,0,9195
Retail,S005,ST0001_S,2026-03-09,No,2,0,4588
Retail,S005,ST0032_L,2026-03-09,No,3,0,9603
Retail,S005,ST0014_L,2026-03-09,No,3,0,5400
Retail,S005,ST0002_L,2026-03-09,No,1,0,3719
Retail,S005,ST0032_S,2026-03-09,No,4,0,17388
Retail,S005,ST0011_M,2026-03-09,No,1,0,3057
Retail,S005,ST0012_XL,2026-03-09,No,3,0,10107
Retail,S005,ST0027_L,2026-03-09,No,2,0,4372
Retail,S005,ST0036_XL,2026-03-09,No,2,0,7102
Retail,S005,ST0039_L,2026-03-09,No,3,0,3990
Retail,S005,ST0030_XL,2026-03-09,No,2,0,2048
Retail,S005,ST0032_XL,2026-03-09,No,1,0,1471
Retail,S005,ST0004_S,2026-03-09,No,4,0,9836
Retail,S005,ST0009_L,2026-03-09,No,2,0,8982
Retail,S006,ST0006_M,2026-03-09,No,4,0,16572
Retail,S006,ST0031_L,2026-03-09,No,2,0,9230
Retail,S006,ST0004_S,2026-03-09,No,2,0,4918
Retail,S006,ST0032_S,2026-03-09,No,2,0,8694
Retail,S006,ST0004_L,2026-03-09,No,3,0,10257
Retail,S006,ST0031_S,2026-03-09,No,3,0,10350
Retail,S006,ST0049_S,2026-03-09,No,4,0,13396
Retail,S006,ST0026_L,2026-03-09,No,1,0,3233
Retail,S006,ST0034_XL,2026-03-09,No,3,0,3222
Retail,S006,ST0010_L,2026-03-09,No,2,0,8846
Retail,S006,ST0009_M,2026-03-09,No,2,0,4392
Retail,S006,ST0044_M,2026-03-09,No,4,0,11176
Retail,S006,ST0017_M,2026-03-09,No,4,0,15744
Retail,S006,ST0039_L,2026-03-09,No,1,0,1330
Retail,S006,ST0050_M,2026-03-09,No,2,0,6632
Retail,S006,ST0036_XL,2026-03-09,No,1,0,3551
Retail,S006,ST0001_M,2026-03-09,No,1,0,1159
Retail,S006,ST0048_M,2026-03-09,No,3,0,6771
Retail,S006,ST0005_XL,2026-03-09,No,1,0,1123
Retail,S007,ST0030_L,2026-03-09,No,4,0,11820
Retail,S007,ST0038_M,2026-03-09,No,1,0,4965
Retail,S007,ST0038_XL,2026-03-09,No,4,0,8772
Retail,S007,ST0049_S,2026-03-09,No,2,0,6698
Retail,S007,ST0005_M,2026-03-09,No,3,0,11607
Retail,S007,ST0036_L,2026-03-09,No,1,0,3624
Retail,S007,ST0025_L,2026-03-09,No,1,0,2565
Retail,S007,ST0031_XL,2026-03-09,No,2,0,5736
Retail,S007,ST0045_XL,2026-03-09,No,2,0,7712
Retail,S007,ST0018_M,2026-03-09,No,4,0,2900
Retail,S007,ST0049_XL,2026-03-09,No,4,0,11956
Retail,S007,ST0013_M,2026-03-09,No,3,0,12873
Retail,S007,ST0026_L,2026-03-09,No,1,0,3233
Retail,S007,ST0038_S,2026-03-09,No,4,0,19456
Retail,S007,ST0024_S,2026-03-09,No,1,0,1480
Retail,S007,ST0009_M,2026-03-09,No,2,0,4392
Retail,S008,ST0010_L,2026-03-09,No,4,0,17692
Retail,S008,ST0015_XL,2026-03-09,No,1,0,3604
Retail,S008,ST0003_L,2026-03-09,No,4,0,3952
Retail,S008,ST0040_XL,2026-03-09,No,3,0,10014
Retail,S008,ST0009_M,2026-03-09,No,2,0,4392
Retail,S008,ST0040_L,2026-03-09,No,3,0,1848
Retail,S008,ST0006_L,2026-03-09,No,2,0,5098
Retail,S008,ST0031_XL,2026-03-09,No,3,0,8604
Retail,S008,ST0046_S,2026-03-09,No,4,0,18180
Retail,S008,ST0012_M,2026-03-09,No,1,0,4933
Retail,S008,ST0035_L,2026-03-09,No,4,0,8860
Retail,S008,ST0030_XL,2026-03-09,No,2,0,2048
Retail,S008,ST0013_XL,2026-03-09,No,1,0,4567
Retail,S008,ST0046_M,2026-03-09,No,2,0,3486
Retail,S008,ST0034_XL,2026-03-09,No,3,0,3222
Retail,S008,ST0026_XL,2026-03-09,No,2,0,8726
Retail,S009,ST0013_XL,2026-03-09,No,2,0,9134
Retail,S009,ST0020_L,2026-03-09,No,1,0,1569
Retail,S009,ST0020_S,2026-03-09,No,1,0,2705
Retail,S009,ST0042_XL,2026-03-09,No,4,0,4236
Retail,S009,ST0040_XL,2026-03-09,No,1,0,3338
Retail,S009,ST0035_S,2026-03-09,No,4,0,15044
Retail,S009,ST0039_XL,2026-03-09,No,4,0,16700
Retail,S009,ST0036_XL,2026-03-09,No,3,0,10653
Retail,S009,ST0015_L,2026-03-09,No,3,0,14988
Retail,S009,ST0026_S,2026-03-09,No,3,0,3207
Retail,S009,ST0034_M,2026-03-09,No,2,0,8472
Retail,S009,ST0023_M,2026-03-09,No,2,0,3278
Retail,S009,ST0041_L,2026-03-09,No,2,0,3024
Retail,S009,ST0021_XL,2026-03-09,No,1,0,3920
Retail,S009,ST0030_M,2026-03-09,No,3,0,7023
Retail,S009,ST0016_XL,2026-03-09,No,3,0,4635
Retail,S010,ST0006_M,2026-03-09,No,4,0,16572
Retail,S010,ST0016_L,2026-03-09,No,3,0,11838
Retail,S010,ST0027_XL,2026-03-09,No,2,0,7018
Retail,S010,ST0022_S,2026-03-09,No,3,0,2403
Retail,S010,ST0017_XL,2026-03-09,No,1,0,2985
Retail,S010,ST0022_L,2026-03-09,No,4,0,4424
Retail,S010,ST0040_M,2026-03-09,No,3,0,3720
Retail,S010,ST0043_XL,2026-03-09,No,1,0,1970
Retail,S010,ST0025_XL,2026-03-09,No,2,0,4632
Retail,S010,ST0044_M,2026-03-09,No,2,0,5588
Retail,S010,ST0016_S,2026-03-09,No,1,0,3235
Retail,S010,ST0021_L,2026-03-09,No,3,0,8481
Retail,S010,ST0021_M,2026-03-09,No,2,0,3120
Retail,S010,ST0028_S,2026-03-09,No,3,0,1962
Retail,S010,ST0003_XL,2026-03-09,No,1,0,3476
Retail,S001,ST0048_XL,2026-03-10,No,2,0,5140
Retail,S001,ST0042_XL,2026-03-10,No,2,0,2118
Retail,S001,ST0035_XL,2026-03-10,No,1,0,4354
Retail,S001,ST0021_L,2026-03-10,No,4,0,11308
Retail,S001,ST0031_S,2026-03-10,No,4,0,13800
Retail,S001,ST0008_M,2026-03-10,No,4,0,11020
Retail,S001,ST0012_M,2026-03-10,No,1,0,4933
Retail,S001,ST0017_S,2026-03-10,No,3,0,6579
Retail,S001,ST0019_L,2026-03-10,No,3,0,1548
Retail,S001,ST0042_L,2026-03-10,No,2,0,6698
Retail,S001,ST0041_L,2026-03-10,No,4,0,6048
Retail,S001,ST0016_L,2026-03-10,No,2,0,7892
Retail,S001,ST0035_S,2026-03-10,No,2,0,7522
Retail,S001,ST0033_M,2026-03-10,No,1,0,3274
Retail,S001,ST0038_M,2026-03-10,No,1,0,4965
Retail,S002,ST0028_M,2026-03-10,No,2,0,6074
Retail,S002,ST0023_M,2026-03-10,No,1,0,1639
Retail,S002,ST0024_L,2026-03-10,No,4,0,6736
Retail,S002,ST0001_L,2026-03-10,No,4,0,13244
Retail,S002,ST0040_S,2026-03-10,No,1,0,1869
Retail,S002,ST0010_L,2026-03-10,No,2,0,8846
Retail,S002,ST0031_S,2026-03-10,No,3,0,10350
Retail,S002,ST0033_XL,2026-03-10,No,4,0,5412
Retail,S002,ST0018_M,2026-03-10,No,2,0,1450
Retail,S002,ST0049_L,2026-03-10,No,3,0,12690
Retail,S002,ST0007_L,2026-03-10,No,1,0,2556
Retail,S002,ST0038_M,2026-03-10,No,4,0,19860
Retail,S002,ST0016_L,2026-03-10,No,4,0,15784
Retail,S002,ST0023_S,2026-03-10,No,3,0,3597
Retail,S002,ST0006_M,2026-03-10,No,2,0,8286
Retail,S002,ST0046_XL,2026-03-10,No,4,0,10564
Retail,S002,ST0041_XL,2026-03-10,No,3,0,6492
Retail,S002,ST0015_L,2026-03-10,No,2,0,9992
Retail,S003,ST0032_XL,2026-03-10,No,1,0,1471
Retail,S003,ST0024_M,2026-03-10,No,3,0,10425
Retail,S003,ST0043_L,2026-03-10,No,4,0,18280
Retail,S003,ST0011_S,2026-03-10,No,1,0,3683
Retail,S003,ST0047_L,2026-03-10,No,3,0,8295
Retail,S003,ST0047_XL,2026-03-10,No,3,0,8937
Retail,S003,ST0013_M,2026-03-10,No,4,0,17164
Retail,S003,ST0007_S,2026-03-10,No,2,0,7216
Retail,S003,ST0003_M,2026-03-10,No,1,0,2343
Retail,S003,ST0034_L,2026-03-10,No,1,0,4269
Retail,S003,ST0019_L,2026-03-10,No,4,0,2064
Retail,S003,ST0002_S,2026-03-10,No,4,0,9944
Retail,S003,ST0043_M,2026-03-10,No,1,0,3843
Retail,S003,ST0029_L,2026-03-10,No,4,0,19364
Retail,S003,ST0046_M,2026-03-10,No,3,0,5229
Retail,S003,ST0006_L,2026-03-10,No,2,0,5098
Retail,S004,ST0039_XL,2026-03-10,No,1,0,4175
Retail,S004,ST0025_XL,2026-03-10,No,1,0,2316
Retail,S004,ST0029_L,2026-03-10,No,2,0,9682
Retail,S004,ST0012_XL,2026-03-10,No,2,0,6738
Retail,S004,ST0031_S,2026-03-10,No,4,0,13800
Retail,S004,ST0021_XL,2026-03-10,No,3,0,11760
Retail,S004,ST0045_S,2026-03-10,No,2,0,4358
Retail,S004,ST0038_M,2026-03-10,No,4,0,19860
Retail,S004,ST0019_S,2026-03-10,No,1,0,1315
Retail,S004,ST0014_M,2026-03-10,No,1,0,4993
Retail,S004,ST0037_S,2026-03-10,No,3,0,1512
Retail,S004,ST0035_L,2026-03-10,No,1,0,2215
Retail,S004,ST0003_S,2026-03-10,No,4,0,8936
Retail,S004,ST0021_S,2026-03-10,No,2,0,6130
Retail,S004,ST0033_XL,2026-03-10,No,3,0,4059
Retail,S004,ST0046_XL,2026-03-10,No,4,0,10564
Retail,S004,ST0032_XL,2026-03-10,No,1,0,1471
Retail,S004,ST0004_L,2026-03-10,No,4,0,13676
Retail,S005,ST0050_L,2026-03-10,No,3,0,4545
Retail,S005,ST0009_M,2026-03-10,No,2,0,4392
Retail,S005,ST0008_XL,2026-03-10,No,1,0,4999
Retail,S005,ST0036_S,2026-03-10,No,1,0,2991
Retail,S005,ST0045_L,2026-03-10,No,2,0,6488
Retail,S005,ST0005_L,2026-03-10,No,2,0,1524
Retail,S005,ST0024_S,2026-03-10,No,3,0,4440
Retail,S005,ST0031_S,2026-03-10,No,4,0,13800
Retail,S005,ST0001_L,2026-03-10,No,3,0,9933
Retail,S005,ST0017_L,2026-03-10,No,4,0,4248
Retail,S005,ST0029_XL,2026-03-10,No,3,0,9918
Retail,S005,ST0024_XL,2026-03-10,No,2,0,7654
Retail,S005,ST0007_XL,2026-03-10,No,3,0,11010
Retail,S006,ST0037_M,2026-03-10,No,1,0,1376
Retail,S006,ST0005_XL,2026-03-10,No,4,0,4492
Retail,S006,ST0011_M,2026-03-10,No,3,0,9171
Retail,S006,ST0019_M,2026-03-10,No,4,0,14480
Retail,S006,ST0029_XL,2026-03-10,No,4,0,13224
Retail,S006,ST0049_M,2026-03-10,No,2,0,7502
Retail,S006,ST0035_S,2026-03-10,No,2,0,7522
Retail,S006,ST0013_L,2026-03-10,No,3,0,4368
Retail,S006,ST0047_XL,2026-03-10,No,3,0,8937
Retail,S006,ST0027_L,2026-03-10,No,1,0,2186
Retail,S006,ST0029_S,2026-03-10,No,3,0,3852
Retail,S006,ST0040_S,2026-03-10,No,4,0,7476
Retail,S006,ST0020_L,2026-03-10,No,3,0,4707
Retail,S006,ST0011_L,2026-03-10,No,2,0,1196
Retail,S007,ST0030_M,2026-03-10,No,3,0,7023
Retail,S007,ST0002_XL,2026-03-10,No,1,0,3411
Retail,S007,ST0038_S,2026-03-10,No,3,0,14592
Retail,S007,ST0039_L,2026-03-10,No,1,0,1330
Retail,S007,ST0003_S,2026-03-10,No,1,0,2234
Retail,S007,ST0035_M,2026-03-10,No,2,0,3296
Retail,S007,ST0019_S,2026-03-10,No,2,0,2630
Retail,S007,ST0012_M,2026-03-10,No,3,0,14799
Retail,S007,ST0048_S,2026-03-10,No,3,0,6405
Retail,S007,ST0034_XL,2026-03-10,No,4,0,4296
Retail,S007,ST0003_XL,2026-03-10,No,3,0,10428
Retail,S007,ST0009_XL,2026-03-10,No,2,0,4296
Retail,S007,ST0029_L,2026-03-10,No,1,0,4841
Retail,S007,ST0009_L,2026-03-10,No,1,0,4491
Retail,S007,ST0012_XL,2026-03-10,No,3,0,10107
Retail,S007,ST0004_S,2026-03-10,No,2,0,4918
Retail,S007,ST0007_L,2026-03-10,No,4,0,10224
Retail,S008,ST0001_L,2026-03-10,No,2,0,6622
Retail,S008,ST0035_S,2026-03-10,No,4,0,15044
Retail,S008,ST0044_XL,2026-03-10,No,1,0,4749
Retail,S008,ST0006_XL,2026-03-10,No,3,0,12669
Retail,S008,ST0016_S,2026-03-10,No,4,0,12940
Retail,S008,ST0028_M,2026-03-10,No,2,0,6074
Retail,S008,ST0009_M,2026-03-10,No,4,0,8784
Retail,S008,ST0031_S,2026-03-10,No,1,0,3450
Retail,S008,ST0003_L,2026-03-10,No,2,0,1976
Retail,S008,ST0001_S,2026-03-10,No,1,0,2294
Retail,S008,ST0007_M,2026-03-10,No,4,0,18360
Retail,S008,ST0010_XL,2026-03-10,No,4,0,3012
Retail,S008,ST0005_M,2026-03-10,No,3,0,11607
Retail,S008,ST0031_XL,2026-03-10,No,4,0,11472
Retail,S009,ST0049_S,2026-03-10,No,2,0,6698
Retail,S009,ST0018_S,2026-03-10,No,2,0,7708
Retail,S009,ST0020_S,2026-03-10,No,4,0,10820
Retail,S009,ST0023_M,2026-03-10,No,1,0,1639
Retail,S009,ST0046_S,2026-03-10,No,1,0,4545
Retail,S009,ST0043_L,2026-03-10,No,4,0,18280
Retail,S009,ST0029_M,2026-03-10,No,4,0,14700
Retail,S009,ST0040_L,2026-03-10,No,3,0,1848
Retail,S009,ST0045_L,2026-03-10,No,3,0,9732
Retail,S009,ST0034_L,2026-03-10,No,1,0,4269
Retail,S009,ST0020_M,2026-03-10,No,1,0,3024
Retail,S009,ST0050_M,2026-03-10,No,3,0,9948
Retail,S009,ST0049_L,2026-03-10,No,1,0,4230
Retail,S009,ST0016_L,2026-03-10,No,3,0,11838
Retail,S009,ST0044_L,2026-03-10,No,4,0,14588
Retail,S009,ST0023_S,2026-03-10,No,1,0,1199
Retail,S009,ST0028_M,2026-03-10,No,3,0,9111
Retail,S009,ST0036_S,2026-03-10,No,3,0,8973
Retail,S010,ST0018_M,2026-03-10,No,4,0,2900
Retail,S010,ST0040_XL,2026-03-10,No,3,0,10014
Retail,S010,ST0002_S,2026-03-10,No,1,0,2486
Retail,S010,ST0024_M,2026-03-10,No,2,0,6950
Retail,S010,ST0050_L,2026-03-10,No,1,0,1515
Retail,S010,ST0044_XL,2026-03-10,No,1,0,4749
Retail,S010,ST0040_L,2026-03-10,No,2,0,1232
Retail,S010,ST0021_L,2026-03-10,No,2,0,5654
Retail,S010,ST0015_L,2026-03-10,No,1,0,4996
Retail,S010,ST0028_XL,2026-03-10,No,4,0,18228
Retail,S010,ST0048_XL,2026-03-10,No,2,0,5140
Retail,S010,ST0012_XL,2026-03-10,No,2,0,6738
Retail,S010,ST0046_S,2026-03-10,No,2,0,9090
Retail,S010,ST0021_S,2026-03-10,No,1,0,3065
Retail,S001,ST0012_XL,2026-03-11,No,1,0,3369
Retail,S001,ST0017_L,2026-03-11,No,2,0,2124
Retail,S001,ST0010_L,2026-03-11,No,1,0,4423
Retail,S001,ST0022_M,2026-03-11,No,1,0,4776
Retail,S001,ST0023_M,2026-03-11,No,1,0,1639
Retail,S001,ST0006_XL,2026-03-11,No,4,0,16892
Retail,S001,ST0004_L,2026-03-11,No,3,0,10257
Retail,S001,ST0035_L,2026-03-11,No,2,0,4430
Retail,S001,ST0029_M,2026-03-11,No,2,0,7350
Retail,S001,ST0035_S,2026-03-11,No,1,0,3761
Retail,S001,ST0045_XL,2026-03-11,No,2,0,7712
Retail,S001,ST0028_S,2026-03-11,No,3,0,1962
Retail,S001,ST0026_S,2026-03-11,No,4,0,4276
Retail,S001,ST0020_M,2026-03-11,No,4,0,12096
Retail,S001,ST0006_L,2026-03-11,No,1,0,2549
Retail,S001,ST0041_XL,2026-03-11,No,2,0,4328
Retail,S002,ST0030_M,2026-03-11,No,4,0,9364
Retail,S002,ST0008_L,2026-03-11,No,4,0,6616
Retail,S002,ST0011_S,2026-03-11,No,1,0,3683
Retail,S002,ST0048_L,2026-03-11,No,2,0,9904
Retail,S002,ST0023_XL,2026-03-11,No,2,0,5600
Retail,S002,ST0002_M,2026-03-11,No,1,0,646
Retail,S002,ST0036_S,2026-03-11,No,1,0,2991
Retail,S002,ST0014_XL,2026-03-11,No,1,0,4487
Retail,S002,ST0029_L,2026-03-11,No,1,0,4841
Retail,S002,ST0029_XL,2026-03-11,No,1,0,3306
Retail,S002,ST0049_M,2026-03-11,No,2,0,7502
Retail,S002,ST0026_M,2026-03-11,No,3,0,7185
Retail,S002,ST0015_L,2026-03-11,No,3,0,14988
Retail,S002,ST0039_S,2026-03-11,No,3,0,6546
Retail,S002,ST0019_L,2026-03-11,No,2,0,1032
Retail,S002,ST0009_XL,2026-03-11,No,2,0,4296
Retail,S002,ST0012_XL,2026-03-11,No,1,0,3369
Retail,S002,ST0029_S,2026-03-11,No,4,0,5136
Retail,S002,ST0016_L,2026-03-11,No,2,0,7892
Retail,S003,ST0007_M,2026-03-11,No,4,0,18360
Retail,S003,ST0033_M,2026-03-11,No,3,0,9822
Retail,S003,ST0031_XL,2026-03-11,No,2,0,5736
Retail,S003,ST0010_S,2026-03-11,No,2,0,3890
Retail,S003,ST0042_M,2026-03-11,No,4,0,4048
Retail,S003,ST0024_L,2026-03-11,No,3,0,5052
Retail,S003,ST0007_S,2026-03-11,No,4,0,14432
Retail,S003,ST0019_XL,2026-03-11,No,3,0,5229
Retail,S003,ST0018_M,2026-03-11,No,4,0,2900
Retail,S003,ST0021_XL,2026-03-11,No,2,0,7840
Retail,S003,ST0039_S,2026-03-11,No,2,0,4364
Retail,S003,ST0030_M,2026-03-11,No,2,0,4682
Retail,S003,ST0024_XL,2026-03-11,No,1,0,3827
Retail,S003,ST0010_XL,2026-03-11,No,3,0,2259
Retail,S003,ST0045_L,2026-03-11,No,3,0,9732
Retail,S004,ST0027_XL,2026-03-11,No,2,0,7018
Retail,S004,ST0013_XL,2026-03-11,No,3,0,13701
Retail,S004,ST0025_XL,2026-03-11,No,1,0,2316
Retail,S004,ST0036_S,2026-03-11,No,1,0,2991
Retail,S004,ST0004_S,2026-03-11,No,2,0,4918
Retail,S004,ST0013_M,2026-03-11,No,3,0,12873
Retail,S004,ST0034_XL,2026-03-11,No,4,0,4296
Retail,S004,ST0016_M,2026-03-11,No,3,0,4362
Retail,S004,ST0046_S,2026-03-11,No,4,0,18180
Retail,S004,ST0046_L,2026-03-11,No,4,0,14472
Retail,S004,ST0009_S,2026-03-11,No,2,0,7382
Retail,S004,ST0047_L,2026-03-11,No,3,0,8295
Retail,S004,ST0022_XL,2026-03-11,No,1,0,3670
Retail,S004,ST0035_S,2026-03-11,No,4,0,15044
Retail,S004,ST0019_S,2026-03-11,No,2,0,2630
Retail,S004,ST0041_L,2026-03-11,No,1,0,1512
Retail,S004,ST0012_L,2026-03-11,No,4,0,17108
Retail,S004,ST0003_S,2026-03-11,No,2,0,4468
Retail,S005,ST0005_S,2026-03-11,No,3,0,13683
Retail,S005,ST0038_M,2026-03-11,No,2,0,9930
Retail,S005,ST0038_S,2026-03-11,No,1,0,4864
Retail,S005,ST0043_L,2026-03-11,No,2,0,9140
Retail,S005,ST0039_XL,2026-03-11,No,2,0,8350
Retail,S005,ST0003_M,2026-03-11,No,1,0,2343
Retail,S005,ST0008_XL,2026-03-11,No,1,0,4999
Retail,S005,ST0007_M,2026-03-11,No,3,0,13770
Retail,S005,ST0008_L,2026-03-11,No,1,0,1654
Retail,S005,ST0031_M,2026-03-11,No,1,0,4631
Retail,S005,ST0032_XL,2026-03-11,No,3,0,4413
Retail,S005,ST0046_S,2026-03-11,No,3,0,13635
Retail,S005,ST0035_S,2026-03-11,No,3,0,11283
Retail,S005,ST0026_XL,2026-03-11,No,2,0,8726
Retail,S006,ST0018_L,2026-03-11,No,3,0,4377
Retail,S006,ST0012_XL,2026-03-11,No,2,0,6738
Retail,S006,ST0019_XL,2026-03-11,No,2,0,3486
Retail,S006,ST0036_S,2026-03-11,No,4,0,11964
Retail,S006,ST0034_S,2026-03-11,No,2,0,9292
Retail,S006,ST0035_M,2026-03-11,No,1,0,1648
Retail,S006,ST0003_M,2026-03-11,No,3,0,7029
Retail,S006,ST0020_L,2026-03-11,No,3,0,4707
Retail,S006,ST0050_M,2026-03-11,No,1,0,3316
Retail,S006,ST0049_M,2026-03-11,No,4,0,15004
Retail,S006,ST0039_XL,2026-03-11,No,4,0,16700
Retail,S006,ST0040_L,2026-03-11,No,4,0,2464
Retail,S006,ST0001_XL,2026-03-11,No,3,0,5607
Retail,S006,ST0038_S,2026-03-11,No,3,0,14592
Retail,S006,ST0002_M,2026-03-11,No,2,0,1292
Retail,S006,ST0022_M,2026-03-11,No,2,0,9552
Retail,S006,ST0032_L,2026-03-11,No,4,0,12804
Retail,S007,ST0025_M,2026-03-11,No,1,0,627
Retail,S007,ST0048_XL,2026-03-11,No,1,0,2570
Retail,S007,ST0003_L,2026-03-11,No,3,0,2964
Retail,S007,ST0001_L,2026-03-11,No,3,0,9933
Retail,S007,ST0037_L,2026-03-11,No,3,0,4473
Retail,S007,ST0007_L,2026-03-11,No,1,0,2556
Retail,S007,ST0039_S,2026-03-11,No,1,0,2182
Retail,S007,ST0020_L,2026-03-11,No,3,0,4707
Retail,S007,ST0020_M,2026-03-11,No,2,0,6048
Retail,S007,ST0041_M,2026-03-11,No,3,0,7293
Retail,S007,ST0032_L,2026-03-11,No,4,0,12804
Retail,S007,ST0018_S,2026-03-11,No,3,0,11562
Retail,S007,ST0041_S,2026-03-11,No,1,0,1650
Retail,S007,ST0033_L,2026-03-11,No,2,0,4964
Retail,S007,ST0020_XL,2026-03-11,No,1,0,3944
Retail,S007,ST0049_L,2026-03-11,No,2,0,8460
Retail,S007,ST0030_M,2026-03-11,No,1,0,2341
Retail,S008,ST0026_S,2026-03-11,No,2,0,2138
Retail,S008,ST0025_L,2026-03-11,No,4,0,10260
Retail,S008,ST0035_M,2026-03-11,No,2,0,3296
Retail,S008,ST0002_M,2026-03-11,No,2,0,1292
Retail,S008,ST0025_M,2026-03-11,No,2,0,1254
Retail,S008,ST0033_M,2026-03-11,No,3,0,9822
Retail,S008,ST0006_L,2026-03-11,No,4,0,10196
Retail,S008,ST0050_XL,2026-03-11,No,2,0,3696
Retail,S008,ST0004_L,2026-03-11,No,2,0,6838
Retail,S008,ST0045_XL,2026-03-11,No,4,0,15424
Retail,S008,ST0012_M,2026-03-11,No,3,0,14799
Retail,S008,ST0034_L,2026-03-11,No,1,0,4269
Retail,S008,ST0005_M,2026-03-11,No,1,0,3869
Retail,S008,ST0024_M,2026-03-11,No,1,0,3475
Retail,S008,ST0043_M,2026-03-11,No,1,0,3843
Retail,S008,ST0032_XL,2026-03-11,No,1,0,1471
Retail,S009,ST0040_XL,2026-03-11,No,3,0,10014
Retail,S009,ST0032_XL,2026-03-11,No,4,0,5884
Retail,S009,ST0019_L,2026-03-11,No,2,0,1032
Retail,S009,ST0039_XL,2026-03-11,No,1,0,4175
Retail,S009,ST0043_L,2026-03-11,No,1,0,4570
Retail,S009,ST0002_L,2026-03-11,No,2,0,7438
Retail,S009,ST0010_L,2026-03-11,No,1,0,4423
Retail,S009,ST0034_M,2026-03-11,No,1,0,4236
Retail,S009,ST0005_XL,2026-03-11,No,2,0,2246
Retail,S009,ST0043_XL,2026-03-11,No,1,0,1970
Retail,S009,ST0023_L,2026-03-11,No,1,0,690
Retail,S009,ST0017_L,2026-03-11,No,1,0,1062
Retail,S009,ST0041_S,2026-03-11,No,2,0,3300
Retail,S009,ST0001_XL,2026-03-11,No,3,0,5607
Retail,S009,ST0046_L,2026-03-11,No,2,0,7236
Retail,S009,ST0007_S,2026-03-11,No,3,0,10824
Retail,S010,ST0027_S,2026-03-11,No,3,0,13542
Retail,S010,ST0012_S,2026-03-11,No,3,0,10383
Retail,S010,ST0013_L,2026-03-11,No,3,0,4368
Retail,S010,ST0007_M,2026-03-11,No,4,0,18360
Retail,S010,ST0050_M,2026-03-11,No,2,0,6632
Retail,S010,ST0047_S,2026-03-11,No,4,0,14236
Retail,S010,ST0047_L,2026-03-11,No,4,0,11060
Retail,S010,ST0036_XL,2026-03-11,No,1,0,3551
Retail,S010,ST0049_L,2026-03-11,No,2,0,8460
Retail,S010,ST0037_S,2026-03-11,No,2,0,1008
Retail,S010,ST0034_S,2026-03-11,No,4,0,18584
Retail,S010,ST0042_S,2026-03-11,No,2,0,3162
Retail,S010,ST0009_XL,2026-03-11,No,3,0,6444
Retail,S010,ST0050_S,2026-03-11,No,4,0,8524
Retail,S010,ST0008_S,2026-03-11,No,2,0,4364
Retail,S010,ST0045_L,2026-03-11,No,3,0,9732
Retail,S010,ST0045_S,2026-03-11,No,2,0,4358
Retail,S001,ST0036_XL,2026-03-12,No,2,0,7102
Retail,S001,ST0018_S,2026-03-12,No,1,0,3854
Retail,S001,ST0025_M,2026-03-12,No,1,0,627
Retail,S001,ST0045_XL,2026-03-12,No,4,0,15424
Retail,S001,ST0022_XL,2026-03-12,No,1,0,3670
Retail,S001,ST0047_L,2026-03-12,No,3,0,8295
Retail,S001,ST0033_XL,2026-03-12,No,4,0,5412
Retail,S001,ST0018_M,2026-03-12,No,3,0,2175
Retail,S001,ST0010_S,2026-03-12,No,3,0,5835
Retail,S001,ST0020_L,2026-03-12,No,1,0,1569
Retail,S001,ST0029_S,2026-03-12,No,2,0,2568
Retail,S001,ST0041_XL,2026-03-12,No,3,0,6492
Retail,S001,ST0037_XL,2026-03-12,No,4,0,18568
Retail,S001,ST0035_S,2026-03-12,No,2,0,7522
Retail,S001,ST0041_S,2026-03-12,No,2,0,3300
Retail,S001,ST0024_XL,2026-03-12,No,2,0,7654
Retail,S001,ST0011_S,2026-03-12,No,2,0,7366
Retail,S002,ST0026_L,2026-03-12,No,1,0,3233
Retail,S002,ST0013_XL,2026-03-12,No,3,0,13701
Retail,S002,ST0017_L,2026-03-12,No,4,0,4248
Retail,S002,ST0049_XL,2026-03-12,No,3,0,8967
Retail,S002,ST0047_L,2026-03-12,No,2,0,5530
Retail,S002,ST0009_L,2026-03-12,No,2,0,8982
Retail,S002,ST0022_XL,2026-03-12,No,4,0,14680
Retail,S002,ST0011_XL,2026-03-12,No,3,0,8100
Retail,S002,ST0044_S,2026-03-12,No,4,0,4320
Retail,S002,ST0013_S,2026-03-12,No,4,0,14936
Retail,S002,ST0036_XL,2026-03-12,No,1,0,3551
Retail,S002,ST0007_S,2026-03-12,No,1,0,3608
Retail,S002,ST0049_L,2026-03-12,No,4,0,16920
Retail,S002,ST0005_XL,2026-03-12,No,4,0,4492
Retail,S002,ST0030_M,2026-03-12,No,2,0,4682
Retail,S002,ST0035_M,2026-03-12,No,2,0,3296
Retail,S003,ST0047_S,2026-03-12,No,4,0,14236
Retail,S003,ST0028_XL,2026-03-12,No,2,0,9114
Retail,S003,ST0035_XL,2026-03-12,No,3,0,13062
Retail,S003,ST0030_M,2026-03-12,No,2,0,4682
Retail,S003,ST0003_L,2026-03-12,No,1,0,988
Retail,S003,ST0006_XL,2026-03-12,No,3,0,12669
Retail,S003,ST0031_S,2026-03-12,No,4,0,13800
Retail,S003,ST0002_S,2026-03-12,No,2,0,4972
Retail,S003,ST0033_L,2026-03-12,No,4,0,9928
Retail,S003,ST0012_S,2026-03-12,No,2,0,6922
Retail,S003,ST0026_XL,2026-03-12,No,2,0,8726
Retail,S003,ST0041_S,2026-03-12,No,1,0,1650
Retail,S003,ST0031_L,2026-03-12,No,4,0,18460
Retail,S003,ST0039_XL,2026-03-12,No,2,0,8350
Retail,S003,ST0050_L,2026-03-12,No,2,0,3030
Retail,S003,ST0042_XL,2026-03-12,No,2,0,2118
Retail,S004,ST0008_S,2026-03-12,No,2,0,4364
Retail,S004,ST0035_XL,2026-03-12,No,1,0,4354
Retail,S004,ST0029_M,2026-03-12,No,3,0,11025
Retail,S004,ST0020_L,2026-03-12,No,2,0,3138
Retail,S004,ST0014_S,2026-03-12,No,1,0,660
Retail,S004,ST0018_L,2026-03-12,No,3,0,4377
Retail,S004,ST0020_S,2026-03-12,No,1,0,2705
Retail,S004,ST0040_XL,2026-03-12,No,3,0,10014
Retail,S004,ST0045_L,2026-03-12,No,4,0,12976
Retail,S004,ST0048_S,2026-03-12,No,2,0,4270
Retail,S004,ST0049_M,2026-03-12,No,3,0,11253
Retail,S004,ST0040_S,2026-03-12,No,4,0,7476
Retail,S004,ST0008_L,2026-03-12,No,4,0,6616
Retail,S004,ST0019_S,2026-03-12,No,2,0,2630
Retail,S004,ST0009_S,2026-03-12,No,2,0,7382
Retail,S004,ST0031_XL,2026-03-12,No,3,0,8604
Retail,S004,ST0035_M,2026-03-12,No,4,0,6592
Retail,S005,ST0013_L,2026-03-12,No,2,0,2912
Retail,S005,ST0027_L,2026-03-12,No,4,0,8744
Retail,S005,ST0028_XL,2026-03-12,No,1,0,4557
Retail,S005,ST0022_S,2026-03-12,No,3,0,2403
Retail,S005,ST0007_M,2026-03-12,No,1,0,4590
Retail,S005,ST0021_S,2026-03-12,No,1,0,3065
Retail,S005,ST0018_M,2026-03-12,No,4,0,2900
Retail,S005,ST0012_L,2026-03-12,No,3,0,12831
Retail,S005,ST0012_S,2026-03-12,No,3,0,10383
Retail,S005,ST0047_M,2026-03-12,No,2,0,6918
Retail,S005,ST0027_M,2026-03-12,No,4,0,13604
Retail,S005,ST0032_XL,2026-03-12,No,3,0,4413
Retail,S005,ST0040_M,2026-03-12,No,2,0,2480
Retail,S005,ST0035_L,2026-03-12,No,4,0,8860
Retail,S005,ST0038_S,2026-03-12,No,2,0,9728
Retail,S005,ST0006_L,2026-03-12,No,2,0,5098
Retail,S005,ST0042_M,2026-03-12,No,1,0,1012
Retail,S006,ST0014_XL,2026-03-12,No,2,0,8974
Retail,S006,ST0022_M,2026-03-12,No,4,0,19104
Retail,S006,ST0037_XL,2026-03-12,No,1,0,4642
Retail,S006,ST0021_M,2026-03-12,No,4,0,6240
Retail,S006,ST0012_S,2026-03-12,No,2,0,6922
Retail,S006,ST0039_L,2026-03-12,No,1,0,1330
Retail,S006,ST0002_M,2026-03-12,No,3,0,1938
Retail,S006,ST0031_L,2026-03-12,No,1,0,4615
Retail,S006,ST0037_M,2026-03-12,No,3,0,4128
Retail,S006,ST0002_XL,2026-03-12,No,3,0,10233
Retail,S006,ST0007_L,2026-03-12,No,3,0,7668
Retail,S006,ST0016_L,2026-03-12,No,1,0,3946
Retail,S006,ST0016_S,2026-03-12,No,2,0,6470
Retail,S006,ST0007_S,2026-03-12,No,2,0,7216
Retail,S006,ST0031_XL,2026-03-12,No,3,0,8604
Retail,S006,ST0040_L,2026-03-12,No,4,0,2464
Retail,S006,ST0009_S,2026-03-12,No,1,0,3691
Retail,S007,ST0001_M,2026-03-12,No,2,0,2318
Retail,S007,ST0039_M,2026-03-12,No,1,0,619
Retail,S007,ST0017_M,2026-03-12,No,3,0,11808
Retail,S007,ST0003_L,2026-03-12,No,2,0,1976
Retail,S007,ST0007_XL,2026-03-12,No,4,0,14680
Retail,S007,ST0048_L,2026-03-12,No,2,0,9904
Retail,S007,ST0040_XL,2026-03-12,No,2,0,6676
Retail,S007,ST0014_L,2026-03-12,No,4,0,7200
Retail,S007,ST0021_S,2026-03-12,No,2,0,6130
Retail,S007,ST0042_S,2026-03-12,No,3,0,4743
Retail,S007,ST0018_M,2026-03-12,No,2,0,1450
Retail,S007,ST0044_M,2026-03-12,No,3,0,8382
Retail,S007,ST0024_L,2026-03-12,No,3,0,5052
Retail,S007,ST0004_S,2026-03-12,No,3,0,7377
Retail,S007,ST0003_M,2026-03-12,No,1,0,2343
Retail,S008,ST0008_L,2026-03-12,No,1,0,1654
Retail,S008,ST0027_XL,2026-03-12,No,4,0,14036
Retail,S008,ST0033_XL,2026-03-12,No,1,0,1353
Retail,S008,ST0022_XL,2026-03-12,No,3,0,11010
Retail,S008,ST0009_XL,2026-03-12,No,2,0,4296
Retail,S008,ST0050_L,2026-03-12,No,4,0,6060
Retail,S008,ST0046_S,2026-03-12,No,1,0,4545
Retail,S008,ST0008_S,2026-03-12,No,4,0,8728
Retail,S008,ST0015_L,2026-03-12,No,2,0,9992
Retail,S008,ST0009_S,2026-03-12,No,2,0,7382
Retail,S008,ST0006_S,2026-03-12,No,4,0,6064
Retail,S008,ST0043_L,2026-03-12,No,2,0,9140
Retail,S008,ST0036_L,2026-03-12,No,2,0,7248
Retail,S008,ST0011_S,2026-03-12,No,3,0,11049
Retail,S008,ST0003_M,2026-03-12,No,1,0,2343
Retail,S008,ST0004_XL,2026-03-12,No,4,0,9208
Retail,S009,ST0046_M,2026-03-12,No,3,0,5229
Retail,S009,ST0015_M,2026-03-12,No,4,0,6872
Retail,S009,ST0020_L,2026-03-12,No,1,0,1569
Retail,S009,ST0019_XL,2026-03-12,No,2,0,3486
Retail,S009,ST0048_XL,2026-03-12,No,4,0,10280
Retail,S009,ST0001_L,2026-03-12,No,4,0,13244
Retail,S009,ST0044_M,2026-03-12,No,3,0,8382
Retail,S009,ST0002_L,2026-03-12,No,2,0,7438
Retail,S009,ST0024_XL,2026-03-12,No,4,0,15308
Retail,S009,ST0041_L,2026-03-12,No,2,0,3024
Retail,S009,ST0014_L,2026-03-12,No,4,0,7200
Retail,S009,ST0024_L,2026-03-12,No,2,0,3368
Retail,S009,ST0043_M,2026-03-12,No,2,0,7686
Retail,S009,ST0019_S,2026-03-12,No,1,0,1315
Retail,S009,ST0016_M,2026-03-12,No,2,0,2908
Retail,S010,ST0024_M,2026-03-12,No,3,0,10425
Retail,S010,ST0019_S,2026-03-12,No,4,0,5260
Retail,S010,ST0014_XL,2026-03-12,No,3,0,13461
Retail,S010,ST0050_XL,2026-03-12,No,2,0,3696
Retail,S010,ST0013_S,2026-03-12,No,1,0,3734
Retail,S010,ST0042_M,2026-03-12,No,3,0,3036
Retail,S010,ST0050_L,2026-03-12,No,1,0,1515
Retail,S010,ST0040_L,2026-03-12,No,2,0,1232
Retail,S010,ST0047_S,2026-03-12,No,3,0,10677
Retail,S010,ST0006_XL,2026-03-12,No,3,0,12669
Retail,S010,ST0033_XL,2026-03-12,No,4,0,5412
Retail,S010,ST0010_L,2026-03-12,No,4,0,17692
Retail,S010,ST0041_M,2026-03-12,No,3,0,7293
Retail,S010,ST0036_S,2026-03-12,No,4,0,11964
Retail,S010,ST0026_S,2026-03-12,No,3,0,3207
Retail,S010,ST0022_L,2026-03-12,No,3,0,3318
Retail,S001,ST0044_XL,2026-03-13,No,4,0,18996
Retail,S001,ST0006_S,2026-03-13,No,4,0,6064
Retail,S001,ST0017_S,2026-03-13,No,2,0,4386
Retail,S001,ST0029_XL,2026-03-13,No,3,0,9918
Retail,S001,ST0046_M,2026-03-13,No,4,0,6972
Retail,S001,ST0026_XL,2026-03-13,No,4,0,17452
Retail,S001,ST0034_XL,2026-03-13,No,4,0,4296
Retail,S001,ST0050_S,2026-03-13,No,2,0,4262
Retail,S001,ST0033_S,2026-03-13,No,4,0,6664
Retail,S001,ST0031_XL,2026-03-13,No,2,0,5736
Retail,S001,ST0002_XL,2026-03-13,No,1,0,3411
Retail,S001,ST0011_S,2026-03-13,No,4,0,14732
Retail,S001,ST0031_L,2026-03-13,No,1,0,4615
Retail,S002,ST0026_XL,2026-03-13,No,1,0,4363
Retail,S002,ST0039_M,2026-03-13,No,3,0,1857
Retail,S002,ST0020_L,2026-03-13,No,4,0,6276
Retail,S002,ST0019_M,2026-03-13,No,4,0,14480
Retail,S002,ST0046_XL,2026-03-13,No,1,0,2641
Retail,S002,ST0025_S,2026-03-13,No,3,0,11682
Retail,S002,ST0006_XL,2026-03-13,No,4,0,16892
Retail,S002,ST0016_M,2026-03-13,No,1,0,1454
Retail,S002,ST0004_S,2026-03-13,No,4,0,9836
Retail,S002,ST0002_XL,2026-03-13,No,4,0,13644
Retail,S002,ST0010_XL,2026-03-13,No,1,0,753
Retail,S002,ST0035_XL,2026-03-13,No,4,0,17416
Retail,S002,ST0030_S,2026-03-13,No,3,0,3111
Retail,S002,ST0037_L,2026-03-13,No,1,0,1491
Retail,S002,ST0032_M,2026-03-13,No,3,0,14985
Retail,S002,ST0039_S,2026-03-13,No,2,0,4364
Retail,S003,ST0025_L,2026-03-13,No,2,0,5130
Retail,S003,ST0021_S,2026-03-13,No,1,0,3065
Retail,S003,ST0023_M,2026-03-13,No,2,0,3278
Retail,S003,ST0043_M,2026-03-13,No,4,0,15372
Retail,S003,ST0008_XL,2026-03-13,No,1,0,4999
Retail,S003,ST0027_M,2026-03-13,No,3,0,10203
Retail,S003,ST0029_M,2026-03-13,No,4,0,14700
Retail,S003,ST0018_S,2026-03-13,No,1,0,3854
Retail,S003,ST0050_M,2026-03-13,No,2,0,6632
Retail,S003,ST0006_M,2026-03-13,No,1,0,4143
Retail,S003,ST0001_XL,2026-03-13,No,2,0,3738
Retail,S003,ST0049_XL,2026-03-13,No,3,0,8967
Retail,S003,ST0023_S,2026-03-13,No,1,0,1199
Retail,S004,ST0002_S,2026-03-13,No,4,0,9944
Retail,S004,ST0039_L,2026-03-13,No,4,0,5320
Retail,S004,ST0040_M,2026-03-13,No,2,0,2480
Retail,S004,ST0034_S,2026-03-13,No,4,0,18584
Retail,S004,ST0043_M,2026-03-13,No,3,0,11529
Retail,S004,ST0041_XL,2026-03-13,No,2,0,4328
Retail,S004,ST0015_M,2026-03-13,No,1,0,1718
Retail,S004,ST0042_S,2026-03-13,No,3,0,4743
Retail,S004,ST0038_S,2026-03-13,No,2,0,9728
Retail,S004,ST0035_M,2026-03-13,No,3,0,4944
Retail,S004,ST0003_M,2026-03-13,No,2,0,4686
Retail,S004,ST0016_XL,2026-03-13,No,3,0,4635
Retail,S004,ST0037_L,2026-03-13,No,4,0,5964
Retail,S004,ST0049_XL,2026-03-13,No,2,0,5978
Retail,S004,ST0006_XL,2026-03-13,No,1,0,4223
Retail,S005,ST0036_M,2026-03-13,No,3,0,9480
Retail,S005,ST0019_L,2026-03-13,No,2,0,1032
Retail,S005,ST0043_XL,2026-03-13,No,1,0,1970
Retail,S005,ST0039_M,2026-03-13,No,1,0,619
Retail,S005,ST0045_M,2026-03-13,No,4,0,16024
Retail,S005,ST0006_M,2026-03-13,No,1,0,4143
Retail,S005,ST0026_M,2026-03-13,No,3,0,7185
Retail,S005,ST0039_S,2026-03-13,No,3,0,6546
Retail,S005,ST0016_M,2026-03-13,No,3,0,4362
Retail,S005,ST0025_L,2026-03-13,No,4,0,10260
Retail,S005,ST0026_L,2026-03-13,No,1,0,3233
Retail,S005,ST0029_L,2026-03-13,No,4,0,19364
Retail,S005,ST0008_L,2026-03-13,No,3,0,4962
Retail,S005,ST0023_XL,2026-03-13,No,2,0,5600
Retail,S005,ST0002_S,2026-03-13,No,1,0,2486
Retail,S005,ST0024_L,2026-03-13,No,1,0,1684
Retail,S005,ST0022_M,2026-03-13,No,4,0,19104
Retail,S006,ST0035_XL,2026-03-13,No,1,0,4354
Retail,S006,ST0050_L,2026-03-13,No,2,0,3030
Retail,S006,ST0007_XL,2026-03-13,No,4,0,14680
Retail,S006,ST0039_XL,2026-03-13,No,1,0,4175
Retail,S006,ST0027_M,2026-03-13,No,3,0,10203
Retail,S006,ST0045_XL,2026-03-13,No,4,0,15424
Retail,S006,ST0004_M,2026-03-13,No,1,0,2885
Retail,S006,ST0004_S,2026-03-13,No,2,0,4918
Retail,S006,ST0034_M,2026-03-13,No,3,0,12708
Retail,S006,ST0019_XL,2026-03-13,No,3,0,5229
Retail,S006,ST0015_S,2026-03-13,No,3,0,6081
Retail,S006,ST0034_L,2026-03-13,No,1,0,4269
Retail,S006,ST0031_M,2026-03-13,No,3,0,13893
Retail,S006,ST0046_M,2026-03-13,No,2,0,3486
Retail,S006,ST0018_L,2026-03-13,No,4,0,5836
Retail,S007,ST0021_M,2026-03-13,No,3,0,4680
Retail,S007,ST0020_L,2026-03-13,No,2,0,3138
Retail,S007,ST0025_S,2026-03-13,No,3,0,11682
Retail,S007,ST0042_XL,2026-03-13,No,2,0,2118
Retail,S007,ST0045_L,2026-03-13,No,2,0,6488
Retail,S007,ST0042_M,2026-03-13,No,2,0,2024
Retail,S007,ST0014_M,2026-03-13,No,4,0,19972
Retail,S007,ST0024_XL,2026-03-13,No,4,0,15308
Retail,S007,ST0010_S,2026-03-13,No,1,0,1945
Retail,S007,ST0023_XL,2026-03-13,No,1,0,2800
Retail,S007,ST0026_M,2026-03-13,No,4,0,9580
Retail,S007,ST0026_S,2026-03-13,No,1,0,1069
Retail,S007,ST0009_S,2026-03-13,No,4,0,14764
Retail,S007,ST0023_S,2026-03-13,No,1,0,1199
Retail,S007,ST0038_L,2026-03-13,No,3,0,3405
Retail,S007,ST0040_XL,2026-03-13,No,1,0,3338
Retail,S008,ST0050_L,2026-03-13,No,4,0,6060
Retail,S008,ST0020_XL,2026-03-13,No,1,0,3944
Retail,S008,ST0003_L,2026-03-13,No,3,0,2964
Retail,S008,ST0031_XL,2026-03-13,No,1,0,2868
Retail,S008,ST0018_XL,2026-03-13,No,3,0,10701
Retail,S008,ST0008_L,2026-03-13,No,4,0,6616
Retail,S008,ST0037_S,2026-03-13,No,4,0,2016
Retail,S008,ST0043_L,2026-03-13,No,1,0,4570
Retail,S008,ST0032_XL,2026-03-13,No,1,0,1471
Retail,S008,ST0017_XL,2026-03-13,No,1,0,2985
Retail,S008,ST0040_M,2026-03-13,No,2,0,2480
Retail,S008,ST0022_S,2026-03-13,No,4,0,3204
Retail,S008,ST0025_XL,2026-03-13,No,2,0,4632
Retail,S008,ST0012_L,2026-03-13,No,4,0,17108
Retail,S008,ST0009_XL,2026-03-13,No,1,0,2148
Retail,S008,ST0050_M,2026-03-13,No,3,0,9948
Retail,S008,ST0006_S,2026-03-13,No,2,0,3032
Retail,S008,ST0030_L,2026-03-13,No,4,0,11820
Retail,S008,ST0042_L,2026-03-13,No,1,0,3349
Retail,S009,ST0043_S,2026-03-13,No,1,0,4172
Retail,S009,ST0047_M,2026-03-13,No,2,0,6918
Retail,S009,ST0041_XL,2026-03-13,No,2,0,4328
Retail,S009,ST0029_XL,2026-03-13,No,2,0,6612
Retail,S009,ST0002_M,2026-03-13,No,4,0,2584
Retail,S009,ST0049_L,2026-03-13,No,3,0,12690
Retail,S009,ST0032_XL,2026-03-13,No,4,0,5884
Retail,S009,ST0035_M,2026-03-13,No,1,0,1648
Retail,S009,ST0016_M,2026-03-13,No,2,0,2908
Retail,S009,ST0018_M,2026-03-13,No,4,0,2900
Retail,S009,ST0035_L,2026-03-13,No,4,0,8860
Retail,S009,ST0034_S,2026-03-13,No,1,0,4646
Retail,S009,ST0017_XL,2026-03-13,No,1,0,2985
Retail,S009,ST0034_L,2026-03-13,No,4,0,17076
Retail,S009,ST0016_XL,2026-03-13,No,2,0,3090
Retail,S009,ST0001_M,2026-03-13,No,2,0,2318
Retail,S009,ST0007_S,2026-03-13,No,4,0,14432
Retail,S009,ST0036_S,2026-03-13,No,3,0,8973
Retail,S010,ST0004_M,2026-03-13,No,1,0,2885
Retail,S010,ST0049_L,2026-03-13,No,3,0,12690
Retail,S010,ST0020_XL,2026-03-13,No,2,0,7888
Retail,S010,ST0006_M,2026-03-13,No,4,0,16572
Retail,S010,ST0009_XL,2026-03-13,No,2,0,4296
Retail,S010,ST0024_M,2026-03-13,No,4,0,13900
Retail,S010,ST0007_L,2026-03-13,No,4,0,10224
Retail,S010,ST0019_M,2026-03-13,No,2,0,7240
Retail,S010,ST0015_S,2026-03-13,No,1,0,2027
Retail,S010,ST0005_XL,2026-03-13,No,1,0,1123
Retail,S010,ST0046_XL,2026-03-13,No,2,0,5282
Retail,S010,ST0021_XL,2026-03-13,No,2,0,7840
Retail,S010,ST0032_XL,2026-03-13,No,2,0,2942
Retail,S010,ST0034_M,2026-03-13,No,4,0,16944
Retail,S001,ST0018_L,2026-03-14,No,1,0,1459
Retail,S001,ST0034_XL,2026-03-14,No,1,0,1074
Retail,S001,ST0027_XL,2026-03-14,No,2,0,7018
Retail,S001,ST0001_S,2026-03-14,No,4,0,9176
Retail,S001,ST0036_XL,2026-03-14,No,2,0,7102
Retail,S001,ST0025_L,2026-03-14,No,2,0,5130
Retail,S001,ST0028_XL,2026-03-14,No,3,0,13671
Retail,S001,ST0011_L,2026-03-14,No,1,0,598
Retail,S001,ST0022_S,2026-03-14,No,1,0,801
Retail,S001,ST0040_XL,2026-03-14,No,1,0,3338
Retail,S001,ST0019_XL,2026-03-14,No,2,0,3486
Retail,S001,ST0025_M,2026-03-14,No,1,0,627
Retail,S001,ST0025_S,2026-03-14,No,4,0,15576
Retail,S001,ST0050_XL,2026-03-14,No,3,0,5544
Retail,S001,ST0019_S,2026-03-14,No,1,0,1315
Retail,S002,ST0008_S,2026-03-14,No,2,0,4364
Retail,S002,ST0042_S,2026-03-14,No,3,0,4743
Retail,S002,ST0010_L,2026-03-14,No,3,0,13269
Retail,S002,ST0025_M,2026-03-14,No,1,0,627
Retail,S002,ST0013_M,2026-03-14,No,1,0,4291
Retail,S002,ST0050_S,2026-03-14,No,4,0,8524
Retail,S002,ST0004_L,2026-03-14,No,1,0,3419
Retail,S002,ST0037_L,2026-03-14,No,3,0,4473
Retail,S002,ST0049_S,2026-03-14,No,4,0,13396
Retail,S002,ST0046_XL,2026-03-14,No,3,0,7923
Retail,S002,ST0011_S,2026-03-14,No,1,0,3683
Retail,S002,ST0031_XL,2026-03-14,No,1,0,2868
Retail,S002,ST0026_XL,2026-03-14,No,3,0,13089
Retail,S002,ST0039_L,2026-03-14,No,2,0,2660
Retail,S002,ST0008_XL,2026-03-14,No,1,0,4999
Retail,S002,ST0040_M,2026-03-14,No,1,0,1240
Retail,S002,ST0034_M,2026-03-14,No,2,0,8472
Retail,S003,ST0012_XL,2026-03-14,No,1,0,3369
Retail,S003,ST0032_L,2026-03-14,No,2,0,6402
Retail,S003,ST0014_M,2026-03-14,No,1,0,4993
Retail,S003,ST0029_S,2026-03-14,No,2,0,2568
Retail,S003,ST0042_S,2026-03-14,No,4,0,6324
Retail,S003,ST0011_S,2026-03-14,No,1,0,3683
Retail,S003,ST0037_L,2026-03-14,No,3,0,4473
Retail,S003,ST0024_M,2026-03-14,No,3,0,10425
Retail,S003,ST0004_S,2026-03-14,No,1,0,2459
Retail,S003,ST0011_M,2026-03-14,No,1,0,3057
Retail,S003,ST0033_S,2026-03-14,No,3,0,4998
Retail,S003,ST0043_L,2026-03-14,No,4,0,18280
Retail,S003,ST0002_L,2026-03-14,No,4,0,14876
Retail,S003,ST0044_M,2026-03-14,No,4,0,11176
Retail,S003,ST0039_M,2026-03-14,No,4,0,2476
Retail,S004,ST0009_S,2026-03-14,No,3,0,11073
Retail,S004,ST0007_M,2026-03-14,No,4,0,18360
Retail,S004,ST0004_XL,2026-03-14,No,4,0,9208
Retail,S004,ST0025_M,2026-03-14,No,4,0,2508
Retail,S004,ST0022_L,2026-03-14,No,3,0,3318
Retail,S004,ST0013_XL,2026-03-14,No,2,0,9134
Retail,S004,ST0014_XL,2026-03-14,No,4,0,17948
Retail,S004,ST0001_L,2026-03-14,No,2,0,6622
Retail,S004,ST0008_XL,2026-03-14,No,2,0,9998
Retail,S004,ST0046_XL,2026-03-14,No,4,0,10564
Retail,S004,ST0013_M,2026-03-14,No,2,0,8582
Retail,S005,ST0005_S,2026-03-14,No,1,0,4561
Retail,S005,ST0002_XL,2026-03-14,No,2,0,6822
Retail,S005,ST0028_L,2026-03-14,No,3,0,5727
Retail,S005,ST0050_XL,2026-03-14,No,3,0,5544
Retail,S005,ST0048_XL,2026-03-14,No,1,0,2570
Retail,S005,ST0037_S,2026-03-14,No,1,0,504
Retail,S005,ST0034_M,2026-03-14,No,1,0,4236
Retail,S005,ST0012_L,2026-03-14,No,3,0,12831
Retail,S005,ST0045_XL,2026-03-14,No,2,0,7712
Retail,S005,ST0006_XL,2026-03-14,No,4,0,16892
Retail,S005,ST0017_M,2026-03-14,No,3,0,11808
Retail,S005,ST0049_L,2026-03-14,No,1,0,4230
Retail,S005,ST0021_XL,2026-03-14,No,1,0,3920
Retail,S005,ST0028_XL,2026-03-14,No,3,0,13671
Retail,S005,ST0007_S,2026-03-14,No,4,0,14432
Retail,S005,ST0005_M,2026-03-14,No,4,0,15476
Retail,S005,ST0018_L,2026-03-14,No,3,0,4377
Retail,S005,ST0014_L,2026-03-14,No,3,0,5400
Retail,S006,ST0050_XL,2026-03-14,No,3,0,5544
Retail,S006,ST0047_S,2026-03-14,No,3,0,10677
Retail,S006,ST0013_S,2026-03-14,No,4,0,14936
Retail,S006,ST0006_M,2026-03-14,No,3,0,12429
Retail,S006,ST0035_M,2026-03-14,No,3,0,4944
Retail,S006,ST0007_XL,2026-03-14,No,2,0,7340
Retail,S006,ST0001_XL,2026-03-14,No,4,0,7476
Retail,S006,ST0021_S,2026-03-14,No,3,0,9195
Retail,S006,ST0029_M,2026-03-14,No,4,0,14700
Retail,S006,ST0023_L,2026-03-14,No,2,0,1380
Retail,S006,ST0030_XL,2026-03-14,No,2,0,2048
Retail,S006,ST0029_S,2026-03-14,No,3,0,3852
Retail,S006,ST0012_XL,2026-03-14,No,4,0,13476
Retail,S006,ST0006_S,2026-03-14,No,2,0,3032
Retail,S006,ST0016_S,2026-03-14,No,2,0,6470
Retail,S006,ST0001_S,2026-03-14,No,3,0,6882
Retail,S006,ST0015_L,2026-03-14,No,2,0,9992
Retail,S006,ST0041_XL,2026-03-14,No,1,0,2164
Retail,S006,ST0017_XL,2026-03-14,No,4,0,11940
Retail,S006,ST0011_L,2026-03-14,No,2,0,1196
Retail,S007,ST0047_S,2026-03-14,No,1,0,3559
Retail,S007,ST0006_L,2026-03-14,No,1,0,2549
Retail,S007,ST0012_M,2026-03-14,No,2,0,9866
Retail,S007,ST0031_M,2026-03-14,No,1,0,4631
Retail,S007,ST0025_S,2026-03-14,No,1,0,3894
Retail,S007,ST0002_S,2026-03-14,No,2,0,4972
Retail,S007,ST0020_L,2026-03-14,No,1,0,1569
Retail,S007,ST0017_XL,2026-03-14,No,3,0,8955
Retail,S007,ST0017_S,2026-03-14,No,2,0,4386
Retail,S007,ST0016_M,2026-03-14,No,4,0,5816
Retail,S007,ST0004_XL,2026-03-14,No,1,0,2302
Retail,S007,ST0023_S,2026-03-14,No,1,0,1199
Retail,S007,ST0025_XL,2026-03-14,No,1,0,2316
Retail,S007,ST0031_XL,2026-03-14,No,3,0,8604
Retail,S007,ST0019_S,2026-03-14,No,2,0,2630
Retail,S007,ST0029_L,2026-03-14,No,1,0,4841
Retail,S008,ST0037_M,2026-03-14,No,2,0,2752
Retail,S008,ST0039_S,2026-03-14,No,4,0,8728
Retail,S008,ST0024_S,2026-03-14,No,1,0,1480
Retail,S008,ST0019_L,2026-03-14,No,1,0,516
Retail,S008,ST0001_M,2026-03-14,No,1,0,1159
Retail,S008,ST0023_XL,2026-03-14,No,1,0,2800
Retail,S008,ST0043_XL,2026-03-14,No,4,0,7880
Retail,S008,ST0006_M,2026-03-14,No,3,0,12429
Retail,S008,ST0009_L,2026-03-14,No,2,0,8982
Retail,S008,ST0044_XL,2026-03-14,No,2,0,9498
Retail,S008,ST0026_XL,2026-03-14,No,4,0,17452
Retail,S008,ST0008_M,2026-03-14,No,3,0,8265
Retail,S008,ST0042_L,2026-03-14,No,1,0,3349
Retail,S008,ST0005_XL,2026-03-14,No,2,0,2246
Retail,S009,ST0033_M,2026-03-14,No,3,0,9822
Retail,S009,ST0018_M,2026-03-14,No,1,0,725
Retail,S009,ST0030_XL,2026-03-14,No,1,0,1024
Retail,S009,ST0017_M,2026-03-14,No,1,0,3936
Retail,S009,ST0038_L,2026-03-14,No,1,0,1135
Retail,S009,ST0003_S,2026-03-14,No,1,0,2234
Retail,S009,ST0042_L,2026-03-14,No,4,0,13396
Retail,S009,ST0006_S,2026-03-14,No,1,0,1516
Retail,S009,ST0038_M,2026-03-14,No,3,0,14895
Retail,S009,ST0037_XL,2026-03-14,No,4,0,18568
Retail,S009,ST0006_M,2026-03-14,No,3,0,12429
Retail,S009,ST0022_S,2026-03-14,No,2,0,1602
Retail,S009,ST0047_S,2026-03-14,No,1,0,3559
Retail,S009,ST0010_M,2026-03-14,No,2,0,9398
Retail,S010,ST0005_M,2026-03-14,No,4,0,15476
Retail,S010,ST0034_L,2026-03-14,No,2,0,8538
Retail,S010,ST0035_S,2026-03-14,No,3,0,11283
Retail,S010,ST0021_XL,2026-03-14,No,1,0,3920
Retail,S010,ST0017_S,2026-03-14,No,2,0,4386
Retail,S010,ST0023_S,2026-03-14,No,4,0,4796
Retail,S010,ST0020_XL,2026-03-14,No,4,0,15776
Retail,S010,ST0040_L,2026-03-14,No,4,0,2464
Retail,S010,ST0038_L,2026-03-14,No,1,0,1135
Retail,S010,ST0003_XL,2026-03-14,No,1,0,3476
Retail,S010,ST0021_S,2026-03-14,No,3,0,9195
Retail,S010,ST0006_M,2026-03-14,No,1,0,4143
Retail,S010,ST0019_L,2026-03-14,No,3,0,1548
Retail,S010,ST0029_L,2026-03-14,No,2,0,9682
Retail,S010,ST0018_L,2026-03-14,No,1,0,1459
Retail,S010,ST0047_S,2026-03-14,No,1,0,3559
Retail,S001,ST0003_M,2026-03-15,No,2,0,4686
Retail,S001,ST0016_L,2026-03-15,No,2,0,7892
Retail,S001,ST0008_XL,2026-03-15,No,4,0,19996
Retail,S001,ST0013_S,2026-03-15,No,3,0,11202
Retail,S001,ST0006_M,2026-03-15,No,1,0,4143
Retail,S001,ST0050_L,2026-03-15,No,3,0,4545
Retail,S001,ST0035_M,2026-03-15,No,1,0,1648
Retail,S001,ST0044_S,2026-03-15,No,3,0,3240
Retail,S001,ST0006_L,2026-03-15,No,4,0,10196
Retail,S001,ST0025_M,2026-03-15,No,4,0,2508
Retail,S001,ST0004_XL,2026-03-15,No,4,0,9208
Retail,S001,ST0011_S,2026-03-15,No,2,0,7366
Retail,S001,ST0043_M,2026-03-15,No,2,0,7686
Retail,S001,ST0027_M,2026-03-15,No,4,0,13604
Retail,S001,ST0038_L,2026-03-15,No,4,0,4540
Retail,S002,ST0016_M,2026-03-15,No,1,0,1454
Retail,S002,ST0008_S,2026-03-15,No,2,0,4364
Retail,S002,ST0035_XL,2026-03-15,No,1,0,4354
Retail,S002,ST0034_XL,2026-03-15,No,4,0,4296
Retail,S002,ST0021_S,2026-03-15,No,2,0,6130
Retail,S002,ST0003_XL,2026-03-15,No,4,0,13904
Retail,S002,ST0044_S,2026-03-15,No,1,0,1080
Retail,S002,ST0021_XL,2026-03-15,No,4,0,15680
Retail,S002,ST0002_XL,2026-03-15,No,3,0,10233
Retail,S002,ST0011_M,2026-03-15,No,1,0,3057
Retail,S002,ST0026_XL,2026-03-15,No,4,0,17452
Retail,S002,ST0007_S,2026-03-15,No,4,0,14432
Retail,S002,ST0034_L,2026-03-15,No,1,0,4269
Retail,S002,ST0020_L,2026-03-15,No,3,0,4707
Retail,S002,ST0042_XL,2026-03-15,No,3,0,3177
Retail,S002,ST0016_L,2026-03-15,No,2,0,7892
Retail,S003,ST0020_S,2026-03-15,No,1,0,2705
Retail,S003,ST0009_L,2026-03-15,No,1,0,4491
Retail,S003,ST0038_XL,2026-03-15,No,3,0,6579
Retail,S003,ST0043_L,2026-03-15,No,1,0,4570
Retail,S003,ST0009_XL,2026-03-15,No,2,0,4296
Retail,S003,ST0037_XL,2026-03-15,No,2,0,9284
Retail,S003,ST0048_XL,2026-03-15,No,3,0,7710
Retail,S003,ST0050_S,2026-03-15,No,3,0,6393
Retail,S003,ST0005_M,2026-03-15,No,3,0,11607
Retail,S003,ST0022_XL,2026-03-15,No,1,0,3670
Retail,S003,ST0031_M,2026-03-15,No,1,0,4631
Retail,S003,ST0022_M,2026-03-15,No,1,0,4776
Retail,S003,ST0033_XL,2026-03-15,No,4,0,5412
Retail,S003,ST0047_L,2026-03-15,No,1,0,2765
Retail,S004,ST0013_S,2026-03-15,No,1,0,3734
Retail,S004,ST0005_M,2026-03-15,No,1,0,3869
Retail,S004,ST0032_S,2026-03-15,No,1,0,4347
Retail,S004,ST0006_L,2026-03-15,No,2,0,5098
Retail,S004,ST0009_S,2026-03-15,No,2,0,7382
Retail,S004,ST0016_XL,2026-03-15,No,1,0,1545
Retail,S004,ST0028_M,2026-03-15,No,1,0,3037
Retail,S004,ST0007_S,2026-03-15,No,4,0,14432
Retail,S004,ST0024_XL,2026-03-15,No,3,0,11481
Retail,S004,ST0042_M,2026-03-15,No,2,0,2024
Retail,S004,ST0044_XL,2026-03-15,No,2,0,9498
Retail,S004,ST0025_L,2026-03-15,No,4,0,10260
Retail,S004,ST0050_L,2026-03-15,No,2,0,3030
Retail,S004,ST0020_S,2026-03-15,No,1,0,2705
Retail,S005,ST0010_S,2026-03-15,No,3,0,5835
Retail,S005,ST0022_S,2026-03-15,No,2,0,1602
Retail,S005,ST0042_S,2026-03-15,No,4,0,6324
Retail,S005,ST0039_L,2026-03-15,No,1,0,1330
Retail,S005,ST0013_XL,2026-03-15,No,3,0,13701
Retail,S005,ST0016_L,2026-03-15,No,4,0,15784
Retail,S005,ST0007_XL,2026-03-15,No,2,0,7340
Retail,S005,ST0020_XL,2026-03-15,No,3,0,11832
Retail,S005,ST0005_L,2026-03-15,No,2,0,1524
Retail,S005,ST0012_S,2026-03-15,No,3,0,10383
Retail,S005,ST0030_S,2026-03-15,No,3,0,3111
Retail,S005,ST0038_S,2026-03-15,No,3,0,14592
Retail,S005,ST0029_M,2026-03-15,No,2,0,7350
Retail,S005,ST0019_M,2026-03-15,No,3,0,10860
Retail,S006,ST0028_S,2026-03-15,No,3,0,1962
Retail,S006,ST0009_L,2026-03-15,No,1,0,4491
Retail,S006,ST0030_S,2026-03-15,No,2,0,2074
Retail,S006,ST0047_L,2026-03-15,No,3,0,8295
Retail,S006,ST0026_L,2026-03-15,No,1,0,3233
Retail,S006,ST0050_S,2026-03-15,No,1,0,2131
Retail,S006,ST0016_M,2026-03-15,No,2,0,2908
Retail,S006,ST0031_M,2026-03-15,No,3,0,13893
Retail,S006,ST0031_XL,2026-03-15,No,1,0,2868
Retail,S006,ST0046_M,2026-03-15,No,4,0,6972
Retail,S006,ST0011_S,2026-03-15,No,3,0,11049
Retail,S006,ST0004_S,2026-03-15,No,2,0,4918
Retail,S006,ST0044_L,2026-03-15,No,4,0,14588
Retail,S006,ST0016_L,2026-03-15,No,2,0,7892
Retail,S006,ST0025_M,2026-03-15,No,2,0,1254
Retail,S006,ST0013_M,2026-03-15,No,1,0,4291
Retail,S007,ST0014_XL,2026-03-15,No,3,0,13461
Retail,S007,ST0048_M,2026-03-15,No,3,0,6771
Retail,S007,ST0008_M,2026-03-15,No,4,0,11020
Retail,S007,ST0042_XL,2026-03-15,No,1,0,1059
Retail,S007,ST0031_S,2026-03-15,No,1,0,3450
Retail,S007,ST0002_L,2026-03-15,No,1,0,3719
Retail,S007,ST0041_L,2026-03-15,No,2,0,3024
Retail,S007,ST0027_M,2026-03-15,No,1,0,3401
Retail,S007,ST0024_L,2026-03-15,No,1,0,1684
Retail,S007,ST0043_XL,2026-03-15,No,1,0,1970
Retail,S007,ST0015_S,2026-03-15,No,2,0,4054
Retail,S007,ST0040_M,2026-03-15,No,1,0,1240
Retail,S007,ST0004_S,2026-03-15,No,4,0,9836
Retail,S007,ST0008_L,2026-03-15,No,2,0,3308
Retail,S007,ST0039_S,2026-03-15,No,3,0,6546
Retail,S008,ST0014_L,2026-03-15,No,4,0,7200
Retail,S008,ST0030_S,2026-03-15,No,3,0,3111
Retail,S008,ST0038_L,2026-03-15,No,4,0,4540
Retail,S008,ST0009_XL,2026-03-15,No,1,0,2148
Retail,S008,ST0001_L,2026-03-15,No,1,0,3311
Retail,S008,ST0050_M,2026-03-15,No,4,0,13264
Retail,S008,ST0044_S,2026-03-15,No,2,0,2160
Retail,S008,ST0049_M,2026-03-15,No,3,0,11253
Retail,S008,ST0037_M,2026-03-15,No,3,0,4128
Retail,S008,ST0008_S,2026-03-15,No,3,0,6546
Retail,S008,ST0013_M,2026-03-15,No,4,0,17164
Retail,S008,ST0030_XL,2026-03-15,No,4,0,4096
Retail,S008,ST0015_L,2026-03-15,No,2,0,9992
Retail,S009,ST0002_XL,2026-03-15,No,4,0,13644
Retail,S009,ST0024_M,2026-03-15,No,1,0,3475
Retail,S009,ST0019_XL,2026-03-15,No,1,0,1743
Retail,S009,ST0031_M,2026-03-15,No,3,0,13893
Retail,S009,ST0020_S,2026-03-15,No,1,0,2705
Retail,S009,ST0014_L,2026-03-15,No,2,0,3600
Retail,S009,ST0032_XL,2026-03-15,No,2,0,2942
Retail,S009,ST0006_M,2026-03-15,No,1,0,4143
Retail,S009,ST0030_M,2026-03-15,No,3,0,7023
Retail,S009,ST0038_XL,2026-03-15,No,3,0,6579
Retail,S009,ST0043_L,2026-03-15,No,1,0,4570
Retail,S009,ST0042_S,2026-03-15,No,1,0,1581
Retail,S009,ST0041_M,2026-03-15,No,3,0,7293
Retail,S009,ST0044_L,2026-03-15,No,3,0,10941
Retail,S009,ST0004_M,2026-03-15,No,4,0,11540
Retail,S009,ST0033_M,2026-03-15,No,2,0,6548
Retail,S010,ST0037_XL,2026-03-15,No,3,0,13926
Retail,S010,ST0041_M,2026-03-15,No,3,0,7293
Retail,S010,ST0030_L,2026-03-15,No,3,0,8865
Retail,S010,ST0023_XL,2026-03-15,No,3,0,8400
Retail,S010,ST0044_M,2026-03-15,No,1,0,2794
Retail,S010,ST0030_S,2026-03-15,No,4,0,4148
Retail,S010,ST0031_S,2026-03-15,No,1,0,3450
Retail,S010,ST0027_L,2026-03-15,No,1,0,2186
Retail,S010,ST0041_S,2026-03-15,No,2,0,3300
Retail,S010,ST0025_L,2026-03-15,No,3,0,7695
Retail,S010,ST0014_L,2026-03-15,No,3,0,5400
Retail,S010,ST0004_XL,2026-03-15,No,3,0,6906
Retail,S010,ST0026_S,2026-03-15,No,2,0,2138
Retail,S010,ST0009_S,2026-03-15,No,4,0,14764
Retail,S010,ST0047_L,2026-03-15,No,3,0,8295
Retail,S010,ST0039_M,2026-03-15,No,2,0,1238
Retail,S001,ST0038_XL,2026-03-16,No,4,0,8772
Retail,S001,ST0042_S,2026-03-16,No,1,0,1581
Retail,S001,ST0005_S,2026-03-16,No,2,0,9122
Retail,S001,ST0009_L,2026-03-16,No,2,0,8982
Retail,S001,ST0047_M,2026-03-16,No,4,0,13836
Retail,S001,ST0026_S,2026-03-16,No,2,0,2138
Retail,S001,ST0003_S,2026-03-16,No,3,0,6702
Retail,S001,ST0050_S,2026-03-16,No,4,0,8524
Retail,S001,ST0021_S,2026-03-16,No,1,0,3065
Retail,S001,ST0024_XL,2026-03-16,No,4,0,15308
Retail,S001,ST0032_M,2026-03-16,No,3,0,14985
Retail,S001,ST0001_XL,2026-03-16,No,1,0,1869
Retail,S001,ST0015_XL,2026-03-16,No,4,0,14416
Retail,S001,ST0019_M,2026-03-16,No,3,0,10860
Retail,S001,ST0013_S,2026-03-16,No,1,0,3734
Retail,S002,ST0001_XL,2026-03-16,No,2,0,3738
Retail,S002,ST0003_L,2026-03-16,No,1,0,988
Retail,S002,ST0043_XL,2026-03-16,No,3,0,5910
Retail,S002,ST0005_L,2026-03-16,No,3,0,2286
Retail,S002,ST0048_M,2026-03-16,No,3,0,6771
Retail,S002,ST0008_S,2026-03-16,No,1,0,2182
Retail,S002,ST0040_XL,2026-03-16,No,3,0,10014
Retail,S002,ST0034_L,2026-03-16,No,1,0,4269
Retail,S002,ST0010_S,2026-03-16,No,3,0,5835
Retail,S002,ST0046_M,2026-03-16,No,3,0,5229
Retail,S002,ST0001_L,2026-03-16,No,3,0,9933
Retail,S002,ST0049_S,2026-03-16,No,1,0,3349
Retail,S002,ST0025_M,2026-03-16,No,2,0,1254
Retail,S002,ST0042_S,2026-03-16,No,1,0,1581
Retail,S003,ST0034_S,2026-03-16,No,2,0,9292
Retail,S003,ST0018_XL,2026-03-16,No,1,0,3567
Retail,S003,ST0005_M,2026-03-16,No,4,0,15476
Retail,S003,ST0037_M,2026-03-16,No,3,0,4128
Retail,S003,ST0035_M,2026-03-16,No,2,0,3296
Retail,S003,ST0035_S,2026-03-16,No,4,0,15044
Retail,S003,ST0009_L,2026-03-16,No,3,0,13473
Retail,S003,ST0044_M,2026-03-16,No,4,0,11176
Retail,S003,ST0032_S,2026-03-16,No,4,0,17388
Retail,S003,ST0004_S,2026-03-16,No,4,0,9836
Retail,S003,ST0008_XL,2026-03-16,No,1,0,4999
Retail,S003,ST0015_M,2026-03-16,No,4,0,6872
Retail,S003,ST0004_M,2026-03-16,No,1,0,2885
Retail,S003,ST0014_L,2026-03-16,No,3,0,5400
Retail,S003,ST0015_S,2026-03-16,No,2,0,4054
Retail,S004,ST0027_S,2026-03-16,No,4,0,18056
Retail,S004,ST0041_M,2026-03-16,No,3,0,7293
Retail,S004,ST0012_S,2026-03-16,No,1,0,3461
Retail,S004,ST0007_S,2026-03-16,No,1,0,3608
Retail,S004,ST0042_XL,2026-03-16,No,4,0,4236
Retail,S004,ST0021_L,2026-03-16,No,4,0,11308
Retail,S004,ST0042_M,2026-03-16,No,3,0,3036
Retail,S004,ST0016_S,2026-03-16,No,4,0,12940
Retail,S004,ST0041_XL,2026-03-16,No,2,0,4328
Retail,S004,ST0037_M,2026-03-16,No,3,0,4128
Retail,S004,ST0043_L,2026-03-16,No,1,0,4570
Retail,S004,ST0013_XL,2026-03-16,No,2,0,9134
Retail,S004,ST0041_L,2026-03-16,No,1,0,1512
Retail,S004,ST0031_XL,2026-03-16,No,4,0,11472
Retail,S004,ST0027_XL,2026-03-16,No,4,0,14036
Retail,S005,ST0007_S,2026-03-16,No,1,0,3608
Retail,S005,ST0043_L,2026-03-16,No,2,0,9140
Retail,S005,ST0001_M,2026-03-16,No,1,0,1159
Retail,S005,ST0030_M,2026-03-16,No,3,0,7023
Retail,S005,ST0042_M,2026-03-16,No,3,0,3036
Retail,S005,ST0008_S,2026-03-16,No,1,0,2182
Retail,S005,ST0046_L,2026-03-16,No,4,0,14472
Retail,S005,ST0006_XL,2026-03-16,No,2,0,8446
Retail,S005,ST0039_M,2026-03-16,No,1,0,619
Retail,S005,ST0005_S,2026-03-16,No,2,0,9122
Retail,S005,ST0043_M,2026-03-16,No,2,0,7686
Retail,S005,ST0041_L,2026-03-16,No,1,0,1512
Retail,S005,ST0006_L,2026-03-16,No,3,0,7647
Retail,S005,ST0007_L,2026-03-16,No,2,0,5112
Retail,S005,ST0020_L,2026-03-16,No,1,0,1569
Retail,S005,ST0003_M,2026-03-16,No,2,0,4686
Retail,S005,ST0001_S,2026-03-16,No,1,0,2294
Retail,S006,ST0020_XL,2026-03-16,No,1,0,3944
Retail,S006,ST0007_S,2026-03-16,No,4,0,14432
Retail,S006,ST0036_L,2026-03-16,No,4,0,14496
Retail,S006,ST0021_L,2026-03-16,No,1,0,2827
Retail,S006,ST0038_L,2026-03-16,No,1,0,1135
Retail,S006,ST0005_S,2026-03-16,No,4,0,18244
Retail,S006,ST0018_L,2026-03-16,No,2,0,2918
Retail,S006,ST0016_L,2026-03-16,No,1,0,3946
Retail,S006,ST0018_XL,2026-03-16,No,4,0,14268
Retail,S006,ST0030_M,2026-03-16,No,1,0,2341
Retail,S006,ST0018_M,2026-03-16,No,1,0,725
Retail,S006,ST0015_L,2026-03-16,No,4,0,19984
Retail,S006,ST0012_L,2026-03-16,No,4,0,17108
Retail,S006,ST0046_L,2026-03-16,No,1,0,3618
Retail,S006,ST0024_S,2026-03-16,No,2,0,2960
Retail,S007,ST0006_S,2026-03-16,No,1,0,1516
Retail,S007,ST0041_L,2026-03-16,No,4,0,6048
Retail,S007,ST0029_XL,2026-03-16,No,4,0,13224
Retail,S007,ST0035_M,2026-03-16,No,2,0,3296
Retail,S007,ST0002_L,2026-03-16,No,2,0,7438
Retail,S007,ST0008_XL,2026-03-16,No,4,0,19996
Retail,S007,ST0024_S,2026-03-16,No,2,0,2960
Retail,S007,ST0001_S,2026-03-16,No,1,0,2294
Retail,S007,ST0001_L,2026-03-16,No,3,0,9933
Retail,S007,ST0011_M,2026-03-16,No,4,0,12228
Retail,S007,ST0045_L,2026-03-16,No,3,0,9732
Retail,S007,ST0014_M,2026-03-16,No,2,0,9986
Retail,S007,ST0011_L,2026-03-16,No,1,0,598
Retail,S007,ST0021_L,2026-03-16,No,2,0,5654
Retail,S007,ST0028_XL,2026-03-16,No,4,0,18228
Retail,S007,ST0027_M,2026-03-16,No,3,0,10203
Retail,S008,ST0034_XL,2026-03-16,No,1,0,1074
Retail,S008,ST0038_XL,2026-03-16,No,3,0,6579
Retail,S008,ST0023_XL,2026-03-16,No,4,0,11200
Retail,S008,ST0006_XL,2026-03-16,No,2,0,8446
Retail,S008,ST0033_S,2026-03-16,No,4,0,6664
Retail,S008,ST0013_S,2026-03-16,No,3,0,11202
Retail,S008,ST0015_S,2026-03-16,No,3,0,6081
Retail,S008,ST0039_XL,2026-03-16,No,3,0,12525
Retail,S008,ST0046_S,2026-03-16,No,4,0,18180
Retail,S008,ST0030_XL,2026-03-16,No,3,0,3072
Retail,S008,ST0050_XL,2026-03-16,No,3,0,5544
Retail,S008,ST0028_XL,2026-03-16,No,1,0,4557
Retail,S008,ST0009_S,2026-03-16,No,3,0,11073
Retail,S008,ST0033_M,2026-03-16,No,1,0,3274
Retail,S009,ST0001_XL,2026-03-16,No,1,0,1869
Retail,S009,ST0001_S,2026-03-16,No,4,0,9176
Retail,S009,ST0027_S,2026-03-16,No,1,0,4514
Retail,S009,ST0021_L,2026-03-16,No,4,0,11308
Retail,S009,ST0006_XL,2026-03-16,No,3,0,12669
Retail,S009,ST0026_S,2026-03-16,No,4,0,4276
Retail,S009,ST0025_L,2026-03-16,No,2,0,5130
Retail,S009,ST0043_M,2026-03-16,No,1,0,3843
Retail,S009,ST0012_L,2026-03-16,No,4,0,17108
Retail,S009,ST0035_XL,2026-03-16,No,4,0,17416
Retail,S009,ST0025_M,2026-03-16,No,1,0,627
Retail,S009,ST0047_M,2026-03-16,No,1,0,3459
Retail,S009,ST0039_L,2026-03-16,No,3,0,3990
Retail,S010,ST0035_XL,2026-03-16,No,3,0,13062
Retail,S010,ST0040_L,2026-03-16,No,4,0,2464
Retail,S010,ST0013_M,2026-03-16,No,3,0,12873
Retail,S010,ST0026_L,2026-03-16,No,4,0,12932
Retail,S010,ST0023_XL,2026-03-16,No,2,0,5600
Retail,S010,ST0043_XL,2026-03-16,No,1,0,1970
Retail,S010,ST0033_L,2026-03-16,No,1,0,2482
Retail,S010,ST0033_XL,2026-03-16,No,1,0,1353
Retail,S010,ST0039_M,2026-03-16,No,2,0,1238
Retail,S010,ST0013_XL,2026-03-16,No,2,0,9134
Retail,S010,ST0036_S,2026-03-16,No,3,0,8973
Retail,S010,ST0043_M,2026-03-16,No,3,0,11529
Retail,S010,ST0049_S,2026-03-16,No,2,0,6698
Retail,S010,ST0029_L,2026-03-16,No,2,0,9682
Retail,S010,ST0044_L,2026-03-16,No,3,0,10941
Retail,S001,ST0008_L,2026-03-17,No,1,0,1654
Retail,S001,ST0015_S,2026-03-17,No,2,0,4054
Retail,S001,ST0037_XL,2026-03-17,No,3,0,13926
Retail,S001,ST0008_M,2026-03-17,No,3,0,8265
Retail,S001,ST0046_S,2026-03-17,No,1,0,4545
Retail,S001,ST0033_L,2026-03-17,No,4,0,9928
Retail,S001,ST0012_L,2026-03-17,No,2,0,8554
Retail,S001,ST0042_M,2026-03-17,No,1,0,1012
Retail,S001,ST0019_L,2026-03-17,No,3,0,1548
Retail,S001,ST0018_M,2026-03-17,No,2,0,1450
Retail,S001,ST0039_L,2026-03-17,No,4,0,5320
Retail,S001,ST0040_L,2026-03-17,No,2,0,1232
Retail,S001,ST0003_XL,2026-03-17,No,1,0,3476
Retail,S001,ST0021_M,2026-03-17,No,2,0,3120
Retail,S001,ST0009_XL,2026-03-17,No,3,0,6444
Retail,S002,ST0008_L,2026-03-17,No,4,0,6616
Retail,S002,ST0024_M,2026-03-17,No,2,0,6950
Retail,S002,ST0033_S,2026-03-17,No,2,0,3332
Retail,S002,ST0027_S,2026-03-17,No,1,0,4514
Retail,S002,ST0032_M,2026-03-17,No,3,0,14985
Retail,S002,ST0044_S,2026-03-17,No,1,0,1080
Retail,S002,ST0032_XL,2026-03-17,No,2,0,2942
Retail,S002,ST0019_XL,2026-03-17,No,1,0,1743
Retail,S002,ST0018_L,2026-03-17,No,3,0,4377
Retail,S002,ST0043_M,2026-03-17,No,3,0,11529
Retail,S002,ST0036_S,2026-03-17,No,2,0,5982
Retail,S002,ST0005_M,2026-03-17,No,1,0,3869
Retail,S003,ST0049_L,2026-03-17,No,4,0,16920
Retail,S003,ST0036_M,2026-03-17,No,2,0,6320
Retail,S003,ST0019_M,2026-03-17,No,4,0,14480
Retail,S003,ST0030_L,2026-03-17,No,4,0,11820
Retail,S003,ST0014_S,2026-03-17,No,3,0,1980
Retail,S003,ST0028_L,2026-03-17,No,4,0,7636
Retail,S003,ST0014_L,2026-03-17,No,4,0,7200
Retail,S003,ST0049_XL,2026-03-17,No,2,0,5978
Retail,S003,ST0013_S,2026-03-17,No,4,0,14936
Retail,S003,ST0024_XL,2026-03-17,No,1,0,3827
Retail,S003,ST0050_XL,2026-03-17,No,4,0,7392
Retail,S003,ST0012_L,2026-03-17,No,4,0,17108
Retail,S003,ST0041_XL,2026-03-17,No,2,0,4328
Retail,S003,ST0043_M,2026-03-17,No,2,0,7686
Retail,S004,ST0005_XL,2026-03-17,No,4,0,4492
Retail,S004,ST0015_L,2026-03-17,No,3,0,14988
Retail,S004,ST0019_XL,2026-03-17,No,3,0,5229
Retail,S004,ST0034_S,2026-03-17,No,1,0,4646
Retail,S004,ST0014_S,2026-03-17,No,4,0,2640
Retail,S004,ST0034_M,2026-03-17,No,3,0,12708
Retail,S004,ST0012_S,2026-03-17,No,1,0,3461
Retail,S004,ST0008_M,2026-03-17,No,3,0,8265
Retail,S004,ST0031_XL,2026-03-17,No,4,0,11472
Retail,S004,ST0009_S,2026-03-17,No,3,0,11073
Retail,S004,ST0038_L,2026-03-17,No,2,0,2270
Retail,S004,ST0049_S,2026-03-17,No,1,0,3349
Retail,S004,ST0040_L,2026-03-17,No,2,0,1232
Retail,S005,ST0031_S,2026-03-17,No,1,0,3450
Retail,S005,ST0006_XL,2026-03-17,No,2,0,8446
Retail,S005,ST0017_XL,2026-03-17,No,4,0,11940
Retail,S005,ST0038_L,2026-03-17,No,1,0,1135
Retail,S005,ST0008_XL,2026-03-17,No,1,0,4999
Retail,S005,ST0004_L,2026-03-17,No,2,0,6838
Retail,S005,ST0008_L,2026-03-17,No,3,0,4962
Retail,S005,ST0050_M,2026-03-17,No,2,0,6632
Retail,S005,ST0001_M,2026-03-17,No,3,0,3477
Retail,S005,ST0028_XL,2026-03-17,No,3,0,13671
Retail,S006,ST0034_XL,2026-03-17,No,2,0,2148
Retail,S006,ST0046_XL,2026-03-17,No,4,0,10564
Retail,S006,ST0023_M,2026-03-17,No,1,0,1639
Retail,S006,ST0005_L,2026-03-17,No,1,0,762
Retail,S006,ST0019_XL,2026-03-17,No,2,0,3486
Retail,S006,ST0019_M,2026-03-17,No,4,0,14480
Retail,S006,ST0029_L,2026-03-17,No,1,0,4841
Retail,S006,ST0035_S,2026-03-17,No,4,0,15044
Retail,S006,ST0050_L,2026-03-17,No,4,0,6060
Retail,S006,ST0015_S,2026-03-17,No,1,0,2027
Retail,S006,ST0003_L,2026-03-17,No,4,0,3952
Retail,S006,ST0008_L,2026-03-17,No,1,0,1654
Retail,S006,ST0003_S,2026-03-17,No,3,0,6702
Retail,S006,ST0006_XL,2026-03-17,No,4,0,16892
Retail,S006,ST0036_S,2026-03-17,No,3,0,8973
Retail,S007,ST0033_S,2026-03-17,No,3,0,4998
Retail,S007,ST0019_S,2026-03-17,No,4,0,5260
Retail,S007,ST0024_XL,2026-03-17,No,3,0,11481
Retail,S007,ST0040_S,2026-03-17,No,1,0,1869
Retail,S007,ST0018_L,2026-03-17,No,3,0,4377
Retail,S007,ST0048_XL,2026-03-17,No,1,0,2570
Retail,S007,ST0027_S,2026-03-17,No,4,0,18056
Retail,S007,ST0018_XL,2026-03-17,No,4,0,14268
Retail,S007,ST0002_M,2026-03-17,No,3,0,1938
Retail,S007,ST0016_XL,2026-03-17,No,1,0,1545
Retail,S007,ST0022_S,2026-03-17,No,4,0,3204
Retail,S007,ST0018_S,2026-03-17,No,4,0,15416
Retail,S007,ST0030_XL,2026-03-17,No,4,0,4096
Retail,S007,ST0021_S,2026-03-17,No,2,0,6130
Retail,S008,ST0012_XL,2026-03-17,No,4,0,13476
Retail,S008,ST0028_XL,2026-03-17,No,1,0,4557
Retail,S008,ST0035_L,2026-03-17,No,1,0,2215
Retail,S008,ST0046_XL,2026-03-17,No,2,0,5282
Retail,S008,ST0021_XL,2026-03-17,No,1,0,3920
Retail,S008,ST0015_M,2026-03-17,No,4,0,6872
Retail,S008,ST0030_S,2026-03-17,No,3,0,3111
Retail,S008,ST0047_XL,2026-03-17,No,1,0,2979
Retail,S008,ST0012_S,2026-03-17,No,2,0,6922
Retail,S008,ST0008_XL,2026-03-17,No,2,0,9998
Retail,S008,ST0047_L,2026-03-17,No,3,0,8295
Retail,S008,ST0037_XL,2026-03-17,No,4,0,18568
Retail,S008,ST0019_S,2026-03-17,No,2,0,2630
Retail,S008,ST0029_XL,2026-03-17,No,1,0,3306
Retail,S008,ST0001_M,2026-03-17,No,3,0,3477
Retail,S009,ST0046_L,2026-03-17,No,4,0,14472
Retail,S009,ST0031_L,2026-03-17,No,1,0,4615
Retail,S009,ST0007_XL,2026-03-17,No,2,0,7340
Retail,S009,ST0007_L,2026-03-17,No,3,0,7668
Retail,S009,ST0027_M,2026-03-17,No,1,0,3401
Retail,S009,ST0040_M,2026-03-17,No,1,0,1240
Retail,S009,ST0039_XL,2026-03-17,No,3,0,12525
Retail,S009,ST0025_L,2026-03-17,No,2,0,5130
Retail,S009,ST0045_XL,2026-03-17,No,2,0,7712
Retail,S009,ST0004_L,2026-03-17,No,1,0,3419
Retail,S009,ST0031_M,2026-03-17,No,1,0,4631
Retail,S009,ST0010_M,2026-03-17,No,1,0,4699
Retail,S009,ST0046_XL,2026-03-17,No,4,0,10564
Retail,S009,ST0002_XL,2026-03-17,No,2,0,6822
Retail,S009,ST0015_M,2026-03-17,No,2,0,3436
Retail,S009,ST0043_XL,2026-03-17,No,3,0,5910
Retail,S010,ST0023_XL,2026-03-17,No,3,0,8400
Retail,S010,ST0034_L,2026-03-17,No,3,0,12807
Retail,S010,ST0050_XL,2026-03-17,No,4,0,7392
Retail,S010,ST0041_M,2026-03-17,No,2,0,4862
Retail,S010,ST0028_M,2026-03-17,No,3,0,9111
Retail,S010,ST0008_M,2026-03-17,No,1,0,2755
Retail,S010,ST0008_S,2026-03-17,No,1,0,2182
Retail,S010,ST0046_M,2026-03-17,No,1,0,1743
Retail,S010,ST0014_S,2026-03-17,No,3,0,1980
Retail,S010,ST0044_M,2026-03-17,No,4,0,11176
Retail,S010,ST0045_L,2026-03-17,No,1,0,3244
Retail,S010,ST0032_M,2026-03-17,No,1,0,4995
Retail,S010,ST0010_M,2026-03-17,No,2,0,9398
Retail,S010,ST0048_L,2026-03-17,No,2,0,9904
Retail,S010,ST0025_L,2026-03-17,No,2,0,5130
Retail,S010,ST0024_XL,2026-03-17,No,3,0,11481
Retail,S001,ST0038_S,2026-03-18,No,1,0,4864
Retail,S001,ST0033_M,2026-03-18,No,1,0,3274
Retail,S001,ST0008_XL,2026-03-18,No,3,0,14997
Retail,S001,ST0042_S,2026-03-18,No,4,0,6324
Retail,S001,ST0043_S,2026-03-18,No,4,0,16688
Retail,S001,ST0042_L,2026-03-18,No,1,0,3349
Retail,S001,ST0029_L,2026-03-18,No,3,0,14523
Retail,S001,ST0010_XL,2026-03-18,No,4,0,3012
Retail,S001,ST0002_L,2026-03-18,No,3,0,11157
Retail,S001,ST0025_XL,2026-03-18,No,3,0,6948
Retail,S001,ST0013_S,2026-03-18,No,3,0,11202
Retail,S001,ST0030_S,2026-03-18,No,1,0,1037
Retail,S001,ST0016_M,2026-03-18,No,3,0,4362
Retail,S001,ST0029_S,2026-03-18,No,2,0,2568
Retail,S001,ST0023_L,2026-03-18,No,2,0,1380
Retail,S001,ST0020_M,2026-03-18,No,1,0,3024
Retail,S001,ST0044_XL,2026-03-18,No,2,0,9498
Retail,S001,ST0019_L,2026-03-18,No,1,0,516
Retail,S002,ST0032_S,2026-03-18,No,2,0,8694
Retail,S002,ST0034_L,2026-03-18,No,3,0,12807
Retail,S002,ST0044_L,2026-03-18,No,3,0,10941
Retail,S002,ST0032_L,2026-03-18,No,3,0,9603
Retail,S002,ST0029_L,2026-03-18,No,3,0,14523
Retail,S002,ST0023_L,2026-03-18,No,1,0,690
Retail,S002,ST0036_XL,2026-03-18,No,1,0,3551
Retail,S002,ST0027_S,2026-03-18,No,2,0,9028
Retail,S002,ST0022_XL,2026-03-18,No,2,0,7340
Retail,S002,ST0026_L,2026-03-18,No,1,0,3233
Retail,S002,ST0039_M,2026-03-18,No,2,0,1238
Retail,S002,ST0046_L,2026-03-18,No,1,0,3618
Retail,S003,ST0024_XL,2026-03-18,No,4,0,15308
Retail,S003,ST0044_M,2026-03-18,No,3,0,8382
Retail,S003,ST0025_XL,2026-03-18,No,2,0,4632
Retail,S003,ST0012_XL,2026-03-18,No,4,0,13476
Retail,S003,ST0047_M,2026-03-18,No,2,0,6918
Retail,S003,ST0024_L,2026-03-18,No,2,0,3368
Retail,S003,ST0039_M,2026-03-18,No,1,0,619
Retail,S003,ST0028_S,2026-03-18,No,2,0,1308
Retail,S003,ST0024_M,2026-03-18,No,3,0,10425
Retail,S003,ST0027_S,2026-03-18,No,4,0,18056
Retail,S003,ST0022_S,2026-03-18,No,4,0,3204
Retail,S003,ST0018_S,2026-03-18,No,1,0,3854
Retail,S003,ST0010_M,2026-03-18,No,2,0,9398
Retail,S003,ST0046_S,2026-03-18,No,4,0,18180
Retail,S003,ST0023_L,2026-03-18,No,1,0,690
Retail,S003,ST0041_L,2026-03-18,No,3,0,4536
Retail,S003,ST0029_S,2026-03-18,No,4,0,5136
Retail,S004,ST0016_M,2026-03-18,No,3,0,4362
Retail,S004,ST0002_XL,2026-03-18,No,2,0,6822
Retail,S004,ST0020_XL,2026-03-18,No,2,0,7888
Retail,S004,ST0001_M,2026-03-18,No,3,0,3477
Retail,S004,ST0034_XL,2026-03-18,No,4,0,4296
Retail,S004,ST0014_XL,2026-03-18,No,1,0,4487
Retail,S004,ST0001_S,2026-03-18,No,1,0,2294
Retail,S004,ST0022_M,2026-03-18,No,3,0,14328
Retail,S004,ST0007_L,2026-03-18,No,4,0,10224
Retail,S004,ST0009_S,2026-03-18,No,2,0,7382
Retail,S004,ST0049_S,2026-03-18,No,3,0,10047
Retail,S004,ST0025_L,2026-03-18,No,3,0,7695
Retail,S004,ST0013_XL,2026-03-18,No,2,0,9134
Retail,S004,ST0030_L,2026-03-18,No,3,0,8865
Retail,S004,ST0047_XL,2026-03-18,No,2,0,5958
Retail,S005,ST0030_XL,2026-03-18,No,3,0,3072
Retail,S005,ST0039_M,2026-03-18,No,1,0,619
Retail,S005,ST0009_M,2026-03-18,No,1,0,2196
Retail,S005,ST0045_M,2026-03-18,No,4,0,16024
Retail,S005,ST0022_S,2026-03-18,No,1,0,801
Retail,S005,ST0025_S,2026-03-18,No,2,0,7788
Retail,S005,ST0022_L,2026-03-18,No,3,0,3318
Retail,S005,ST0017_M,2026-03-18,No,3,0,11808
Retail,S005,ST0037_L,2026-03-18,No,1,0,1491
Retail,S005,ST0008_L,2026-03-18,No,3,0,4962
Retail,S005,ST0035_M,2026-03-18,No,3,0,4944
Retail,S005,ST0025_XL,2026-03-18,No,3,0,6948
Retail,S005,ST0050_L,2026-03-18,No,2,0,3030
Retail,S005,ST0016_XL,2026-03-18,No,2,0,3090
Retail,S005,ST0043_L,2026-03-18,No,4,0,18280
Retail,S006,ST0006_XL,2026-03-18,No,2,0,8446
Retail,S006,ST0012_L,2026-03-18,No,2,0,8554
Retail,S006,ST0030_L,2026-03-18,No,2,0,5910
Retail,S006,ST0041_L,2026-03-18,No,1,0,1512
Retail,S006,ST0034_L,2026-03-18,No,2,0,8538
Retail,S006,ST0015_S,2026-03-18,No,3,0,6081
Retail,S006,ST0014_M,2026-03-18,No,1,0,4993
Retail,S006,ST0010_M,2026-03-18,No,2,0,9398
Retail,S006,ST0023_S,2026-03-18,No,1,0,1199
Retail,S006,ST0033_S,2026-03-18,No,1,0,1666
Retail,S006,ST0002_S,2026-03-18,No,2,0,4972
Retail,S006,ST0034_XL,2026-03-18,No,3,0,3222
Retail,S006,ST0009_L,2026-03-18,No,3,0,13473
Retail,S006,ST0047_M,2026-03-18,No,4,0,13836
Retail,S006,ST0014_L,2026-03-18,No,4,0,7200
Retail,S007,ST0002_M,2026-03-18,No,2,0,1292
Retail,S007,ST0047_XL,2026-03-18,No,4,0,11916
Retail,S007,ST0043_XL,2026-03-18,No,3,0,5910
Retail,S007,ST0044_XL,2026-03-18,No,3,0,14247
Retail,S007,ST0045_XL,2026-03-18,No,2,0,7712
Retail,S007,ST0037_M,2026-03-18,No,3,0,4128
Retail,S007,ST0032_M,2026-03-18,No,2,0,9990
Retail,S007,ST0004_L,2026-03-18,No,4,0,13676
Retail,S007,ST0011_M,2026-03-18,No,4,0,12228
Retail,S007,ST0050_S,2026-03-18,No,2,0,4262
Retail,S007,ST0004_S,2026-03-18,No,2,0,4918
Retail,S007,ST0028_L,2026-03-18,No,4,0,7636
Retail,S007,ST0003_XL,2026-03-18,No,4,0,13904
Retail,S007,ST0030_M,2026-03-18,No,3,0,7023
Retail,S008,ST0026_XL,2026-03-18,No,3,0,13089
Retail,S008,ST0011_M,2026-03-18,No,1,0,3057
Retail,S008,ST0043_M,2026-03-18,No,1,0,3843
Retail,S008,ST0049_L,2026-03-18,No,3,0,12690
Retail,S008,ST0027_L,2026-03-18,No,2,0,4372
Retail,S008,ST0015_XL,2026-03-18,No,3,0,10812
Retail,S008,ST0019_S,2026-03-18,No,1,0,1315
Retail,S008,ST0044_XL,2026-03-18,No,1,0,4749
Retail,S008,ST0002_M,2026-03-18,No,4,0,2584
Retail,S008,ST0043_S,2026-03-18,No,3,0,12516
Retail,S008,ST0029_S,2026-03-18,No,3,0,3852
Retail,S008,ST0046_L,2026-03-18,No,3,0,10854
Retail,S008,ST0023_M,2026-03-18,No,1,0,1639
Retail,S008,ST0037_XL,2026-03-18,No,4,0,18568
Retail,S008,ST0001_XL,2026-03-18,No,4,0,7476
Retail,S008,ST0034_XL,2026-03-18,No,3,0,3222
Retail,S008,ST0012_S,2026-03-18,No,3,0,10383
Retail,S009,ST0050_M,2026-03-18,No,3,0,9948
Retail,S009,ST0028_XL,2026-03-18,No,1,0,4557
Retail,S009,ST0040_M,2026-03-18,No,4,0,4960
Retail,S009,ST0011_S,2026-03-18,No,2,0,7366
Retail,S009,ST0041_XL,2026-03-18,No,3,0,6492
Retail,S009,ST0029_S,2026-03-18,No,2,0,2568
Retail,S009,ST0011_L,2026-03-18,No,1,0,598
Retail,S009,ST0025_M,2026-03-18,No,3,0,1881
Retail,S009,ST0012_XL,2026-03-18,No,4,0,13476
Retail,S009,ST0050_XL,2026-03-18,No,1,0,1848
Retail,S009,ST0028_L,2026-03-18,No,1,0,1909
Retail,S009,ST0016_XL,2026-03-18,No,4,0,6180
Retail,S009,ST0008_XL,2026-03-18,No,1,0,4999
Retail,S009,ST0044_M,2026-03-18,No,3,0,8382
Retail,S009,ST0023_M,2026-03-18,No,3,0,4917
Retail,S010,ST0046_M,2026-03-18,No,1,0,1743
Retail,S010,ST0027_L,2026-03-18,No,4,0,8744
Retail,S010,ST0014_M,2026-03-18,No,2,0,9986
Retail,S010,ST0043_XL,2026-03-18,No,4,0,7880
Retail,S010,ST0002_L,2026-03-18,No,4,0,14876
Retail,S010,ST0037_XL,2026-03-18,No,2,0,9284
Retail,S010,ST0017_S,2026-03-18,No,4,0,8772
Retail,S010,ST0003_L,2026-03-18,No,2,0,1976
Retail,S010,ST0017_L,2026-03-18,No,2,0,2124
Retail,S010,ST0035_XL,2026-03-18,No,1,0,4354
Retail,S010,ST0025_XL,2026-03-18,No,3,0,6948
Retail,S010,ST0020_L,2026-03-18,No,3,0,4707
Retail,S010,ST0050_L,2026-03-18,No,3,0,4545
Retail,S010,ST0049_L,2026-03-18,No,3,0,12690
Retail,S010,ST0032_L,2026-03-18,No,3,0,9603
Retail,S001,ST0003_S,2026-03-19,No,3,0,6702
Retail,S001,ST0017_L,2026-03-19,No,2,0,2124
Retail,S001,ST0005_L,2026-03-19,No,3,0,2286
Retail,S001,ST0042_L,2026-03-19,No,1,0,3349
Retail,S001,ST0035_S,2026-03-19,No,4,0,15044
Retail,S001,ST0033_S,2026-03-19,No,2,0,3332
Retail,S001,ST0029_XL,2026-03-19,No,2,0,6612
Retail,S001,ST0025_L,2026-03-19,No,4,0,10260
Retail,S001,ST0007_L,2026-03-19,No,1,0,2556
Retail,S001,ST0034_XL,2026-03-19,No,4,0,4296
Retail,S001,ST0042_M,2026-03-19,No,1,0,1012
Retail,S001,ST0023_M,2026-03-19,No,3,0,4917
Retail,S001,ST0049_S,2026-03-19,No,1,0,3349
Retail,S001,ST0008_S,2026-03-19,No,1,0,2182
Retail,S001,ST0014_XL,2026-03-19,No,2,0,8974
Retail,S002,ST0037_S,2026-03-19,No,1,0,504
Retail,S002,ST0009_M,2026-03-19,No,2,0,4392
Retail,S002,ST0039_L,2026-03-19,No,4,0,5320
Retail,S002,ST0016_S,2026-03-19,No,2,0,6470
Retail,S002,ST0035_XL,2026-03-19,No,1,0,4354
Retail,S002,ST0013_L,2026-03-19,No,2,0,2912
Retail,S002,ST0003_S,2026-03-19,No,3,0,6702
Retail,S002,ST0028_S,2026-03-19,No,3,0,1962
Retail,S002,ST0022_M,2026-03-19,No,3,0,14328
Retail,S002,ST0007_XL,2026-03-19,No,2,0,7340
Retail,S002,ST0024_L,2026-03-19,No,3,0,5052
Retail,S002,ST0010_S,2026-03-19,No,3,0,5835
Retail,S002,ST0007_M,2026-03-19,No,3,0,13770
Retail,S002,ST0043_M,2026-03-19,No,2,0,7686
Retail,S003,ST0019_XL,2026-03-19,No,2,0,3486
Retail,S003,ST0007_XL,2026-03-19,No,1,0,3670
Retail,S003,ST0041_L,2026-03-19,No,4,0,6048
Retail,S003,ST0020_XL,2026-03-19,No,4,0,15776
Retail,S003,ST0001_S,2026-03-19,No,4,0,9176
Retail,S003,ST0019_M,2026-03-19,No,1,0,3620
Retail,S003,ST0034_L,2026-03-19,No,3,0,12807
Retail,S003,ST0021_L,2026-03-19,No,3,0,8481
Retail,S003,ST0031_M,2026-03-19,No,1,0,4631
Retail,S003,ST0028_L,2026-03-19,No,3,0,5727
Retail,S003,ST0004_M,2026-03-19,No,4,0,11540
Retail,S003,ST0010_L,2026-03-19,No,1,0,4423
Retail,S003,ST0030_XL,2026-03-19,No,2,0,2048
Retail,S003,ST0042_M,2026-03-19,No,4,0,4048
Retail,S004,ST0031_L,2026-03-19,No,1,0,4615
Retail,S004,ST0017_XL,2026-03-19,No,1,0,2985
Retail,S004,ST0008_XL,2026-03-19,No,4,0,19996
Retail,S004,ST0015_L,2026-03-19,No,3,0,14988
Retail,S004,ST0035_S,2026-03-19,No,3,0,11283
Retail,S004,ST0034_L,2026-03-19,No,3,0,12807
Retail,S004,ST0007_M,2026-03-19,No,2,0,9180
Retail,S004,ST0042_L,2026-03-19,No,2,0,6698
Retail,S004,ST0039_L,2026-03-19,No,2,0,2660
Retail,S004,ST0027_M,2026-03-19,No,4,0,13604
Retail,S004,ST0019_L,2026-03-19,No,3,0,1548
Retail,S004,ST0046_M,2026-03-19,No,4,0,6972
Retail,S004,ST0020_XL,2026-03-19,No,1,0,3944
Retail,S004,ST0036_M,2026-03-19,No,1,0,3160
Retail,S005,ST0017_M,2026-03-19,No,1,0,3936
Retail,S005,ST0006_S,2026-03-19,No,2,0,3032
Retail,S005,ST0006_XL,2026-03-19,No,2,0,8446
Retail,S005,ST0048_L,2026-03-19,No,2,0,9904
Retail,S005,ST0018_S,2026-03-19,No,1,0,3854
Retail,S005,ST0033_L,2026-03-19,No,4,0,9928
Retail,S005,ST0002_S,2026-03-19,No,3,0,7458
Retail,S005,ST0023_XL,2026-03-19,No,3,0,8400
Retail,S005,ST0015_XL,2026-03-19,No,3,0,10812
Retail,S005,ST0042_L,2026-03-19,No,3,0,10047
Retail,S005,ST0003_XL,2026-03-19,No,1,0,3476
Retail,S005,ST0046_L,2026-03-19,No,3,0,10854
Retail,S005,ST0014_L,2026-03-19,No,3,0,5400
Retail,S005,ST0039_XL,2026-03-19,No,2,0,8350
Retail,S005,ST0019_XL,2026-03-19,No,2,0,3486
Retail,S005,ST0005_M,2026-03-19,No,1,0,3869
Retail,S005,ST0007_S,2026-03-19,No,4,0,14432
Retail,S005,ST0049_S,2026-03-19,No,1,0,3349
Retail,S005,ST0044_M,2026-03-19,No,2,0,5588
Retail,S006,ST0019_M,2026-03-19,No,3,0,10860
Retail,S006,ST0025_S,2026-03-19,No,3,0,11682
Retail,S006,ST0037_L,2026-03-19,No,2,0,2982
Retail,S006,ST0042_M,2026-03-19,No,1,0,1012
Retail,S006,ST0015_L,2026-03-19,No,4,0,19984
Retail,S006,ST0032_L,2026-03-19,No,4,0,12804
Retail,S006,ST0039_S,2026-03-19,No,3,0,6546
Retail,S006,ST0025_L,2026-03-19,No,2,0,5130
Retail,S006,ST0024_L,2026-03-19,No,4,0,6736
Retail,S006,ST0038_XL,2026-03-19,No,4,0,8772
Retail,S006,ST0012_L,2026-03-19,No,3,0,12831
Retail,S006,ST0035_S,2026-03-19,No,1,0,3761
Retail,S007,ST0042_M,2026-03-19,No,1,0,1012
Retail,S007,ST0031_XL,2026-03-19,No,4,0,11472
Retail,S007,ST0014_XL,2026-03-19,No,1,0,4487
Retail,S007,ST0022_L,2026-03-19,No,3,0,3318
Retail,S007,ST0049_S,2026-03-19,No,1,0,3349
Retail,S007,ST0043_XL,2026-03-19,No,1,0,1970
Retail,S007,ST0029_S,2026-03-19,No,1,0,1284
Retail,S007,ST0040_XL,2026-03-19,No,3,0,10014
Retail,S007,ST0008_M,2026-03-19,No,3,0,8265
Retail,S007,ST0031_S,2026-03-19,No,2,0,6900
Retail,S007,ST0012_S,2026-03-19,No,3,0,10383
Retail,S007,ST0019_L,2026-03-19,No,4,0,2064
Retail,S007,ST0046_M,2026-03-19,No,4,0,6972
Retail,S007,ST0037_XL,2026-03-19,No,2,0,9284
Retail,S007,ST0011_XL,2026-03-19,No,3,0,8100
Retail,S008,ST0024_M,2026-03-19,No,1,0,3475
Retail,S008,ST0025_S,2026-03-19,No,1,0,3894
Retail,S008,ST0017_M,2026-03-19,No,3,0,11808
Retail,S008,ST0007_S,2026-03-19,No,4,0,14432
Retail,S008,ST0041_M,2026-03-19,No,2,0,4862
Retail,S008,ST0018_S,2026-03-19,No,1,0,3854
Retail,S008,ST0004_S,2026-03-19,No,3,0,7377
Retail,S008,ST0041_L,2026-03-19,No,4,0,6048
Retail,S008,ST0023_M,2026-03-19,No,2,0,3278
Retail,S008,ST0010_L,2026-03-19,No,2,0,8846
Retail,S008,ST0023_XL,2026-03-19,No,2,0,5600
Retail,S008,ST0050_M,2026-03-19,No,2,0,6632
Retail,S008,ST0004_L,2026-03-19,No,4,0,13676
Retail,S008,ST0005_M,2026-03-19,No,1,0,3869
Retail,S008,ST0026_S,2026-03-19,No,1,0,1069
Retail,S009,ST0017_XL,2026-03-19,No,4,0,11940
Retail,S009,ST0042_L,2026-03-19,No,4,0,13396
Retail,S009,ST0031_XL,2026-03-19,No,2,0,5736
Retail,S009,ST0021_XL,2026-03-19,No,1,0,3920
Retail,S009,ST0017_S,2026-03-19,No,4,0,8772
Retail,S009,ST0008_S,2026-03-19,No,4,0,8728
Retail,S009,ST0020_S,2026-03-19,No,3,0,8115
Retail,S009,ST0009_S,2026-03-19,No,4,0,14764
Retail,S009,ST0034_L,2026-03-19,No,3,0,12807
Retail,S009,ST0041_L,2026-03-19,No,4,0,6048
Retail,S009,ST0048_M,2026-03-19,No,1,0,2257
Retail,S009,ST0039_XL,2026-03-19,No,1,0,4175
Retail,S009,ST0044_S,2026-03-19,No,3,0,3240
Retail,S009,ST0039_M,2026-03-19,No,3,0,1857
Retail,S009,ST0023_S,2026-03-19,No,2,0,2398
Retail,S009,ST0013_L,2026-03-19,No,3,0,4368
Retail,S010,ST0042_L,2026-03-19,No,2,0,6698
Retail,S010,ST0032_M,2026-03-19,No,4,0,19980
Retail,S010,ST0027_S,2026-03-19,No,2,0,9028
Retail,S010,ST0050_S,2026-03-19,No,4,0,8524
Retail,S010,ST0011_S,2026-03-19,No,3,0,11049
Retail,S010,ST0045_M,2026-03-19,No,3,0,12018
Retail,S010,ST0024_S,2026-03-19,No,4,0,5920
Retail,S010,ST0002_XL,2026-03-19,No,3,0,10233
Retail,S010,ST0026_M,2026-03-19,No,2,0,4790
Retail,S010,ST0013_L,2026-03-19,No,3,0,4368
Retail,S010,ST0049_L,2026-03-19,No,1,0,4230
Retail,S010,ST0044_S,2026-03-19,No,4,0,4320
Retail,S010,ST0033_S,2026-03-19,No,4,0,6664
Retail,S010,ST0019_L,2026-03-19,No,1,0,516
Retail,S001,ST0024_S,2026-03-20,No,3,0,4440
Retail,S001,ST0007_XL,2026-03-20,No,2,0,7340
Retail,S001,ST0011_M,2026-03-20,No,2,0,6114
Retail,S001,ST0036_S,2026-03-20,No,1,0,2991
Retail,S001,ST0014_L,2026-03-20,No,2,0,3600
Retail,S001,ST0022_M,2026-03-20,No,1,0,4776
Retail,S001,ST0024_M,2026-03-20,No,1,0,3475
Retail,S001,ST0028_M,2026-03-20,No,1,0,3037
Retail,S001,ST0034_M,2026-03-20,No,4,0,16944
Retail,S001,ST0042_XL,2026-03-20,No,1,0,1059
Retail,S001,ST0001_L,2026-03-20,No,1,0,3311
Retail,S001,ST0050_XL,2026-03-20,No,1,0,1848
Retail,S001,ST0001_S,2026-03-20,No,3,0,6882
Retail,S001,ST0037_L,2026-03-20,No,4,0,5964
Retail,S001,ST0045_L,2026-03-20,No,3,0,9732
Retail,S002,ST0015_XL,2026-03-20,No,4,0,14416
Retail,S002,ST0002_XL,2026-03-20,No,1,0,3411
Retail,S002,ST0016_M,2026-03-20,No,2,0,2908
Retail,S002,ST0044_XL,2026-03-20,No,3,0,14247
Retail,S002,ST0004_M,2026-03-20,No,4,0,11540
Retail,S002,ST0013_M,2026-03-20,No,4,0,17164
Retail,S002,ST0041_L,2026-03-20,No,3,0,4536
Retail,S002,ST0039_M,2026-03-20,No,2,0,1238
Retail,S002,ST0029_S,2026-03-20,No,4,0,5136
Retail,S002,ST0033_L,2026-03-20,No,3,0,7446
Retail,S002,ST0004_L,2026-03-20,No,4,0,13676
Retail,S002,ST0026_XL,2026-03-20,No,1,0,4363
Retail,S002,ST0040_XL,2026-03-20,No,4,0,13352
Retail,S002,ST0046_XL,2026-03-20,No,1,0,2641
Retail,S002,ST0035_XL,2026-03-20,No,1,0,4354
Retail,S002,ST0002_L,2026-03-20,No,1,0,3719
Retail,S002,ST0027_L,2026-03-20,No,2,0,4372
Retail,S002,ST0022_L,2026-03-20,No,4,0,4424
Retail,S003,ST0035_S,2026-03-20,No,2,0,7522
Retail,S003,ST0034_M,2026-03-20,No,2,0,8472
Retail,S003,ST0018_XL,2026-03-20,No,1,0,3567
Retail,S003,ST0019_XL,2026-03-20,No,4,0,6972
Retail,S003,ST0050_L,2026-03-20,No,4,0,6060
Retail,S003,ST0032_M,2026-03-20,No,2,0,9990
Retail,S003,ST0046_M,2026-03-20,No,3,0,5229
Retail,S003,ST0041_XL,2026-03-20,No,1,0,2164
Retail,S003,ST0004_S,2026-03-20,No,4,0,9836
Retail,S003,ST0025_L,2026-03-20,No,1,0,2565
Retail,S003,ST0002_M,2026-03-20,No,3,0,1938
Retail,S003,ST0045_L,2026-03-20,No,1,0,3244
Retail,S003,ST0040_S,2026-03-20,No,3,0,5607
Retail,S003,ST0034_L,2026-03-20,No,2,0,8538
Retail,S003,ST0049_M,2026-03-20,No,1,0,3751
Retail,S003,ST0014_XL,2026-03-20,No,4,0,17948
Retail,S003,ST0025_XL,2026-03-20,No,3,0,6948
Retail,S003,ST0005_L,2026-03-20,No,3,0,2286
Retail,S004,ST0045_L,2026-03-20,No,2,0,6488
Retail,S004,ST0041_L,2026-03-20,No,1,0,1512
Retail,S004,ST0032_S,2026-03-20,No,2,0,8694
Retail,S004,ST0024_M,2026-03-20,No,1,0,3475
Retail,S004,ST0044_L,2026-03-20,No,1,0,3647
Retail,S004,ST0026_S,2026-03-20,No,1,0,1069
Retail,S004,ST0023_XL,2026-03-20,No,3,0,8400
Retail,S004,ST0041_M,2026-03-20,No,2,0,4862
Retail,S004,ST0039_S,2026-03-20,No,2,0,4364
Retail,S004,ST0043_L,2026-03-20,No,2,0,9140
Retail,S004,ST0032_M,2026-03-20,No,3,0,14985
Retail,S004,ST0013_L,2026-03-20,No,4,0,5824
Retail,S005,ST0006_S,2026-03-20,No,2,0,3032
Retail,S005,ST0049_M,2026-03-20,No,4,0,15004
Retail,S005,ST0004_XL,2026-03-20,No,2,0,4604
Retail,S005,ST0012_M,2026-03-20,No,4,0,19732
Retail,S005,ST0008_L,2026-03-20,No,3,0,4962
Retail,S005,ST0024_S,2026-03-20,No,2,0,2960
Retail,S005,ST0033_S,2026-03-20,No,2,0,3332
Retail,S005,ST0040_M,2026-03-20,No,1,0,1240
Retail,S005,ST0043_XL,2026-03-20,No,1,0,1970
Retail,S005,ST0036_XL,2026-03-20,No,4,0,14204
Retail,S006,ST0039_L,2026-03-20,No,1,0,1330
Retail,S006,ST0008_L,2026-03-20,No,3,0,4962
Retail,S006,ST0037_L,2026-03-20,No,3,0,4473
Retail,S006,ST0016_XL,2026-03-20,No,1,0,1545
Retail,S006,ST0011_L,2026-03-20,No,2,0,1196
Retail,S006,ST0029_L,2026-03-20,No,3,0,14523
Retail,S006,ST0050_XL,2026-03-20,No,1,0,1848
Retail,S006,ST0014_M,2026-03-20,No,4,0,19972
Retail,S006,ST0018_L,2026-03-20,No,2,0,2918
Retail,S006,ST0047_L,2026-03-20,No,1,0,2765
Retail,S006,ST0032_L,2026-03-20,No,1,0,3201
Retail,S006,ST0035_L,2026-03-20,No,1,0,2215
Retail,S006,ST0037_M,2026-03-20,No,4,0,5504
Retail,S006,ST0040_L,2026-03-20,No,1,0,616
Retail,S007,ST0030_S,2026-03-20,No,1,0,1037
Retail,S007,ST0027_M,2026-03-20,No,2,0,6802
Retail,S007,ST0025_XL,2026-03-20,No,1,0,2316
Retail,S007,ST0046_L,2026-03-20,No,3,0,10854
Retail,S007,ST0017_M,2026-03-20,No,3,0,11808
Retail,S007,ST0011_S,2026-03-20,No,1,0,3683
Retail,S007,ST0009_M,2026-03-20,No,4,0,8784
Retail,S007,ST0012_XL,2026-03-20,No,1,0,3369
Retail,S007,ST0006_M,2026-03-20,No,4,0,16572
Retail,S007,ST0024_M,2026-03-20,No,4,0,13900
Retail,S007,ST0019_XL,2026-03-20,No,4,0,6972
Retail,S007,ST0026_XL,2026-03-20,No,2,0,8726
Retail,S007,ST0020_M,2026-03-20,No,3,0,9072
Retail,S008,ST0007_S,2026-03-20,No,1,0,3608
Retail,S008,ST0004_M,2026-03-20,No,4,0,11540
Retail,S008,ST0008_L,2026-03-20,No,2,0,3308
Retail,S008,ST0027_M,2026-03-20,No,1,0,3401
Retail,S008,ST0040_S,2026-03-20,No,1,0,1869
Retail,S008,ST0012_M,2026-03-20,No,4,0,19732
Retail,S008,ST0038_XL,2026-03-20,No,2,0,4386
Retail,S008,ST0004_L,2026-03-20,No,3,0,10257
Retail,S008,ST0036_S,2026-03-20,No,4,0,11964
Retail,S008,ST0005_S,2026-03-20,No,3,0,13683
Retail,S008,ST0022_XL,2026-03-20,No,2,0,7340
Retail,S008,ST0031_M,2026-03-20,No,3,0,13893
Retail,S008,ST0009_M,2026-03-20,No,1,0,2196
Retail,S008,ST0001_L,2026-03-20,No,1,0,3311
Retail,S008,ST0040_L,2026-03-20,No,4,0,2464
Retail,S009,ST0018_XL,2026-03-20,No,2,0,7134
Retail,S009,ST0003_S,2026-03-20,No,3,0,6702
Retail,S009,ST0012_M,2026-03-20,No,2,0,9866
Retail,S009,ST0020_M,2026-03-20,No,2,0,6048
Retail,S009,ST0022_S,2026-03-20,No,2,0,1602
Retail,S009,ST0010_S,2026-03-20,No,4,0,7780
Retail,S009,ST0043_XL,2026-03-20,No,4,0,7880
Retail,S009,ST0001_S,2026-03-20,No,1,0,2294
Retail,S009,ST0004_S,2026-03-20,No,4,0,9836
Retail,S009,ST0042_XL,2026-03-20,No,3,0,3177
Retail,S009,ST0005_S,2026-03-20,No,2,0,9122
Retail,S009,ST0005_XL,2026-03-20,No,2,0,2246
Retail,S009,ST0048_XL,2026-03-20,No,2,0,5140
Retail,S009,ST0008_M,2026-03-20,No,3,0,8265
Retail,S009,ST0009_S,2026-03-20,No,3,0,11073
Retail,S009,ST0029_XL,2026-03-20,No,4,0,13224
Retail,S010,ST0046_M,2026-03-20,No,4,0,6972
Retail,S010,ST0006_L,2026-03-20,No,2,0,5098
Retail,S010,ST0048_XL,2026-03-20,No,4,0,10280
Retail,S010,ST0003_XL,2026-03-20,No,1,0,3476
Retail,S010,ST0014_M,2026-03-20,No,2,0,9986
Retail,S010,ST0008_M,2026-03-20,No,1,0,2755
Retail,S010,ST0040_S,2026-03-20,No,4,0,7476
Retail,S010,ST0003_L,2026-03-20,No,3,0,2964
Retail,S010,ST0017_M,2026-03-20,No,1,0,3936
Retail,S010,ST0031_L,2026-03-20,No,4,0,18460
Retail,S010,ST0033_M,2026-03-20,No,2,0,6548
Retail,S010,ST0043_XL,2026-03-20,No,4,0,7880
Retail,S010,ST0049_L,2026-03-20,No,3,0,12690
Retail,S010,ST0018_M,2026-03-20,No,2,0,1450
Retail,S010,ST0030_L,2026-03-20,No,3,0,8865
Retail,S001,ST0003_L,2026-03-21,No,2,0,1976
Retail,S001,ST0003_XL,2026-03-21,No,2,0,6952
Retail,S001,ST0026_M,2026-03-21,No,1,0,2395
Retail,S001,ST0016_M,2026-03-21,No,1,0,1454
Retail,S001,ST0020_S,2026-03-21,No,3,0,8115
Retail,S001,ST0005_XL,2026-03-21,No,3,0,3369
Retail,S001,ST0014_M,2026-03-21,No,1,0,4993
Retail,S001,ST0011_S,2026-03-21,No,2,0,7366
Retail,S001,ST0017_L,2026-03-21,No,1,0,1062
Retail,S001,ST0018_M,2026-03-21,No,2,0,1450
Retail,S001,ST0031_M,2026-03-21,No,4,0,18524
Retail,S001,ST0011_L,2026-03-21,No,3,0,1794
Retail,S002,ST0027_L,2026-03-21,No,2,0,4372
Retail,S002,ST0012_M,2026-03-21,No,1,0,4933
Retail,S002,ST0042_L,2026-03-21,No,3,0,10047
Retail,S002,ST0032_M,2026-03-21,No,4,0,19980
Retail,S002,ST0014_XL,2026-03-21,No,2,0,8974
Retail,S002,ST0018_S,2026-03-21,No,4,0,15416
Retail,S002,ST0011_S,2026-03-21,No,2,0,7366
Retail,S002,ST0039_S,2026-03-21,No,2,0,4364
Retail,S002,ST0022_XL,2026-03-21,No,2,0,7340
Retail,S002,ST0007_S,2026-03-21,No,1,0,3608
Retail,S002,ST0010_S,2026-03-21,No,2,0,3890
Retail,S002,ST0048_L,2026-03-21,No,3,0,14856
Retail,S002,ST0034_S,2026-03-21,No,2,0,9292
Retail,S002,ST0045_S,2026-03-21,No,1,0,2179
Retail,S002,ST0034_L,2026-03-21,No,3,0,12807
Retail,S003,ST0017_XL,2026-03-21,No,3,0,8955
Retail,S003,ST0035_M,2026-03-21,No,3,0,4944
Retail,S003,ST0025_XL,2026-03-21,No,3,0,6948
Retail,S003,ST0019_M,2026-03-21,No,2,0,7240
Retail,S003,ST0034_XL,2026-03-21,No,3,0,3222
Retail,S003,ST0049_XL,2026-03-21,No,4,0,11956
Retail,S003,ST0041_XL,2026-03-21,No,2,0,4328
Retail,S003,ST0048_S,2026-03-21,No,3,0,6405
Retail,S003,ST0029_M,2026-03-21,No,1,0,3675
Retail,S004,ST0029_L,2026-03-21,No,2,0,9682
Retail,S004,ST0036_XL,2026-03-21,No,4,0,14204
Retail,S004,ST0021_S,2026-03-21,No,4,0,12260
Retail,S004,ST0042_L,2026-03-21,No,2,0,6698
Retail,S004,ST0029_M,2026-03-21,No,2,0,7350
Retail,S004,ST0030_L,2026-03-21,No,2,0,5910
Retail,S004,ST0031_XL,2026-03-21,No,3,0,8604
Retail,S004,ST0038_L,2026-03-21,No,1,0,1135
Retail,S004,ST0009_S,2026-03-21,No,1,0,3691
Retail,S004,ST0045_L,2026-03-21,No,1,0,3244
Retail,S004,ST0027_S,2026-03-21,No,4,0,18056
Retail,S004,ST0026_L,2026-03-21,No,4,0,12932
Retail,S004,ST0005_XL,2026-03-21,No,2,0,2246
Retail,S005,ST0001_L,2026-03-21,No,3,0,9933
Retail,S005,ST0019_M,2026-03-21,No,1,0,3620
Retail,S005,ST0019_S,2026-03-21,No,2,0,2630
Retail,S005,ST0004_L,2026-03-21,No,1,0,3419
Retail,S005,ST0010_M,2026-03-21,No,4,0,18796
Retail,S005,ST0016_XL,2026-03-21,No,2,0,3090
Retail,S005,ST0041_L,2026-03-21,No,4,0,6048
Retail,S005,ST0023_S,2026-03-21,No,2,0,2398
Retail,S005,ST0038_XL,2026-03-21,No,1,0,2193
Retail,S005,ST0029_M,2026-03-21,No,1,0,3675
Retail,S005,ST0049_L,2026-03-21,No,3,0,12690
Retail,S005,ST0034_L,2026-03-21,No,4,0,17076
Retail,S005,ST0014_XL,2026-03-21,No,1,0,4487
Retail,S005,ST0012_S,2026-03-21,No,4,0,13844
Retail,S005,ST0023_M,2026-03-21,No,4,0,6556
Retail,S005,ST0028_L,2026-03-21,No,4,0,7636
Retail,S006,ST0004_S,2026-03-21,No,3,0,7377
Retail,S006,ST0018_XL,2026-03-21,No,1,0,3567
Retail,S006,ST0050_M,2026-03-21,No,4,0,13264
Retail,S006,ST0011_M,2026-03-21,No,3,0,9171
Retail,S006,ST0006_XL,2026-03-21,No,3,0,12669
Retail,S006,ST0047_XL,2026-03-21,No,3,0,8937
Retail,S006,ST0013_M,2026-03-21,No,1,0,4291
Retail,S006,ST0038_S,2026-03-21,No,2,0,9728
Retail,S006,ST0020_XL,2026-03-21,No,3,0,11832
Retail,S006,ST0033_S,2026-03-21,No,4,0,6664
Retail,S006,ST0028_XL,2026-03-21,No,4,0,18228
Retail,S006,ST0017_S,2026-03-21,No,1,0,2193
Retail,S006,ST0025_L,2026-03-21,No,1,0,2565
Retail,S006,ST0013_XL,2026-03-21,No,2,0,9134
Retail,S006,ST0037_M,2026-03-21,No,2,0,2752
Retail,S006,ST0044_XL,2026-03-21,No,2,0,9498
Retail,S007,ST0018_XL,2026-03-21,No,2,0,7134
Retail,S007,ST0003_S,2026-03-21,No,4,0,8936
Retail,S007,ST0039_M,2026-03-21,No,2,0,1238
Retail,S007,ST0046_XL,2026-03-21,No,1,0,2641
Retail,S007,ST0008_XL,2026-03-21,No,2,0,9998
Retail,S007,ST0004_M,2026-03-21,No,1,0,2885
Retail,S007,ST0017_M,2026-03-21,No,3,0,11808
Retail,S007,ST0028_M,2026-03-21,No,2,0,6074
Retail,S007,ST0005_L,2026-03-21,No,1,0,762
Retail,S007,ST0019_S,2026-03-21,No,4,0,5260
Retail,S007,ST0036_XL,2026-03-21,No,3,0,10653
Retail,S007,ST0033_XL,2026-03-21,No,3,0,4059
Retail,S007,ST0013_XL,2026-03-21,No,1,0,4567
Retail,S007,ST0021_S,2026-03-21,No,1,0,3065
Retail,S007,ST0029_S,2026-03-21,No,4,0,5136
Retail,S007,ST0045_S,2026-03-21,No,1,0,2179
Retail,S007,ST0030_M,2026-03-21,No,3,0,7023
Retail,S007,ST0027_L,2026-03-21,No,3,0,6558
Retail,S008,ST0018_XL,2026-03-21,No,2,0,7134
Retail,S008,ST0004_M,2026-03-21,No,3,0,8655
Retail,S008,ST0049_S,2026-03-21,No,3,0,10047
Retail,S008,ST0012_L,2026-03-21,No,1,0,4277
Retail,S008,ST0044_M,2026-03-21,No,3,0,8382
Retail,S008,ST0031_M,2026-03-21,No,1,0,4631
Retail,S008,ST0020_M,2026-03-21,No,4,0,12096
Retail,S008,ST0020_XL,2026-03-21,No,3,0,11832
Retail,S008,ST0045_L,2026-03-21,No,1,0,3244
Retail,S008,ST0033_L,2026-03-21,No,1,0,2482
Retail,S008,ST0005_S,2026-03-21,No,1,0,4561
Retail,S008,ST0001_L,2026-03-21,No,1,0,3311
Retail,S008,ST0021_XL,2026-03-21,No,2,0,7840
Retail,S008,ST0004_XL,2026-03-21,No,4,0,9208
Retail,S008,ST0022_L,2026-03-21,No,3,0,3318
Retail,S009,ST0012_S,2026-03-21,No,2,0,6922
Retail,S009,ST0047_L,2026-03-21,No,4,0,11060
Retail,S009,ST0048_M,2026-03-21,No,3,0,6771
Retail,S009,ST0007_S,2026-03-21,No,1,0,3608
Retail,S009,ST0005_S,2026-03-21,No,2,0,9122
Retail,S009,ST0003_M,2026-03-21,No,1,0,2343
Retail,S009,ST0011_L,2026-03-21,No,3,0,1794
Retail,S009,ST0047_XL,2026-03-21,No,2,0,5958
Retail,S009,ST0016_S,2026-03-21,No,1,0,3235
Retail,S009,ST0037_S,2026-03-21,No,4,0,2016
Retail,S009,ST0014_M,2026-03-21,No,1,0,4993
Retail,S009,ST0003_S,2026-03-21,No,3,0,6702
Retail,S009,ST0022_M,2026-03-21,No,3,0,14328
Retail,S009,ST0003_L,2026-03-21,No,3,0,2964
Retail,S009,ST0022_L,2026-03-21,No,4,0,4424
Retail,S009,ST0007_M,2026-03-21,No,1,0,4590
Retail,S009,ST0001_S,2026-03-21,No,2,0,4588
Retail,S010,ST0032_M,2026-03-21,No,4,0,19980
Retail,S010,ST0022_L,2026-03-21,No,4,0,4424
Retail,S010,ST0047_S,2026-03-21,No,1,0,3559
Retail,S010,ST0037_XL,2026-03-21,No,2,0,9284
Retail,S010,ST0029_XL,2026-03-21,No,1,0,3306
Retail,S010,ST0007_M,2026-03-21,No,2,0,9180
Retail,S010,ST0009_M,2026-03-21,No,4,0,8784
Retail,S010,ST0036_L,2026-03-21,No,2,0,7248
Retail,S010,ST0039_XL,2026-03-21,No,1,0,4175
Retail,S010,ST0008_XL,2026-03-21,No,1,0,4999
Retail,S010,ST0024_L,2026-03-21,No,3,0,5052
Retail,S010,ST0016_S,2026-03-21,No,3,0,9705
Retail,S010,ST0020_M,2026-03-21,No,2,0,6048
Retail,S010,ST0008_L,2026-03-21,No,4,0,6616
Retail,S001,ST0006_M,2026-03-22,No,4,0,16572
Retail,S001,ST0029_XL,2026-03-22,No,1,0,3306
Retail,S001,ST0042_M,2026-03-22,No,4,0,4048
Retail,S001,ST0011_M,2026-03-22,No,4,0,12228
Retail,S001,ST0025_M,2026-03-22,No,4,0,2508
Retail,S001,ST0025_S,2026-03-22,No,1,0,3894
Retail,S001,ST0004_S,2026-03-22,No,2,0,4918
Retail,S001,ST0040_XL,2026-03-22,No,2,0,6676
Retail,S001,ST0023_XL,2026-03-22,No,4,0,11200
Retail,S001,ST0044_L,2026-03-22,No,3,0,10941
Retail,S001,ST0027_XL,2026-03-22,No,1,0,3509
Retail,S001,ST0033_L,2026-03-22,No,1,0,2482
Retail,S001,ST0022_S,2026-03-22,No,2,0,1602
Retail,S001,ST0043_S,2026-03-22,No,1,0,4172
Retail,S001,ST0042_S,2026-03-22,No,2,0,3162
Retail,S002,ST0050_S,2026-03-22,No,1,0,2131
Retail,S002,ST0048_XL,2026-03-22,No,2,0,5140
Retail,S002,ST0048_S,2026-03-22,No,1,0,2135
Retail,S002,ST0013_XL,2026-03-22,No,2,0,9134
Retail,S002,ST0007_L,2026-03-22,No,4,0,10224
Retail,S002,ST0036_XL,2026-03-22,No,3,0,10653
Retail,S002,ST0043_L,2026-03-22,No,3,0,13710
Retail,S002,ST0010_S,2026-03-22,No,1,0,1945
Retail,S002,ST0001_S,2026-03-22,No,1,0,2294
Retail,S002,ST0039_XL,2026-03-22,No,4,0,16700
Retail,S002,ST0022_L,2026-03-22,No,3,0,3318
Retail,S002,ST0043_XL,2026-03-22,No,1,0,1970
Retail,S002,ST0015_S,2026-03-22,No,2,0,4054
Retail,S002,ST0020_L,2026-03-22,No,2,0,3138
Retail,S003,ST0031_M,2026-03-22,No,3,0,13893
Retail,S003,ST0022_S,2026-03-22,No,1,0,801
Retail,S003,ST0018_S,2026-03-22,No,3,0,11562
Retail,S003,ST0037_L,2026-03-22,No,1,0,1491
Retail,S003,ST0003_M,2026-03-22,No,3,0,7029
Retail,S003,ST0040_XL,2026-03-22,No,1,0,3338
Retail,S003,ST0016_XL,2026-03-22,No,1,0,1545
Retail,S003,ST0034_XL,2026-03-22,No,2,0,2148
Retail,S003,ST0009_L,2026-03-22,No,4,0,17964
Retail,S003,ST0028_S,2026-03-22,No,4,0,2616
Retail,S003,ST0024_XL,2026-03-22,No,1,0,3827
Retail,S003,ST0018_L,2026-03-22,No,4,0,5836
Retail,S003,ST0001_L,2026-03-22,No,2,0,6622
Retail,S003,ST0015_S,2026-03-22,No,1,0,2027
Retail,S004,ST0029_L,2026-03-22,No,3,0,14523
Retail,S004,ST0004_M,2026-03-22,No,3,0,8655
Retail,S004,ST0033_XL,2026-03-22,No,4,0,5412
Retail,S004,ST0019_S,2026-03-22,No,1,0,1315
Retail,S004,ST0036_M,2026-03-22,No,3,0,9480
Retail,S004,ST0009_M,2026-03-22,No,1,0,2196
Retail,S004,ST0040_M,2026-03-22,No,1,0,1240
Retail,S004,ST0036_S,2026-03-22,No,1,0,2991
Retail,S004,ST0044_M,2026-03-22,No,1,0,2794
Retail,S004,ST0032_S,2026-03-22,No,1,0,4347
Retail,S004,ST0049_XL,2026-03-22,No,2,0,5978
Retail,S004,ST0041_L,2026-03-22,No,3,0,4536
Retail,S004,ST0014_L,2026-03-22,No,1,0,1800
Retail,S005,ST0019_L,2026-03-22,No,1,0,516
Retail,S005,ST0001_S,2026-03-22,No,3,0,6882
Retail,S005,ST0016_M,2026-03-22,No,2,0,2908
Retail,S005,ST0049_XL,2026-03-22,No,1,0,2989
Retail,S005,ST0020_XL,2026-03-22,No,3,0,11832
Retail,S005,ST0040_S,2026-03-22,No,1,0,1869
Retail,S005,ST0006_S,2026-03-22,No,3,0,4548
Retail,S005,ST0029_M,2026-03-22,No,2,0,7350
Retail,S005,ST0022_XL,2026-03-22,No,3,0,11010
Retail,S005,ST0034_S,2026-03-22,No,1,0,4646
Retail,S005,ST0023_XL,2026-03-22,No,1,0,2800
Retail,S005,ST0035_M,2026-03-22,No,4,0,6592
Retail,S006,ST0001_S,2026-03-22,No,3,0,6882
Retail,S006,ST0039_XL,2026-03-22,No,1,0,4175
Retail,S006,ST0050_L,2026-03-22,No,2,0,3030
Retail,S006,ST0042_L,2026-03-22,No,3,0,10047
Retail,S006,ST0048_XL,2026-03-22,No,3,0,7710
Retail,S006,ST0030_S,2026-03-22,No,3,0,3111
Retail,S006,ST0037_S,2026-03-22,No,1,0,504
Retail,S006,ST0043_L,2026-03-22,No,4,0,18280
Retail,S006,ST0009_M,2026-03-22,No,2,0,4392
Retail,S006,ST0013_XL,2026-03-22,No,3,0,13701
Retail,S007,ST0039_M,2026-03-22,No,3,0,1857
Retail,S007,ST0002_M,2026-03-22,No,1,0,646
Retail,S007,ST0050_XL,2026-03-22,No,4,0,7392
Retail,S007,ST0022_M,2026-03-22,No,1,0,4776
Retail,S007,ST0014_XL,2026-03-22,No,3,0,13461
Retail,S007,ST0035_M,2026-03-22,No,2,0,3296
Retail,S007,ST0020_L,2026-03-22,No,4,0,6276
Retail,S007,ST0038_L,2026-03-22,No,2,0,2270
Retail,S007,ST0033_XL,2026-03-22,No,2,0,2706
Retail,S007,ST0001_S,2026-03-22,No,1,0,2294
Retail,S007,ST0048_XL,2026-03-22,No,4,0,10280
Retail,S007,ST0024_S,2026-03-22,No,3,0,4440
Retail,S007,ST0012_XL,2026-03-22,No,4,0,13476
Retail,S008,ST0031_L,2026-03-22,No,1,0,4615
Retail,S008,ST0033_M,2026-03-22,No,2,0,6548
Retail,S008,ST0014_L,2026-03-22,No,1,0,1800
Retail,S008,ST0027_XL,2026-03-22,No,2,0,7018
Retail,S008,ST0003_L,2026-03-22,No,3,0,2964
Retail,S008,ST0005_M,2026-03-22,No,1,0,3869
Retail,S008,ST0007_XL,2026-03-22,No,4,0,14680
Retail,S008,ST0015_XL,2026-03-22,No,2,0,7208
Retail,S008,ST0048_S,2026-03-22,No,2,0,4270
Retail,S008,ST0028_S,2026-03-22,No,4,0,2616
Retail,S008,ST0001_L,2026-03-22,No,2,0,6622
Retail,S008,ST0027_M,2026-03-22,No,1,0,3401
Retail,S008,ST0002_XL,2026-03-22,No,3,0,10233
Retail,S009,ST0046_XL,2026-03-22,No,4,0,10564
Retail,S009,ST0042_S,2026-03-22,No,2,0,3162
Retail,S009,ST0002_XL,2026-03-22,No,4,0,13644
Retail,S009,ST0030_S,2026-03-22,No,2,0,2074
Retail,S009,ST0024_S,2026-03-22,No,3,0,4440
Retail,S009,ST0044_M,2026-03-22,No,2,0,5588
Retail,S009,ST0010_L,2026-03-22,No,2,0,8846
Retail,S009,ST0016_L,2026-03-22,No,3,0,11838
Retail,S009,ST0037_XL,2026-03-22,No,4,0,18568
Retail,S009,ST0015_S,2026-03-22,No,4,0,8108
Retail,S009,ST0024_XL,2026-03-22,No,1,0,3827
Retail,S009,ST0018_XL,2026-03-22,No,4,0,14268
Retail,S009,ST0029_S,2026-03-22,No,1,0,1284
Retail,S009,ST0042_XL,2026-03-22,No,1,0,1059
Retail,S009,ST0018_L,2026-03-22,No,2,0,2918
Retail,S010,ST0023_M,2026-03-22,No,1,0,1639
Retail,S010,ST0018_M,2026-03-22,No,1,0,725
Retail,S010,ST0030_S,2026-03-22,No,3,0,3111
Retail,S010,ST0017_L,2026-03-22,No,1,0,1062
Retail,S010,ST0027_S,2026-03-22,No,1,0,4514
Retail,S010,ST0010_S,2026-03-22,No,1,0,1945
Retail,S010,ST0014_XL,2026-03-22,No,1,0,4487
Retail,S010,ST0018_L,2026-03-22,No,2,0,2918
Retail,S010,ST0035_XL,2026-03-22,No,2,0,8708
Retail,S010,ST0037_S,2026-03-22,No,2,0,1008
Retail,S010,ST0018_S,2026-03-22,No,3,0,11562
Retail,S010,ST0004_M,2026-03-22,No,3,0,8655
Retail,S010,ST0002_M,2026-03-22,No,2,0,1292
Retail,S010,ST0036_S,2026-03-22,No,1,0,2991
Retail,S010,ST0036_XL,2026-03-22,No,4,0,14204
Retail,S010,ST0020_S,2026-03-22,No,1,0,2705
Retail,S010,ST0036_L,2026-03-22,No,2,0,7248
Retail,S001,ST0037_M,2026-03-23,No,3,0,4128
Retail,S001,ST0026_M,2026-03-23,No,2,0,4790
Retail,S001,ST0041_S,2026-03-23,No,1,0,1650
Retail,S001,ST0017_S,2026-03-23,No,4,0,8772
Retail,S001,ST0047_S,2026-03-23,No,1,0,3559
Retail,S001,ST0037_XL,2026-03-23,No,3,0,13926
Retail,S001,ST0044_S,2026-03-23,No,4,0,4320
Retail,S001,ST0043_S,2026-03-23,No,4,0,16688
Retail,S001,ST0014_XL,2026-03-23,No,4,0,17948
Retail,S001,ST0027_M,2026-03-23,No,3,0,10203
Retail,S001,ST0032_S,2026-03-23,No,2,0,8694
Retail,S001,ST0010_XL,2026-03-23,No,4,0,3012
Retail,S001,ST0038_L,2026-03-23,No,2,0,2270
Retail,S001,ST0025_M,2026-03-23,No,4,0,2508
Retail,S001,ST0038_S,2026-03-23,No,2,0,9728
Retail,S001,ST0005_M,2026-03-23,No,2,0,7738
Retail,S001,ST0043_L,2026-03-23,No,4,0,18280
Retail,S001,ST0002_XL,2026-03-23,No,2,0,6822
Retail,S001,ST0004_M,2026-03-23,No,4,0,11540
Retail,S002,ST0046_S,2026-03-23,No,4,0,18180
Retail,S002,ST0016_S,2026-03-23,No,3,0,9705
Retail,S002,ST0036_S,2026-03-23,No,3,0,8973
Retail,S002,ST0012_S,2026-03-23,No,1,0,3461
Retail,S002,ST0030_M,2026-03-23,No,4,0,9364
Retail,S002,ST0032_S,2026-03-23,No,2,0,8694
Retail,S002,ST0017_L,2026-03-23,No,2,0,2124
Retail,S002,ST0008_L,2026-03-23,No,4,0,6616
Retail,S002,ST0041_M,2026-03-23,No,1,0,2431
Retail,S002,ST0017_M,2026-03-23,No,4,0,15744
Retail,S002,ST0038_XL,2026-03-23,No,1,0,2193
Retail,S002,ST0016_M,2026-03-23,No,3,0,4362
Retail,S002,ST0012_XL,2026-03-23,No,4,0,13476
Retail,S003,ST0024_L,2026-03-23,No,1,0,1684
Retail,S003,ST0014_S,2026-03-23,No,1,0,660
Retail,S003,ST0044_S,2026-03-23,No,4,0,4320
Retail,S003,ST0001_M,2026-03-23,No,4,0,4636
Retail,S003,ST0006_M,2026-03-23,No,3,0,12429
Retail,S003,ST0009_XL,2026-03-23,No,1,0,2148
Retail,S003,ST0047_M,2026-03-23,No,1,0,3459
Retail,S003,ST0014_XL,2026-03-23,No,1,0,4487
Retail,S003,ST0002_M,2026-03-23,No,4,0,2584
Retail,S003,ST0042_S,2026-03-23,No,3,0,4743
Retail,S003,ST0008_XL,2026-03-23,No,2,0,9998
Retail,S003,ST0038_XL,2026-03-23,No,4,0,8772
Retail,S003,ST0029_L,2026-03-23,No,4,0,19364
Retail,S004,ST0032_XL,2026-03-23,No,4,0,5884
Retail,S004,ST0011_XL,2026-03-23,No,1,0,2700
Retail,S004,ST0004_M,2026-03-23,No,2,0,5770
Retail,S004,ST0038_XL,2026-03-23,No,4,0,8772
Retail,S004,ST0037_S,2026-03-23,No,4,0,2016
Retail,S004,ST0025_S,2026-03-23,No,2,0,7788
Retail,S004,ST0039_S,2026-03-23,No,1,0,2182
Retail,S004,ST0022_M,2026-03-23,No,4,0,19104
Retail,S004,ST0020_M,2026-03-23,No,3,0,9072
Retail,S004,ST0031_XL,2026-03-23,No,2,0,5736
Retail,S004,ST0028_XL,2026-03-23,No,4,0,18228
Retail,S004,ST0013_M,2026-03-23,No,1,0,4291
Retail,S004,ST0050_XL,2026-03-23,No,3,0,5544
Retail,S004,ST0007_S,2026-03-23,No,3,0,10824
Retail,S004,ST0001_S,2026-03-23,No,1,0,2294
Retail,S004,ST0048_XL,2026-03-23,No,3,0,7710
Retail,S005,ST0042_M,2026-03-23,No,2,0,2024
Retail,S005,ST0017_S,2026-03-23,No,1,0,2193
Retail,S005,ST0030_M,2026-03-23,No,3,0,7023
Retail,S005,ST0032_M,2026-03-23,No,1,0,4995
Retail,S005,ST0029_S,2026-03-23,No,2,0,2568
Retail,S005,ST0012_S,2026-03-23,No,1,0,3461
Retail,S005,ST0027_XL,2026-03-23,No,2,0,7018
Retail,S005,ST0018_M,2026-03-23,No,3,0,2175
Retail,S005,ST0031_S,2026-03-23,No,1,0,3450
Retail,S005,ST0033_S,2026-03-23,No,3,0,4998
Retail,S005,ST0020_S,2026-03-23,No,2,0,5410
Retail,S005,ST0047_M,2026-03-23,No,3,0,10377
Retail,S005,ST0026_XL,2026-03-23,No,1,0,4363
Retail,S006,ST0031_XL,2026-03-23,No,2,0,5736
Retail,S006,ST0011_XL,2026-03-23,No,3,0,8100
Retail,S006,ST0009_S,2026-03-23,No,4,0,14764
Retail,S006,ST0018_M,2026-03-23,No,4,0,2900
Retail,S006,ST0028_M,2026-03-23,No,1,0,3037
Retail,S006,ST0005_L,2026-03-23,No,1,0,762
Retail,S006,ST0022_S,2026-03-23,No,4,0,3204
Retail,S006,ST0038_XL,2026-03-23,No,2,0,4386
Retail,S006,ST0012_M,2026-03-23,No,1,0,4933
Retail,S006,ST0045_S,2026-03-23,No,2,0,4358
Retail,S006,ST0025_M,2026-03-23,No,3,0,1881
Retail,S006,ST0010_S,2026-03-23,No,2,0,3890
Retail,S006,ST0006_L,2026-03-23,No,3,0,7647
Retail,S006,ST0030_L,2026-03-23,No,4,0,11820
Retail,S006,ST0008_XL,2026-03-23,No,2,0,9998
Retail,S006,ST0021_S,2026-03-23,No,2,0,6130
Retail,S007,ST0010_M,2026-03-23,No,1,0,4699
Retail,S007,ST0046_S,2026-03-23,No,1,0,4545
Retail,S007,ST0026_M,2026-03-23,No,1,0,2395
Retail,S007,ST0030_M,2026-03-23,No,1,0,2341
Retail,S007,ST0039_L,2026-03-23,No,1,0,1330
Retail,S007,ST0003_L,2026-03-23,No,2,0,1976
Retail,S007,ST0044_M,2026-03-23,No,1,0,2794
Retail,S007,ST0042_XL,2026-03-23,No,4,0,4236
Retail,S007,ST0048_XL,2026-03-23,No,1,0,2570
Retail,S007,ST0039_M,2026-03-23,No,1,0,619
Retail,S007,ST0020_S,2026-03-23,No,3,0,8115
Retail,S007,ST0042_L,2026-03-23,No,1,0,3349
Retail,S007,ST0027_L,2026-03-23,No,2,0,4372
Retail,S007,ST0011_S,2026-03-23,No,1,0,3683
Retail,S008,ST0028_L,2026-03-23,No,2,0,3818
Retail,S008,ST0018_L,2026-03-23,No,3,0,4377
Retail,S008,ST0036_XL,2026-03-23,No,4,0,14204
Retail,S008,ST0008_M,2026-03-23,No,3,0,8265
Retail,S008,ST0042_XL,2026-03-23,No,2,0,2118
Retail,S008,ST0026_XL,2026-03-23,No,2,0,8726
Retail,S008,ST0045_XL,2026-03-23,No,4,0,15424
Retail,S008,ST0047_XL,2026-03-23,No,1,0,2979
Retail,S008,ST0026_M,2026-03-23,No,2,0,4790
Retail,S008,ST0046_XL,2026-03-23,No,2,0,5282
Retail,S008,ST0011_XL,2026-03-23,No,3,0,8100
Retail,S008,ST0001_S,2026-03-23,No,2,0,4588
Retail,S008,ST0045_M,2026-03-23,No,1,0,4006
Retail,S008,ST0036_L,2026-03-23,No,1,0,3624
Retail,S008,ST0023_S,2026-03-23,No,1,0,1199
Retail,S009,ST0034_M,2026-03-23,No,2,0,8472
Retail,S009,ST0013_L,2026-03-23,No,2,0,2912
Retail,S009,ST0047_XL,2026-03-23,No,3,0,8937
Retail,S009,ST0030_XL,2026-03-23,No,4,0,4096
Retail,S009,ST0019_S,2026-03-23,No,2,0,2630
Retail,S009,ST0018_XL,2026-03-23,No,2,0,7134
Retail,S009,ST0020_S,2026-03-23,No,1,0,2705
Retail,S009,ST0033_M,2026-03-23,No,4,0,13096
Retail,S009,ST0014_S,2026-03-23,No,3,0,1980
Retail,S009,ST0037_L,2026-03-23,No,3,0,4473
Retail,S009,ST0032_M,2026-03-23,No,3,0,14985
Retail,S009,ST0007_L,2026-03-23,No,2,0,5112
Retail,S009,ST0008_M,2026-03-23,No,4,0,11020
Retail,S009,ST0011_S,2026-03-23,No,3,0,11049
Retail,S009,ST0037_S,2026-03-23,No,4,0,2016
Retail,S009,ST0002_S,2026-03-23,No,2,0,4972
Retail,S010,ST0040_L,2026-03-23,No,3,0,1848
Retail,S010,ST0040_S,2026-03-23,No,2,0,3738
Retail,S010,ST0014_L,2026-03-23,No,3,0,5400
Retail,S010,ST0022_M,2026-03-23,No,1,0,4776
Retail,S010,ST0039_M,2026-03-23,No,1,0,619
Retail,S010,ST0009_L,2026-03-23,No,4,0,17964
Retail,S010,ST0025_M,2026-03-23,No,2,0,1254
Retail,S010,ST0040_XL,2026-03-23,No,2,0,6676
Retail,S010,ST0001_XL,2026-03-23,No,2,0,3738
Retail,S010,ST0015_S,2026-03-23,No,4,0,8108
Retail,S010,ST0002_L,2026-03-23,No,3,0,11157
Retail,S010,ST0013_L,2026-03-23,No,2,0,2912
Retail,S010,ST0007_XL,2026-03-23,No,2,0,7340
Retail,S010,ST0012_S,2026-03-23,No,1,0,3461
Retail,S001,ST0037_L,2026-03-24,No,4,0,5964
Retail,S001,ST0037_XL,2026-03-24,No,2,0,9284
Retail,S001,ST0049_M,2026-03-24,No,3,0,11253
Retail,S001,ST0036_M,2026-03-24,No,1,0,3160
Retail,S001,ST0033_L,2026-03-24,No,4,0,9928
Retail,S001,ST0043_L,2026-03-24,No,3,0,13710
Retail,S001,ST0023_M,2026-03-24,No,4,0,6556
Retail,S001,ST0048_L,2026-03-24,No,2,0,9904
Retail,S001,ST0027_M,2026-03-24,No,1,0,3401
Retail,S001,ST0044_XL,2026-03-24,No,1,0,4749
Retail,S001,ST0024_S,2026-03-24,No,2,0,2960
Retail,S001,ST0024_L,2026-03-24,No,2,0,3368
Retail,S001,ST0029_XL,2026-03-24,No,3,0,9918
Retail,S001,ST0027_S,2026-03-24,No,1,0,4514
Retail,S001,ST0006_XL,2026-03-24,No,4,0,16892
Retail,S001,ST0003_S,2026-03-24,No,2,0,4468
Retail,S002,ST0028_XL,2026-03-24,No,1,0,4557
Retail,S002,ST0011_M,2026-03-24,No,2,0,6114
Retail,S002,ST0023_M,2026-03-24,No,1,0,1639
Retail,S002,ST0046_L,2026-03-24,No,1,0,3618
Retail,S002,ST0018_L,2026-03-24,No,4,0,5836
Retail,S002,ST0042_M,2026-03-24,No,1,0,1012
Retail,S002,ST0048_XL,2026-03-24,No,2,0,5140
Retail,S002,ST0032_S,2026-03-24,No,2,0,8694
Retail,S002,ST0035_S,2026-03-24,No,3,0,11283
Retail,S002,ST0039_S,2026-03-24,No,4,0,8728
Retail,S002,ST0038_S,2026-03-24,No,3,0,14592
Retail,S002,ST0030_S,2026-03-24,No,3,0,3111
Retail,S002,ST0016_XL,2026-03-24,No,2,0,3090
Retail,S002,ST0002_L,2026-03-24,No,2,0,7438
Retail,S003,ST0044_L,2026-03-24,No,4,0,14588
Retail,S003,ST0024_L,2026-03-24,No,3,0,5052
Retail,S003,ST0043_XL,2026-03-24,No,1,0,1970
Retail,S003,ST0036_XL,2026-03-24,No,4,0,14204
Retail,S003,ST0050_XL,2026-03-24,No,3,0,5544
Retail,S003,ST0014_S,2026-03-24,No,3,0,1980
Retail,S003,ST0044_XL,2026-03-24,No,1,0,4749
Retail,S003,ST0003_S,2026-03-24,No,1,0,2234
Retail,S003,ST0043_L,2026-03-24,No,1,0,4570
Retail,S003,ST0030_L,2026-03-24,No,2,0,5910
Retail,S003,ST0014_M,2026-03-24,No,1,0,4993
Retail,S003,ST0028_XL,2026-03-24,No,1,0,4557
Retail,S003,ST0007_M,2026-03-24,No,3,0,13770
Retail,S003,ST0017_L,2026-03-24,No,3,0,3186
Retail,S003,ST0014_XL,2026-03-24,No,3,0,13461
Retail,S004,ST0042_L,2026-03-24,No,1,0,3349
Retail,S004,ST0037_L,2026-03-24,No,1,0,1491
Retail,S004,ST0005_S,2026-03-24,No,4,0,18244
Retail,S004,ST0001_M,2026-03-24,No,4,0,4636
Retail,S004,ST0026_M,2026-03-24,No,1,0,2395
Retail,S004,ST0036_M,2026-03-24,No,2,0,6320
Retail,S004,ST0037_S,2026-03-24,No,3,0,1512
Retail,S004,ST0036_XL,2026-03-24,No,2,0,7102
Retail,S004,ST0034_S,2026-03-24,No,4,0,18584
Retail,S004,ST0008_M,2026-03-24,No,1,0,2755
Retail,S004,ST0039_XL,2026-03-24,No,4,0,16700
Retail,S004,ST0040_L,2026-03-24,No,2,0,1232
Retail,S004,ST0007_M,2026-03-24,No,2,0,9180
Retail,S004,ST0050_L,2026-03-24,No,4,0,6060
Retail,S004,ST0013_L,2026-03-24,No,2,0,2912
Retail,S005,ST0040_M,2026-03-24,No,2,0,2480
Retail,S005,ST0046_S,2026-03-24,No,1,0,4545
Retail,S005,ST0034_L,2026-03-24,No,2,0,8538
Retail,S005,ST0024_L,2026-03-24,No,2,0,3368
Retail,S005,ST0011_XL,2026-03-24,No,3,0,8100
Retail,S005,ST0015_L,2026-03-24,No,4,0,19984
Retail,S005,ST0044_S,2026-03-24,No,4,0,4320
Retail,S005,ST0049_L,2026-03-24,No,2,0,8460
Retail,S005,ST0040_L,2026-03-24,No,3,0,1848
Retail,S005,ST0016_L,2026-03-24,No,1,0,3946
Retail,S005,ST0023_L,2026-03-24,No,1,0,690
Retail,S005,ST0018_L,2026-03-24,No,3,0,4377
Retail,S006,ST0046_S,2026-03-24,No,1,0,4545
Retail,S006,ST0010_M,2026-03-24,No,4,0,18796
Retail,S006,ST0010_XL,2026-03-24,No,3,0,2259
Retail,S006,ST0050_S,2026-03-24,No,4,0,8524
Retail,S006,ST0005_M,2026-03-24,No,2,0,7738
Retail,S006,ST0029_M,2026-03-24,No,1,0,3675
Retail,S006,ST0012_L,2026-03-24,No,2,0,8554
Retail,S006,ST0013_S,2026-03-24,No,2,0,7468
Retail,S006,ST0015_S,2026-03-24,No,4,0,8108
Retail,S006,ST0016_L,2026-03-24,No,4,0,15784
Retail,S006,ST0027_S,2026-03-24,No,1,0,4514
Retail,S006,ST0020_S,2026-03-24,No,3,0,8115
Retail,S006,ST0002_M,2026-03-24,No,4,0,2584
Retail,S006,ST0023_XL,2026-03-24,No,1,0,2800
Retail,S006,ST0005_XL,2026-03-24,No,3,0,3369
Retail,S006,ST0046_L,2026-03-24,No,2,0,7236
Retail,S007,ST0024_S,2026-03-24,No,3,0,4440
Retail,S007,ST0025_XL,2026-03-24,No,1,0,2316
Retail,S007,ST0032_L,2026-03-24,No,4,0,12804
Retail,S007,ST0027_S,2026-03-24,No,2,0,9028
Retail,S007,ST0006_M,2026-03-24,No,3,0,12429
Retail,S007,ST0048_S,2026-03-24,No,4,0,8540
Retail,S007,ST0020_XL,2026-03-24,No,3,0,11832
Retail,S007,ST0008_XL,2026-03-24,No,3,0,14997
Retail,S007,ST0026_L,2026-03-24,No,3,0,9699
Retail,S007,ST0014_XL,2026-03-24,No,1,0,4487
Retail,S007,ST0005_S,2026-03-24,No,1,0,4561
Retail,S007,ST0010_L,2026-03-24,No,4,0,17692
Retail,S008,ST0007_XL,2026-03-24,No,1,0,3670
Retail,S008,ST0050_M,2026-03-24,No,2,0,6632
Retail,S008,ST0035_XL,2026-03-24,No,3,0,13062
Retail,S008,ST0038_M,2026-03-24,No,2,0,9930
Retail,S008,ST0037_M,2026-03-24,No,1,0,1376
Retail,S008,ST0035_M,2026-03-24,No,2,0,3296
Retail,S008,ST0006_L,2026-03-24,No,3,0,7647
Retail,S008,ST0035_S,2026-03-24,No,2,0,7522
Retail,S008,ST0041_S,2026-03-24,No,1,0,1650
Retail,S008,ST0005_S,2026-03-24,No,1,0,4561
Retail,S008,ST0031_XL,2026-03-24,No,2,0,5736
Retail,S008,ST0013_S,2026-03-24,No,3,0,11202
Retail,S008,ST0012_L,2026-03-24,No,4,0,17108
Retail,S008,ST0009_S,2026-03-24,No,4,0,14764
Retail,S008,ST0039_M,2026-03-24,No,1,0,619
Retail,S008,ST0018_S,2026-03-24,No,3,0,11562
Retail,S009,ST0005_M,2026-03-24,No,3,0,11607
Retail,S009,ST0008_L,2026-03-24,No,3,0,4962
Retail,S009,ST0003_S,2026-03-24,No,3,0,6702
Retail,S009,ST0028_S,2026-03-24,No,3,0,1962
Retail,S009,ST0007_XL,2026-03-24,No,3,0,11010
Retail,S009,ST0017_M,2026-03-24,No,4,0,15744
Retail,S009,ST0017_L,2026-03-24,No,4,0,4248
Retail,S009,ST0023_S,2026-03-24,No,4,0,4796
Retail,S009,ST0048_M,2026-03-24,No,2,0,4514
Retail,S009,ST0027_L,2026-03-24,No,2,0,4372
Retail,S009,ST0037_L,2026-03-24,No,4,0,5964
Retail,S009,ST0025_M,2026-03-24,No,2,0,1254
Retail,S009,ST0020_XL,2026-03-24,No,2,0,7888
Retail,S009,ST0001_M,2026-03-24,No,3,0,3477
Retail,S010,ST0001_L,2026-03-24,No,3,0,9933
Retail,S010,ST0047_L,2026-03-24,No,4,0,11060
Retail,S010,ST0007_XL,2026-03-24,No,2,0,7340
Retail,S010,ST0031_XL,2026-03-24,No,2,0,5736
Retail,S010,ST0049_XL,2026-03-24,No,1,0,2989
Retail,S010,ST0014_S,2026-03-24,No,2,0,1320
Retail,S010,ST0043_L,2026-03-24,No,3,0,13710
Retail,S010,ST0005_L,2026-03-24,No,2,0,1524
Retail,S010,ST0029_XL,2026-03-24,No,1,0,3306
Retail,S010,ST0049_M,2026-03-24,No,3,0,11253
Retail,S010,ST0018_XL,2026-03-24,No,2,0,7134
Retail,S010,ST0023_S,2026-03-24,No,2,0,2398
Retail,S010,ST0018_S,2026-03-24,No,1,0,3854
Retail,S010,ST0003_S,2026-03-24,No,1,0,2234
Retail,S010,ST0025_XL,2026-03-24,No,1,0,2316
Retail,S010,ST0032_M,2026-03-24,No,2,0,9990
Retail,S010,ST0013_S,2026-03-24,No,3,0,11202
Retail,S001,ST0008_XL,2026-03-25,No,1,0,4999
Retail,S001,ST0019_XL,2026-03-25,No,1,0,1743
Retail,S001,ST0030_XL,2026-03-25,No,2,0,2048
Retail,S001,ST0047_M,2026-03-25,No,3,0,10377
Retail,S001,ST0025_XL,2026-03-25,No,3,0,6948
Retail,S001,ST0049_S,2026-03-25,No,4,0,13396
Retail,S001,ST0031_L,2026-03-25,No,3,0,13845
Retail,S001,ST0020_XL,2026-03-25,No,1,0,3944
Retail,S001,ST0049_XL,2026-03-25,No,1,0,2989
Retail,S001,ST0029_L,2026-03-25,No,2,0,9682
Retail,S001,ST0021_L,2026-03-25,No,1,0,2827
Retail,S001,ST0033_M,2026-03-25,No,3,0,9822
Retail,S001,ST0035_M,2026-03-25,No,2,0,3296
Retail,S001,ST0013_M,2026-03-25,No,2,0,8582
Retail,S001,ST0034_XL,2026-03-25,No,2,0,2148
Retail,S002,ST0008_M,2026-03-25,No,3,0,8265
Retail,S002,ST0013_XL,2026-03-25,No,4,0,18268
Retail,S002,ST0040_L,2026-03-25,No,3,0,1848
Retail,S002,ST0011_M,2026-03-25,No,3,0,9171
Retail,S002,ST0040_XL,2026-03-25,No,1,0,3338
Retail,S002,ST0006_M,2026-03-25,No,3,0,12429
Retail,S002,ST0019_M,2026-03-25,No,1,0,3620
Retail,S002,ST0032_S,2026-03-25,No,3,0,13041
Retail,S002,ST0003_S,2026-03-25,No,1,0,2234
Retail,S002,ST0024_M,2026-03-25,No,1,0,3475
Retail,S002,ST0008_S,2026-03-25,No,4,0,8728
Retail,S002,ST0023_M,2026-03-25,No,3,0,4917
Retail,S002,ST0045_XL,2026-03-25,No,2,0,7712
Retail,S002,ST0038_XL,2026-03-25,No,1,0,2193
Retail,S002,ST0023_L,2026-03-25,No,4,0,2760
Retail,S002,ST0014_S,2026-03-25,No,2,0,1320
Retail,S002,ST0020_XL,2026-03-25,No,2,0,7888
Retail,S002,ST0001_M,2026-03-25,No,2,0,2318
Retail,S003,ST0021_XL,2026-03-25,No,2,0,7840
Retail,S003,ST0024_L,2026-03-25,No,1,0,1684
Retail,S003,ST0018_S,2026-03-25,No,2,0,7708
Retail,S003,ST0027_L,2026-03-25,No,2,0,4372
Retail,S003,ST0026_M,2026-03-25,No,4,0,9580
Retail,S003,ST0040_L,2026-03-25,No,1,0,616
Retail,S003,ST0042_XL,2026-03-25,No,2,0,2118
Retail,S003,ST0006_S,2026-03-25,No,1,0,1516
Retail,S003,ST0044_L,2026-03-25,No,1,0,3647
Retail,S003,ST0009_XL,2026-03-25,No,1,0,2148
Retail,S003,ST0025_M,2026-03-25,No,3,0,1881
Retail,S003,ST0036_S,2026-03-25,No,2,0,5982
Retail,S003,ST0026_XL,2026-03-25,No,3,0,13089
Retail,S003,ST0026_S,2026-03-25,No,1,0,1069
Retail,S003,ST0028_XL,2026-03-25,No,4,0,18228
Retail,S003,ST0015_XL,2026-03-25,No,3,0,10812
Retail,S004,ST0032_XL,2026-03-25,No,4,0,5884
Retail,S004,ST0041_L,2026-03-25,No,3,0,4536
Retail,S004,ST0032_S,2026-03-25,No,1,0,4347
Retail,S004,ST0007_XL,2026-03-25,No,1,0,3670
Retail,S004,ST0025_L,2026-03-25,No,1,0,2565
Retail,S004,ST0029_S,2026-03-25,No,4,0,5136
Retail,S004,ST0022_M,2026-03-25,No,2,0,9552
Retail,S004,ST0002_S,2026-03-25,No,3,0,7458
Retail,S004,ST0019_XL,2026-03-25,No,1,0,1743
Retail,S004,ST0034_M,2026-03-25,No,2,0,8472
Retail,S004,ST0018_L,2026-03-25,No,1,0,1459
Retail,S004,ST0030_M,2026-03-25,No,2,0,4682
Retail,S004,ST0037_L,2026-03-25,No,3,0,4473
Retail,S004,ST0046_S,2026-03-25,No,3,0,13635
Retail,S004,ST0041_XL,2026-03-25,No,3,0,6492
Retail,S004,ST0033_M,2026-03-25,No,2,0,6548
Retail,S005,ST0026_M,2026-03-25,No,1,0,2395
Retail,S005,ST0017_XL,2026-03-25,No,4,0,11940
Retail,S005,ST0031_XL,2026-03-25,No,3,0,8604
Retail,S005,ST0027_S,2026-03-25,No,1,0,4514
Retail,S005,ST0011_S,2026-03-25,No,3,0,11049
Retail,S005,ST0046_L,2026-03-25,No,3,0,10854
Retail,S005,ST0038_M,2026-03-25,No,2,0,9930
Retail,S005,ST0020_XL,2026-03-25,No,2,0,7888
Retail,S005,ST0047_M,2026-03-25,No,3,0,10377
Retail,S005,ST0005_M,2026-03-25,No,2,0,7738
Retail,S005,ST0006_XL,2026-03-25,No,4,0,16892
Retail,S005,ST0016_M,2026-03-25,No,2,0,2908
Retail,S005,ST0017_L,2026-03-25,No,4,0,4248
Retail,S005,ST0026_L,2026-03-25,No,4,0,12932
Retail,S005,ST0023_M,2026-03-25,No,2,0,3278
Retail,S005,ST0010_M,2026-03-25,No,2,0,9398
Retail,S006,ST0021_L,2026-03-25,No,3,0,8481
Retail,S006,ST0022_XL,2026-03-25,No,4,0,14680
Retail,S006,ST0006_XL,2026-03-25,No,2,0,8446
Retail,S006,ST0027_M,2026-03-25,No,1,0,3401
Retail,S006,ST0014_L,2026-03-25,No,2,0,3600
Retail,S006,ST0025_L,2026-03-25,No,3,0,7695
Retail,S006,ST0040_S,2026-03-25,No,2,0,3738
Retail,S006,ST0019_S,2026-03-25,No,2,0,2630
Retail,S006,ST0011_M,2026-03-25,No,4,0,12228
Retail,S006,ST0036_S,2026-03-25,No,2,0,5982
Retail,S006,ST0032_XL,2026-03-25,No,4,0,5884
Retail,S006,ST0047_S,2026-03-25,No,4,0,14236
Retail,S006,ST0024_L,2026-03-25,No,1,0,1684
Retail,S006,ST0030_S,2026-03-25,No,4,0,4148
Retail,S006,ST0025_M,2026-03-25,No,3,0,1881
Retail,S006,ST0035_M,2026-03-25,No,3,0,4944
Retail,S007,ST0048_M,2026-03-25,No,4,0,9028
Retail,S007,ST0027_S,2026-03-25,No,1,0,4514
Retail,S007,ST0050_M,2026-03-25,No,2,0,6632
Retail,S007,ST0045_L,2026-03-25,No,4,0,12976
Retail,S007,ST0035_XL,2026-03-25,No,4,0,17416
Retail,S007,ST0014_S,2026-03-25,No,1,0,660
Retail,S007,ST0031_S,2026-03-25,No,3,0,10350
Retail,S007,ST0044_L,2026-03-25,No,4,0,14588
Retail,S007,ST0014_XL,2026-03-25,No,1,0,4487
Retail,S007,ST0001_M,2026-03-25,No,1,0,1159
Retail,S007,ST0003_M,2026-03-25,No,2,0,4686
Retail,S007,ST0008_M,2026-03-25,No,2,0,5510
Retail,S007,ST0018_L,2026-03-25,No,1,0,1459
Retail,S007,ST0050_XL,2026-03-25,No,4,0,7392
Retail,S007,ST0041_XL,2026-03-25,No,2,0,4328
Retail,S007,ST0040_L,2026-03-25,No,1,0,616
Retail,S007,ST0015_S,2026-03-25,No,1,0,2027
Retail,S007,ST0004_S,2026-03-25,No,1,0,2459
Retail,S008,ST0029_M,2026-03-25,No,4,0,14700
Retail,S008,ST0050_XL,2026-03-25,No,2,0,3696
Retail,S008,ST0005_M,2026-03-25,No,2,0,7738
Retail,S008,ST0038_S,2026-03-25,No,1,0,4864
Retail,S008,ST0014_S,2026-03-25,No,2,0,1320
Retail,S008,ST0049_XL,2026-03-25,No,2,0,5978
Retail,S008,ST0004_XL,2026-03-25,No,1,0,2302
Retail,S008,ST0024_L,2026-03-25,No,4,0,6736
Retail,S008,ST0030_L,2026-03-25,No,2,0,5910
Retail,S008,ST0027_XL,2026-03-25,No,4,0,14036
Retail,S008,ST0047_XL,2026-03-25,No,1,0,2979
Retail,S008,ST0005_S,2026-03-25,No,4,0,18244
Retail,S008,ST0028_S,2026-03-25,No,1,0,654
Retail,S009,ST0004_XL,2026-03-25,No,3,0,6906
Retail,S009,ST0034_XL,2026-03-25,No,2,0,2148
Retail,S009,ST0038_M,2026-03-25,No,3,0,14895
Retail,S009,ST0026_XL,2026-03-25,No,4,0,17452
Retail,S009,ST0027_S,2026-03-25,No,4,0,18056
Retail,S009,ST0037_XL,2026-03-25,No,1,0,4642
Retail,S009,ST0022_M,2026-03-25,No,4,0,19104
Retail,S009,ST0032_XL,2026-03-25,No,3,0,4413
Retail,S009,ST0044_S,2026-03-25,No,4,0,4320
Retail,S009,ST0012_L,2026-03-25,No,3,0,12831
Retail,S009,ST0048_S,2026-03-25,No,4,0,8540
Retail,S009,ST0030_XL,2026-03-25,No,2,0,2048
Retail,S009,ST0036_L,2026-03-25,No,4,0,14496
Retail,S009,ST0043_M,2026-03-25,No,3,0,11529
Retail,S009,ST0006_M,2026-03-25,No,3,0,12429
Retail,S010,ST0032_XL,2026-03-25,No,1,0,1471
Retail,S010,ST0009_XL,2026-03-25,No,2,0,4296
Retail,S010,ST0043_M,2026-03-25,No,2,0,7686
Retail,S010,ST0024_M,2026-03-25,No,3,0,10425
Retail,S010,ST0039_S,2026-03-25,No,1,0,2182
Retail,S010,ST0010_M,2026-03-25,No,1,0,4699
Retail,S010,ST0014_M,2026-03-25,No,2,0,9986
Retail,S010,ST0049_L,2026-03-25,No,1,0,4230
Retail,S010,ST0049_XL,2026-03-25,No,1,0,2989
Retail,S010,ST0041_M,2026-03-25,No,2,0,4862
Retail,S010,ST0026_M,2026-03-25,No,4,0,9580
Retail,S010,ST0030_XL,2026-03-25,No,1,0,1024
Retail,S010,ST0033_L,2026-03-25,No,2,0,4964
Retail,S010,ST0017_S,2026-03-25,No,4,0,8772
Retail,S010,ST0039_L,2026-03-25,No,2,0,2660
Retail,S010,ST0021_M,2026-03-25,No,4,0,6240
Retail,S001,ST0047_M,2026-03-26,No,2,0,6918
Retail,S001,ST0007_L,2026-03-26,No,1,0,2556
Retail,S001,ST0047_XL,2026-03-26,No,1,0,2979
Retail,S001,ST0020_XL,2026-03-26,No,4,0,15776
Retail,S001,ST0032_L,2026-03-26,No,2,0,6402
Retail,S001,ST0027_S,2026-03-26,No,3,0,13542
Retail,S001,ST0005_M,2026-03-26,No,4,0,15476
Retail,S001,ST0029_L,2026-03-26,No,1,0,4841
Retail,S001,ST0041_XL,2026-03-26,No,2,0,4328
Retail,S001,ST0046_M,2026-03-26,No,1,0,1743
Retail,S001,ST0035_XL,2026-03-26,No,4,0,17416
Retail,S001,ST0050_M,2026-03-26,No,4,0,13264
Retail,S001,ST0014_L,2026-03-26,No,2,0,3600
Retail,S001,ST0011_L,2026-03-26,No,1,0,598
Retail,S002,ST0012_S,2026-03-26,No,2,0,6922
Retail,S002,ST0022_M,2026-03-26,No,4,0,19104
Retail,S002,ST0016_L,2026-03-26,No,2,0,7892
Retail,S002,ST0020_XL,2026-03-26,No,1,0,3944
Retail,S002,ST0047_S,2026-03-26,No,4,0,14236
Retail,S002,ST0028_XL,2026-03-26,No,1,0,4557
Retail,S002,ST0045_M,2026-03-26,No,2,0,8012
Retail,S002,ST0044_L,2026-03-26,No,1,0,3647
Retail,S002,ST0011_L,2026-03-26,No,3,0,1794
Retail,S002,ST0013_XL,2026-03-26,No,2,0,9134
Retail,S003,ST0012_M,2026-03-26,No,2,0,9866
Retail,S003,ST0021_S,2026-03-26,No,1,0,3065
Retail,S003,ST0004_L,2026-03-26,No,1,0,3419
Retail,S003,ST0050_L,2026-03-26,No,3,0,4545
Retail,S003,ST0045_M,2026-03-26,No,1,0,4006
Retail,S003,ST0043_S,2026-03-26,No,4,0,16688
Retail,S003,ST0030_L,2026-03-26,No,2,0,5910
Retail,S003,ST0046_M,2026-03-26,No,4,0,6972
Retail,S003,ST0016_L,2026-03-26,No,2,0,7892
Retail,S003,ST0017_XL,2026-03-26,No,1,0,2985
Retail,S003,ST0027_XL,2026-03-26,No,4,0,14036
Retail,S003,ST0047_M,2026-03-26,No,4,0,13836
Retail,S003,ST0018_M,2026-03-26,No,3,0,2175
Retail,S003,ST0008_XL,2026-03-26,No,1,0,4999
Retail,S003,ST0002_S,2026-03-26,No,3,0,7458
Retail,S003,ST0013_L,2026-03-26,No,1,0,1456
Retail,S003,ST0033_M,2026-03-26,No,4,0,13096
Retail,S003,ST0041_S,2026-03-26,No,3,0,4950
Retail,S004,ST0030_M,2026-03-26,No,4,0,9364
Retail,S004,ST0020_S,2026-03-26,No,2,0,5410
Retail,S004,ST0034_L,2026-03-26,No,1,0,4269
Retail,S004,ST0028_M,2026-03-26,No,1,0,3037
Retail,S004,ST0013_M,2026-03-26,No,2,0,8582
Retail,S004,ST0018_XL,2026-03-26,No,3,0,10701
Retail,S004,ST0007_L,2026-03-26,No,2,0,5112
Retail,S004,ST0017_XL,2026-03-26,No,2,0,5970
Retail,S004,ST0001_S,2026-03-26,No,4,0,9176
Retail,S004,ST0029_S,2026-03-26,No,2,0,2568
Retail,S004,ST0040_L,2026-03-26,No,2,0,1232
Retail,S005,ST0009_M,2026-03-26,No,2,0,4392
Retail,S005,ST0019_XL,2026-03-26,No,1,0,1743
Retail,S005,ST0040_XL,2026-03-26,No,1,0,3338
Retail,S005,ST0014_L,2026-03-26,No,2,0,3600
Retail,S005,ST0018_S,2026-03-26,No,1,0,3854
Retail,S005,ST0032_XL,2026-03-26,No,3,0,4413
Retail,S005,ST0037_L,2026-03-26,No,4,0,5964
Retail,S005,ST0016_M,2026-03-26,No,4,0,5816
Retail,S005,ST0031_XL,2026-03-26,No,1,0,2868
Retail,S005,ST0017_XL,2026-03-26,No,3,0,8955
Retail,S005,ST0024_S,2026-03-26,No,1,0,1480
Retail,S005,ST0044_S,2026-03-26,No,2,0,2160
Retail,S005,ST0039_S,2026-03-26,No,1,0,2182
Retail,S005,ST0005_S,2026-03-26,No,1,0,4561
Retail,S005,ST0033_M,2026-03-26,No,2,0,6548
Retail,S005,ST0007_L,2026-03-26,No,2,0,5112
Retail,S005,ST0004_L,2026-03-26,No,1,0,3419
Retail,S006,ST0038_S,2026-03-26,No,4,0,19456
Retail,S006,ST0025_L,2026-03-26,No,1,0,2565
Retail,S006,ST0043_L,2026-03-26,No,1,0,4570
Retail,S006,ST0021_XL,2026-03-26,No,1,0,3920
Retail,S006,ST0042_S,2026-03-26,No,3,0,4743
Retail,S006,ST0018_S,2026-03-26,No,2,0,7708
Retail,S006,ST0030_L,2026-03-26,No,1,0,2955
Retail,S006,ST0020_XL,2026-03-26,No,3,0,11832
Retail,S006,ST0038_XL,2026-03-26,No,2,0,4386
Retail,S006,ST0001_S,2026-03-26,No,3,0,6882
Retail,S006,ST0047_M,2026-03-26,No,1,0,3459
Retail,S006,ST0015_L,2026-03-26,No,1,0,4996
Retail,S006,ST0024_L,2026-03-26,No,2,0,3368
Retail,S006,ST0025_S,2026-03-26,No,3,0,11682
Retail,S006,ST0016_M,2026-03-26,No,1,0,1454
Retail,S006,ST0036_S,2026-03-26,No,4,0,11964
Retail,S006,ST0029_L,2026-03-26,No,1,0,4841
Retail,S007,ST0021_M,2026-03-26,No,2,0,3120
Retail,S007,ST0031_S,2026-03-26,No,4,0,13800
Retail,S007,ST0014_S,2026-03-26,No,2,0,1320
Retail,S007,ST0036_S,2026-03-26,No,1,0,2991
Retail,S007,ST0013_L,2026-03-26,No,2,0,2912
Retail,S007,ST0037_L,2026-03-26,No,4,0,5964
Retail,S007,ST0021_XL,2026-03-26,No,1,0,3920
Retail,S007,ST0016_S,2026-03-26,No,4,0,12940
Retail,S007,ST0034_XL,2026-03-26,No,2,0,2148
Retail,S007,ST0011_XL,2026-03-26,No,4,0,10800
Retail,S007,ST0006_XL,2026-03-26,No,2,0,8446
Retail,S007,ST0035_L,2026-03-26,No,3,0,6645
Retail,S007,ST0033_XL,2026-03-26,No,1,0,1353
Retail,S007,ST0050_S,2026-03-26,No,1,0,2131
Retail,S008,ST0009_XL,2026-03-26,No,2,0,4296
Retail,S008,ST0013_XL,2026-03-26,No,2,0,9134
Retail,S008,ST0005_M,2026-03-26,No,2,0,7738
Retail,S008,ST0019_L,2026-03-26,No,3,0,1548
Retail,S008,ST0019_XL,2026-03-26,No,3,0,5229
Retail,S008,ST0027_XL,2026-03-26,No,4,0,14036
Retail,S008,ST0011_XL,2026-03-26,No,2,0,5400
Retail,S008,ST0001_M,2026-03-26,No,1,0,1159
Retail,S008,ST0012_L,2026-03-26,No,3,0,12831
Retail,S008,ST0003_XL,2026-03-26,No,4,0,13904
Retail,S008,ST0022_XL,2026-03-26,No,4,0,14680
Retail,S008,ST0046_XL,2026-03-26,No,4,0,10564
Retail,S008,ST0026_S,2026-03-26,No,4,0,4276
Retail,S008,ST0028_L,2026-03-26,No,1,0,1909
Retail,S008,ST0008_L,2026-03-26,No,1,0,1654
Retail,S008,ST0030_M,2026-03-26,No,4,0,9364
Retail,S009,ST0009_M,2026-03-26,No,4,0,8784
Retail,S009,ST0020_XL,2026-03-26,No,3,0,11832
Retail,S009,ST0022_L,2026-03-26,No,2,0,2212
Retail,S009,ST0040_L,2026-03-26,No,1,0,616
Retail,S009,ST0012_S,2026-03-26,No,2,0,6922
Retail,S009,ST0009_XL,2026-03-26,No,2,0,4296
Retail,S009,ST0020_L,2026-03-26,No,3,0,4707
Retail,S009,ST0021_XL,2026-03-26,No,4,0,15680
Retail,S009,ST0044_M,2026-03-26,No,2,0,5588
Retail,S009,ST0007_S,2026-03-26,No,1,0,3608
Retail,S009,ST0001_XL,2026-03-26,No,2,0,3738
Retail,S009,ST0042_M,2026-03-26,No,3,0,3036
Retail,S009,ST0043_XL,2026-03-26,No,4,0,7880
Retail,S009,ST0044_L,2026-03-26,No,3,0,10941
Retail,S009,ST0041_L,2026-03-26,No,1,0,1512
Retail,S009,ST0027_L,2026-03-26,No,1,0,2186
Retail,S010,ST0043_M,2026-03-26,No,4,0,15372
Retail,S010,ST0041_L,2026-03-26,No,1,0,1512
Retail,S010,ST0049_S,2026-03-26,No,4,0,13396
Retail,S010,ST0044_L,2026-03-26,No,3,0,10941
Retail,S010,ST0018_M,2026-03-26,No,2,0,1450
Retail,S010,ST0041_XL,2026-03-26,No,4,0,8656
Retail,S010,ST0024_XL,2026-03-26,No,1,0,3827
Retail,S010,ST0008_M,2026-03-26,No,2,0,5510
Retail,S010,ST0050_XL,2026-03-26,No,4,0,7392
Retail,S010,ST0020_M,2026-03-26,No,3,0,9072
Retail,S010,ST0011_L,2026-03-26,No,3,0,1794
Retail,S010,ST0042_XL,2026-03-26,No,3,0,3177
Retail,S010,ST0014_M,2026-03-26,No,4,0,19972
Retail,S010,ST0033_XL,2026-03-26,No,2,0,2706
Retail,S001,ST0019_M,2026-03-27,No,3,0,10860
Retail,S001,ST0031_M,2026-03-27,No,3,0,13893
Retail,S001,ST0005_M,2026-03-27,No,4,0,15476
Retail,S001,ST0030_S,2026-03-27,No,4,0,4148
Retail,S001,ST0046_S,2026-03-27,No,3,0,13635
Retail,S001,ST0003_XL,2026-03-27,No,2,0,6952
Retail,S001,ST0043_M,2026-03-27,No,4,0,15372
Retail,S001,ST0042_M,2026-03-27,No,2,0,2024
Retail,S001,ST0023_S,2026-03-27,No,3,0,3597
Retail,S001,ST0015_XL,2026-03-27,No,4,0,14416
Retail,S001,ST0029_L,2026-03-27,No,4,0,19364
Retail,S001,ST0011_XL,2026-03-27,No,2,0,5400
Retail,S001,ST0009_M,2026-03-27,No,1,0,2196
Retail,S001,ST0044_XL,2026-03-27,No,3,0,14247
Retail,S001,ST0032_XL,2026-03-27,No,1,0,1471
Retail,S002,ST0004_XL,2026-03-27,No,3,0,6906
Retail,S002,ST0015_S,2026-03-27,No,3,0,6081
Retail,S002,ST0023_XL,2026-03-27,No,4,0,11200
Retail,S002,ST0006_M,2026-03-27,No,2,0,8286
Retail,S002,ST0049_L,2026-03-27,No,4,0,16920
Retail,S002,ST0005_XL,2026-03-27,No,3,0,3369
Retail,S002,ST0013_M,2026-03-27,No,2,0,8582
Retail,S002,ST0008_XL,2026-03-27,No,3,0,14997
Retail,S002,ST0033_XL,2026-03-27,No,4,0,5412
Retail,S002,ST0011_S,2026-03-27,No,1,0,3683
Retail,S002,ST0035_M,2026-03-27,No,4,0,6592
Retail,S002,ST0037_S,2026-03-27,No,2,0,1008
Retail,S002,ST0041_M,2026-03-27,No,3,0,7293
Retail,S002,ST0001_M,2026-03-27,No,2,0,2318
Retail,S003,ST0046_S,2026-03-27,No,4,0,18180
Retail,S003,ST0010_XL,2026-03-27,No,1,0,753
Retail,S003,ST0046_L,2026-03-27,No,1,0,3618
Retail,S003,ST0044_L,2026-03-27,No,2,0,7294
Retail,S003,ST0012_M,2026-03-27,No,1,0,4933
Retail,S003,ST0003_XL,2026-03-27,No,1,0,3476
Retail,S003,ST0017_XL,2026-03-27,No,3,0,8955
Retail,S003,ST0039_M,2026-03-27,No,1,0,619
Retail,S003,ST0043_L,2026-03-27,No,2,0,9140
Retail,S003,ST0029_L,2026-03-27,No,4,0,19364
Retail,S003,ST0021_M,2026-03-27,No,2,0,3120
Retail,S003,ST0028_L,2026-03-27,No,2,0,3818
Retail,S003,ST0040_XL,2026-03-27,No,3,0,10014
Retail,S004,ST0026_XL,2026-03-27,No,3,0,13089
Retail,S004,ST0030_M,2026-03-27,No,4,0,9364
Retail,S004,ST0048_S,2026-03-27,No,4,0,8540
Retail,S004,ST0011_S,2026-03-27,No,3,0,11049
Retail,S004,ST0030_L,2026-03-27,No,4,0,11820
Retail,S004,ST0044_L,2026-03-27,No,4,0,14588
Retail,S004,ST0043_XL,2026-03-27,No,2,0,3940
Retail,S004,ST0005_S,2026-03-27,No,3,0,13683
Retail,S004,ST0045_XL,2026-03-27,No,2,0,7712
Retail,S004,ST0031_S,2026-03-27,No,2,0,6900
Retail,S004,ST0032_S,2026-03-27,No,1,0,4347
Retail,S004,ST0026_M,2026-03-27,No,2,0,4790
Retail,S004,ST0017_M,2026-03-27,No,2,0,7872
Retail,S004,ST0049_L,2026-03-27,No,3,0,12690
Retail,S005,ST0002_L,2026-03-27,No,4,0,14876
Retail,S005,ST0021_L,2026-03-27,No,3,0,8481
Retail,S005,ST0031_XL,2026-03-27,No,2,0,5736
Retail,S005,ST0042_L,2026-03-27,No,2,0,6698
Retail,S005,ST0012_L,2026-03-27,No,2,0,8554
Retail,S005,ST0007_L,2026-03-27,No,1,0,2556
Retail,S005,ST0025_XL,2026-03-27,No,2,0,4632
Retail,S005,ST0041_M,2026-03-27,No,3,0,7293
Retail,S005,ST0029_L,2026-03-27,No,4,0,19364
Retail,S005,ST0024_M,2026-03-27,No,2,0,6950
Retail,S005,ST0034_XL,2026-03-27,No,3,0,3222
Retail,S006,ST0045_XL,2026-03-27,No,4,0,15424
Retail,S006,ST0040_M,2026-03-27,No,3,0,3720
Retail,S006,ST0034_M,2026-03-27,No,3,0,12708
Retail,S006,ST0014_L,2026-03-27,No,1,0,1800
Retail,S006,ST0040_S,2026-03-27,No,1,0,1869
Retail,S006,ST0008_S,2026-03-27,No,1,0,2182
Retail,S006,ST0023_L,2026-03-27,No,2,0,1380
Retail,S006,ST0016_M,2026-03-27,No,4,0,5816
Retail,S006,ST0034_S,2026-03-27,No,1,0,4646
Retail,S006,ST0003_S,2026-03-27,No,1,0,2234
Retail,S006,ST0006_L,2026-03-27,No,4,0,10196
Retail,S006,ST0010_XL,2026-03-27,No,2,0,1506
Retail,S006,ST0003_XL,2026-03-27,No,3,0,10428
Retail,S006,ST0026_S,2026-03-27,No,4,0,4276
Retail,S007,ST0001_L,2026-03-27,No,2,0,6622
Retail,S007,ST0050_XL,2026-03-27,No,1,0,1848
Retail,S007,ST0019_XL,2026-03-27,No,2,0,3486
Retail,S007,ST0007_S,2026-03-27,No,4,0,14432
Retail,S007,ST0018_S,2026-03-27,No,2,0,7708
Retail,S007,ST0041_M,2026-03-27,No,3,0,7293
Retail,S007,ST0006_L,2026-03-27,No,2,0,5098
Retail,S007,ST0029_L,2026-03-27,No,2,0,9682
Retail,S007,ST0015_XL,2026-03-27,No,2,0,7208
Retail,S007,ST0048_L,2026-03-27,No,3,0,14856
Retail,S007,ST0038_S,2026-03-27,No,1,0,4864
Retail,S007,ST0030_S,2026-03-27,No,1,0,1037
Retail,S007,ST0014_L,2026-03-27,No,3,0,5400
Retail,S007,ST0033_XL,2026-03-27,No,1,0,1353
Retail,S008,ST0006_L,2026-03-27,No,2,0,5098
Retail,S008,ST0020_L,2026-03-27,No,3,0,4707
Retail,S008,ST0004_S,2026-03-27,No,4,0,9836
Retail,S008,ST0019_M,2026-03-27,No,4,0,14480
Retail,S008,ST0014_M,2026-03-27,No,3,0,14979
Retail,S008,ST0041_L,2026-03-27,No,4,0,6048
Retail,S008,ST0015_M,2026-03-27,No,1,0,1718
Retail,S008,ST0030_M,2026-03-27,No,1,0,2341
Retail,S008,ST0033_XL,2026-03-27,No,2,0,2706
Retail,S008,ST0016_XL,2026-03-27,No,4,0,6180
Retail,S008,ST0042_M,2026-03-27,No,3,0,3036
Retail,S008,ST0041_XL,2026-03-27,No,2,0,4328
Retail,S008,ST0048_S,2026-03-27,No,4,0,8540
Retail,S008,ST0003_L,2026-03-27,No,4,0,3952
Retail,S008,ST0008_S,2026-03-27,No,4,0,8728
Retail,S009,ST0016_XL,2026-03-27,No,4,0,6180
Retail,S009,ST0040_L,2026-03-27,No,4,0,2464
Retail,S009,ST0031_S,2026-03-27,No,4,0,13800
Retail,S009,ST0015_M,2026-03-27,No,2,0,3436
Retail,S009,ST0002_M,2026-03-27,No,2,0,1292
Retail,S009,ST0018_M,2026-03-27,No,1,0,725
Retail,S009,ST0017_L,2026-03-27,No,2,0,2124
Retail,S009,ST0024_M,2026-03-27,No,2,0,6950
Retail,S009,ST0002_XL,2026-03-27,No,3,0,10233
Retail,S009,ST0004_L,2026-03-27,No,4,0,13676
Retail,S009,ST0050_S,2026-03-27,No,4,0,8524
Retail,S009,ST0018_XL,2026-03-27,No,4,0,14268
Retail,S009,ST0034_M,2026-03-27,No,4,0,16944
Retail,S009,ST0014_S,2026-03-27,No,3,0,1980
Retail,S009,ST0036_M,2026-03-27,No,3,0,9480
Retail,S010,ST0009_S,2026-03-27,No,3,0,11073
Retail,S010,ST0049_M,2026-03-27,No,4,0,15004
Retail,S010,ST0016_XL,2026-03-27,No,1,0,1545
Retail,S010,ST0040_S,2026-03-27,No,2,0,3738
Retail,S010,ST0011_S,2026-03-27,No,4,0,14732
Retail,S010,ST0033_XL,2026-03-27,No,1,0,1353
Retail,S010,ST0046_S,2026-03-27,No,3,0,13635
Retail,S010,ST0030_M,2026-03-27,No,2,0,4682
Retail,S010,ST0015_XL,2026-03-27,No,4,0,14416
Retail,S010,ST0041_S,2026-03-27,No,4,0,6600
Retail,S010,ST0018_L,2026-03-27,No,1,0,1459
Retail,S010,ST0020_M,2026-03-27,No,2,0,6048
Retail,S010,ST0017_L,2026-03-27,No,4,0,4248
Retail,S010,ST0033_M,2026-03-27,No,4,0,13096
Retail,S001,ST0033_M,2026-03-28,No,4,0,13096
Retail,S001,ST0023_M,2026-03-28,No,1,0,1639
Retail,S001,ST0002_L,2026-03-28,No,1,0,3719
Retail,S001,ST0017_M,2026-03-28,No,1,0,3936
Retail,S001,ST0028_S,2026-03-28,No,1,0,654
Retail,S001,ST0050_XL,2026-03-28,No,4,0,7392
Retail,S001,ST0034_S,2026-03-28,No,3,0,13938
Retail,S001,ST0030_XL,2026-03-28,No,4,0,4096
Retail,S001,ST0015_M,2026-03-28,No,3,0,5154
Retail,S001,ST0012_L,2026-03-28,No,1,0,4277
Retail,S001,ST0005_XL,2026-03-28,No,1,0,1123
Retail,S001,ST0044_M,2026-03-28,No,3,0,8382
Retail,S001,ST0013_XL,2026-03-28,No,2,0,9134
Retail,S001,ST0044_S,2026-03-28,No,3,0,3240
Retail,S001,ST0008_XL,2026-03-28,No,1,0,4999
Retail,S001,ST0042_S,2026-03-28,No,2,0,3162
Retail,S002,ST0047_S,2026-03-28,No,4,0,14236
Retail,S002,ST0016_XL,2026-03-28,No,4,0,6180
Retail,S002,ST0016_M,2026-03-28,No,1,0,1454
Retail,S002,ST0027_XL,2026-03-28,No,3,0,10527
Retail,S002,ST0033_M,2026-03-28,No,1,0,3274
Retail,S002,ST0002_S,2026-03-28,No,2,0,4972
Retail,S002,ST0044_XL,2026-03-28,No,2,0,9498
Retail,S002,ST0034_L,2026-03-28,No,2,0,8538
Retail,S002,ST0015_XL,2026-03-28,No,2,0,7208
Retail,S002,ST0032_XL,2026-03-28,No,2,0,2942
Retail,S002,ST0010_L,2026-03-28,No,3,0,13269
Retail,S002,ST0006_XL,2026-03-28,No,1,0,4223
Retail,S002,ST0036_S,2026-03-28,No,3,0,8973
Retail,S002,ST0001_M,2026-03-28,No,2,0,2318
Retail,S002,ST0024_XL,2026-03-28,No,4,0,15308
Retail,S002,ST0024_L,2026-03-28,No,3,0,5052
Retail,S002,ST0008_S,2026-03-28,No,2,0,4364
Retail,S003,ST0044_S,2026-03-28,No,1,0,1080
Retail,S003,ST0046_S,2026-03-28,No,2,0,9090
Retail,S003,ST0040_XL,2026-03-28,No,4,0,13352
Retail,S003,ST0023_XL,2026-03-28,No,4,0,11200
Retail,S003,ST0015_S,2026-03-28,No,1,0,2027
Retail,S003,ST0044_XL,2026-03-28,No,4,0,18996
Retail,S003,ST0002_M,2026-03-28,No,2,0,1292
Retail,S003,ST0037_M,2026-03-28,No,3,0,4128
Retail,S003,ST0022_M,2026-03-28,No,3,0,14328
Retail,S003,ST0015_XL,2026-03-28,No,4,0,14416
Retail,S003,ST0039_XL,2026-03-28,No,4,0,16700
Retail,S003,ST0031_M,2026-03-28,No,2,0,9262
Retail,S003,ST0006_XL,2026-03-28,No,4,0,16892
Retail,S003,ST0018_XL,2026-03-28,No,3,0,10701
Retail,S003,ST0020_S,2026-03-28,No,4,0,10820
Retail,S004,ST0044_S,2026-03-28,No,2,0,2160
Retail,S004,ST0003_M,2026-03-28,No,1,0,2343
Retail,S004,ST0006_S,2026-03-28,No,4,0,6064
Retail,S004,ST0029_XL,2026-03-28,No,3,0,9918
Retail,S004,ST0017_M,2026-03-28,No,4,0,15744
Retail,S004,ST0027_L,2026-03-28,No,3,0,6558
Retail,S004,ST0035_XL,2026-03-28,No,3,0,13062
Retail,S004,ST0030_M,2026-03-28,No,4,0,9364
Retail,S004,ST0024_XL,2026-03-28,No,1,0,3827
Retail,S004,ST0013_M,2026-03-28,No,3,0,12873
Retail,S004,ST0018_S,2026-03-28,No,1,0,3854
Retail,S004,ST0049_XL,2026-03-28,No,1,0,2989
Retail,S004,ST0028_L,2026-03-28,No,4,0,7636
Retail,S004,ST0045_L,2026-03-28,No,4,0,12976
Retail,S004,ST0049_L,2026-03-28,No,2,0,8460
Retail,S004,ST0026_XL,2026-03-28,No,1,0,4363
Retail,S004,ST0022_L,2026-03-28,No,1,0,1106
Retail,S005,ST0009_S,2026-03-28,No,2,0,7382
Retail,S005,ST0018_S,2026-03-28,No,2,0,7708
Retail,S005,ST0037_S,2026-03-28,No,3,0,1512
Retail,S005,ST0017_L,2026-03-28,No,3,0,3186
Retail,S005,ST0006_XL,2026-03-28,No,2,0,8446
Retail,S005,ST0048_M,2026-03-28,No,2,0,4514
Retail,S005,ST0025_XL,2026-03-28,No,1,0,2316
Retail,S005,ST0034_S,2026-03-28,No,2,0,9292
Retail,S005,ST0021_S,2026-03-28,No,2,0,6130
Retail,S005,ST0043_XL,2026-03-28,No,1,0,1970
Retail,S005,ST0023_XL,2026-03-28,No,3,0,8400
Retail,S005,ST0008_M,2026-03-28,No,3,0,8265
Retail,S005,ST0035_S,2026-03-28,No,4,0,15044
Retail,S005,ST0039_S,2026-03-28,No,1,0,2182
Retail,S006,ST0029_S,2026-03-28,No,4,0,5136
Retail,S006,ST0003_M,2026-03-28,No,4,0,9372
Retail,S006,ST0032_S,2026-03-28,No,4,0,17388
Retail,S006,ST0007_S,2026-03-28,No,3,0,10824
Retail,S006,ST0035_XL,2026-03-28,No,3,0,13062
Retail,S006,ST0009_M,2026-03-28,No,2,0,4392
Retail,S006,ST0034_M,2026-03-28,No,1,0,4236
Retail,S006,ST0040_M,2026-03-28,No,4,0,4960
Retail,S006,ST0007_M,2026-03-28,No,2,0,9180
Retail,S006,ST0008_XL,2026-03-28,No,4,0,19996
Retail,S006,ST0047_XL,2026-03-28,No,4,0,11916
Retail,S006,ST0016_S,2026-03-28,No,2,0,6470
Retail,S006,ST0040_S,2026-03-28,No,3,0,5607
Retail,S006,ST0015_XL,2026-03-28,No,4,0,14416
Retail,S006,ST0008_M,2026-03-28,No,2,0,5510
Retail,S006,ST0044_XL,2026-03-28,No,2,0,9498
Retail,S006,ST0024_L,2026-03-28,No,2,0,3368
Retail,S007,ST0021_M,2026-03-28,No,4,0,6240
Retail,S007,ST0038_L,2026-03-28,No,3,0,3405
Retail,S007,ST0018_XL,2026-03-28,No,2,0,7134
Retail,S007,ST0042_L,2026-03-28,No,1,0,3349
Retail,S007,ST0016_XL,2026-03-28,No,2,0,3090
Retail,S007,ST0004_XL,2026-03-28,No,2,0,4604
Retail,S007,ST0048_M,2026-03-28,No,4,0,9028
Retail,S007,ST0043_XL,2026-03-28,No,1,0,1970
Retail,S007,ST0004_L,2026-03-28,No,2,0,6838
Retail,S007,ST0030_M,2026-03-28,No,3,0,7023
Retail,S007,ST0024_M,2026-03-28,No,1,0,3475
Retail,S007,ST0014_XL,2026-03-28,No,4,0,17948
Retail,S007,ST0022_XL,2026-03-28,No,3,0,11010
Retail,S007,ST0033_XL,2026-03-28,No,2,0,2706
Retail,S007,ST0011_S,2026-03-28,No,3,0,11049
Retail,S007,ST0007_XL,2026-03-28,No,2,0,7340
Retail,S007,ST0044_M,2026-03-28,No,4,0,11176
Retail,S008,ST0013_S,2026-03-28,No,2,0,7468
Retail,S008,ST0008_L,2026-03-28,No,3,0,4962
Retail,S008,ST0025_M,2026-03-28,No,2,0,1254
Retail,S008,ST0012_L,2026-03-28,No,1,0,4277
Retail,S008,ST0041_L,2026-03-28,No,4,0,6048
Retail,S008,ST0049_L,2026-03-28,No,4,0,16920
Retail,S008,ST0022_M,2026-03-28,No,2,0,9552
Retail,S008,ST0009_XL,2026-03-28,No,4,0,8592
Retail,S008,ST0049_M,2026-03-28,No,3,0,11253
Retail,S008,ST0040_S,2026-03-28,No,3,0,5607
Retail,S008,ST0005_M,2026-03-28,No,2,0,7738
Retail,S008,ST0040_M,2026-03-28,No,1,0,1240
Retail,S008,ST0002_XL,2026-03-28,No,4,0,13644
Retail,S008,ST0037_S,2026-03-28,No,1,0,504
Retail,S008,ST0030_S,2026-03-28,No,3,0,3111
Retail,S008,ST0029_XL,2026-03-28,No,3,0,9918
Retail,S008,ST0039_S,2026-03-28,No,3,0,6546
Retail,S008,ST0028_XL,2026-03-28,No,3,0,13671
Retail,S008,ST0040_L,2026-03-28,No,1,0,616
Retail,S009,ST0035_M,2026-03-28,No,1,0,1648
Retail,S009,ST0044_XL,2026-03-28,No,4,0,18996
Retail,S009,ST0016_S,2026-03-28,No,3,0,9705
Retail,S009,ST0019_M,2026-03-28,No,1,0,3620
Retail,S009,ST0045_XL,2026-03-28,No,3,0,11568
Retail,S009,ST0027_S,2026-03-28,No,4,0,18056
Retail,S009,ST0011_S,2026-03-28,No,4,0,14732
Retail,S009,ST0030_XL,2026-03-28,No,2,0,2048
Retail,S009,ST0025_L,2026-03-28,No,2,0,5130
Retail,S009,ST0042_M,2026-03-28,No,4,0,4048
Retail,S009,ST0003_S,2026-03-28,No,4,0,8936
Retail,S009,ST0002_XL,2026-03-28,No,2,0,6822
Retail,S009,ST0001_M,2026-03-28,No,1,0,1159
Retail,S009,ST0010_M,2026-03-28,No,2,0,9398
Retail,S009,ST0021_XL,2026-03-28,No,1,0,3920
Retail,S009,ST0033_M,2026-03-28,No,3,0,9822
Retail,S009,ST0049_L,2026-03-28,No,2,0,8460
Retail,S010,ST0016_M,2026-03-28,No,2,0,2908
Retail,S010,ST0027_S,2026-03-28,No,1,0,4514
Retail,S010,ST0023_L,2026-03-28,No,2,0,1380
Retail,S010,ST0012_S,2026-03-28,No,2,0,6922
Retail,S010,ST0014_L,2026-03-28,No,1,0,1800
Retail,S010,ST0002_XL,2026-03-28,No,2,0,6822
Retail,S010,ST0009_S,2026-03-28,No,1,0,3691
Retail,S010,ST0032_XL,2026-03-28,No,4,0,5884
Retail,S010,ST0004_S,2026-03-28,No,2,0,4918
Retail,S010,ST0015_S,2026-03-28,No,1,0,2027
Retail,S010,ST0033_L,2026-03-28,No,4,0,9928
Retail,S010,ST0047_XL,2026-03-28,No,2,0,5958
Retail,S001,ST0012_XL,2026-03-29,No,1,0,3369
Retail,S001,ST0045_XL,2026-03-29,No,2,0,7712
Retail,S001,ST0013_L,2026-03-29,No,1,0,1456
Retail,S001,ST0031_L,2026-03-29,No,1,0,4615
Retail,S001,ST0046_L,2026-03-29,No,3,0,10854
Retail,S001,ST0027_S,2026-03-29,No,1,0,4514
Retail,S001,ST0046_M,2026-03-29,No,2,0,3486
Retail,S001,ST0001_S,2026-03-29,No,1,0,2294
Retail,S001,ST0045_L,2026-03-29,No,4,0,12976
Retail,S001,ST0047_XL,2026-03-29,No,2,0,5958
Retail,S001,ST0013_XL,2026-03-29,No,2,0,9134
Retail,S001,ST0021_M,2026-03-29,No,4,0,6240
Retail,S001,ST0024_L,2026-03-29,No,1,0,1684
Retail,S001,ST0033_XL,2026-03-29,No,4,0,5412
Retail,S001,ST0022_M,2026-03-29,No,1,0,4776
Retail,S001,ST0034_M,2026-03-29,No,2,0,8472
Retail,S001,ST0018_L,2026-03-29,No,1,0,1459
Retail,S001,ST0037_L,2026-03-29,No,3,0,4473
Retail,S002,ST0003_M,2026-03-29,No,1,0,2343
Retail,S002,ST0045_XL,2026-03-29,No,4,0,15424
Retail,S002,ST0035_L,2026-03-29,No,4,0,8860
Retail,S002,ST0029_XL,2026-03-29,No,4,0,13224
Retail,S002,ST0050_M,2026-03-29,No,1,0,3316
Retail,S002,ST0017_L,2026-03-29,No,1,0,1062
Retail,S002,ST0007_XL,2026-03-29,No,2,0,7340
Retail,S002,ST0029_L,2026-03-29,No,1,0,4841
Retail,S002,ST0046_L,2026-03-29,No,2,0,7236
Retail,S002,ST0047_L,2026-03-29,No,1,0,2765
Retail,S002,ST0034_XL,2026-03-29,No,2,0,2148
Retail,S002,ST0009_L,2026-03-29,No,3,0,13473
Retail,S002,ST0044_L,2026-03-29,No,3,0,10941
Retail,S002,ST0040_S,2026-03-29,No,1,0,1869
Retail,S002,ST0029_S,2026-03-29,No,1,0,1284
Retail,S003,ST0025_M,2026-03-29,No,4,0,2508
Retail,S003,ST0032_M,2026-03-29,No,4,0,19980
Retail,S003,ST0003_XL,2026-03-29,No,4,0,13904
Retail,S003,ST0010_XL,2026-03-29,No,4,0,3012
Retail,S003,ST0049_S,2026-03-29,No,1,0,3349
Retail,S003,ST0011_M,2026-03-29,No,3,0,9171
Retail,S003,ST0047_XL,2026-03-29,No,3,0,8937
Retail,S003,ST0018_XL,2026-03-29,No,2,0,7134
Retail,S003,ST0040_L,2026-03-29,No,2,0,1232
Retail,S003,ST0021_XL,2026-03-29,No,1,0,3920
Retail,S003,ST0044_L,2026-03-29,No,2,0,7294
Retail,S003,ST0013_L,2026-03-29,No,4,0,5824
Retail,S003,ST0016_M,2026-03-29,No,4,0,5816
Retail,S003,ST0037_S,2026-03-29,No,3,0,1512
Retail,S003,ST0016_L,2026-03-29,No,2,0,7892
Retail,S003,ST0040_XL,2026-03-29,No,4,0,13352
Retail,S003,ST0037_L,2026-03-29,No,1,0,1491
Retail,S004,ST0019_S,2026-03-29,No,4,0,5260
Retail,S004,ST0023_S,2026-03-29,No,1,0,1199
Retail,S004,ST0025_S,2026-03-29,No,2,0,7788
Retail,S004,ST0033_L,2026-03-29,No,1,0,2482
Retail,S004,ST0041_XL,2026-03-29,No,1,0,2164
Retail,S004,ST0003_XL,2026-03-29,No,3,0,10428
Retail,S004,ST0038_S,2026-03-29,No,4,0,19456
Retail,S004,ST0038_L,2026-03-29,No,3,0,3405
Retail,S004,ST0034_M,2026-03-29,No,4,0,16944
Retail,S004,ST0044_L,2026-03-29,No,2,0,7294
Retail,S004,ST0033_XL,2026-03-29,No,3,0,4059
Retail,S004,ST0017_S,2026-03-29,No,1,0,2193
Retail,S004,ST0016_L,2026-03-29,No,4,0,15784
Retail,S004,ST0031_M,2026-03-29,No,1,0,4631
Retail,S004,ST0037_S,2026-03-29,No,2,0,1008
Retail,S004,ST0002_L,2026-03-29,No,2,0,7438
Retail,S004,ST0021_M,2026-03-29,No,2,0,3120
Retail,S005,ST0050_XL,2026-03-29,No,3,0,5544
Retail,S005,ST0035_XL,2026-03-29,No,3,0,13062
Retail,S005,ST0048_XL,2026-03-29,No,2,0,5140
Retail,S005,ST0008_XL,2026-03-29,No,4,0,19996
Retail,S005,ST0043_XL,2026-03-29,No,1,0,1970
Retail,S005,ST0039_M,2026-03-29,No,3,0,1857
Retail,S005,ST0011_L,2026-03-29,No,2,0,1196
Retail,S005,ST0027_L,2026-03-29,No,1,0,2186
Retail,S005,ST0021_XL,2026-03-29,No,2,0,7840
Retail,S005,ST0010_L,2026-03-29,No,3,0,13269
Retail,S005,ST0010_M,2026-03-29,No,4,0,18796
Retail,S005,ST0013_L,2026-03-29,No,2,0,2912
Retail,S005,ST0018_M,2026-03-29,No,4,0,2900
Retail,S005,ST0033_L,2026-03-29,No,1,0,2482
Retail,S005,ST0042_M,2026-03-29,No,3,0,3036
Retail,S005,ST0010_S,2026-03-29,No,1,0,1945
Retail,S006,ST0001_L,2026-03-29,No,3,0,9933
Retail,S006,ST0021_S,2026-03-29,No,2,0,6130
Retail,S006,ST0040_L,2026-03-29,No,1,0,616
Retail,S006,ST0020_M,2026-03-29,No,1,0,3024
Retail,S006,ST0036_XL,2026-03-29,No,4,0,14204
Retail,S006,ST0003_M,2026-03-29,No,1,0,2343
Retail,S006,ST0021_XL,2026-03-29,No,2,0,7840
Retail,S006,ST0041_L,2026-03-29,No,1,0,1512
Retail,S006,ST0010_S,2026-03-29,No,1,0,1945
Retail,S006,ST0040_XL,2026-03-29,No,2,0,6676
Retail,S006,ST0042_M,2026-03-29,No,4,0,4048
Retail,S006,ST0026_XL,2026-03-29,No,2,0,8726
Retail,S006,ST0007_XL,2026-03-29,No,4,0,14680
Retail,S007,ST0024_XL,2026-03-29,No,1,0,3827
Retail,S007,ST0009_M,2026-03-29,No,1,0,2196
Retail,S007,ST0004_M,2026-03-29,No,4,0,11540
Retail,S007,ST0044_M,2026-03-29,No,2,0,5588
Retail,S007,ST0038_M,2026-03-29,No,1,0,4965
Retail,S007,ST0007_XL,2026-03-29,No,4,0,14680
Retail,S007,ST0023_S,2026-03-29,No,3,0,3597
Retail,S007,ST0047_M,2026-03-29,No,1,0,3459
Retail,S007,ST0046_L,2026-03-29,No,1,0,3618
Retail,S007,ST0027_L,2026-03-29,No,3,0,6558
Retail,S007,ST0022_S,2026-03-29,No,4,0,3204
Retail,S007,ST0014_M,2026-03-29,No,4,0,19972
Retail,S007,ST0025_L,2026-03-29,No,1,0,2565
Retail,S007,ST0033_XL,2026-03-29,No,4,0,5412
Retail,S007,ST0032_L,2026-03-29,No,4,0,12804
Retail,S007,ST0044_S,2026-03-29,No,1,0,1080
Retail,S007,ST0009_S,2026-03-29,No,1,0,3691
Retail,S008,ST0003_M,2026-03-29,No,4,0,9372
Retail,S008,ST0049_L,2026-03-29,No,1,0,4230
Retail,S008,ST0010_S,2026-03-29,No,3,0,5835
Retail,S008,ST0033_XL,2026-03-29,No,1,0,1353
Retail,S008,ST0043_S,2026-03-29,No,2,0,8344
Retail,S008,ST0048_XL,2026-03-29,No,3,0,7710
Retail,S008,ST0045_S,2026-03-29,No,4,0,8716
Retail,S008,ST0004_XL,2026-03-29,No,2,0,4604
Retail,S008,ST0007_S,2026-03-29,No,1,0,3608
Retail,S008,ST0018_M,2026-03-29,No,1,0,725
Retail,S008,ST0049_S,2026-03-29,No,2,0,6698
Retail,S008,ST0006_XL,2026-03-29,No,4,0,16892
Retail,S008,ST0009_XL,2026-03-29,No,1,0,2148
Retail,S008,ST0018_L,2026-03-29,No,2,0,2918
Retail,S008,ST0033_M,2026-03-29,No,1,0,3274
Retail,S008,ST0028_M,2026-03-29,No,3,0,9111
Retail,S008,ST0018_XL,2026-03-29,No,4,0,14268
Retail,S009,ST0006_L,2026-03-29,No,3,0,7647
Retail,S009,ST0043_M,2026-03-29,No,3,0,11529
Retail,S009,ST0041_M,2026-03-29,No,3,0,7293
Retail,S009,ST0012_XL,2026-03-29,No,3,0,10107
Retail,S009,ST0008_S,2026-03-29,No,4,0,8728
Retail,S009,ST0036_XL,2026-03-29,No,1,0,3551
Retail,S009,ST0004_S,2026-03-29,No,3,0,7377
Retail,S009,ST0030_M,2026-03-29,No,1,0,2341
Retail,S009,ST0038_S,2026-03-29,No,1,0,4864
Retail,S009,ST0015_S,2026-03-29,No,1,0,2027
Retail,S009,ST0017_L,2026-03-29,No,2,0,2124
Retail,S009,ST0013_S,2026-03-29,No,3,0,11202
Retail,S009,ST0032_M,2026-03-29,No,3,0,14985
Retail,S009,ST0025_L,2026-03-29,No,3,0,7695
Retail,S009,ST0029_XL,2026-03-29,No,1,0,3306
Retail,S009,ST0046_M,2026-03-29,No,1,0,1743
Retail,S009,ST0037_L,2026-03-29,No,3,0,4473
Retail,S009,ST0027_M,2026-03-29,No,1,0,3401
Retail,S009,ST0039_M,2026-03-29,No,2,0,1238
Retail,S010,ST0024_L,2026-03-29,No,1,0,1684
Retail,S010,ST0025_XL,2026-03-29,No,2,0,4632
Retail,S010,ST0017_M,2026-03-29,No,4,0,15744
Retail,S010,ST0015_S,2026-03-29,No,3,0,6081
Retail,S010,ST0009_XL,2026-03-29,No,3,0,6444
Retail,S010,ST0047_S,2026-03-29,No,1,0,3559
Retail,S010,ST0030_L,2026-03-29,No,3,0,8865
Retail,S010,ST0008_M,2026-03-29,No,4,0,11020
Retail,S010,ST0004_L,2026-03-29,No,2,0,6838
Retail,S010,ST0001_L,2026-03-29,No,1,0,3311
Retail,S010,ST0028_S,2026-03-29,No,3,0,1962
Retail,S010,ST0021_XL,2026-03-29,No,1,0,3920
Retail,S010,ST0004_S,2026-03-29,No,2,0,4918
Retail,S010,ST0014_M,2026-03-29,No,3,0,14979
Retail,S010,ST0013_M,2026-03-29,No,4,0,17164
Retail,S010,ST0024_XL,2026-03-29,No,4,0,15308
Retail,S001,ST0049_M,2026-03-30,No,3,0,11253
Retail,S001,ST0003_XL,2026-03-30,No,4,0,13904
Retail,S001,ST0016_S,2026-03-30,No,1,0,3235
Retail,S001,ST0047_M,2026-03-30,No,1,0,3459
Retail,S001,ST0027_S,2026-03-30,No,2,0,9028
Retail,S001,ST0014_M,2026-03-30,No,4,0,19972
Retail,S001,ST0017_S,2026-03-30,No,2,0,4386
Retail,S001,ST0003_S,2026-03-30,No,4,0,8936
Retail,S001,ST0018_S,2026-03-30,No,2,0,7708
Retail,S001,ST0002_M,2026-03-30,No,3,0,1938
Retail,S001,ST0041_S,2026-03-30,No,4,0,6600
Retail,S001,ST0041_M,2026-03-30,No,1,0,2431
Retail,S001,ST0021_XL,2026-03-30,No,3,0,11760
Retail,S001,ST0048_L,2026-03-30,No,2,0,9904
Retail,S001,ST0046_S,2026-03-30,No,3,0,13635
Retail,S001,ST0050_XL,2026-03-30,No,4,0,7392
Retail,S001,ST0031_M,2026-03-30,No,3,0,13893
Retail,S001,ST0014_L,2026-03-30,No,1,0,1800
Retail,S002,ST0029_XL,2026-03-30,No,4,0,13224
Retail,S002,ST0024_M,2026-03-30,No,2,0,6950
Retail,S002,ST0047_M,2026-03-30,No,4,0,13836
Retail,S002,ST0013_L,2026-03-30,No,2,0,2912
Retail,S002,ST0014_M,2026-03-30,No,2,0,9986
Retail,S002,ST0043_S,2026-03-30,No,4,0,16688
Retail,S002,ST0022_M,2026-03-30,No,3,0,14328
Retail,S002,ST0033_M,2026-03-30,No,3,0,9822
Retail,S002,ST0016_L,2026-03-30,No,4,0,15784
Retail,S002,ST0003_M,2026-03-30,No,2,0,4686
Retail,S003,ST0001_M,2026-03-30,No,1,0,1159
Retail,S003,ST0029_XL,2026-03-30,No,1,0,3306
Retail,S003,ST0028_L,2026-03-30,No,1,0,1909
Retail,S003,ST0023_L,2026-03-30,No,3,0,2070
Retail,S003,ST0018_L,2026-03-30,No,2,0,2918
Retail,S003,ST0033_S,2026-03-30,No,2,0,3332
Retail,S003,ST0027_S,2026-03-30,No,2,0,9028
Retail,S003,ST0038_S,2026-03-30,No,1,0,4864
Retail,S003,ST0049_M,2026-03-30,No,2,0,7502
Retail,S003,ST0031_S,2026-03-30,No,1,0,3450
Retail,S003,ST0002_M,2026-03-30,No,4,0,2584
Retail,S003,ST0010_M,2026-03-30,No,4,0,18796
Retail,S003,ST0035_S,2026-03-30,No,2,0,7522
Retail,S003,ST0016_M,2026-03-30,No,1,0,1454
Retail,S003,ST0042_L,2026-03-30,No,2,0,6698
Retail,S004,ST0001_M,2026-03-30,No,2,0,2318
Retail,S004,ST0011_M,2026-03-30,No,1,0,3057
Retail,S004,ST0044_XL,2026-03-30,No,2,0,9498
Retail,S004,ST0014_M,2026-03-30,No,1,0,4993
Retail,S004,ST0046_L,2026-03-30,No,4,0,14472
Retail,S004,ST0016_M,2026-03-30,No,4,0,5816
Retail,S004,ST0022_S,2026-03-30,No,2,0,1602
Retail,S004,ST0043_M,2026-03-30,No,4,0,15372
Retail,S004,ST0007_XL,2026-03-30,No,2,0,7340
Retail,S004,ST0041_S,2026-03-30,No,3,0,4950
Retail,S004,ST0008_XL,2026-03-30,No,4,0,19996
Retail,S004,ST0011_L,2026-03-30,No,3,0,1794
Retail,S004,ST0005_M,2026-03-30,No,2,0,7738
Retail,S004,ST0014_L,2026-03-30,No,3,0,5400
Retail,S004,ST0015_S,2026-03-30,No,2,0,4054
Retail,S004,ST0033_L,2026-03-30,No,1,0,2482
Retail,S005,ST0009_L,2026-03-30,No,2,0,8982
Retail,S005,ST0042_L,2026-03-30,No,3,0,10047
Retail,S005,ST0035_S,2026-03-30,No,2,0,7522
Retail,S005,ST0011_XL,2026-03-30,No,2,0,5400
Retail,S005,ST0037_M,2026-03-30,No,2,0,2752
Retail,S005,ST0043_M,2026-03-30,No,4,0,15372
Retail,S005,ST0029_L,2026-03-30,No,3,0,14523
Retail,S005,ST0048_S,2026-03-30,No,3,0,6405
Retail,S005,ST0024_L,2026-03-30,No,2,0,3368
Retail,S005,ST0013_S,2026-03-30,No,2,0,7468
Retail,S005,ST0038_XL,2026-03-30,No,3,0,6579
Retail,S005,ST0045_S,2026-03-30,No,2,0,4358
Retail,S005,ST0041_S,2026-03-30,No,1,0,1650
Retail,S005,ST0001_M,2026-03-30,No,2,0,2318
Retail,S005,ST0016_M,2026-03-30,No,3,0,4362
Retail,S005,ST0017_L,2026-03-30,No,1,0,1062
Retail,S006,ST0029_XL,2026-03-30,No,2,0,6612
Retail,S006,ST0006_XL,2026-03-30,No,4,0,16892
Retail,S006,ST0050_S,2026-03-30,No,1,0,2131
Retail,S006,ST0013_M,2026-03-30,No,2,0,8582
Retail,S006,ST0004_M,2026-03-30,No,2,0,5770
Retail,S006,ST0004_XL,2026-03-30,No,2,0,4604
Retail,S006,ST0027_S,2026-03-30,No,1,0,4514
Retail,S006,ST0039_XL,2026-03-30,No,1,0,4175
Retail,S006,ST0024_S,2026-03-30,No,3,0,4440
Retail,S006,ST0014_M,2026-03-30,No,3,0,14979
Retail,S006,ST0032_M,2026-03-30,No,3,0,14985
Retail,S006,ST0044_L,2026-03-30,No,3,0,10941
Retail,S006,ST0050_XL,2026-03-30,No,2,0,3696
Retail,S006,ST0034_L,2026-03-30,No,3,0,12807
Retail,S006,ST0001_L,2026-03-30,No,2,0,6622
Retail,S007,ST0020_XL,2026-03-30,No,4,0,15776
Retail,S007,ST0013_S,2026-03-30,No,4,0,14936
Retail,S007,ST0048_L,2026-03-30,No,2,0,9904
Retail,S007,ST0034_M,2026-03-30,No,4,0,16944
Retail,S007,ST0018_M,2026-03-30,No,1,0,725
Retail,S007,ST0036_L,2026-03-30,No,2,0,7248
Retail,S007,ST0031_M,2026-03-30,No,1,0,4631
Retail,S007,ST0012_M,2026-03-30,No,2,0,9866
Retail,S007,ST0004_S,2026-03-30,No,3,0,7377
Retail,S007,ST0040_M,2026-03-30,No,3,0,3720
Retail,S007,ST0023_XL,2026-03-30,No,2,0,5600
Retail,S007,ST0038_M,2026-03-30,No,3,0,14895
Retail,S007,ST0030_L,2026-03-30,No,4,0,11820
Retail,S007,ST0012_L,2026-03-30,No,2,0,8554
Retail,S007,ST0011_L,2026-03-30,No,3,0,1794
Retail,S007,ST0016_S,2026-03-30,No,4,0,12940
Retail,S008,ST0022_L,2026-03-30,No,2,0,2212
Retail,S008,ST0039_XL,2026-03-30,No,4,0,16700
Retail,S008,ST0015_XL,2026-03-30,No,1,0,3604
Retail,S008,ST0006_S,2026-03-30,No,1,0,1516
Retail,S008,ST0034_XL,2026-03-30,No,2,0,2148
Retail,S008,ST0042_M,2026-03-30,No,1,0,1012
Retail,S008,ST0010_L,2026-03-30,No,2,0,8846
Retail,S008,ST0036_XL,2026-03-30,No,3,0,10653
Retail,S008,ST0011_XL,2026-03-30,No,2,0,5400
Retail,S008,ST0001_M,2026-03-30,No,4,0,4636
Retail,S008,ST0032_XL,2026-03-30,No,3,0,4413
Retail,S008,ST0045_XL,2026-03-30,No,3,0,11568
Retail,S008,ST0040_S,2026-03-30,No,4,0,7476
Retail,S008,ST0046_L,2026-03-30,No,4,0,14472
Retail,S008,ST0016_L,2026-03-30,No,1,0,3946
Retail,S008,ST0010_M,2026-03-30,No,2,0,9398
Retail,S009,ST0030_L,2026-03-30,No,4,0,11820
Retail,S009,ST0028_XL,2026-03-30,No,2,0,9114
Retail,S009,ST0028_S,2026-03-30,No,4,0,2616
Retail,S009,ST0021_XL,2026-03-30,No,3,0,11760
Retail,S009,ST0006_M,2026-03-30,No,2,0,8286
Retail,S009,ST0003_M,2026-03-30,No,1,0,2343
Retail,S009,ST0037_XL,2026-03-30,No,4,0,18568
Retail,S009,ST0012_S,2026-03-30,No,1,0,3461
Retail,S009,ST0016_M,2026-03-30,No,4,0,5816
Retail,S009,ST0008_L,2026-03-30,No,1,0,1654
Retail,S009,ST0031_M,2026-03-30,No,2,0,9262
Retail,S009,ST0021_S,2026-03-30,No,1,0,3065
Retail,S010,ST0033_XL,2026-03-30,No,2,0,2706
Retail,S010,ST0039_L,2026-03-30,No,1,0,1330
Retail,S010,ST0040_M,2026-03-30,No,3,0,3720
Retail,S010,ST0021_XL,2026-03-30,No,2,0,7840
Retail,S010,ST0017_L,2026-03-30,No,4,0,4248
Retail,S010,ST0036_M,2026-03-30,No,2,0,6320
Retail,S010,ST0003_XL,2026-03-30,No,4,0,13904
Retail,S010,ST0018_L,2026-03-30,No,2,0,2918
Retail,S010,ST0049_L,2026-03-30,No,1,0,4230
Retail,S010,ST0005_XL,2026-03-30,No,4,0,4492
Retail,S010,ST0019_M,2026-03-30,No,4,0,14480
Retail,S010,ST0016_M,2026-03-30,No,2,0,2908
Retail,S001,ST0047_M,2026-03-31,No,4,0,13836
Retail,S001,ST0039_XL,2026-03-31,No,3,0,12525
Retail,S001,ST0006_M,2026-03-31,No,1,0,4143
Retail,S001,ST0037_S,2026-03-31,No,3,0,1512
Retail,S001,ST0025_L,2026-03-31,No,4,0,10260
Retail,S001,ST0046_S,2026-03-31,No,1,0,4545
Retail,S001,ST0029_M,2026-03-31,No,2,0,7350
Retail,S001,ST0026_S,2026-03-31,No,2,0,2138
Retail,S001,ST0007_L,2026-03-31,No,1,0,2556
Retail,S001,ST0020_L,2026-03-31,No,4,0,6276
Retail,S001,ST0010_L,2026-03-31,No,3,0,13269
Retail,S001,ST0039_L,2026-03-31,No,2,0,2660
Retail,S001,ST0022_M,2026-03-31,No,4,0,19104
Retail,S001,ST0003_L,2026-03-31,No,2,0,1976
Retail,S001,ST0009_S,2026-03-31,No,1,0,3691
Retail,S001,ST0034_S,2026-03-31,No,3,0,13938
Retail,S001,ST0039_M,2026-03-31,No,3,0,1857
Retail,S002,ST0039_S,2026-03-31,No,2,0,4364
Retail,S002,ST0046_S,2026-03-31,No,2,0,9090
Retail,S002,ST0032_L,2026-03-31,No,3,0,9603
Retail,S002,ST0020_S,2026-03-31,No,4,0,10820
Retail,S002,ST0024_L,2026-03-31,No,2,0,3368
Retail,S002,ST0040_L,2026-03-31,No,4,0,2464
Retail,S002,ST0041_M,2026-03-31,No,4,0,9724
Retail,S002,ST0022_S,2026-03-31,No,4,0,3204
Retail,S002,ST0034_M,2026-03-31,No,2,0,8472
Retail,S002,ST0031_L,2026-03-31,No,1,0,4615
Retail,S002,ST0026_S,2026-03-31,No,2,0,2138
Retail,S002,ST0050_S,2026-03-31,No,2,0,4262
Retail,S002,ST0008_XL,2026-03-31,No,2,0,9998
Retail,S002,ST0048_L,2026-03-31,No,2,0,9904
Retail,S003,ST0028_S,2026-03-31,No,1,0,654
Retail,S003,ST0016_S,2026-03-31,No,2,0,6470
Retail,S003,ST0002_M,2026-03-31,No,4,0,2584
Retail,S003,ST0045_L,2026-03-31,No,3,0,9732
Retail,S003,ST0050_L,2026-03-31,No,2,0,3030
Retail,S003,ST0021_L,2026-03-31,No,3,0,8481
Retail,S003,ST0043_L,2026-03-31,No,3,0,13710
Retail,S003,ST0006_XL,2026-03-31,No,2,0,8446
Retail,S003,ST0050_S,2026-03-31,No,4,0,8524
Retail,S003,ST0028_XL,2026-03-31,No,1,0,4557
Retail,S003,ST0049_L,2026-03-31,No,3,0,12690
Retail,S003,ST0013_XL,2026-03-31,No,2,0,9134
Retail,S003,ST0020_XL,2026-03-31,No,4,0,15776
Retail,S003,ST0022_S,2026-03-31,No,3,0,2403
Retail,S003,ST0006_S,2026-03-31,No,1,0,1516
Retail,S003,ST0046_XL,2026-03-31,No,1,0,2641
Retail,S003,ST0041_L,2026-03-31,No,1,0,1512
Retail,S003,ST0025_L,2026-03-31,No,1,0,2565
Retail,S003,ST0007_L,2026-03-31,No,3,0,7668
Retail,S004,ST0005_XL,2026-03-31,No,4,0,4492
Retail,S004,ST0037_L,2026-03-31,No,3,0,4473
Retail,S004,ST0012_S,2026-03-31,No,2,0,6922
Retail,S004,ST0016_L,2026-03-31,No,3,0,11838
Retail,S004,ST0048_XL,2026-03-31,No,1,0,2570
Retail,S004,ST0020_L,2026-03-31,No,1,0,1569
Retail,S004,ST0042_XL,2026-03-31,No,1,0,1059
Retail,S004,ST0050_M,2026-03-31,No,1,0,3316
Retail,S004,ST0049_S,2026-03-31,No,4,0,13396
Retail,S004,ST0049_XL,2026-03-31,No,2,0,5978
Retail,S004,ST0013_XL,2026-03-31,No,4,0,18268
Retail,S004,ST0045_M,2026-03-31,No,1,0,4006
Retail,S004,ST0036_L,2026-03-31,No,1,0,3624
Retail,S004,ST0017_M,2026-03-31,No,3,0,11808
Retail,S004,ST0025_XL,2026-03-31,No,2,0,4632
Retail,S005,ST0038_S,2026-03-31,No,2,0,9728
Retail,S005,ST0034_XL,2026-03-31,No,2,0,2148
Retail,S005,ST0008_L,2026-03-31,No,1,0,1654
Retail,S005,ST0027_S,2026-03-31,No,1,0,4514
Retail,S005,ST0029_XL,2026-03-31,No,2,0,6612
Retail,S005,ST0002_XL,2026-03-31,No,3,0,10233
Retail,S005,ST0005_L,2026-03-31,No,1,0,762
Retail,S005,ST0033_XL,2026-03-31,No,2,0,2706
Retail,S005,ST0015_XL,2026-03-31,No,1,0,3604
Retail,S005,ST0020_L,2026-03-31,No,2,0,3138
Retail,S005,ST0031_XL,2026-03-31,No,3,0,8604
Retail,S005,ST0017_M,2026-03-31,No,1,0,3936
Retail,S005,ST0019_XL,2026-03-31,No,3,0,5229
Retail,S005,ST0025_M,2026-03-31,No,2,0,1254
Retail,S005,ST0016_L,2026-03-31,No,1,0,3946
Retail,S005,ST0024_L,2026-03-31,No,1,0,1684
Retail,S006,ST0008_S,2026-03-31,No,3,0,6546
Retail,S006,ST0044_S,2026-03-31,No,3,0,3240
Retail,S006,ST0008_M,2026-03-31,No,3,0,8265
Retail,S006,ST0002_S,2026-03-31,No,2,0,4972
Retail,S006,ST0017_M,2026-03-31,No,3,0,11808
Retail,S006,ST0010_L,2026-03-31,No,4,0,17692
Retail,S006,ST0031_XL,2026-03-31,No,1,0,2868
Retail,S006,ST0009_M,2026-03-31,No,2,0,4392
Retail,S006,ST0042_L,2026-03-31,No,2,0,6698
Retail,S006,ST0017_S,2026-03-31,No,1,0,2193
Retail,S006,ST0009_L,2026-03-31,No,3,0,13473
Retail,S006,ST0047_L,2026-03-31,No,2,0,5530
Retail,S006,ST0011_S,2026-03-31,No,1,0,3683
Retail,S006,ST0031_M,2026-03-31,No,2,0,9262
Retail,S006,ST0007_S,2026-03-31,No,2,0,7216
Retail,S006,ST0046_M,2026-03-31,No,2,0,3486
Retail,S006,ST0049_S,2026-03-31,No,4,0,13396
Retail,S006,ST0024_XL,2026-03-31,No,4,0,15308
Retail,S007,ST0012_XL,2026-03-31,No,1,0,3369
Retail,S007,ST0034_M,2026-03-31,No,3,0,12708
Retail,S007,ST0045_L,2026-03-31,No,3,0,9732
Retail,S007,ST0004_S,2026-03-31,No,4,0,9836
Retail,S007,ST0026_S,2026-03-31,No,3,0,3207
Retail,S007,ST0024_L,2026-03-31,No,4,0,6736
Retail,S007,ST0012_S,2026-03-31,No,3,0,10383
Retail,S007,ST0018_M,2026-03-31,No,1,0,725
Retail,S007,ST0028_M,2026-03-31,No,4,0,12148
Retail,S007,ST0050_L,2026-03-31,No,2,0,3030
Retail,S007,ST0036_S,2026-03-31,No,2,0,5982
Retail,S007,ST0010_XL,2026-03-31,No,4,0,3012
Retail,S007,ST0027_M,2026-03-31,No,1,0,3401
Retail,S007,ST0016_S,2026-03-31,No,1,0,3235
Retail,S007,ST0007_M,2026-03-31,No,1,0,4590
Retail,S008,ST0011_L,2026-03-31,No,3,0,1794
Retail,S008,ST0027_M,2026-03-31,No,2,0,6802
Retail,S008,ST0002_S,2026-03-31,No,1,0,2486
Retail,S008,ST0012_XL,2026-03-31,No,2,0,6738
Retail,S008,ST0020_M,2026-03-31,No,1,0,3024
Retail,S008,ST0026_XL,2026-03-31,No,3,0,13089
Retail,S008,ST0029_S,2026-03-31,No,3,0,3852
Retail,S008,ST0025_S,2026-03-31,No,1,0,3894
Retail,S008,ST0023_M,2026-03-31,No,1,0,1639
Retail,S008,ST0035_M,2026-03-31,No,3,0,4944
Retail,S008,ST0002_L,2026-03-31,No,1,0,3719
Retail,S008,ST0037_L,2026-03-31,No,3,0,4473
Retail,S008,ST0020_S,2026-03-31,No,1,0,2705
Retail,S009,ST0027_L,2026-03-31,No,2,0,4372
Retail,S009,ST0025_L,2026-03-31,No,1,0,2565
Retail,S009,ST0016_XL,2026-03-31,No,4,0,6180
Retail,S009,ST0041_L,2026-03-31,No,4,0,6048
Retail,S009,ST0006_M,2026-03-31,No,2,0,8286
Retail,S009,ST0033_M,2026-03-31,No,4,0,13096
Retail,S009,ST0020_L,2026-03-31,No,2,0,3138
Retail,S009,ST0026_S,2026-03-31,No,2,0,2138
Retail,S009,ST0023_XL,2026-03-31,No,3,0,8400
Retail,S009,ST0026_XL,2026-03-31,No,3,0,13089
Retail,S009,ST0019_L,2026-03-31,No,2,0,1032
Retail,S009,ST0010_S,2026-03-31,No,1,0,1945
Retail,S009,ST0035_L,2026-03-31,No,3,0,6645
Retail,S009,ST0024_S,2026-03-31,No,4,0,5920
Retail,S009,ST0019_M,2026-03-31,No,2,0,7240
Retail,S010,ST0012_S,2026-03-31,No,3,0,10383
Retail,S010,ST0002_L,2026-03-31,No,1,0,3719
Retail,S010,ST0049_M,2026-03-31,No,2,0,7502
Retail,S010,ST0015_S,2026-03-31,No,1,0,2027
Retail,S010,ST0028_M,2026-03-31,No,2,0,6074
Retail,S010,ST0025_S,2026-03-31,No,1,0,3894
Retail,S010,ST0032_XL,2026-03-31,No,1,0,1471
Retail,S010,ST0027_S,2026-03-31,No,1,0,4514
Retail,S010,ST0007_M,2026-03-31,No,1,0,4590
Retail,S010,ST0041_L,2026-03-31,No,2,0,3024
Retail,S010,ST0009_M,2026-03-31,No,3,0,6588
Retail,S010,ST0037_M,2026-03-31,No,4,0,5504
Retail,S010,ST0040_XL,2026-03-31,No,2,0,6676
Retail,S010,ST0019_M,2026-03-31,No,3,0,10860
Retail,S010,ST0016_XL,2026-03-31,No,3,0,4635
Retail,S010,ST0003_S,2026-03-31,No,1,0,2234
Retail,S010,ST0034_XL,2026-03-31,No,1,0,1074
