channel,store_code,ean,day,quantity
Retail,S001,ST0009_M,2026-01-01,35
Retail,S001,ST0007_M,2026-01-01,16
Retail,S001,ST0036_L,2026-01-01,32
Retail,S001,ST0013_L,2026-01-01,19
Retail,S001,ST0024_M,2026-01-01,27
Retail,S001,ST0023_S,2026-01-01,12
Retail,S001,ST0006_XL,2026-01-01,5
Retail,S001,ST0001_M,2026-01-01,4
Retail,S001,ST0032_L,2026-01-01,24
Retail,S001,ST0026_M,2026-01-01,9
Retail,S001,ST0031_L,2026-01-01,44
Retail,S001,ST0035_L,2026-01-01,32
Retail,S001,ST0014_XL,2026-01-01,17
Retail,S001,ST0030_L,2026-01-01,10
Retail,S001,ST0020_L,2026-01-01,25
Retail,S001,ST0012_XL,2026-01-01,21
Retail,S001,ST0026_L,2026-01-01,26
Retail,S001,ST0012_L,2026-01-01,12
Retail,S001,ST0020_M,2026-01-01,33
Retail,S001,ST0016_XL,2026-01-01,34
Retail,S002,ST0027_S,2026-01-01,5
Retail,S002,ST0016_XL,2026-01-01,29
Retail,S002,ST0035_S,2026-01-01,29
Retail,S002,ST0026_S,2026-01-01,2
Retail,S002,ST0036_XL,2026-01-01,30
Retail,S002,ST0015_XL,2026-01-01,35
Retail,S002,ST0040_L,2026-01-01,19
Retail,S002,ST0030_S,2026-01-01,10
Retail,S002,ST0041_L,2026-01-01,14
Retail,S002,ST0036_L,2026-01-01,29
Retail,S002,ST0003_L,2026-01-01,1
Retail,S002,ST0006_XL,2026-01-01,14
Retail,S002,ST0035_L,2026-01-01,7
Retail,S002,ST0047_XL,2026-01-01,44
Retail,S002,ST0035_M,2026-01-01,4
Retail,S002,ST0023_M,2026-01-01,25
Retail,S002,ST0008_L,2026-01-01,18
Retail,S002,ST0009_S,2026-01-01,32
Retail,S002,ST0023_S,2026-01-01,48
Retail,S002,ST0019_XL,2026-01-01,46
Retail,S003,ST0041_XL,2026-01-01,34
Retail,S003,ST0004_XL,2026-01-01,24
Retail,S003,ST0018_L,2026-01-01,10
Retail,S003,ST0023_L,2026-01-01,6
Retail,S003,ST0028_S,2026-01-01,26
Retail,S003,ST0012_XL,2026-01-01,26
Retail,S003,ST0037_L,2026-01-01,42
Retail,S003,ST0030_M,2026-01-01,43
Retail,S003,ST0006_XL,2026-01-01,23
Retail,S003,ST0032_XL,2026-01-01,6
Retail,S003,ST0015_L,2026-01-01,5
Retail,S003,ST0016_S,2026-01-01,23
Retail,S003,ST0048_L,2026-01-01,48
Retail,S003,ST0029_XL,2026-01-01,42
Retail,S003,ST0014_M,2026-01-01,27
Retail,S003,ST0019_L,2026-01-01,20
Retail,S003,ST0044_L,2026-01-01,6
Retail,S003,ST0049_XL,2026-01-01,19
Retail,S003,ST0006_S,2026-01-01,48
Retail,S003,ST0048_S,2026-01-01,21
Retail,S004,ST0004_XL,2026-01-01,48
Retail,S004,ST0024_L,2026-01-01,16
Retail,S004,ST0020_XL,2026-01-01,48
Retail,S004,ST0004_L,2026-01-01,15
Retail,S004,ST0036_M,2026-01-01,7
Retail,S004,ST0028_S,2026-01-01,16
Retail,S004,ST0020_L,2026-01-01,15
Retail,S004,ST0032_L,2026-01-01,17
Retail,S004,ST0017_XL,2026-01-01,11
Retail,S004,ST0021_L,2026-01-01,25
Retail,S004,ST0026_M,2026-01-01,44
Retail,S004,ST0035_XL,2026-01-01,46
Retail,S004,ST0001_L,2026-01-01,15
Retail,S004,ST0034_M,2026-01-01,22
Retail,S004,ST0049_M,2026-01-01,20
Retail,S004,ST0037_M,2026-01-01,6
Retail,S004,ST0014_XL,2026-01-01,6
Retail,S004,ST0047_M,2026-01-01,47
Retail,S004,ST0035_S,2026-01-01,22
Retail,S004,ST0027_L,2026-01-01,17
Retail,S005,ST0027_M,2026-01-01,47
Retail,S005,ST0014_S,2026-01-01,29
Retail,S005,ST0044_S,2026-01-01,40
Retail,S005,ST0034_XL,2026-01-01,27
Retail,S005,ST0026_S,2026-01-01,14
Retail,S005,ST0020_M,2026-01-01,28
Retail,S005,ST0026_M,2026-01-01,19
Retail,S005,ST0002_XL,2026-01-01,49
Retail,S005,ST0046_S,2026-01-01,26
Retail,S005,ST0033_M,2026-01-01,11
Retail,S005,ST0001_S,2026-01-01,9
Retail,S005,ST0011_XL,2026-01-01,21
Retail,S005,ST0028_XL,2026-01-01,17
Retail,S005,ST0006_M,2026-01-01,13
Retail,S005,ST0003_XL,2026-01-01,11
Retail,S005,ST0017_M,2026-01-01,34
Retail,S005,ST0008_L,2026-01-01,11
Retail,S005,ST0027_S,2026-01-01,10
Retail,S005,ST0001_M,2026-01-01,5
Retail,S005,ST0032_XL,2026-01-01,10
Retail,S006,ST0020_M,2026-01-01,11
Retail,S006,ST0049_M,2026-01-01,44
Retail,S006,ST0036_XL,2026-01-01,39
Retail,S006,ST0004_XL,2026-01-01,14
Retail,S006,ST0046_S,2026-01-01,34
Retail,S006,ST0018_S,2026-01-01,7
Retail,S006,ST0038_M,2026-01-01,47
Retail,S006,ST0029_L,2026-01-01,43
Retail,S006,ST0014_XL,2026-01-01,36
Retail,S006,ST0015_S,2026-01-01,37
Retail,S006,ST0044_S,2026-01-01,40
Retail,S006,ST0009_M,2026-01-01,46
Retail,S006,ST0034_L,2026-01-01,19
Retail,S006,ST0012_XL,2026-01-01,38
Retail,S006,ST0026_L,2026-01-01,24
Retail,S006,ST0008_L,2026-01-01,27
Retail,S006,ST0013_XL,2026-01-01,34
Retail,S006,ST0037_M,2026-01-01,4
Retail,S006,ST0017_S,2026-01-01,0
Retail,S006,ST0002_S,2026-01-01,39
Retail,S007,ST0044_S,2026-01-01,45
Retail,S007,ST0011_M,2026-01-01,28
Retail,S007,ST0027_M,2026-01-01,34
Retail,S007,ST0002_L,2026-01-01,35
Retail,S007,ST0007_L,2026-01-01,1
Retail,S007,ST0009_XL,2026-01-01,48
Retail,S007,ST0050_S,2026-01-01,3
Retail,S007,ST0033_XL,2026-01-01,24
Retail,S007,ST0045_M,2026-01-01,6
Retail,S007,ST0040_M,2026-01-01,9
Retail,S007,ST0031_L,2026-01-01,30
Retail,S007,ST0029_S,2026-01-01,41
Retail,S007,ST0035_M,2026-01-01,41
Retail,S007,ST0041_M,2026-01-01,19
Retail,S007,ST0025_M,2026-01-01,6
Retail,S007,ST0028_M,2026-01-01,43
Retail,S007,ST0006_XL,2026-01-01,41
Retail,S007,ST0029_XL,2026-01-01,12
Retail,S007,ST0036_L,2026-01-01,21
Retail,S007,ST0006_M,2026-01-01,8
Retail,S008,ST0007_S,2026-01-01,40
Retail,S008,ST0045_M,2026-01-01,12
Retail,S008,ST0007_XL,2026-01-01,33
Retail,S008,ST0029_L,2026-01-01,33
Retail,S008,ST0041_M,2026-01-01,24
Retail,S008,ST0008_S,2026-01-01,44
Retail,S008,ST0021_L,2026-01-01,11
Retail,S008,ST0010_XL,2026-01-01,12
Retail,S008,ST0014_M,2026-01-01,17
Retail,S008,ST0033_XL,2026-01-01,5
Retail,S008,ST0045_XL,2026-01-01,42
Retail,S008,ST0018_L,2026-01-01,22
Retail,S008,ST0034_S,2026-01-01,30
Retail,S008,ST0009_M,2026-01-01,4
Retail,S008,ST0016_S,2026-01-01,33
Retail,S008,ST0040_M,2026-01-01,24
Retail,S008,ST0050_M,2026-01-01,10
Retail,S008,ST0046_L,2026-01-01,30
Retail,S008,ST0010_L,2026-01-01,22
Retail,S008,ST0013_L,2026-01-01,8
Retail,S009,ST0005_L,2026-01-01,14
Retail,S009,ST0001_L,2026-01-01,26
Retail,S009,ST0026_M,2026-01-01,30
Retail,S009,ST0018_L,2026-01-01,22
Retail,S009,ST0030_M,2026-01-01,12
Retail,S009,ST0045_XL,2026-01-01,36
Retail,S009,ST0037_XL,2026-01-01,32
Retail,S009,ST0050_S,2026-01-01,18
Retail,S009,ST0038_XL,2026-01-01,29
Retail,S009,ST0036_M,2026-01-01,46
Retail,S009,ST0037_S,2026-01-01,36
Retail,S009,ST0014_L,2026-01-01,15
Retail,S009,ST0002_M,2026-01-01,43
Retail,S009,ST0032_XL,2026-01-01,2
Retail,S009,ST0031_L,2026-01-01,3
Retail,S009,ST0034_M,2026-01-01,31
Retail,S009,ST0009_S,2026-01-01,33
Retail,S009,ST0010_S,2026-01-01,24
Retail,S009,ST0010_L,2026-01-01,20
Retail,S009,ST0036_L,2026-01-01,26
Retail,S010,ST0036_M,2026-01-01,42
Retail,S010,ST0006_L,2026-01-01,38
Retail,S010,ST0014_S,2026-01-01,16
Retail,S010,ST0022_L,2026-01-01,5
Retail,S010,ST0038_XL,2026-01-01,0
Retail,S010,ST0002_XL,2026-01-01,9
Retail,S010,ST0034_XL,2026-01-01,4
Retail,S010,ST0008_S,2026-01-01,21
Retail,S010,ST0027_XL,2026-01-01,1
Retail,S010,ST0017_XL,2026-01-01,9
Retail,S010,ST0016_M,2026-01-01,15
Retail,S010,ST0017_S,2026-01-01,38
Retail,S010,ST0031_M,2026-01-01,23
Retail,S010,ST0006_M,2026-01-01,9
Retail,S010,ST0001_M,2026-01-01,48
Retail,S010,ST0022_S,2026-01-01,19
Retail,S010,ST0017_L,2026-01-01,3
Retail,S010,ST0010_XL,2026-01-01,21
Retail,S010,ST0042_L,2026-01-01,14
Retail,S010,ST0026_XL,2026-01-01,27
Retail,S001,ST0012_S,2026-01-02,27
Retail,S001,ST0014_M,2026-01-02,44
Retail,S001,ST0028_XL,2026-01-02,18
Retail,S001,ST0049_L,2026-01-02,13
Retail,S001,ST0018_M,2026-01-02,35
Retail,S001,ST0017_S,2026-01-02,29
Retail,S001,ST0041_L,2026-01-02,32
Retail,S001,ST0036_M,2026-01-02,24
Retail,S001,ST0028_L,2026-01-02,34
Retail,S001,ST0021_S,2026-01-02,13
Retail,S001,ST0040_L,2026-01-02,3
Retail,S001,ST0008_S,2026-01-02,3
Retail,S001,ST0003_M,2026-01-02,40
Retail,S001,ST0010_S,2026-01-02,45
Retail,S001,ST0050_L,2026-01-02,15
Retail,S001,ST0044_L,2026-01-02,48
Retail,S001,ST0022_L,2026-01-02,34
Retail,S001,ST0030_M,2026-01-02,45
Retail,S001,ST0040_M,2026-01-02,20
Retail,S001,ST0014_S,2026-01-02,4
Retail,S002,ST0002_S,2026-01-02,27
Retail,S002,ST0034_L,2026-01-02,6
Retail,S002,ST0012_XL,2026-01-02,36
Retail,S002,ST0013_M,2026-01-02,0
Retail,S002,ST0039_L,2026-01-02,46
Retail,S002,ST0036_L,2026-01-02,18
Retail,S002,ST0008_XL,2026-01-02,9
Retail,S002,ST0045_M,2026-01-02,17
Retail,S002,ST0014_S,2026-01-02,34
Retail,S002,ST0048_L,2026-01-02,46
Retail,S002,ST0023_S,2026-01-02,10
Retail,S002,ST0002_L,2026-01-02,48
Retail,S002,ST0033_S,2026-01-02,7
Retail,S002,ST0015_M,2026-01-02,47
Retail,S002,ST0036_M,2026-01-02,11
Retail,S002,ST0011_XL,2026-01-02,30
Retail,S002,ST0020_M,2026-01-02,48
Retail,S002,ST0042_M,2026-01-02,49
Retail,S002,ST0011_M,2026-01-02,29
Retail,S002,ST0021_L,2026-01-02,2
Retail,S003,ST0044_XL,2026-01-02,18
Retail,S003,ST0044_L,2026-01-02,37
Retail,S003,ST0034_L,2026-01-02,39
Retail,S003,ST0032_XL,2026-01-02,33
Retail,S003,ST0034_S,2026-01-02,15
Retail,S003,ST0024_L,2026-01-02,1
Retail,S003,ST0046_L,2026-01-02,1
Retail,S003,ST0039_XL,2026-01-02,25
Retail,S003,ST0041_XL,2026-01-02,46
Retail,S003,ST0017_M,2026-01-02,33
Retail,S003,ST0021_L,2026-01-02,7
Retail,S003,ST0029_L,2026-01-02,28
Retail,S003,ST0048_L,2026-01-02,38
Retail,S003,ST0015_S,2026-01-02,16
Retail,S003,ST0017_S,2026-01-02,29
Retail,S003,ST0004_M,2026-01-02,12
Retail,S003,ST0039_S,2026-01-02,18
Retail,S003,ST0049_L,2026-01-02,18
Retail,S003,ST0010_L,2026-01-02,24
Retail,S003,ST0044_S,2026-01-02,22
Retail,S004,ST0033_S,2026-01-02,3
Retail,S004,ST0023_M,2026-01-02,28
Retail,S004,ST0021_S,2026-01-02,28
Retail,S004,ST0008_XL,2026-01-02,33
Retail,S004,ST0017_L,2026-01-02,12
Retail,S004,ST0016_S,2026-01-02,22
Retail,S004,ST0047_M,2026-01-02,25
Retail,S004,ST0023_L,2026-01-02,25
Retail,S004,ST0031_XL,2026-01-02,4
Retail,S004,ST0041_XL,2026-01-02,31
Retail,S004,ST0016_M,2026-01-02,49
Retail,S004,ST0005_L,2026-01-02,14
Retail,S004,ST0047_S,2026-01-02,21
Retail,S004,ST0040_M,2026-01-02,16
Retail,S004,ST0041_M,2026-01-02,25
Retail,S004,ST0023_S,2026-01-02,6
Retail,S004,ST0050_M,2026-01-02,25
Retail,S004,ST0026_XL,2026-01-02,9
Retail,S004,ST0009_S,2026-01-02,44
Retail,S004,ST0010_L,2026-01-02,10
Retail,S005,ST0001_M,2026-01-02,35
Retail,S005,ST0037_L,2026-01-02,28
Retail,S005,ST0049_M,2026-01-02,3
Retail,S005,ST0035_M,2026-01-02,33
Retail,S005,ST0045_S,2026-01-02,48
Retail,S005,ST0047_L,2026-01-02,22
Retail,S005,ST0013_L,2026-01-02,4
Retail,S005,ST0009_S,2026-01-02,40
Retail,S005,ST0041_M,2026-01-02,5
Retail,S005,ST0039_S,2026-01-02,9
Retail,S005,ST0008_M,2026-01-02,19
Retail,S005,ST0037_M,2026-01-02,21
Retail,S005,ST0033_S,2026-01-02,27
Retail,S005,ST0007_S,2026-01-02,37
Retail,S005,ST0028_S,2026-01-02,35
Retail,S005,ST0008_L,2026-01-02,4
Retail,S005,ST0010_XL,2026-01-02,22
Retail,S005,ST0006_XL,2026-01-02,49
Retail,S005,ST0038_S,2026-01-02,24
Retail,S005,ST0038_L,2026-01-02,13
Retail,S006,ST0041_L,2026-01-02,33
Retail,S006,ST0045_M,2026-01-02,5
Retail,S006,ST0006_S,2026-01-02,9
Retail,S006,ST0043_L,2026-01-02,32
Retail,S006,ST0027_S,2026-01-02,35
Retail,S006,ST0012_S,2026-01-02,1
Retail,S006,ST0018_L,2026-01-02,28
Retail,S006,ST0010_S,2026-01-02,0
Retail,S006,ST0029_M,2026-01-02,18
Retail,S006,ST0014_L,2026-01-02,24
Retail,S006,ST0035_XL,2026-01-02,14
Retail,S006,ST0046_XL,2026-01-02,21
Retail,S006,ST0044_XL,2026-01-02,47
Retail,S006,ST0022_M,2026-01-02,21
Retail,S006,ST0016_S,2026-01-02,33
Retail,S006,ST0009_L,2026-01-02,44
Retail,S006,ST0008_M,2026-01-02,0
Retail,S006,ST0003_L,2026-01-02,48
Retail,S006,ST0045_L,2026-01-02,3
Retail,S006,ST0007_S,2026-01-02,48
Retail,S007,ST0046_M,2026-01-02,41
Retail,S007,ST0024_L,2026-01-02,13
Retail,S007,ST0008_L,2026-01-02,9
Retail,S007,ST0003_M,2026-01-02,35
Retail,S007,ST0035_L,2026-01-02,8
Retail,S007,ST0043_S,2026-01-02,27
Retail,S007,ST0018_M,2026-01-02,13
Retail,S007,ST0017_M,2026-01-02,14
Retail,S007,ST0025_L,2026-01-02,23
Retail,S007,ST0026_L,2026-01-02,8
Retail,S007,ST0046_S,2026-01-02,32
Retail,S007,ST0031_XL,2026-01-02,2
Retail,S007,ST0029_L,2026-01-02,39
Retail,S007,ST0020_XL,2026-01-02,0
Retail,S007,ST0034_XL,2026-01-02,28
Retail,S007,ST0044_S,2026-01-02,33
Retail,S007,ST0028_S,2026-01-02,12
Retail,S007,ST0037_XL,2026-01-02,33
Retail,S007,ST0030_S,2026-01-02,47
Retail,S007,ST0007_M,2026-01-02,47
Retail,S008,ST0021_XL,2026-01-02,39
Retail,S008,ST0044_XL,2026-01-02,6
Retail,S008,ST0041_S,2026-01-02,37
Retail,S008,ST0009_L,2026-01-02,1
Retail,S008,ST0032_M,2026-01-02,7
Retail,S008,ST0022_L,2026-01-02,32
Retail,S008,ST0046_L,2026-01-02,37
Retail,S008,ST0020_M,2026-01-02,19
Retail,S008,ST0037_S,2026-01-02,42
Retail,S008,ST0035_M,2026-01-02,30
Retail,S008,ST0011_L,2026-01-02,31
Retail,S008,ST0042_M,2026-01-02,9
Retail,S008,ST0004_M,2026-01-02,44
Retail,S008,ST0006_XL,2026-01-02,34
Retail,S008,ST0042_S,2026-01-02,12
Retail,S008,ST0009_S,2026-01-02,34
Retail,S008,ST0005_L,2026-01-02,10
Retail,S008,ST0048_M,2026-01-02,20
Retail,S008,ST0011_S,2026-01-02,10
Retail,S008,ST0013_L,2026-01-02,47
Retail,S009,ST0019_XL,2026-01-02,24
Retail,S009,ST0027_L,2026-01-02,11
Retail,S009,ST0041_M,2026-01-02,14
Retail,S009,ST0012_L,2026-01-02,14
Retail,S009,ST0029_XL,2026-01-02,16
Retail,S009,ST0047_S,2026-01-02,39
Retail,S009,ST0010_M,2026-01-02,25
Retail,S009,ST0015_XL,2026-01-02,20
Retail,S009,ST0003_S,2026-01-02,12
Retail,S009,ST0011_S,2026-01-02,11
Retail,S009,ST0049_S,2026-01-02,37
Retail,S009,ST0001_S,2026-01-02,6
Retail,S009,ST0048_S,2026-01-02,34
Retail,S009,ST0009_S,2026-01-02,15
Retail,S009,ST0031_M,2026-01-02,24
Retail,S009,ST0020_M,2026-01-02,44
Retail,S009,ST0024_XL,2026-01-02,48
Retail,S009,ST0048_L,2026-01-02,5
Retail,S009,ST0032_XL,2026-01-02,12
Retail,S009,ST0025_S,2026-01-02,25
Retail,S010,ST0008_S,2026-01-02,22
Retail,S010,ST0045_L,2026-01-02,24
Retail,S010,ST0009_M,2026-01-02,29
Retail,S010,ST0038_L,2026-01-02,20
Retail,S010,ST0050_XL,2026-01-02,19
Retail,S010,ST0031_XL,2026-01-02,21
Retail,S010,ST0050_S,2026-01-02,32
Retail,S010,ST0002_L,2026-01-02,37
Retail,S010,ST0017_XL,2026-01-02,14
Retail,S010,ST0027_S,2026-01-02,45
Retail,S010,ST0029_L,2026-01-02,14
Retail,S010,ST0015_XL,2026-01-02,20
Retail,S010,ST0012_XL,2026-01-02,4
Retail,S010,ST0020_L,2026-01-02,48
Retail,S010,ST0041_S,2026-01-02,47
Retail,S010,ST0013_L,2026-01-02,46
Retail,S010,ST0002_S,2026-01-02,26
Retail,S010,ST0007_M,2026-01-02,20
Retail,S010,ST0033_M,2026-01-02,34
Retail,S010,ST0012_L,2026-01-02,39
Retail,S001,ST0043_L,2026-01-03,22
Retail,S001,ST0031_XL,2026-01-03,27
Retail,S001,ST0009_M,2026-01-03,44
Retail,S001,ST0036_M,2026-01-03,9
Retail,S001,ST0024_L,2026-01-03,45
Retail,S001,ST0009_S,2026-01-03,29
Retail,S001,ST0006_S,2026-01-03,24
Retail,S001,ST0014_S,2026-01-03,47
Retail,S001,ST0007_S,2026-01-03,9
Retail,S001,ST0034_XL,2026-01-03,10
Retail,S001,ST0036_L,2026-01-03,20
Retail,S001,ST0028_S,2026-01-03,21
Retail,S001,ST0046_XL,2026-01-03,6
Retail,S001,ST0034_L,2026-01-03,1
Retail,S001,ST0043_XL,2026-01-03,11
Retail,S001,ST0032_M,2026-01-03,41
Retail,S001,ST0003_XL,2026-01-03,10
Retail,S001,ST0031_S,2026-01-03,17
Retail,S001,ST0021_L,2026-01-03,25
Retail,S001,ST0043_M,2026-01-03,43
Retail,S002,ST0030_S,2026-01-03,23
Retail,S002,ST0039_S,2026-01-03,9
Retail,S002,ST0021_S,2026-01-03,17
Retail,S002,ST0025_S,2026-01-03,11
Retail,S002,ST0041_M,2026-01-03,44
Retail,S002,ST0047_S,2026-01-03,21
Retail,S002,ST0006_L,2026-01-03,35
Retail,S002,ST0004_L,2026-01-03,31
Retail,S002,ST0026_L,2026-01-03,44
Retail,S002,ST0005_M,2026-01-03,19
Retail,S002,ST0022_M,2026-01-03,37
Retail,S002,ST0002_M,2026-01-03,22
Retail,S002,ST0028_S,2026-01-03,15
Retail,S002,ST0017_L,2026-01-03,4
Retail,S002,ST0050_L,2026-01-03,20
Retail,S002,ST0014_XL,2026-01-03,13
Retail,S002,ST0032_L,2026-01-03,15
Retail,S002,ST0043_L,2026-01-03,44
Retail,S002,ST0026_XL,2026-01-03,6
Retail,S002,ST0025_L,2026-01-03,16
Retail,S003,ST0047_L,2026-01-03,31
Retail,S003,ST0046_S,2026-01-03,17
Retail,S003,ST0050_S,2026-01-03,28
Retail,S003,ST0006_XL,2026-01-03,46
Retail,S003,ST0024_M,2026-01-03,30
Retail,S003,ST0049_M,2026-01-03,36
Retail,S003,ST0029_M,2026-01-03,38
Retail,S003,ST0013_M,2026-01-03,47
Retail,S003,ST0009_M,2026-01-03,3
Retail,S003,ST0038_S,2026-01-03,29
Retail,S003,ST0038_XL,2026-01-03,1
Retail,S003,ST0031_XL,2026-01-03,43
Retail,S003,ST0022_S,2026-01-03,29
Retail,S003,ST0039_L,2026-01-03,17
Retail,S003,ST0023_L,2026-01-03,6
Retail,S003,ST0010_XL,2026-01-03,0
Retail,S003,ST0016_M,2026-01-03,25
Retail,S003,ST0047_XL,2026-01-03,44
Retail,S003,ST0011_S,2026-01-03,7
Retail,S003,ST0031_S,2026-01-03,36
Retail,S004,ST0010_XL,2026-01-03,20
Retail,S004,ST0045_S,2026-01-03,39
Retail,S004,ST0034_XL,2026-01-03,24
Retail,S004,ST0049_M,2026-01-03,0
Retail,S004,ST0049_XL,2026-01-03,5
Retail,S004,ST0048_S,2026-01-03,22
Retail,S004,ST0022_XL,2026-01-03,42
Retail,S004,ST0041_M,2026-01-03,42
Retail,S004,ST0014_M,2026-01-03,22
Retail,S004,ST0026_L,2026-01-03,20
Retail,S004,ST0008_L,2026-01-03,38
Retail,S004,ST0042_XL,2026-01-03,44
Retail,S004,ST0002_L,2026-01-03,17
Retail,S004,ST0049_S,2026-01-03,46
Retail,S004,ST0028_M,2026-01-03,41
Retail,S004,ST0019_S,2026-01-03,47
Retail,S004,ST0025_XL,2026-01-03,26
Retail,S004,ST0016_XL,2026-01-03,8
Retail,S004,ST0006_S,2026-01-03,44
Retail,S004,ST0013_S,2026-01-03,30
Retail,S005,ST0049_XL,2026-01-03,6
Retail,S005,ST0041_XL,2026-01-03,44
Retail,S005,ST0049_L,2026-01-03,28
Retail,S005,ST0012_M,2026-01-03,34
Retail,S005,ST0045_L,2026-01-03,2
Retail,S005,ST0036_L,2026-01-03,44
Retail,S005,ST0048_M,2026-01-03,0
Retail,S005,ST0049_S,2026-01-03,26
Retail,S005,ST0017_XL,2026-01-03,22
Retail,S005,ST0022_S,2026-01-03,10
Retail,S005,ST0029_M,2026-01-03,32
Retail,S005,ST0008_XL,2026-01-03,35
Retail,S005,ST0006_M,2026-01-03,40
Retail,S005,ST0014_S,2026-01-03,16
Retail,S005,ST0009_S,2026-01-03,47
Retail,S005,ST0043_L,2026-01-03,47
Retail,S005,ST0044_M,2026-01-03,46
Retail,S005,ST0045_M,2026-01-03,13
Retail,S005,ST0023_L,2026-01-03,30
Retail,S005,ST0025_S,2026-01-03,23
Retail,S006,ST0032_S,2026-01-03,6
Retail,S006,ST0003_M,2026-01-03,6
Retail,S006,ST0041_XL,2026-01-03,14
Retail,S006,ST0010_S,2026-01-03,45
Retail,S006,ST0018_XL,2026-01-03,3
Retail,S006,ST0029_M,2026-01-03,13
Retail,S006,ST0007_M,2026-01-03,1
Retail,S006,ST0044_XL,2026-01-03,9
Retail,S006,ST0024_L,2026-01-03,16
Retail,S006,ST0016_L,2026-01-03,11
Retail,S006,ST0029_L,2026-01-03,19
Retail,S006,ST0035_XL,2026-01-03,46
Retail,S006,ST0045_S,2026-01-03,5
Retail,S006,ST0011_XL,2026-01-03,17
Retail,S006,ST0015_S,2026-01-03,32
Retail,S006,ST0030_S,2026-01-03,12
Retail,S006,ST0012_S,2026-01-03,26
Retail,S006,ST0012_M,2026-01-03,32
Retail,S006,ST0002_S,2026-01-03,44
Retail,S006,ST0002_M,2026-01-03,4
Retail,S007,ST0037_S,2026-01-03,22
Retail,S007,ST0015_XL,2026-01-03,47
Retail,S007,ST0041_L,2026-01-03,1
Retail,S007,ST0047_M,2026-01-03,19
Retail,S007,ST0044_L,2026-01-03,45
Retail,S007,ST0018_XL,2026-01-03,11
Retail,S007,ST0011_XL,2026-01-03,35
Retail,S007,ST0022_M,2026-01-03,33
Retail,S007,ST0008_M,2026-01-03,45
Retail,S007,ST0002_S,2026-01-03,35
Retail,S007,ST0039_XL,2026-01-03,11
Retail,S007,ST0043_L,2026-01-03,29
Retail,S007,ST0006_L,2026-01-03,39
Retail,S007,ST0018_M,2026-01-03,5
Retail,S007,ST0036_S,2026-01-03,26
Retail,S007,ST0026_M,2026-01-03,42
Retail,S007,ST0039_S,2026-01-03,47
Retail,S007,ST0027_L,2026-01-03,4
Retail,S007,ST0030_M,2026-01-03,14
Retail,S007,ST0025_M,2026-01-03,4
Retail,S008,ST0048_M,2026-01-03,9
Retail,S008,ST0026_S,2026-01-03,12
Retail,S008,ST0027_S,2026-01-03,45
Retail,S008,ST0037_XL,2026-01-03,14
Retail,S008,ST0011_L,2026-01-03,6
Retail,S008,ST0039_L,2026-01-03,31
Retail,S008,ST0026_XL,2026-01-03,14
Retail,S008,ST0029_S,2026-01-03,20
Retail,S008,ST0017_L,2026-01-03,3
Retail,S008,ST0040_M,2026-01-03,43
Retail,S008,ST0007_XL,2026-01-03,36
Retail,S008,ST0033_S,2026-01-03,20
Retail,S008,ST0017_S,2026-01-03,44
Retail,S008,ST0032_M,2026-01-03,26
Retail,S008,ST0030_S,2026-01-03,22
Retail,S008,ST0050_S,2026-01-03,15
Retail,S008,ST0017_M,2026-01-03,3
Retail,S008,ST0006_M,2026-01-03,41
Retail,S008,ST0039_S,2026-01-03,43
Retail,S008,ST0024_XL,2026-01-03,25
Retail,S009,ST0012_L,2026-01-03,28
Retail,S009,ST0045_L,2026-01-03,32
Retail,S009,ST0036_M,2026-01-03,44
Retail,S009,ST0001_L,2026-01-03,41
Retail,S009,ST0015_XL,2026-01-03,34
Retail,S009,ST0037_XL,2026-01-03,39
Retail,S009,ST0009_L,2026-01-03,24
Retail,S009,ST0006_M,2026-01-03,37
Retail,S009,ST0038_L,2026-01-03,19
Retail,S009,ST0040_S,2026-01-03,43
Retail,S009,ST0005_XL,2026-01-03,33
Retail,S009,ST0008_S,2026-01-03,47
Retail,S009,ST0021_M,2026-01-03,12
Retail,S009,ST0039_S,2026-01-03,22
Retail,S009,ST0029_M,2026-01-03,16
Retail,S009,ST0019_S,2026-01-03,1
Retail,S009,ST0026_M,2026-01-03,18
Retail,S009,ST0017_M,2026-01-03,6
Retail,S009,ST0007_M,2026-01-03,41
Retail,S009,ST0002_M,2026-01-03,19
Retail,S010,ST0004_XL,2026-01-03,33
Retail,S010,ST0046_M,2026-01-03,7
Retail,S010,ST0029_L,2026-01-03,44
Retail,S010,ST0023_M,2026-01-03,1
Retail,S010,ST0024_S,2026-01-03,5
Retail,S010,ST0028_L,2026-01-03,31
Retail,S010,ST0003_L,2026-01-03,33
Retail,S010,ST0015_XL,2026-01-03,15
Retail,S010,ST0013_S,2026-01-03,11
Retail,S010,ST0025_S,2026-01-03,44
Retail,S010,ST0049_S,2026-01-03,5
Retail,S010,ST0033_M,2026-01-03,22
Retail,S010,ST0025_M,2026-01-03,45
Retail,S010,ST0002_XL,2026-01-03,21
Retail,S010,ST0026_S,2026-01-03,24
Retail,S010,ST0050_M,2026-01-03,48
Retail,S010,ST0019_L,2026-01-03,7
Retail,S010,ST0044_M,2026-01-03,48
Retail,S010,ST0045_XL,2026-01-03,32
Retail,S010,ST0046_L,2026-01-03,46
Retail,S001,ST0040_M,2026-01-04,2
Retail,S001,ST0040_L,2026-01-04,5
Retail,S001,ST0002_M,2026-01-04,1
Retail,S001,ST0019_S,2026-01-04,17
Retail,S001,ST0050_XL,2026-01-04,11
Retail,S001,ST0011_S,2026-01-04,19
Retail,S001,ST0048_S,2026-01-04,0
Retail,S001,ST0048_M,2026-01-04,0
Retail,S001,ST0044_S,2026-01-04,16
Retail,S001,ST0033_L,2026-01-04,0
Retail,S001,ST0003_XL,2026-01-04,44
Retail,S001,ST0008_XL,2026-01-04,46
Retail,S001,ST0028_M,2026-01-04,45
Retail,S001,ST0033_S,2026-01-04,23
Retail,S001,ST0021_S,2026-01-04,44
Retail,S001,ST0049_M,2026-01-04,12
Retail,S001,ST0028_S,2026-01-04,23
Retail,S001,ST0043_L,2026-01-04,34
Retail,S001,ST0030_XL,2026-01-04,35
Retail,S001,ST0011_M,2026-01-04,16
Retail,S002,ST0010_XL,2026-01-04,24
Retail,S002,ST0042_XL,2026-01-04,36
Retail,S002,ST0006_L,2026-01-04,12
Retail,S002,ST0019_XL,2026-01-04,25
Retail,S002,ST0035_XL,2026-01-04,23
Retail,S002,ST0006_XL,2026-01-04,5
Retail,S002,ST0018_L,2026-01-04,48
Retail,S002,ST0003_M,2026-01-04,11
Retail,S002,ST0033_L,2026-01-04,35
Retail,S002,ST0050_S,2026-01-04,10
Retail,S002,ST0033_S,2026-01-04,25
Retail,S002,ST0030_M,2026-01-04,20
Retail,S002,ST0029_M,2026-01-04,39
Retail,S002,ST0016_S,2026-01-04,45
Retail,S002,ST0047_XL,2026-01-04,21
Retail,S002,ST0036_M,2026-01-04,29
Retail,S002,ST0007_L,2026-01-04,42
Retail,S002,ST0048_M,2026-01-04,29
Retail,S002,ST0013_M,2026-01-04,46
Retail,S002,ST0036_L,2026-01-04,19
Retail,S003,ST0024_L,2026-01-04,37
Retail,S003,ST0037_L,2026-01-04,49
Retail,S003,ST0021_XL,2026-01-04,1
Retail,S003,ST0031_L,2026-01-04,31
Retail,S003,ST0038_M,2026-01-04,5
Retail,S003,ST0033_L,2026-01-04,2
Retail,S003,ST0012_L,2026-01-04,0
Retail,S003,ST0001_XL,2026-01-04,4
Retail,S003,ST0045_XL,2026-01-04,18
Retail,S003,ST0003_M,2026-01-04,47
Retail,S003,ST0020_M,2026-01-04,34
Retail,S003,ST0015_S,2026-01-04,29
Retail,S003,ST0048_L,2026-01-04,33
Retail,S003,ST0046_L,2026-01-04,46
Retail,S003,ST0017_S,2026-01-04,19
Retail,S003,ST0005_XL,2026-01-04,23
Retail,S003,ST0033_S,2026-01-04,7
Retail,S003,ST0002_XL,2026-01-04,19
Retail,S003,ST0041_XL,2026-01-04,15
Retail,S003,ST0028_XL,2026-01-04,11
Retail,S004,ST0028_M,2026-01-04,16
Retail,S004,ST0022_L,2026-01-04,30
Retail,S004,ST0019_L,2026-01-04,5
Retail,S004,ST0028_L,2026-01-04,11
Retail,S004,ST0048_XL,2026-01-04,11
Retail,S004,ST0025_XL,2026-01-04,1
Retail,S004,ST0024_M,2026-01-04,1
Retail,S004,ST0041_XL,2026-01-04,14
Retail,S004,ST0049_XL,2026-01-04,16
Retail,S004,ST0039_L,2026-01-04,13
Retail,S004,ST0019_XL,2026-01-04,29
Retail,S004,ST0011_M,2026-01-04,31
Retail,S004,ST0027_XL,2026-01-04,23
Retail,S004,ST0033_S,2026-01-04,17
Retail,S004,ST0040_S,2026-01-04,23
Retail,S004,ST0002_S,2026-01-04,39
Retail,S004,ST0004_S,2026-01-04,21
Retail,S004,ST0037_L,2026-01-04,17
Retail,S004,ST0034_L,2026-01-04,11
Retail,S004,ST0050_XL,2026-01-04,42
Retail,S005,ST0015_L,2026-01-04,34
Retail,S005,ST0006_L,2026-01-04,30
Retail,S005,ST0025_L,2026-01-04,22
Retail,S005,ST0005_M,2026-01-04,15
Retail,S005,ST0012_S,2026-01-04,10
Retail,S005,ST0050_S,2026-01-04,28
Retail,S005,ST0021_S,2026-01-04,38
Retail,S005,ST0018_M,2026-01-04,6
Retail,S005,ST0031_M,2026-01-04,38
Retail,S005,ST0013_XL,2026-01-04,47
Retail,S005,ST0013_L,2026-01-04,39
Retail,S005,ST0014_XL,2026-01-04,40
Retail,S005,ST0038_M,2026-01-04,44
Retail,S005,ST0001_XL,2026-01-04,35
Retail,S005,ST0046_L,2026-01-04,23
Retail,S005,ST0036_M,2026-01-04,16
Retail,S005,ST0043_L,2026-01-04,12
Retail,S005,ST0023_L,2026-01-04,49
Retail,S005,ST0008_L,2026-01-04,26
Retail,S005,ST0026_M,2026-01-04,19
Retail,S006,ST0031_XL,2026-01-04,10
Retail,S006,ST0015_XL,2026-01-04,1
Retail,S006,ST0035_S,2026-01-04,15
Retail,S006,ST0022_L,2026-01-04,36
Retail,S006,ST0015_S,2026-01-04,20
Retail,S006,ST0046_L,2026-01-04,18
Retail,S006,ST0049_XL,2026-01-04,36
Retail,S006,ST0036_M,2026-01-04,40
Retail,S006,ST0033_S,2026-01-04,23
Retail,S006,ST0004_L,2026-01-04,25
Retail,S006,ST0001_M,2026-01-04,38
Retail,S006,ST0036_L,2026-01-04,5
Retail,S006,ST0007_L,2026-01-04,28
Retail,S006,ST0035_M,2026-01-04,38
Retail,S006,ST0007_M,2026-01-04,18
Retail,S006,ST0038_XL,2026-01-04,5
Retail,S006,ST0044_XL,2026-01-04,36
Retail,S006,ST0004_S,2026-01-04,27
Retail,S006,ST0026_M,2026-01-04,24
Retail,S006,ST0001_XL,2026-01-04,0
Retail,S007,ST0024_XL,2026-01-04,34
Retail,S007,ST0005_S,2026-01-04,28
Retail,S007,ST0035_S,2026-01-04,16
Retail,S007,ST0040_XL,2026-01-04,38
Retail,S007,ST0008_XL,2026-01-04,27
Retail,S007,ST0003_S,2026-01-04,42
Retail,S007,ST0046_M,2026-01-04,9
Retail,S007,ST0016_M,2026-01-04,41
Retail,S007,ST0016_S,2026-01-04,46
Retail,S007,ST0024_L,2026-01-04,29
Retail,S007,ST0028_L,2026-01-04,31
Retail,S007,ST0018_S,2026-01-04,0
Retail,S007,ST0021_L,2026-01-04,41
Retail,S007,ST0039_XL,2026-01-04,16
Retail,S007,ST0009_L,2026-01-04,26
Retail,S007,ST0020_XL,2026-01-04,21
Retail,S007,ST0048_XL,2026-01-04,45
Retail,S007,ST0042_M,2026-01-04,0
Retail,S007,ST0014_M,2026-01-04,8
Retail,S007,ST0042_XL,2026-01-04,18
Retail,S008,ST0047_M,2026-01-04,25
Retail,S008,ST0015_S,2026-01-04,45
Retail,S008,ST0005_L,2026-01-04,30
Retail,S008,ST0048_L,2026-01-04,3
Retail,S008,ST0045_S,2026-01-04,5
Retail,S008,ST0028_XL,2026-01-04,25
Retail,S008,ST0006_XL,2026-01-04,18
Retail,S008,ST0050_M,2026-01-04,48
Retail,S008,ST0034_XL,2026-01-04,10
Retail,S008,ST0012_L,2026-01-04,39
Retail,S008,ST0014_L,2026-01-04,6
Retail,S008,ST0036_XL,2026-01-04,21
Retail,S008,ST0046_L,2026-01-04,18
Retail,S008,ST0012_M,2026-01-04,41
Retail,S008,ST0041_XL,2026-01-04,35
Retail,S008,ST0036_S,2026-01-04,24
Retail,S008,ST0019_M,2026-01-04,1
Retail,S008,ST0040_XL,2026-01-04,15
Retail,S008,ST0031_L,2026-01-04,27
Retail,S008,ST0043_M,2026-01-04,34
Retail,S009,ST0002_M,2026-01-04,27
Retail,S009,ST0013_M,2026-01-04,16
Retail,S009,ST0048_XL,2026-01-04,0
Retail,S009,ST0007_L,2026-01-04,17
Retail,S009,ST0032_L,2026-01-04,8
Retail,S009,ST0049_L,2026-01-04,39
Retail,S009,ST0037_M,2026-01-04,14
Retail,S009,ST0010_XL,2026-01-04,43
Retail,S009,ST0047_M,2026-01-04,32
Retail,S009,ST0044_XL,2026-01-04,40
Retail,S009,ST0006_S,2026-01-04,35
Retail,S009,ST0014_L,2026-01-04,40
Retail,S009,ST0034_S,2026-01-04,43
Retail,S009,ST0037_L,2026-01-04,11
Retail,S009,ST0022_L,2026-01-04,29
Retail,S009,ST0010_S,2026-01-04,47
Retail,S009,ST0018_M,2026-01-04,19
Retail,S009,ST0028_S,2026-01-04,11
Retail,S009,ST0008_XL,2026-01-04,24
Retail,S009,ST0030_S,2026-01-04,8
Retail,S010,ST0002_S,2026-01-04,5
Retail,S010,ST0048_XL,2026-01-04,7
Retail,S010,ST0040_S,2026-01-04,26
Retail,S010,ST0029_M,2026-01-04,17
Retail,S010,ST0026_M,2026-01-04,47
Retail,S010,ST0025_M,2026-01-04,3
Retail,S010,ST0021_XL,2026-01-04,36
Retail,S010,ST0035_M,2026-01-04,14
Retail,S010,ST0033_XL,2026-01-04,18
Retail,S010,ST0009_XL,2026-01-04,38
Retail,S010,ST0044_XL,2026-01-04,37
Retail,S010,ST0028_M,2026-01-04,40
Retail,S010,ST0001_XL,2026-01-04,29
Retail,S010,ST0013_S,2026-01-04,30
Retail,S010,ST0001_M,2026-01-04,30
Retail,S010,ST0002_XL,2026-01-04,38
Retail,S010,ST0015_L,2026-01-04,22
Retail,S010,ST0012_L,2026-01-04,39
Retail,S010,ST0033_S,2026-01-04,35
Retail,S010,ST0031_M,2026-01-04,10
Retail,S001,ST0011_XL,2026-01-05,48
Retail,S001,ST0031_L,2026-01-05,3
Retail,S001,ST0021_L,2026-01-05,25
Retail,S001,ST0028_XL,2026-01-05,35
Retail,S001,ST0002_XL,2026-01-05,16
Retail,S001,ST0013_L,2026-01-05,25
Retail,S001,ST0002_S,2026-01-05,27
Retail,S001,ST0026_M,2026-01-05,43
Retail,S001,ST0027_M,2026-01-05,42
Retail,S001,ST0027_L,2026-01-05,1
Retail,S001,ST0038_M,2026-01-05,16
Retail,S001,ST0022_S,2026-01-05,8
Retail,S001,ST0034_XL,2026-01-05,10
Retail,S001,ST0017_L,2026-01-05,15
Retail,S001,ST0046_M,2026-01-05,1
Retail,S001,ST0045_L,2026-01-05,41
Retail,S001,ST0017_XL,2026-01-05,7
Retail,S001,ST0006_L,2026-01-05,41
Retail,S001,ST0015_M,2026-01-05,16
Retail,S001,ST0049_XL,2026-01-05,29
Retail,S002,ST0027_M,2026-01-05,41
Retail,S002,ST0023_XL,2026-01-05,0
Retail,S002,ST0025_L,2026-01-05,41
Retail,S002,ST0028_XL,2026-01-05,2
Retail,S002,ST0038_S,2026-01-05,25
Retail,S002,ST0007_L,2026-01-05,41
Retail,S002,ST0003_S,2026-01-05,15
Retail,S002,ST0019_XL,2026-01-05,13
Retail,S002,ST0009_XL,2026-01-05,2
Retail,S002,ST0010_XL,2026-01-05,32
Retail,S002,ST0030_XL,2026-01-05,23
Retail,S002,ST0024_M,2026-01-05,12
Retail,S002,ST0047_M,2026-01-05,6
Retail,S002,ST0014_XL,2026-01-05,18
Retail,S002,ST0016_M,2026-01-05,46
Retail,S002,ST0029_L,2026-01-05,32
Retail,S002,ST0033_M,2026-01-05,38
Retail,S002,ST0024_XL,2026-01-05,7
Retail,S002,ST0043_S,2026-01-05,36
Retail,S002,ST0007_S,2026-01-05,24
Retail,S003,ST0046_L,2026-01-05,6
Retail,S003,ST0044_XL,2026-01-05,34
Retail,S003,ST0041_M,2026-01-05,28
Retail,S003,ST0022_S,2026-01-05,10
Retail,S003,ST0027_XL,2026-01-05,48
Retail,S003,ST0026_M,2026-01-05,37
Retail,S003,ST0011_M,2026-01-05,28
Retail,S003,ST0012_XL,2026-01-05,27
Retail,S003,ST0011_XL,2026-01-05,30
Retail,S003,ST0027_M,2026-01-05,2
Retail,S003,ST0015_XL,2026-01-05,42
Retail,S003,ST0048_XL,2026-01-05,40
Retail,S003,ST0020_L,2026-01-05,44
Retail,S003,ST0043_S,2026-01-05,15
Retail,S003,ST0020_S,2026-01-05,32
Retail,S003,ST0044_M,2026-01-05,12
Retail,S003,ST0007_M,2026-01-05,4
Retail,S003,ST0007_XL,2026-01-05,13
Retail,S003,ST0050_M,2026-01-05,22
Retail,S003,ST0036_S,2026-01-05,38
Retail,S004,ST0031_S,2026-01-05,44
Retail,S004,ST0024_M,2026-01-05,40
Retail,S004,ST0046_M,2026-01-05,40
Retail,S004,ST0016_L,2026-01-05,39
Retail,S004,ST0025_S,2026-01-05,42
Retail,S004,ST0035_M,2026-01-05,1
Retail,S004,ST0009_XL,2026-01-05,41
Retail,S004,ST0042_M,2026-01-05,39
Retail,S004,ST0032_L,2026-01-05,42
Retail,S004,ST0049_M,2026-01-05,30
Retail,S004,ST0040_M,2026-01-05,43
Retail,S004,ST0021_XL,2026-01-05,5
Retail,S004,ST0049_L,2026-01-05,31
Retail,S004,ST0020_M,2026-01-05,9
Retail,S004,ST0038_L,2026-01-05,17
Retail,S004,ST0033_L,2026-01-05,8
Retail,S004,ST0046_S,2026-01-05,7
Retail,S004,ST0029_S,2026-01-05,6
Retail,S004,ST0020_L,2026-01-05,39
Retail,S004,ST0044_M,2026-01-05,16
Retail,S005,ST0019_S,2026-01-05,9
Retail,S005,ST0015_XL,2026-01-05,31
Retail,S005,ST0024_M,2026-01-05,9
Retail,S005,ST0043_XL,2026-01-05,40
Retail,S005,ST0016_XL,2026-01-05,45
Retail,S005,ST0026_XL,2026-01-05,36
Retail,S005,ST0045_M,2026-01-05,7
Retail,S005,ST0012_XL,2026-01-05,43
Retail,S005,ST0034_S,2026-01-05,41
Retail,S005,ST0031_M,2026-01-05,28
Retail,S005,ST0038_L,2026-01-05,20
Retail,S005,ST0021_XL,2026-01-05,17
Retail,S005,ST0037_L,2026-01-05,26
Retail,S005,ST0018_XL,2026-01-05,6
Retail,S005,ST0004_M,2026-01-05,0
Retail,S005,ST0003_S,2026-01-05,49
Retail,S005,ST0044_L,2026-01-05,14
Retail,S005,ST0023_M,2026-01-05,32
Retail,S005,ST0034_XL,2026-01-05,46
Retail,S005,ST0040_S,2026-01-05,0
Retail,S006,ST0048_S,2026-01-05,9
Retail,S006,ST0004_S,2026-01-05,5
Retail,S006,ST0047_S,2026-01-05,49
Retail,S006,ST0017_L,2026-01-05,17
Retail,S006,ST0048_XL,2026-01-05,48
Retail,S006,ST0026_L,2026-01-05,28
Retail,S006,ST0040_M,2026-01-05,31
Retail,S006,ST0027_M,2026-01-05,34
Retail,S006,ST0006_XL,2026-01-05,17
Retail,S006,ST0005_XL,2026-01-05,12
Retail,S006,ST0026_S,2026-01-05,36
Retail,S006,ST0014_XL,2026-01-05,45
Retail,S006,ST0046_L,2026-01-05,0
Retail,S006,ST0041_L,2026-01-05,24
Retail,S006,ST0036_S,2026-01-05,38
Retail,S006,ST0044_S,2026-01-05,19
Retail,S006,ST0039_S,2026-01-05,28
Retail,S006,ST0040_L,2026-01-05,11
Retail,S006,ST0044_XL,2026-01-05,47
Retail,S006,ST0010_M,2026-01-05,25
Retail,S007,ST0023_S,2026-01-05,37
Retail,S007,ST0035_S,2026-01-05,27
Retail,S007,ST0034_S,2026-01-05,13
Retail,S007,ST0043_S,2026-01-05,0
Retail,S007,ST0048_S,2026-01-05,28
Retail,S007,ST0037_S,2026-01-05,30
Retail,S007,ST0013_L,2026-01-05,14
Retail,S007,ST0021_XL,2026-01-05,34
Retail,S007,ST0045_L,2026-01-05,29
Retail,S007,ST0015_XL,2026-01-05,41
Retail,S007,ST0047_XL,2026-01-05,26
Retail,S007,ST0006_L,2026-01-05,38
Retail,S007,ST0040_M,2026-01-05,17
Retail,S007,ST0019_L,2026-01-05,44
Retail,S007,ST0013_S,2026-01-05,22
Retail,S007,ST0021_M,2026-01-05,48
Retail,S007,ST0011_L,2026-01-05,21
Retail,S007,ST0040_S,2026-01-05,27
Retail,S007,ST0007_XL,2026-01-05,24
Retail,S007,ST0035_L,2026-01-05,45
Retail,S008,ST0013_S,2026-01-05,37
Retail,S008,ST0012_M,2026-01-05,14
Retail,S008,ST0044_M,2026-01-05,28
Retail,S008,ST0036_L,2026-01-05,47
Retail,S008,ST0006_L,2026-01-05,44
Retail,S008,ST0036_XL,2026-01-05,48
Retail,S008,ST0017_M,2026-01-05,14
Retail,S008,ST0038_M,2026-01-05,43
Retail,S008,ST0021_S,2026-01-05,3
Retail,S008,ST0001_M,2026-01-05,22
Retail,S008,ST0020_L,2026-01-05,40
Retail,S008,ST0050_M,2026-01-05,8
Retail,S008,ST0008_L,2026-01-05,42
Retail,S008,ST0030_M,2026-01-05,6
Retail,S008,ST0011_S,2026-01-05,41
Retail,S008,ST0035_M,2026-01-05,4
Retail,S008,ST0038_L,2026-01-05,10
Retail,S008,ST0003_M,2026-01-05,27
Retail,S008,ST0042_L,2026-01-05,29
Retail,S008,ST0050_S,2026-01-05,1
Retail,S009,ST0004_M,2026-01-05,26
Retail,S009,ST0010_XL,2026-01-05,39
Retail,S009,ST0044_M,2026-01-05,33
Retail,S009,ST0032_M,2026-01-05,33
Retail,S009,ST0019_XL,2026-01-05,47
Retail,S009,ST0010_L,2026-01-05,34
Retail,S009,ST0011_M,2026-01-05,18
Retail,S009,ST0017_XL,2026-01-05,43
Retail,S009,ST0042_M,2026-01-05,27
Retail,S009,ST0041_XL,2026-01-05,47
Retail,S009,ST0013_L,2026-01-05,35
Retail,S009,ST0020_XL,2026-01-05,23
Retail,S009,ST0040_XL,2026-01-05,1
Retail,S009,ST0050_XL,2026-01-05,30
Retail,S009,ST0043_XL,2026-01-05,32
Retail,S009,ST0008_XL,2026-01-05,43
Retail,S009,ST0045_M,2026-01-05,48
Retail,S009,ST0014_M,2026-01-05,23
Retail,S009,ST0022_S,2026-01-05,10
Retail,S009,ST0048_L,2026-01-05,26
Retail,S010,ST0034_M,2026-01-05,38
Retail,S010,ST0031_XL,2026-01-05,10
Retail,S010,ST0022_L,2026-01-05,46
Retail,S010,ST0029_S,2026-01-05,46
Retail,S010,ST0001_XL,2026-01-05,13
Retail,S010,ST0046_L,2026-01-05,44
Retail,S010,ST0031_L,2026-01-05,24
Retail,S010,ST0048_M,2026-01-05,32
Retail,S010,ST0032_XL,2026-01-05,37
Retail,S010,ST0001_L,2026-01-05,24
Retail,S010,ST0037_M,2026-01-05,3
Retail,S010,ST0046_M,2026-01-05,33
Retail,S010,ST0003_L,2026-01-05,30
Retail,S010,ST0008_L,2026-01-05,38
Retail,S010,ST0043_M,2026-01-05,8
Retail,S010,ST0025_XL,2026-01-05,7
Retail,S010,ST0011_M,2026-01-05,22
Retail,S010,ST0020_L,2026-01-05,11
Retail,S010,ST0019_XL,2026-01-05,1
Retail,S010,ST0015_S,2026-01-05,12
Retail,S001,ST0029_XL,2026-01-06,9
Retail,S001,ST0010_L,2026-01-06,31
Retail,S001,ST0011_L,2026-01-06,21
Retail,S001,ST0043_M,2026-01-06,1
Retail,S001,ST0017_L,2026-01-06,47
Retail,S001,ST0023_XL,2026-01-06,8
Retail,S001,ST0026_S,2026-01-06,25
Retail,S001,ST0005_M,2026-01-06,29
Retail,S001,ST0014_XL,2026-01-06,35
Retail,S001,ST0019_L,2026-01-06,33
Retail,S001,ST0001_L,2026-01-06,47
Retail,S001,ST0028_XL,2026-01-06,49
Retail,S001,ST0050_M,2026-01-06,17
Retail,S001,ST0023_M,2026-01-06,38
Retail,S001,ST0006_S,2026-01-06,23
Retail,S001,ST0029_M,2026-01-06,15
Retail,S001,ST0050_XL,2026-01-06,12
Retail,S001,ST0018_L,2026-01-06,46
Retail,S001,ST0041_S,2026-01-06,8
Retail,S001,ST0009_XL,2026-01-06,16
Retail,S002,ST0009_S,2026-01-06,2
Retail,S002,ST0045_S,2026-01-06,21
Retail,S002,ST0049_L,2026-01-06,34
Retail,S002,ST0043_M,2026-01-06,4
Retail,S002,ST0016_L,2026-01-06,40
Retail,S002,ST0004_XL,2026-01-06,12
Retail,S002,ST0046_M,2026-01-06,31
Retail,S002,ST0007_S,2026-01-06,47
Retail,S002,ST0017_L,2026-01-06,18
Retail,S002,ST0006_M,2026-01-06,43
Retail,S002,ST0025_XL,2026-01-06,34
Retail,S002,ST0018_XL,2026-01-06,32
Retail,S002,ST0027_M,2026-01-06,35
Retail,S002,ST0040_M,2026-01-06,18
Retail,S002,ST0014_XL,2026-01-06,11
Retail,S002,ST0004_M,2026-01-06,5
Retail,S002,ST0035_XL,2026-01-06,26
Retail,S002,ST0002_M,2026-01-06,24
Retail,S002,ST0035_L,2026-01-06,2
Retail,S002,ST0034_L,2026-01-06,19
Retail,S003,ST0039_S,2026-01-06,37
Retail,S003,ST0026_L,2026-01-06,23
Retail,S003,ST0009_M,2026-01-06,18
Retail,S003,ST0033_S,2026-01-06,46
Retail,S003,ST0042_M,2026-01-06,13
Retail,S003,ST0013_S,2026-01-06,31
Retail,S003,ST0015_M,2026-01-06,31
Retail,S003,ST0020_S,2026-01-06,47
Retail,S003,ST0041_XL,2026-01-06,46
Retail,S003,ST0025_S,2026-01-06,11
Retail,S003,ST0024_L,2026-01-06,11
Retail,S003,ST0010_L,2026-01-06,45
Retail,S003,ST0049_S,2026-01-06,17
Retail,S003,ST0011_S,2026-01-06,35
Retail,S003,ST0022_L,2026-01-06,26
Retail,S003,ST0050_M,2026-01-06,38
Retail,S003,ST0049_M,2026-01-06,6
Retail,S003,ST0018_L,2026-01-06,6
Retail,S003,ST0030_M,2026-01-06,6
Retail,S003,ST0050_S,2026-01-06,44
Retail,S004,ST0041_L,2026-01-06,33
Retail,S004,ST0038_M,2026-01-06,44
Retail,S004,ST0028_L,2026-01-06,34
Retail,S004,ST0007_L,2026-01-06,47
Retail,S004,ST0047_M,2026-01-06,10
Retail,S004,ST0020_XL,2026-01-06,13
Retail,S004,ST0045_XL,2026-01-06,38
Retail,S004,ST0011_S,2026-01-06,28
Retail,S004,ST0019_M,2026-01-06,35
Retail,S004,ST0019_S,2026-01-06,43
Retail,S004,ST0032_XL,2026-01-06,4
Retail,S004,ST0005_L,2026-01-06,21
Retail,S004,ST0022_S,2026-01-06,41
Retail,S004,ST0025_S,2026-01-06,39
Retail,S004,ST0046_XL,2026-01-06,46
Retail,S004,ST0024_XL,2026-01-06,2
Retail,S004,ST0011_L,2026-01-06,17
Retail,S004,ST0036_L,2026-01-06,29
Retail,S004,ST0031_L,2026-01-06,4
Retail,S004,ST0030_S,2026-01-06,32
Retail,S005,ST0002_S,2026-01-06,25
Retail,S005,ST0018_XL,2026-01-06,31
Retail,S005,ST0016_L,2026-01-06,0
Retail,S005,ST0015_S,2026-01-06,25
Retail,S005,ST0044_M,2026-01-06,34
Retail,S005,ST0024_S,2026-01-06,12
Retail,S005,ST0028_L,2026-01-06,13
Retail,S005,ST0025_L,2026-01-06,25
Retail,S005,ST0018_L,2026-01-06,39
Retail,S005,ST0036_M,2026-01-06,35
Retail,S005,ST0044_L,2026-01-06,42
Retail,S005,ST0041_L,2026-01-06,39
Retail,S005,ST0005_XL,2026-01-06,6
Retail,S005,ST0015_L,2026-01-06,10
Retail,S005,ST0045_XL,2026-01-06,13
Retail,S005,ST0014_M,2026-01-06,48
Retail,S005,ST0044_XL,2026-01-06,23
Retail,S005,ST0046_XL,2026-01-06,45
Retail,S005,ST0021_XL,2026-01-06,21
Retail,S005,ST0001_XL,2026-01-06,16
Retail,S006,ST0034_L,2026-01-06,40
Retail,S006,ST0040_M,2026-01-06,25
Retail,S006,ST0037_XL,2026-01-06,36
Retail,S006,ST0006_L,2026-01-06,7
Retail,S006,ST0043_M,2026-01-06,12
Retail,S006,ST0009_S,2026-01-06,27
Retail,S006,ST0024_S,2026-01-06,17
Retail,S006,ST0016_S,2026-01-06,18
Retail,S006,ST0024_L,2026-01-06,12
Retail,S006,ST0023_L,2026-01-06,27
Retail,S006,ST0033_S,2026-01-06,10
Retail,S006,ST0040_XL,2026-01-06,23
Retail,S006,ST0032_S,2026-01-06,29
Retail,S006,ST0038_XL,2026-01-06,39
Retail,S006,ST0050_L,2026-01-06,37
Retail,S006,ST0017_L,2026-01-06,47
Retail,S006,ST0034_XL,2026-01-06,15
Retail,S006,ST0013_S,2026-01-06,25
Retail,S006,ST0038_L,2026-01-06,38
Retail,S006,ST0027_XL,2026-01-06,11
Retail,S007,ST0032_M,2026-01-06,4
Retail,S007,ST0023_M,2026-01-06,19
Retail,S007,ST0041_M,2026-01-06,7
Retail,S007,ST0025_XL,2026-01-06,16
Retail,S007,ST0029_L,2026-01-06,0
Retail,S007,ST0002_S,2026-01-06,2
Retail,S007,ST0005_M,2026-01-06,25
Retail,S007,ST0001_L,2026-01-06,45
Retail,S007,ST0050_XL,2026-01-06,34
Retail,S007,ST0028_XL,2026-01-06,3
Retail,S007,ST0022_XL,2026-01-06,15
Retail,S007,ST0034_M,2026-01-06,19
Retail,S007,ST0003_XL,2026-01-06,4
Retail,S007,ST0007_S,2026-01-06,36
Retail,S007,ST0049_S,2026-01-06,23
Retail,S007,ST0011_XL,2026-01-06,33
Retail,S007,ST0040_L,2026-01-06,44
Retail,S007,ST0041_L,2026-01-06,18
Retail,S007,ST0022_L,2026-01-06,4
Retail,S007,ST0017_S,2026-01-06,17
Retail,S008,ST0010_S,2026-01-06,47
Retail,S008,ST0009_XL,2026-01-06,35
Retail,S008,ST0037_XL,2026-01-06,7
Retail,S008,ST0002_S,2026-01-06,47
Retail,S008,ST0050_XL,2026-01-06,42
Retail,S008,ST0030_M,2026-01-06,20
Retail,S008,ST0019_L,2026-01-06,18
Retail,S008,ST0024_S,2026-01-06,49
Retail,S008,ST0013_L,2026-01-06,42
Retail,S008,ST0001_L,2026-01-06,39
Retail,S008,ST0030_L,2026-01-06,41
Retail,S008,ST0035_XL,2026-01-06,40
Retail,S008,ST0036_L,2026-01-06,15
Retail,S008,ST0016_L,2026-01-06,20
Retail,S008,ST0023_M,2026-01-06,22
Retail,S008,ST0029_M,2026-01-06,37
Retail,S008,ST0017_S,2026-01-06,29
Retail,S008,ST0003_M,2026-01-06,22
Retail,S008,ST0016_S,2026-01-06,37
Retail,S008,ST0024_XL,2026-01-06,36
Retail,S009,ST0025_S,2026-01-06,39
Retail,S009,ST0034_XL,2026-01-06,6
Retail,S009,ST0003_M,2026-01-06,38
Retail,S009,ST0044_XL,2026-01-06,39
Retail,S009,ST0032_S,2026-01-06,32
Retail,S009,ST0001_L,2026-01-06,27
Retail,S009,ST0016_M,2026-01-06,37
Retail,S009,ST0047_XL,2026-01-06,20
Retail,S009,ST0016_XL,2026-01-06,32
Retail,S009,ST0043_L,2026-01-06,14
Retail,S009,ST0020_XL,2026-01-06,2
Retail,S009,ST0033_S,2026-01-06,46
Retail,S009,ST0021_M,2026-01-06,13
Retail,S009,ST0047_M,2026-01-06,28
Retail,S009,ST0046_S,2026-01-06,25
Retail,S009,ST0019_S,2026-01-06,11
Retail,S009,ST0040_M,2026-01-06,16
Retail,S009,ST0041_M,2026-01-06,9
Retail,S009,ST0015_L,2026-01-06,42
Retail,S009,ST0024_S,2026-01-06,14
Retail,S010,ST0049_L,2026-01-06,10
Retail,S010,ST0005_S,2026-01-06,48
Retail,S010,ST0020_L,2026-01-06,8
Retail,S010,ST0039_S,2026-01-06,2
Retail,S010,ST0046_L,2026-01-06,20
Retail,S010,ST0045_M,2026-01-06,18
Retail,S010,ST0036_S,2026-01-06,45
Retail,S010,ST0021_M,2026-01-06,18
Retail,S010,ST0036_L,2026-01-06,26
Retail,S010,ST0039_XL,2026-01-06,11
Retail,S010,ST0034_S,2026-01-06,45
Retail,S010,ST0040_S,2026-01-06,32
Retail,S010,ST0031_S,2026-01-06,30
Retail,S010,ST0023_M,2026-01-06,19
Retail,S010,ST0001_M,2026-01-06,30
Retail,S010,ST0008_M,2026-01-06,30
Retail,S010,ST0008_L,2026-01-06,40
Retail,S010,ST0033_L,2026-01-06,8
Retail,S010,ST0008_XL,2026-01-06,21
Retail,S010,ST0042_M,2026-01-06,25
Retail,S001,ST0050_S,2026-01-07,31
Retail,S001,ST0026_M,2026-01-07,13
Retail,S001,ST0024_M,2026-01-07,0
Retail,S001,ST0036_S,2026-01-07,41
Retail,S001,ST0042_L,2026-01-07,19
Retail,S001,ST0030_L,2026-01-07,9
Retail,S001,ST0044_XL,2026-01-07,23
Retail,S001,ST0009_L,2026-01-07,27
Retail,S001,ST0033_L,2026-01-07,39
Retail,S001,ST0033_S,2026-01-07,32
Retail,S001,ST0022_L,2026-01-07,6
Retail,S001,ST0018_M,2026-01-07,15
Retail,S001,ST0003_L,2026-01-07,33
Retail,S001,ST0050_M,2026-01-07,22
Retail,S001,ST0032_L,2026-01-07,49
Retail,S001,ST0026_XL,2026-01-07,12
Retail,S001,ST0022_XL,2026-01-07,16
Retail,S001,ST0028_S,2026-01-07,12
Retail,S001,ST0008_S,2026-01-07,19
Retail,S001,ST0025_S,2026-01-07,41
Retail,S002,ST0019_XL,2026-01-07,13
Retail,S002,ST0036_M,2026-01-07,44
Retail,S002,ST0028_M,2026-01-07,17
Retail,S002,ST0024_S,2026-01-07,34
Retail,S002,ST0040_M,2026-01-07,37
Retail,S002,ST0007_L,2026-01-07,23
Retail,S002,ST0019_M,2026-01-07,43
Retail,S002,ST0035_L,2026-01-07,18
Retail,S002,ST0009_XL,2026-01-07,32
Retail,S002,ST0034_M,2026-01-07,12
Retail,S002,ST0025_S,2026-01-07,44
Retail,S002,ST0015_S,2026-01-07,29
Retail,S002,ST0033_XL,2026-01-07,23
Retail,S002,ST0026_S,2026-01-07,32
Retail,S002,ST0006_L,2026-01-07,48
Retail,S002,ST0014_M,2026-01-07,17
Retail,S002,ST0014_XL,2026-01-07,6
Retail,S002,ST0011_L,2026-01-07,18
Retail,S002,ST0004_S,2026-01-07,41
Retail,S002,ST0044_XL,2026-01-07,3
Retail,S003,ST0031_S,2026-01-07,7
Retail,S003,ST0005_S,2026-01-07,17
Retail,S003,ST0033_L,2026-01-07,28
Retail,S003,ST0036_S,2026-01-07,4
Retail,S003,ST0050_M,2026-01-07,47
Retail,S003,ST0044_S,2026-01-07,9
Retail,S003,ST0045_S,2026-01-07,32
Retail,S003,ST0044_M,2026-01-07,33
Retail,S003,ST0049_S,2026-01-07,30
Retail,S003,ST0013_L,2026-01-07,27
Retail,S003,ST0023_L,2026-01-07,21
Retail,S003,ST0020_XL,2026-01-07,14
Retail,S003,ST0027_L,2026-01-07,49
Retail,S003,ST0038_M,2026-01-07,20
Retail,S003,ST0031_L,2026-01-07,26
Retail,S003,ST0032_L,2026-01-07,31
Retail,S003,ST0013_S,2026-01-07,3
Retail,S003,ST0042_XL,2026-01-07,1
Retail,S003,ST0034_S,2026-01-07,25
Retail,S003,ST0006_XL,2026-01-07,13
Retail,S004,ST0027_M,2026-01-07,7
Retail,S004,ST0024_S,2026-01-07,44
Retail,S004,ST0007_L,2026-01-07,37
Retail,S004,ST0049_L,2026-01-07,22
Retail,S004,ST0037_S,2026-01-07,26
Retail,S004,ST0040_L,2026-01-07,0
Retail,S004,ST0008_XL,2026-01-07,38
Retail,S004,ST0005_S,2026-01-07,44
Retail,S004,ST0007_S,2026-01-07,46
Retail,S004,ST0034_XL,2026-01-07,30
Retail,S004,ST0011_S,2026-01-07,21
Retail,S004,ST0039_L,2026-01-07,34
Retail,S004,ST0026_S,2026-01-07,4
Retail,S004,ST0049_M,2026-01-07,27
Retail,S004,ST0037_XL,2026-01-07,27
Retail,S004,ST0017_M,2026-01-07,12
Retail,S004,ST0045_M,2026-01-07,37
Retail,S004,ST0030_M,2026-01-07,20
Retail,S004,ST0013_XL,2026-01-07,45
Retail,S004,ST0003_XL,2026-01-07,10
Retail,S005,ST0041_XL,2026-01-07,0
Retail,S005,ST0006_XL,2026-01-07,23
Retail,S005,ST0036_L,2026-01-07,35
Retail,S005,ST0033_L,2026-01-07,35
Retail,S005,ST0042_XL,2026-01-07,18
Retail,S005,ST0014_XL,2026-01-07,11
Retail,S005,ST0011_S,2026-01-07,30
Retail,S005,ST0019_M,2026-01-07,21
Retail,S005,ST0025_S,2026-01-07,22
Retail,S005,ST0024_S,2026-01-07,2
Retail,S005,ST0035_M,2026-01-07,19
Retail,S005,ST0025_M,2026-01-07,44
Retail,S005,ST0047_L,2026-01-07,38
Retail,S005,ST0044_S,2026-01-07,40
Retail,S005,ST0021_L,2026-01-07,35
Retail,S005,ST0007_S,2026-01-07,4
Retail,S005,ST0032_XL,2026-01-07,8
Retail,S005,ST0045_M,2026-01-07,19
Retail,S005,ST0039_S,2026-01-07,25
Retail,S005,ST0002_S,2026-01-07,37
Retail,S006,ST0029_M,2026-01-07,8
Retail,S006,ST0049_XL,2026-01-07,49
Retail,S006,ST0028_M,2026-01-07,19
Retail,S006,ST0003_L,2026-01-07,40
Retail,S006,ST0018_S,2026-01-07,28
Retail,S006,ST0011_XL,2026-01-07,30
Retail,S006,ST0042_S,2026-01-07,42
Retail,S006,ST0042_L,2026-01-07,41
Retail,S006,ST0035_M,2026-01-07,0
Retail,S006,ST0040_XL,2026-01-07,43
Retail,S006,ST0002_S,2026-01-07,45
Retail,S006,ST0003_S,2026-01-07,30
Retail,S006,ST0050_XL,2026-01-07,18
Retail,S006,ST0044_XL,2026-01-07,2
Retail,S006,ST0013_S,2026-01-07,34
Retail,S006,ST0050_S,2026-01-07,28
Retail,S006,ST0024_S,2026-01-07,13
Retail,S006,ST0007_M,2026-01-07,27
Retail,S006,ST0007_L,2026-01-07,29
Retail,S006,ST0007_S,2026-01-07,6
Retail,S007,ST0002_XL,2026-01-07,20
Retail,S007,ST0045_L,2026-01-07,20
Retail,S007,ST0026_S,2026-01-07,3
Retail,S007,ST0025_M,2026-01-07,17
Retail,S007,ST0014_XL,2026-01-07,28
Retail,S007,ST0044_XL,2026-01-07,12
Retail,S007,ST0012_L,2026-01-07,18
Retail,S007,ST0002_M,2026-01-07,0
Retail,S007,ST0049_M,2026-01-07,37
Retail,S007,ST0040_L,2026-01-07,0
Retail,S007,ST0017_S,2026-01-07,39
Retail,S007,ST0014_M,2026-01-07,20
Retail,S007,ST0045_XL,2026-01-07,38
Retail,S007,ST0047_S,2026-01-07,3
Retail,S007,ST0012_XL,2026-01-07,31
Retail,S007,ST0014_L,2026-01-07,0
Retail,S007,ST0046_L,2026-01-07,32
Retail,S007,ST0039_XL,2026-01-07,0
Retail,S007,ST0037_XL,2026-01-07,15
Retail,S007,ST0002_S,2026-01-07,46
Retail,S008,ST0034_L,2026-01-07,12
Retail,S008,ST0042_XL,2026-01-07,3
Retail,S008,ST0037_L,2026-01-07,27
Retail,S008,ST0028_M,2026-01-07,10
Retail,S008,ST0039_XL,2026-01-07,9
Retail,S008,ST0049_S,2026-01-07,12
Retail,S008,ST0049_L,2026-01-07,43
Retail,S008,ST0032_M,2026-01-07,38
Retail,S008,ST0023_S,2026-01-07,18
Retail,S008,ST0044_M,2026-01-07,21
Retail,S008,ST0011_L,2026-01-07,29
Retail,S008,ST0003_M,2026-01-07,28
Retail,S008,ST0029_S,2026-01-07,10
Retail,S008,ST0027_S,2026-01-07,36
Retail,S008,ST0022_M,2026-01-07,17
Retail,S008,ST0025_L,2026-01-07,26
Retail,S008,ST0021_XL,2026-01-07,47
Retail,S008,ST0009_L,2026-01-07,22
Retail,S008,ST0013_M,2026-01-07,37
Retail,S008,ST0040_M,2026-01-07,24
Retail,S009,ST0014_M,2026-01-07,8
Retail,S009,ST0034_L,2026-01-07,48
Retail,S009,ST0008_S,2026-01-07,42
Retail,S009,ST0012_L,2026-01-07,2
Retail,S009,ST0024_M,2026-01-07,37
Retail,S009,ST0011_S,2026-01-07,5
Retail,S009,ST0031_S,2026-01-07,44
Retail,S009,ST0015_L,2026-01-07,38
Retail,S009,ST0038_L,2026-01-07,8
Retail,S009,ST0005_L,2026-01-07,22
Retail,S009,ST0027_M,2026-01-07,23
Retail,S009,ST0036_L,2026-01-07,39
Retail,S009,ST0036_M,2026-01-07,12
Retail,S009,ST0049_S,2026-01-07,16
Retail,S009,ST0022_M,2026-01-07,49
Retail,S009,ST0033_S,2026-01-07,34
Retail,S009,ST0048_L,2026-01-07,27
Retail,S009,ST0044_XL,2026-01-07,32
Retail,S009,ST0021_S,2026-01-07,9
Retail,S009,ST0039_M,2026-01-07,45
Retail,S010,ST0023_XL,2026-01-07,35
Retail,S010,ST0041_XL,2026-01-07,24
Retail,S010,ST0027_S,2026-01-07,10
Retail,S010,ST0034_L,2026-01-07,3
Retail,S010,ST0050_S,2026-01-07,45
Retail,S010,ST0009_M,2026-01-07,16
Retail,S010,ST0048_XL,2026-01-07,7
Retail,S010,ST0044_M,2026-01-07,9
Retail,S010,ST0003_L,2026-01-07,15
Retail,S010,ST0043_XL,2026-01-07,40
Retail,S010,ST0044_L,2026-01-07,28
Retail,S010,ST0032_M,2026-01-07,38
Retail,S010,ST0023_L,2026-01-07,39
Retail,S010,ST0039_S,2026-01-07,2
Retail,S010,ST0005_XL,2026-01-07,0
Retail,S010,ST0049_XL,2026-01-07,38
Retail,S010,ST0028_XL,2026-01-07,44
Retail,S010,ST0030_S,2026-01-07,47
Retail,S010,ST0040_S,2026-01-07,22
Retail,S010,ST0036_XL,2026-01-07,24
Retail,S001,ST0037_S,2026-01-08,33
Retail,S001,ST0044_M,2026-01-08,16
Retail,S001,ST0010_S,2026-01-08,0
Retail,S001,ST0046_S,2026-01-08,49
Retail,S001,ST0004_S,2026-01-08,35
Retail,S001,ST0014_XL,2026-01-08,18
Retail,S001,ST0011_L,2026-01-08,41
Retail,S001,ST0039_L,2026-01-08,18
Retail,S001,ST0015_XL,2026-01-08,38
Retail,S001,ST0045_M,2026-01-08,11
Retail,S001,ST0045_S,2026-01-08,46
Retail,S001,ST0014_L,2026-01-08,35
Retail,S001,ST0035_M,2026-01-08,17
Retail,S001,ST0020_M,2026-01-08,47
Retail,S001,ST0001_L,2026-01-08,33
Retail,S001,ST0007_XL,2026-01-08,48
Retail,S001,ST0028_S,2026-01-08,28
Retail,S001,ST0041_XL,2026-01-08,4
Retail,S001,ST0036_XL,2026-01-08,23
Retail,S001,ST0034_S,2026-01-08,37
Retail,S002,ST0010_L,2026-01-08,7
Retail,S002,ST0012_M,2026-01-08,31
Retail,S002,ST0042_XL,2026-01-08,40
Retail,S002,ST0007_XL,2026-01-08,44
Retail,S002,ST0022_S,2026-01-08,26
Retail,S002,ST0009_L,2026-01-08,25
Retail,S002,ST0009_S,2026-01-08,36
Retail,S002,ST0038_S,2026-01-08,27
Retail,S002,ST0005_S,2026-01-08,2
Retail,S002,ST0021_M,2026-01-08,31
Retail,S002,ST0019_S,2026-01-08,7
Retail,S002,ST0035_XL,2026-01-08,23
Retail,S002,ST0020_S,2026-01-08,42
Retail,S002,ST0048_S,2026-01-08,7
Retail,S002,ST0027_S,2026-01-08,41
Retail,S002,ST0001_L,2026-01-08,25
Retail,S002,ST0043_S,2026-01-08,17
Retail,S002,ST0026_M,2026-01-08,6
Retail,S002,ST0025_XL,2026-01-08,32
Retail,S002,ST0012_XL,2026-01-08,2
Retail,S003,ST0008_M,2026-01-08,28
Retail,S003,ST0014_L,2026-01-08,39
Retail,S003,ST0043_M,2026-01-08,28
Retail,S003,ST0026_M,2026-01-08,36
Retail,S003,ST0048_L,2026-01-08,4
Retail,S003,ST0004_S,2026-01-08,31
Retail,S003,ST0048_XL,2026-01-08,23
Retail,S003,ST0034_M,2026-01-08,11
Retail,S003,ST0021_L,2026-01-08,0
Retail,S003,ST0047_S,2026-01-08,6
Retail,S003,ST0035_S,2026-01-08,33
Retail,S003,ST0025_M,2026-01-08,6
Retail,S003,ST0020_L,2026-01-08,2
Retail,S003,ST0038_L,2026-01-08,21
Retail,S003,ST0017_L,2026-01-08,28
Retail,S003,ST0022_XL,2026-01-08,49
Retail,S003,ST0022_S,2026-01-08,4
Retail,S003,ST0017_M,2026-01-08,22
Retail,S003,ST0010_XL,2026-01-08,25
Retail,S003,ST0010_L,2026-01-08,19
Retail,S004,ST0048_XL,2026-01-08,23
Retail,S004,ST0027_XL,2026-01-08,24
Retail,S004,ST0027_M,2026-01-08,49
Retail,S004,ST0044_XL,2026-01-08,27
Retail,S004,ST0008_XL,2026-01-08,4
Retail,S004,ST0043_M,2026-01-08,43
Retail,S004,ST0020_S,2026-01-08,7
Retail,S004,ST0018_S,2026-01-08,37
Retail,S004,ST0027_L,2026-01-08,46
Retail,S004,ST0045_S,2026-01-08,24
Retail,S004,ST0014_L,2026-01-08,14
Retail,S004,ST0039_S,2026-01-08,40
Retail,S004,ST0041_S,2026-01-08,33
Retail,S004,ST0034_L,2026-01-08,44
Retail,S004,ST0020_M,2026-01-08,7
Retail,S004,ST0004_S,2026-01-08,12
Retail,S004,ST0010_L,2026-01-08,5
Retail,S004,ST0019_XL,2026-01-08,43
Retail,S004,ST0026_L,2026-01-08,48
Retail,S004,ST0003_L,2026-01-08,6
Retail,S005,ST0039_L,2026-01-08,19
Retail,S005,ST0027_XL,2026-01-08,14
Retail,S005,ST0014_XL,2026-01-08,31
Retail,S005,ST0023_M,2026-01-08,41
Retail,S005,ST0017_M,2026-01-08,37
Retail,S005,ST0006_L,2026-01-08,6
Retail,S005,ST0029_L,2026-01-08,12
Retail,S005,ST0003_M,2026-01-08,0
Retail,S005,ST0012_S,2026-01-08,13
Retail,S005,ST0028_S,2026-01-08,2
Retail,S005,ST0037_S,2026-01-08,23
Retail,S005,ST0009_L,2026-01-08,47
Retail,S005,ST0036_L,2026-01-08,12
Retail,S005,ST0021_S,2026-01-08,8
Retail,S005,ST0040_L,2026-01-08,9
Retail,S005,ST0042_M,2026-01-08,6
Retail,S005,ST0015_L,2026-01-08,34
Retail,S005,ST0010_XL,2026-01-08,14
Retail,S005,ST0007_S,2026-01-08,46
Retail,S005,ST0013_S,2026-01-08,38
Retail,S006,ST0009_L,2026-01-08,49
Retail,S006,ST0023_L,2026-01-08,12
Retail,S006,ST0012_M,2026-01-08,37
Retail,S006,ST0010_L,2026-01-08,12
Retail,S006,ST0029_S,2026-01-08,25
Retail,S006,ST0036_XL,2026-01-08,4
Retail,S006,ST0025_L,2026-01-08,13
Retail,S006,ST0040_S,2026-01-08,13
Retail,S006,ST0042_XL,2026-01-08,23
Retail,S006,ST0029_M,2026-01-08,0
Retail,S006,ST0007_M,2026-01-08,21
Retail,S006,ST0038_S,2026-01-08,49
Retail,S006,ST0032_L,2026-01-08,39
Retail,S006,ST0001_XL,2026-01-08,25
Retail,S006,ST0049_M,2026-01-08,40
Retail,S006,ST0013_M,2026-01-08,7
Retail,S006,ST0046_S,2026-01-08,15
Retail,S006,ST0033_L,2026-01-08,20
Retail,S006,ST0009_S,2026-01-08,24
Retail,S006,ST0011_L,2026-01-08,47
Retail,S007,ST0016_S,2026-01-08,31
Retail,S007,ST0034_S,2026-01-08,17
Retail,S007,ST0002_L,2026-01-08,25
Retail,S007,ST0004_XL,2026-01-08,43
Retail,S007,ST0026_L,2026-01-08,38
Retail,S007,ST0045_M,2026-01-08,31
Retail,S007,ST0005_XL,2026-01-08,14
Retail,S007,ST0021_L,2026-01-08,38
Retail,S007,ST0001_L,2026-01-08,31
Retail,S007,ST0033_XL,2026-01-08,32
Retail,S007,ST0011_L,2026-01-08,34
Retail,S007,ST0029_XL,2026-01-08,34
Retail,S007,ST0008_XL,2026-01-08,46
Retail,S007,ST0003_L,2026-01-08,17
Retail,S007,ST0041_L,2026-01-08,11
Retail,S007,ST0035_XL,2026-01-08,24
Retail,S007,ST0034_XL,2026-01-08,27
Retail,S007,ST0008_L,2026-01-08,12
Retail,S007,ST0008_S,2026-01-08,24
Retail,S007,ST0007_S,2026-01-08,23
Retail,S008,ST0009_S,2026-01-08,32
Retail,S008,ST0034_XL,2026-01-08,39
Retail,S008,ST0030_L,2026-01-08,20
Retail,S008,ST0029_L,2026-01-08,38
Retail,S008,ST0047_S,2026-01-08,48
Retail,S008,ST0020_S,2026-01-08,41
Retail,S008,ST0027_M,2026-01-08,21
Retail,S008,ST0036_XL,2026-01-08,6
Retail,S008,ST0030_XL,2026-01-08,23
Retail,S008,ST0003_S,2026-01-08,46
Retail,S008,ST0035_L,2026-01-08,2
Retail,S008,ST0013_S,2026-01-08,20
Retail,S008,ST0031_S,2026-01-08,19
Retail,S008,ST0032_S,2026-01-08,15
Retail,S008,ST0022_XL,2026-01-08,42
Retail,S008,ST0004_S,2026-01-08,28
Retail,S008,ST0004_L,2026-01-08,10
Retail,S008,ST0009_L,2026-01-08,44
Retail,S008,ST0048_L,2026-01-08,19
Retail,S008,ST0048_XL,2026-01-08,1
Retail,S009,ST0036_XL,2026-01-08,23
Retail,S009,ST0026_M,2026-01-08,49
Retail,S009,ST0030_M,2026-01-08,48
Retail,S009,ST0007_M,2026-01-08,36
Retail,S009,ST0050_L,2026-01-08,0
Retail,S009,ST0038_S,2026-01-08,20
Retail,S009,ST0006_M,2026-01-08,48
Retail,S009,ST0006_S,2026-01-08,30
Retail,S009,ST0005_XL,2026-01-08,24
Retail,S009,ST0046_M,2026-01-08,1
Retail,S009,ST0048_XL,2026-01-08,47
Retail,S009,ST0029_M,2026-01-08,12
Retail,S009,ST0004_M,2026-01-08,13
Retail,S009,ST0036_L,2026-01-08,1
Retail,S009,ST0029_XL,2026-01-08,33
Retail,S009,ST0019_XL,2026-01-08,36
Retail,S009,ST0042_M,2026-01-08,47
Retail,S009,ST0011_S,2026-01-08,8
Retail,S009,ST0018_L,2026-01-08,30
Retail,S009,ST0001_XL,2026-01-08,47
Retail,S010,ST0041_L,2026-01-08,26
Retail,S010,ST0006_XL,2026-01-08,32
Retail,S010,ST0022_L,2026-01-08,28
Retail,S010,ST0003_XL,2026-01-08,40
Retail,S010,ST0018_XL,2026-01-08,20
Retail,S010,ST0017_XL,2026-01-08,20
Retail,S010,ST0039_L,2026-01-08,41
Retail,S010,ST0010_L,2026-01-08,32
Retail,S010,ST0019_S,2026-01-08,24
Retail,S010,ST0013_L,2026-01-08,39
Retail,S010,ST0036_S,2026-01-08,11
Retail,S010,ST0046_L,2026-01-08,9
Retail,S010,ST0015_S,2026-01-08,14
Retail,S010,ST0023_S,2026-01-08,5
Retail,S010,ST0018_M,2026-01-08,4
Retail,S010,ST0005_XL,2026-01-08,17
Retail,S010,ST0032_S,2026-01-08,34
Retail,S010,ST0008_M,2026-01-08,21
Retail,S010,ST0036_L,2026-01-08,3
Retail,S010,ST0011_L,2026-01-08,40
Retail,S001,ST0020_XL,2026-01-09,10
Retail,S001,ST0008_XL,2026-01-09,37
Retail,S001,ST0015_M,2026-01-09,32
Retail,S001,ST0022_S,2026-01-09,30
Retail,S001,ST0028_XL,2026-01-09,36
Retail,S001,ST0021_M,2026-01-09,22
Retail,S001,ST0032_XL,2026-01-09,39
Retail,S001,ST0009_XL,2026-01-09,24
Retail,S001,ST0041_S,2026-01-09,14
Retail,S001,ST0040_S,2026-01-09,44
Retail,S001,ST0018_M,2026-01-09,21
Retail,S001,ST0007_L,2026-01-09,21
Retail,S001,ST0049_L,2026-01-09,13
Retail,S001,ST0039_L,2026-01-09,7
Retail,S001,ST0009_L,2026-01-09,25
Retail,S001,ST0044_XL,2026-01-09,29
Retail,S001,ST0049_S,2026-01-09,34
Retail,S001,ST0041_L,2026-01-09,17
Retail,S001,ST0033_M,2026-01-09,36
Retail,S001,ST0029_L,2026-01-09,40
Retail,S002,ST0049_XL,2026-01-09,43
Retail,S002,ST0028_L,2026-01-09,22
Retail,S002,ST0034_M,2026-01-09,0
Retail,S002,ST0002_S,2026-01-09,13
Retail,S002,ST0005_M,2026-01-09,47
Retail,S002,ST0012_L,2026-01-09,0
Retail,S002,ST0019_M,2026-01-09,4
Retail,S002,ST0035_XL,2026-01-09,48
Retail,S002,ST0047_XL,2026-01-09,26
Retail,S002,ST0037_L,2026-01-09,21
Retail,S002,ST0004_XL,2026-01-09,15
Retail,S002,ST0006_XL,2026-01-09,46
Retail,S002,ST0044_M,2026-01-09,44
Retail,S002,ST0020_XL,2026-01-09,7
Retail,S002,ST0033_M,2026-01-09,32
Retail,S002,ST0047_M,2026-01-09,8
Retail,S002,ST0034_L,2026-01-09,8
Retail,S002,ST0023_XL,2026-01-09,29
Retail,S002,ST0043_M,2026-01-09,19
Retail,S002,ST0004_M,2026-01-09,35
Retail,S003,ST0038_L,2026-01-09,18
Retail,S003,ST0038_S,2026-01-09,23
Retail,S003,ST0045_L,2026-01-09,5
Retail,S003,ST0011_XL,2026-01-09,2
Retail,S003,ST0040_L,2026-01-09,44
Retail,S003,ST0009_S,2026-01-09,1
Retail,S003,ST0015_L,2026-01-09,14
Retail,S003,ST0025_XL,2026-01-09,14
Retail,S003,ST0018_M,2026-01-09,31
Retail,S003,ST0050_XL,2026-01-09,16
Retail,S003,ST0044_S,2026-01-09,31
Retail,S003,ST0014_S,2026-01-09,46
Retail,S003,ST0029_M,2026-01-09,22
Retail,S003,ST0047_M,2026-01-09,36
Retail,S003,ST0020_XL,2026-01-09,40
Retail,S003,ST0034_M,2026-01-09,32
Retail,S003,ST0043_L,2026-01-09,45
Retail,S003,ST0040_M,2026-01-09,39
Retail,S003,ST0035_M,2026-01-09,45
Retail,S003,ST0003_S,2026-01-09,47
Retail,S004,ST0019_M,2026-01-09,12
Retail,S004,ST0029_S,2026-01-09,31
Retail,S004,ST0050_L,2026-01-09,21
Retail,S004,ST0045_S,2026-01-09,39
Retail,S004,ST0043_XL,2026-01-09,36
Retail,S004,ST0047_XL,2026-01-09,19
Retail,S004,ST0044_M,2026-01-09,14
Retail,S004,ST0001_L,2026-01-09,25
Retail,S004,ST0014_S,2026-01-09,0
Retail,S004,ST0031_M,2026-01-09,34
Retail,S004,ST0042_L,2026-01-09,19
Retail,S004,ST0007_XL,2026-01-09,5
Retail,S004,ST0047_S,2026-01-09,9
Retail,S004,ST0024_S,2026-01-09,32
Retail,S004,ST0005_XL,2026-01-09,5
Retail,S004,ST0013_S,2026-01-09,30
Retail,S004,ST0020_M,2026-01-09,17
Retail,S004,ST0014_M,2026-01-09,27
Retail,S004,ST0007_M,2026-01-09,3
Retail,S004,ST0010_L,2026-01-09,0
Retail,S005,ST0046_L,2026-01-09,27
Retail,S005,ST0049_L,2026-01-09,27
Retail,S005,ST0020_L,2026-01-09,11
Retail,S005,ST0010_M,2026-01-09,48
Retail,S005,ST0048_S,2026-01-09,19
Retail,S005,ST0023_XL,2026-01-09,25
Retail,S005,ST0036_L,2026-01-09,4
Retail,S005,ST0049_S,2026-01-09,48
Retail,S005,ST0022_S,2026-01-09,1
Retail,S005,ST0014_S,2026-01-09,6
Retail,S005,ST0046_M,2026-01-09,12
Retail,S005,ST0023_S,2026-01-09,29
Retail,S005,ST0037_XL,2026-01-09,30
Retail,S005,ST0021_L,2026-01-09,2
Retail,S005,ST0043_M,2026-01-09,1
Retail,S005,ST0026_L,2026-01-09,47
Retail,S005,ST0007_M,2026-01-09,14
Retail,S005,ST0033_L,2026-01-09,47
Retail,S005,ST0040_S,2026-01-09,6
Retail,S005,ST0022_M,2026-01-09,33
Retail,S006,ST0019_S,2026-01-09,11
Retail,S006,ST0033_S,2026-01-09,31
Retail,S006,ST0043_L,2026-01-09,36
Retail,S006,ST0016_M,2026-01-09,24
Retail,S006,ST0021_M,2026-01-09,2
Retail,S006,ST0009_L,2026-01-09,27
Retail,S006,ST0037_XL,2026-01-09,32
Retail,S006,ST0044_S,2026-01-09,37
Retail,S006,ST0021_S,2026-01-09,26
Retail,S006,ST0031_M,2026-01-09,9
Retail,S006,ST0045_S,2026-01-09,9
Retail,S006,ST0040_S,2026-01-09,23
Retail,S006,ST0011_M,2026-01-09,21
Retail,S006,ST0038_M,2026-01-09,15
Retail,S006,ST0027_S,2026-01-09,35
Retail,S006,ST0032_XL,2026-01-09,42
Retail,S006,ST0013_XL,2026-01-09,26
Retail,S006,ST0001_M,2026-01-09,21
Retail,S006,ST0023_L,2026-01-09,0
Retail,S006,ST0014_XL,2026-01-09,4
Retail,S007,ST0020_S,2026-01-09,40
Retail,S007,ST0015_XL,2026-01-09,48
Retail,S007,ST0038_S,2026-01-09,25
Retail,S007,ST0015_L,2026-01-09,11
Retail,S007,ST0033_XL,2026-01-09,46
Retail,S007,ST0008_M,2026-01-09,16
Retail,S007,ST0017_S,2026-01-09,28
Retail,S007,ST0011_L,2026-01-09,44
Retail,S007,ST0013_XL,2026-01-09,15
Retail,S007,ST0027_M,2026-01-09,44
Retail,S007,ST0023_M,2026-01-09,34
Retail,S007,ST0045_M,2026-01-09,18
Retail,S007,ST0038_L,2026-01-09,3
Retail,S007,ST0032_M,2026-01-09,49
Retail,S007,ST0032_XL,2026-01-09,37
Retail,S007,ST0034_XL,2026-01-09,30
Retail,S007,ST0048_XL,2026-01-09,3
Retail,S007,ST0021_S,2026-01-09,6
Retail,S007,ST0005_XL,2026-01-09,15
Retail,S007,ST0044_S,2026-01-09,47
Retail,S008,ST0005_M,2026-01-09,23
Retail,S008,ST0003_XL,2026-01-09,24
Retail,S008,ST0016_S,2026-01-09,6
Retail,S008,ST0002_L,2026-01-09,35
Retail,S008,ST0015_M,2026-01-09,48
Retail,S008,ST0036_L,2026-01-09,30
Retail,S008,ST0029_S,2026-01-09,17
Retail,S008,ST0049_L,2026-01-09,5
Retail,S008,ST0040_S,2026-01-09,6
Retail,S008,ST0021_L,2026-01-09,11
Retail,S008,ST0026_S,2026-01-09,49
Retail,S008,ST0048_XL,2026-01-09,24
Retail,S008,ST0007_L,2026-01-09,32
Retail,S008,ST0043_XL,2026-01-09,5
Retail,S008,ST0001_M,2026-01-09,37
Retail,S008,ST0004_S,2026-01-09,2
Retail,S008,ST0042_M,2026-01-09,24
Retail,S008,ST0008_XL,2026-01-09,43
Retail,S008,ST0024_M,2026-01-09,37
Retail,S008,ST0041_S,2026-01-09,22
Retail,S009,ST0049_S,2026-01-09,43
Retail,S009,ST0030_XL,2026-01-09,7
Retail,S009,ST0021_M,2026-01-09,44
Retail,S009,ST0036_L,2026-01-09,44
Retail,S009,ST0029_XL,2026-01-09,46
Retail,S009,ST0002_S,2026-01-09,18
Retail,S009,ST0022_L,2026-01-09,45
Retail,S009,ST0022_S,2026-01-09,48
Retail,S009,ST0047_XL,2026-01-09,39
Retail,S009,ST0012_S,2026-01-09,11
Retail,S009,ST0017_S,2026-01-09,22
Retail,S009,ST0042_L,2026-01-09,8
Retail,S009,ST0006_XL,2026-01-09,24
Retail,S009,ST0028_XL,2026-01-09,11
Retail,S009,ST0041_L,2026-01-09,48
Retail,S009,ST0046_S,2026-01-09,7
Retail,S009,ST0016_XL,2026-01-09,24
Retail,S009,ST0029_M,2026-01-09,49
Retail,S009,ST0048_S,2026-01-09,8
Retail,S009,ST0034_XL,2026-01-09,7
Retail,S010,ST0007_M,2026-01-09,41
Retail,S010,ST0020_L,2026-01-09,8
Retail,S010,ST0048_S,2026-01-09,8
Retail,S010,ST0004_XL,2026-01-09,36
Retail,S010,ST0009_S,2026-01-09,7
Retail,S010,ST0040_M,2026-01-09,45
Retail,S010,ST0026_L,2026-01-09,9
Retail,S010,ST0050_L,2026-01-09,23
Retail,S010,ST0017_L,2026-01-09,30
Retail,S010,ST0041_XL,2026-01-09,5
Retail,S010,ST0026_M,2026-01-09,2
Retail,S010,ST0045_S,2026-01-09,40
Retail,S010,ST0036_XL,2026-01-09,37
Retail,S010,ST0021_S,2026-01-09,16
Retail,S010,ST0008_XL,2026-01-09,33
Retail,S010,ST0006_XL,2026-01-09,23
Retail,S010,ST0017_M,2026-01-09,10
Retail,S010,ST0039_L,2026-01-09,47
Retail,S010,ST0009_M,2026-01-09,26
Retail,S010,ST0034_XL,2026-01-09,20
Retail,S001,ST0006_L,2026-01-10,44
Retail,S001,ST0030_L,2026-01-10,44
Retail,S001,ST0044_M,2026-01-10,9
Retail,S001,ST0026_M,2026-01-10,0
Retail,S001,ST0023_XL,2026-01-10,20
Retail,S001,ST0021_S,2026-01-10,2
Retail,S001,ST0014_XL,2026-01-10,30
Retail,S001,ST0009_L,2026-01-10,16
Retail,S001,ST0034_L,2026-01-10,22
Retail,S001,ST0042_M,2026-01-10,46
Retail,S001,ST0021_L,2026-01-10,19
Retail,S001,ST0029_S,2026-01-10,12
Retail,S001,ST0042_XL,2026-01-10,23
Retail,S001,ST0024_XL,2026-01-10,40
Retail,S001,ST0022_L,2026-01-10,2
Retail,S001,ST0017_XL,2026-01-10,42
Retail,S001,ST0019_XL,2026-01-10,0
Retail,S001,ST0044_S,2026-01-10,48
Retail,S001,ST0039_L,2026-01-10,12
Retail,S001,ST0049_M,2026-01-10,1
Retail,S002,ST0033_M,2026-01-10,49
Retail,S002,ST0014_XL,2026-01-10,41
Retail,S002,ST0003_L,2026-01-10,31
Retail,S002,ST0039_S,2026-01-10,0
Retail,S002,ST0043_L,2026-01-10,2
Retail,S002,ST0011_L,2026-01-10,36
Retail,S002,ST0003_S,2026-01-10,35
Retail,S002,ST0017_M,2026-01-10,2
Retail,S002,ST0036_L,2026-01-10,3
Retail,S002,ST0023_L,2026-01-10,1
Retail,S002,ST0048_M,2026-01-10,13
Retail,S002,ST0005_L,2026-01-10,30
Retail,S002,ST0004_L,2026-01-10,1
Retail,S002,ST0049_XL,2026-01-10,30
Retail,S002,ST0001_S,2026-01-10,21
Retail,S002,ST0027_L,2026-01-10,29
Retail,S002,ST0046_XL,2026-01-10,18
Retail,S002,ST0035_S,2026-01-10,45
Retail,S002,ST0048_XL,2026-01-10,31
Retail,S002,ST0022_S,2026-01-10,40
Retail,S003,ST0024_L,2026-01-10,3
Retail,S003,ST0045_L,2026-01-10,42
Retail,S003,ST0026_M,2026-01-10,4
Retail,S003,ST0019_L,2026-01-10,12
Retail,S003,ST0049_M,2026-01-10,24
Retail,S003,ST0042_M,2026-01-10,31
Retail,S003,ST0011_L,2026-01-10,14
Retail,S003,ST0031_S,2026-01-10,41
Retail,S003,ST0010_S,2026-01-10,8
Retail,S003,ST0006_M,2026-01-10,1
Retail,S003,ST0028_S,2026-01-10,44
Retail,S003,ST0044_S,2026-01-10,25
Retail,S003,ST0031_M,2026-01-10,20
Retail,S003,ST0027_M,2026-01-10,7
Retail,S003,ST0036_S,2026-01-10,37
Retail,S003,ST0031_XL,2026-01-10,12
Retail,S003,ST0038_L,2026-01-10,27
Retail,S003,ST0049_XL,2026-01-10,16
Retail,S003,ST0004_L,2026-01-10,11
Retail,S003,ST0037_M,2026-01-10,11
Retail,S004,ST0007_L,2026-01-10,21
Retail,S004,ST0037_L,2026-01-10,47
Retail,S004,ST0020_S,2026-01-10,15
Retail,S004,ST0004_XL,2026-01-10,21
Retail,S004,ST0028_XL,2026-01-10,0
Retail,S004,ST0047_L,2026-01-10,14
Retail,S004,ST0046_S,2026-01-10,17
Retail,S004,ST0003_M,2026-01-10,6
Retail,S004,ST0030_M,2026-01-10,44
Retail,S004,ST0008_S,2026-01-10,9
Retail,S004,ST0042_S,2026-01-10,1
Retail,S004,ST0020_L,2026-01-10,48
Retail,S004,ST0033_L,2026-01-10,34
Retail,S004,ST0021_XL,2026-01-10,11
Retail,S004,ST0024_M,2026-01-10,29
Retail,S004,ST0049_L,2026-01-10,41
Retail,S004,ST0027_XL,2026-01-10,49
Retail,S004,ST0047_XL,2026-01-10,48
Retail,S004,ST0049_XL,2026-01-10,48
Retail,S004,ST0017_L,2026-01-10,45
Retail,S005,ST0044_XL,2026-01-10,43
Retail,S005,ST0029_L,2026-01-10,38
Retail,S005,ST0036_L,2026-01-10,32
Retail,S005,ST0050_S,2026-01-10,17
Retail,S005,ST0040_L,2026-01-10,38
Retail,S005,ST0050_M,2026-01-10,12
Retail,S005,ST0038_M,2026-01-10,44
Retail,S005,ST0026_M,2026-01-10,3
Retail,S005,ST0004_XL,2026-01-10,11
Retail,S005,ST0044_S,2026-01-10,12
Retail,S005,ST0047_M,2026-01-10,15
Retail,S005,ST0046_M,2026-01-10,47
Retail,S005,ST0048_S,2026-01-10,30
Retail,S005,ST0021_S,2026-01-10,36
Retail,S005,ST0009_M,2026-01-10,34
Retail,S005,ST0015_M,2026-01-10,16
Retail,S005,ST0031_L,2026-01-10,41
Retail,S005,ST0027_XL,2026-01-10,6
Retail,S005,ST0026_L,2026-01-10,18
Retail,S005,ST0049_XL,2026-01-10,21
Retail,S006,ST0003_S,2026-01-10,26
Retail,S006,ST0047_XL,2026-01-10,23
Retail,S006,ST0040_S,2026-01-10,30
Retail,S006,ST0019_S,2026-01-10,13
Retail,S006,ST0020_L,2026-01-10,35
Retail,S006,ST0039_L,2026-01-10,40
Retail,S006,ST0049_L,2026-01-10,4
Retail,S006,ST0048_XL,2026-01-10,18
Retail,S006,ST0050_S,2026-01-10,41
Retail,S006,ST0008_S,2026-01-10,9
Retail,S006,ST0009_S,2026-01-10,15
Retail,S006,ST0026_M,2026-01-10,14
Retail,S006,ST0015_M,2026-01-10,43
Retail,S006,ST0005_L,2026-01-10,35
Retail,S006,ST0021_M,2026-01-10,8
Retail,S006,ST0043_M,2026-01-10,18
Retail,S006,ST0017_XL,2026-01-10,5
Retail,S006,ST0046_XL,2026-01-10,32
Retail,S006,ST0029_S,2026-01-10,21
Retail,S006,ST0014_XL,2026-01-10,49
Retail,S007,ST0005_XL,2026-01-10,38
Retail,S007,ST0006_M,2026-01-10,46
Retail,S007,ST0015_S,2026-01-10,1
Retail,S007,ST0043_M,2026-01-10,34
Retail,S007,ST0031_M,2026-01-10,19
Retail,S007,ST0040_S,2026-01-10,14
Retail,S007,ST0029_L,2026-01-10,46
Retail,S007,ST0046_L,2026-01-10,38
Retail,S007,ST0003_L,2026-01-10,19
Retail,S007,ST0018_XL,2026-01-10,42
Retail,S007,ST0017_L,2026-01-10,2
Retail,S007,ST0010_XL,2026-01-10,4
Retail,S007,ST0033_S,2026-01-10,1
Retail,S007,ST0025_L,2026-01-10,22
Retail,S007,ST0027_S,2026-01-10,25
Retail,S007,ST0044_XL,2026-01-10,9
Retail,S007,ST0014_XL,2026-01-10,46
Retail,S007,ST0002_M,2026-01-10,31
Retail,S007,ST0024_XL,2026-01-10,30
Retail,S007,ST0023_XL,2026-01-10,19
Retail,S008,ST0007_S,2026-01-10,4
Retail,S008,ST0011_M,2026-01-10,21
Retail,S008,ST0008_S,2026-01-10,46
Retail,S008,ST0032_S,2026-01-10,3
Retail,S008,ST0028_L,2026-01-10,44
Retail,S008,ST0015_S,2026-01-10,0
Retail,S008,ST0017_L,2026-01-10,45
Retail,S008,ST0033_S,2026-01-10,43
Retail,S008,ST0027_M,2026-01-10,40
Retail,S008,ST0047_S,2026-01-10,40
Retail,S008,ST0003_S,2026-01-10,31
Retail,S008,ST0038_L,2026-01-10,33
Retail,S008,ST0012_L,2026-01-10,32
Retail,S008,ST0021_XL,2026-01-10,24
Retail,S008,ST0016_L,2026-01-10,39
Retail,S008,ST0049_XL,2026-01-10,43
Retail,S008,ST0010_S,2026-01-10,43
Retail,S008,ST0005_L,2026-01-10,30
Retail,S008,ST0034_M,2026-01-10,10
Retail,S008,ST0016_M,2026-01-10,45
Retail,S009,ST0048_M,2026-01-10,25
Retail,S009,ST0033_M,2026-01-10,43
Retail,S009,ST0009_S,2026-01-10,43
Retail,S009,ST0050_XL,2026-01-10,37
Retail,S009,ST0021_S,2026-01-10,7
Retail,S009,ST0011_S,2026-01-10,34
Retail,S009,ST0003_S,2026-01-10,38
Retail,S009,ST0040_L,2026-01-10,14
Retail,S009,ST0025_L,2026-01-10,36
Retail,S009,ST0017_S,2026-01-10,31
Retail,S009,ST0036_S,2026-01-10,42
Retail,S009,ST0045_L,2026-01-10,14
Retail,S009,ST0035_S,2026-01-10,15
Retail,S009,ST0001_XL,2026-01-10,12
Retail,S009,ST0022_M,2026-01-10,42
Retail,S009,ST0012_L,2026-01-10,49
Retail,S009,ST0014_S,2026-01-10,16
Retail,S009,ST0001_S,2026-01-10,29
Retail,S009,ST0027_XL,2026-01-10,45
Retail,S009,ST0024_XL,2026-01-10,34
Retail,S010,ST0007_XL,2026-01-10,16
Retail,S010,ST0022_M,2026-01-10,19
Retail,S010,ST0049_L,2026-01-10,1
Retail,S010,ST0042_L,2026-01-10,6
Retail,S010,ST0047_XL,2026-01-10,18
Retail,S010,ST0024_S,2026-01-10,8
Retail,S010,ST0005_L,2026-01-10,13
Retail,S010,ST0021_L,2026-01-10,20
Retail,S010,ST0019_S,2026-01-10,20
Retail,S010,ST0039_XL,2026-01-10,1
Retail,S010,ST0030_L,2026-01-10,16
Retail,S010,ST0031_M,2026-01-10,39
Retail,S010,ST0005_XL,2026-01-10,37
Retail,S010,ST0030_XL,2026-01-10,24
Retail,S010,ST0006_XL,2026-01-10,33
Retail,S010,ST0007_M,2026-01-10,23
Retail,S010,ST0049_S,2026-01-10,24
Retail,S010,ST0030_S,2026-01-10,2
Retail,S010,ST0007_S,2026-01-10,27
Retail,S010,ST0010_XL,2026-01-10,25
Retail,S001,ST0023_L,2026-01-11,36
Retail,S001,ST0041_L,2026-01-11,30
Retail,S001,ST0038_XL,2026-01-11,12
Retail,S001,ST0024_L,2026-01-11,10
Retail,S001,ST0040_L,2026-01-11,20
Retail,S001,ST0029_XL,2026-01-11,39
Retail,S001,ST0045_L,2026-01-11,19
Retail,S001,ST0032_S,2026-01-11,15
Retail,S001,ST0007_XL,2026-01-11,41
Retail,S001,ST0048_XL,2026-01-11,13
Retail,S001,ST0016_M,2026-01-11,3
Retail,S001,ST0016_XL,2026-01-11,8
Retail,S001,ST0002_M,2026-01-11,8
Retail,S001,ST0032_L,2026-01-11,35
Retail,S001,ST0033_XL,2026-01-11,23
Retail,S001,ST0013_S,2026-01-11,8
Retail,S001,ST0038_M,2026-01-11,0
Retail,S001,ST0006_M,2026-01-11,34
Retail,S001,ST0001_S,2026-01-11,11
Retail,S001,ST0010_S,2026-01-11,13
Retail,S002,ST0029_M,2026-01-11,27
Retail,S002,ST0032_L,2026-01-11,9
Retail,S002,ST0027_S,2026-01-11,38
Retail,S002,ST0049_XL,2026-01-11,38
Retail,S002,ST0044_S,2026-01-11,27
Retail,S002,ST0025_XL,2026-01-11,10
Retail,S002,ST0034_M,2026-01-11,43
Retail,S002,ST0035_S,2026-01-11,46
Retail,S002,ST0015_L,2026-01-11,2
Retail,S002,ST0019_L,2026-01-11,14
Retail,S002,ST0017_M,2026-01-11,13
Retail,S002,ST0014_M,2026-01-11,22
Retail,S002,ST0048_XL,2026-01-11,7
Retail,S002,ST0003_S,2026-01-11,19
Retail,S002,ST0029_L,2026-01-11,5
Retail,S002,ST0026_L,2026-01-11,27
Retail,S002,ST0006_M,2026-01-11,37
Retail,S002,ST0013_L,2026-01-11,16
Retail,S002,ST0014_XL,2026-01-11,27
Retail,S002,ST0001_S,2026-01-11,16
Retail,S003,ST0011_XL,2026-01-11,21
Retail,S003,ST0041_L,2026-01-11,33
Retail,S003,ST0029_M,2026-01-11,46
Retail,S003,ST0001_S,2026-01-11,44
Retail,S003,ST0010_L,2026-01-11,33
Retail,S003,ST0046_L,2026-01-11,12
Retail,S003,ST0029_XL,2026-01-11,20
Retail,S003,ST0028_M,2026-01-11,4
Retail,S003,ST0027_XL,2026-01-11,21
Retail,S003,ST0016_L,2026-01-11,44
Retail,S003,ST0017_M,2026-01-11,22
Retail,S003,ST0025_M,2026-01-11,5
Retail,S003,ST0004_L,2026-01-11,11
Retail,S003,ST0008_M,2026-01-11,49
Retail,S003,ST0008_L,2026-01-11,10
Retail,S003,ST0026_M,2026-01-11,31
Retail,S003,ST0018_L,2026-01-11,23
Retail,S003,ST0005_S,2026-01-11,34
Retail,S003,ST0032_M,2026-01-11,24
Retail,S003,ST0023_S,2026-01-11,34
Retail,S004,ST0043_S,2026-01-11,26
Retail,S004,ST0045_M,2026-01-11,16
Retail,S004,ST0039_L,2026-01-11,49
Retail,S004,ST0025_XL,2026-01-11,30
Retail,S004,ST0013_S,2026-01-11,5
Retail,S004,ST0026_S,2026-01-11,30
Retail,S004,ST0017_S,2026-01-11,39
Retail,S004,ST0035_L,2026-01-11,32
Retail,S004,ST0050_XL,2026-01-11,12
Retail,S004,ST0035_S,2026-01-11,36
Retail,S004,ST0025_S,2026-01-11,47
Retail,S004,ST0038_M,2026-01-11,12
Retail,S004,ST0007_XL,2026-01-11,30
Retail,S004,ST0002_M,2026-01-11,47
Retail,S004,ST0043_M,2026-01-11,36
Retail,S004,ST0046_L,2026-01-11,36
Retail,S004,ST0022_M,2026-01-11,40
Retail,S004,ST0020_L,2026-01-11,39
Retail,S004,ST0042_L,2026-01-11,49
Retail,S004,ST0041_L,2026-01-11,14
Retail,S005,ST0003_M,2026-01-11,28
Retail,S005,ST0029_L,2026-01-11,37
Retail,S005,ST0048_M,2026-01-11,10
Retail,S005,ST0027_L,2026-01-11,33
Retail,S005,ST0033_L,2026-01-11,7
Retail,S005,ST0004_M,2026-01-11,20
Retail,S005,ST0002_S,2026-01-11,5
Retail,S005,ST0018_L,2026-01-11,2
Retail,S005,ST0046_XL,2026-01-11,42
Retail,S005,ST0029_XL,2026-01-11,8
Retail,S005,ST0045_M,2026-01-11,18
Retail,S005,ST0005_S,2026-01-11,45
Retail,S005,ST0033_M,2026-01-11,38
Retail,S005,ST0024_L,2026-01-11,9
Retail,S005,ST0032_S,2026-01-11,0
Retail,S005,ST0040_L,2026-01-11,5
Retail,S005,ST0043_M,2026-01-11,45
Retail,S005,ST0035_S,2026-01-11,1
Retail,S005,ST0011_L,2026-01-11,37
Retail,S005,ST0033_S,2026-01-11,2
Retail,S006,ST0041_S,2026-01-11,19
Retail,S006,ST0004_L,2026-01-11,49
Retail,S006,ST0048_M,2026-01-11,28
Retail,S006,ST0045_S,2026-01-11,17
Retail,S006,ST0013_S,2026-01-11,21
Retail,S006,ST0033_L,2026-01-11,29
Retail,S006,ST0024_S,2026-01-11,43
Retail,S006,ST0024_M,2026-01-11,10
Retail,S006,ST0039_M,2026-01-11,22
Retail,S006,ST0015_XL,2026-01-11,44
Retail,S006,ST0037_M,2026-01-11,27
Retail,S006,ST0031_M,2026-01-11,33
Retail,S006,ST0002_XL,2026-01-11,3
Retail,S006,ST0046_S,2026-01-11,39
Retail,S006,ST0040_S,2026-01-11,27
Retail,S006,ST0044_L,2026-01-11,22
Retail,S006,ST0019_S,2026-01-11,10
Retail,S006,ST0016_S,2026-01-11,9
Retail,S006,ST0043_XL,2026-01-11,27
Retail,S006,ST0019_M,2026-01-11,43
Retail,S007,ST0050_XL,2026-01-11,11
Retail,S007,ST0044_XL,2026-01-11,20
Retail,S007,ST0010_XL,2026-01-11,1
Retail,S007,ST0035_L,2026-01-11,13
Retail,S007,ST0050_M,2026-01-11,16
Retail,S007,ST0015_M,2026-01-11,23
Retail,S007,ST0020_S,2026-01-11,6
Retail,S007,ST0016_XL,2026-01-11,11
Retail,S007,ST0040_L,2026-01-11,10
Retail,S007,ST0044_M,2026-01-11,46
Retail,S007,ST0030_S,2026-01-11,49
Retail,S007,ST0038_M,2026-01-11,47
Retail,S007,ST0045_S,2026-01-11,26
Retail,S007,ST0037_L,2026-01-11,21
Retail,S007,ST0043_M,2026-01-11,46
Retail,S007,ST0034_S,2026-01-11,47
Retail,S007,ST0047_XL,2026-01-11,6
Retail,S007,ST0046_M,2026-01-11,11
Retail,S007,ST0028_XL,2026-01-11,16
Retail,S007,ST0045_L,2026-01-11,31
Retail,S008,ST0050_S,2026-01-11,47
Retail,S008,ST0011_M,2026-01-11,47
Retail,S008,ST0027_S,2026-01-11,42
Retail,S008,ST0027_M,2026-01-11,12
Retail,S008,ST0002_XL,2026-01-11,23
Retail,S008,ST0038_M,2026-01-11,7
Retail,S008,ST0003_M,2026-01-11,46
Retail,S008,ST0038_XL,2026-01-11,38
Retail,S008,ST0017_XL,2026-01-11,40
Retail,S008,ST0020_L,2026-01-11,30
Retail,S008,ST0004_M,2026-01-11,41
Retail,S008,ST0030_M,2026-01-11,7
Retail,S008,ST0031_XL,2026-01-11,11
Retail,S008,ST0047_L,2026-01-11,33
Retail,S008,ST0018_M,2026-01-11,1
Retail,S008,ST0027_XL,2026-01-11,11
Retail,S008,ST0048_S,2026-01-11,16
Retail,S008,ST0014_L,2026-01-11,20
Retail,S008,ST0004_S,2026-01-11,19
Retail,S008,ST0024_XL,2026-01-11,17
Retail,S009,ST0048_L,2026-01-11,27
Retail,S009,ST0031_XL,2026-01-11,31
Retail,S009,ST0026_S,2026-01-11,40
Retail,S009,ST0005_L,2026-01-11,38
Retail,S009,ST0013_XL,2026-01-11,42
Retail,S009,ST0035_S,2026-01-11,9
Retail,S009,ST0004_M,2026-01-11,28
Retail,S009,ST0029_S,2026-01-11,21
Retail,S009,ST0016_L,2026-01-11,19
Retail,S009,ST0040_S,2026-01-11,14
Retail,S009,ST0025_M,2026-01-11,49
Retail,S009,ST0008_S,2026-01-11,14
Retail,S009,ST0050_L,2026-01-11,23
Retail,S009,ST0025_L,2026-01-11,39
Retail,S009,ST0002_M,2026-01-11,39
Retail,S009,ST0028_XL,2026-01-11,44
Retail,S009,ST0023_S,2026-01-11,20
Retail,S009,ST0045_XL,2026-01-11,19
Retail,S009,ST0017_S,2026-01-11,2
Retail,S009,ST0034_XL,2026-01-11,22
Retail,S010,ST0019_M,2026-01-11,17
Retail,S010,ST0011_S,2026-01-11,41
Retail,S010,ST0011_L,2026-01-11,37
Retail,S010,ST0037_L,2026-01-11,18
Retail,S010,ST0047_XL,2026-01-11,28
Retail,S010,ST0003_S,2026-01-11,49
Retail,S010,ST0017_M,2026-01-11,36
Retail,S010,ST0023_M,2026-01-11,0
Retail,S010,ST0034_S,2026-01-11,3
Retail,S010,ST0026_L,2026-01-11,6
Retail,S010,ST0014_XL,2026-01-11,13
Retail,S010,ST0040_L,2026-01-11,18
Retail,S010,ST0032_M,2026-01-11,7
Retail,S010,ST0021_L,2026-01-11,49
Retail,S010,ST0027_S,2026-01-11,42
Retail,S010,ST0042_M,2026-01-11,18
Retail,S010,ST0025_M,2026-01-11,26
Retail,S010,ST0003_L,2026-01-11,47
Retail,S010,ST0041_M,2026-01-11,24
Retail,S010,ST0045_S,2026-01-11,37
Retail,S001,ST0030_L,2026-01-12,10
Retail,S001,ST0024_L,2026-01-12,5
Retail,S001,ST0018_L,2026-01-12,6
Retail,S001,ST0006_S,2026-01-12,31
Retail,S001,ST0045_L,2026-01-12,32
Retail,S001,ST0007_M,2026-01-12,46
Retail,S001,ST0023_S,2026-01-12,43
Retail,S001,ST0023_XL,2026-01-12,29
Retail,S001,ST0011_M,2026-01-12,40
Retail,S001,ST0038_M,2026-01-12,14
Retail,S001,ST0044_L,2026-01-12,6
Retail,S001,ST0033_M,2026-01-12,20
Retail,S001,ST0026_XL,2026-01-12,16
Retail,S001,ST0042_S,2026-01-12,9
Retail,S001,ST0026_S,2026-01-12,32
Retail,S001,ST0043_S,2026-01-12,7
Retail,S001,ST0021_M,2026-01-12,6
Retail,S001,ST0004_XL,2026-01-12,6
Retail,S001,ST0037_XL,2026-01-12,35
Retail,S001,ST0016_XL,2026-01-12,17
Retail,S002,ST0006_XL,2026-01-12,21
Retail,S002,ST0047_XL,2026-01-12,39
Retail,S002,ST0024_XL,2026-01-12,45
Retail,S002,ST0019_L,2026-01-12,46
Retail,S002,ST0045_XL,2026-01-12,39
Retail,S002,ST0039_S,2026-01-12,42
Retail,S002,ST0042_L,2026-01-12,1
Retail,S002,ST0024_S,2026-01-12,8
Retail,S002,ST0014_M,2026-01-12,0
Retail,S002,ST0025_M,2026-01-12,2
Retail,S002,ST0016_L,2026-01-12,9
Retail,S002,ST0010_XL,2026-01-12,43
Retail,S002,ST0035_M,2026-01-12,8
Retail,S002,ST0046_XL,2026-01-12,12
Retail,S002,ST0049_M,2026-01-12,6
Retail,S002,ST0032_S,2026-01-12,15
Retail,S002,ST0023_M,2026-01-12,25
Retail,S002,ST0038_M,2026-01-12,38
Retail,S002,ST0001_S,2026-01-12,41
Retail,S002,ST0042_M,2026-01-12,0
Retail,S003,ST0032_XL,2026-01-12,2
Retail,S003,ST0039_M,2026-01-12,28
Retail,S003,ST0014_L,2026-01-12,1
Retail,S003,ST0031_S,2026-01-12,5
Retail,S003,ST0023_S,2026-01-12,4
Retail,S003,ST0050_S,2026-01-12,11
Retail,S003,ST0015_M,2026-01-12,41
Retail,S003,ST0006_M,2026-01-12,40
Retail,S003,ST0017_XL,2026-01-12,7
Retail,S003,ST0019_S,2026-01-12,5
Retail,S003,ST0007_XL,2026-01-12,2
Retail,S003,ST0030_M,2026-01-12,27
Retail,S003,ST0034_XL,2026-01-12,4
Retail,S003,ST0009_S,2026-01-12,25
Retail,S003,ST0050_M,2026-01-12,30
Retail,S003,ST0020_XL,2026-01-12,6
Retail,S003,ST0035_M,2026-01-12,38
Retail,S003,ST0022_XL,2026-01-12,42
Retail,S003,ST0036_M,2026-01-12,11
Retail,S003,ST0015_S,2026-01-12,24
Retail,S004,ST0011_XL,2026-01-12,48
Retail,S004,ST0028_M,2026-01-12,31
Retail,S004,ST0032_L,2026-01-12,16
Retail,S004,ST0041_S,2026-01-12,29
Retail,S004,ST0010_L,2026-01-12,15
Retail,S004,ST0001_L,2026-01-12,7
Retail,S004,ST0021_L,2026-01-12,38
Retail,S004,ST0019_S,2026-01-12,32
Retail,S004,ST0050_XL,2026-01-12,11
Retail,S004,ST0005_XL,2026-01-12,37
Retail,S004,ST0013_L,2026-01-12,18
Retail,S004,ST0042_M,2026-01-12,34
Retail,S004,ST0015_M,2026-01-12,34
Retail,S004,ST0035_M,2026-01-12,26
Retail,S004,ST0008_S,2026-01-12,45
Retail,S004,ST0034_M,2026-01-12,15
Retail,S004,ST0048_M,2026-01-12,24
Retail,S004,ST0026_XL,2026-01-12,16
Retail,S004,ST0028_L,2026-01-12,29
Retail,S004,ST0043_M,2026-01-12,3
Retail,S005,ST0006_S,2026-01-12,11
Retail,S005,ST0043_L,2026-01-12,47
Retail,S005,ST0037_XL,2026-01-12,44
Retail,S005,ST0021_XL,2026-01-12,3
Retail,S005,ST0017_XL,2026-01-12,20
Retail,S005,ST0020_XL,2026-01-12,1
Retail,S005,ST0041_M,2026-01-12,15
Retail,S005,ST0050_M,2026-01-12,42
Retail,S005,ST0019_XL,2026-01-12,8
Retail,S005,ST0049_S,2026-01-12,16
Retail,S005,ST0031_S,2026-01-12,32
Retail,S005,ST0024_L,2026-01-12,11
Retail,S005,ST0023_M,2026-01-12,44
Retail,S005,ST0046_S,2026-01-12,12
Retail,S005,ST0043_S,2026-01-12,37
Retail,S005,ST0015_M,2026-01-12,30
Retail,S005,ST0009_S,2026-01-12,20
Retail,S005,ST0013_S,2026-01-12,18
Retail,S005,ST0022_XL,2026-01-12,25
Retail,S005,ST0036_S,2026-01-12,7
Retail,S006,ST0050_M,2026-01-12,19
Retail,S006,ST0046_L,2026-01-12,25
Retail,S006,ST0015_S,2026-01-12,35
Retail,S006,ST0045_M,2026-01-12,29
Retail,S006,ST0015_XL,2026-01-12,6
Retail,S006,ST0029_XL,2026-01-12,10
Retail,S006,ST0011_L,2026-01-12,7
Retail,S006,ST0014_S,2026-01-12,23
Retail,S006,ST0039_L,2026-01-12,14
Retail,S006,ST0030_M,2026-01-12,38
Retail,S006,ST0033_L,2026-01-12,41
Retail,S006,ST0003_S,2026-01-12,40
Retail,S006,ST0042_XL,2026-01-12,23
Retail,S006,ST0020_XL,2026-01-12,14
Retail,S006,ST0049_M,2026-01-12,36
Retail,S006,ST0007_L,2026-01-12,14
Retail,S006,ST0040_XL,2026-01-12,48
Retail,S006,ST0027_M,2026-01-12,28
Retail,S006,ST0025_M,2026-01-12,30
Retail,S006,ST0005_XL,2026-01-12,9
Retail,S007,ST0012_M,2026-01-12,10
Retail,S007,ST0038_L,2026-01-12,19
Retail,S007,ST0026_XL,2026-01-12,36
Retail,S007,ST0023_XL,2026-01-12,23
Retail,S007,ST0013_S,2026-01-12,45
Retail,S007,ST0010_XL,2026-01-12,30
Retail,S007,ST0036_M,2026-01-12,29
Retail,S007,ST0005_S,2026-01-12,19
Retail,S007,ST0010_L,2026-01-12,29
Retail,S007,ST0033_L,2026-01-12,20
Retail,S007,ST0019_L,2026-01-12,27
Retail,S007,ST0017_S,2026-01-12,11
Retail,S007,ST0001_S,2026-01-12,49
Retail,S007,ST0025_M,2026-01-12,46
Retail,S007,ST0027_L,2026-01-12,2
Retail,S007,ST0045_XL,2026-01-12,14
Retail,S007,ST0004_M,2026-01-12,30
Retail,S007,ST0013_M,2026-01-12,10
Retail,S007,ST0020_L,2026-01-12,15
Retail,S007,ST0030_XL,2026-01-12,37
Retail,S008,ST0038_S,2026-01-12,36
Retail,S008,ST0002_L,2026-01-12,3
Retail,S008,ST0026_M,2026-01-12,21
Retail,S008,ST0032_S,2026-01-12,27
Retail,S008,ST0043_XL,2026-01-12,1
Retail,S008,ST0021_L,2026-01-12,12
Retail,S008,ST0008_S,2026-01-12,10
Retail,S008,ST0044_M,2026-01-12,38
Retail,S008,ST0009_L,2026-01-12,42
Retail,S008,ST0035_L,2026-01-12,7
Retail,S008,ST0014_M,2026-01-12,22
Retail,S008,ST0048_S,2026-01-12,46
Retail,S008,ST0021_S,2026-01-12,27
Retail,S008,ST0025_L,2026-01-12,13
Retail,S008,ST0007_M,2026-01-12,20
Retail,S008,ST0017_L,2026-01-12,1
Retail,S008,ST0009_M,2026-01-12,22
Retail,S008,ST0012_XL,2026-01-12,45
Retail,S008,ST0018_L,2026-01-12,8
Retail,S008,ST0036_M,2026-01-12,43
Retail,S009,ST0019_XL,2026-01-12,21
Retail,S009,ST0022_XL,2026-01-12,23
Retail,S009,ST0041_XL,2026-01-12,18
Retail,S009,ST0042_L,2026-01-12,38
Retail,S009,ST0047_M,2026-01-12,45
Retail,S009,ST0013_S,2026-01-12,28
Retail,S009,ST0025_M,2026-01-12,33
Retail,S009,ST0047_XL,2026-01-12,34
Retail,S009,ST0011_M,2026-01-12,13
Retail,S009,ST0048_M,2026-01-12,46
Retail,S009,ST0046_L,2026-01-12,48
Retail,S009,ST0031_M,2026-01-12,18
Retail,S009,ST0043_S,2026-01-12,40
Retail,S009,ST0038_XL,2026-01-12,15
Retail,S009,ST0049_M,2026-01-12,37
Retail,S009,ST0022_S,2026-01-12,34
Retail,S009,ST0010_L,2026-01-12,6
Retail,S009,ST0042_XL,2026-01-12,0
Retail,S009,ST0007_L,2026-01-12,21
Retail,S009,ST0036_L,2026-01-12,3
Retail,S010,ST0044_XL,2026-01-12,36
Retail,S010,ST0021_S,2026-01-12,9
Retail,S010,ST0025_L,2026-01-12,34
Retail,S010,ST0037_L,2026-01-12,27
Retail,S010,ST0022_S,2026-01-12,0
Retail,S010,ST0017_M,2026-01-12,21
Retail,S010,ST0023_S,2026-01-12,28
Retail,S010,ST0047_XL,2026-01-12,19
Retail,S010,ST0005_S,2026-01-12,47
Retail,S010,ST0004_M,2026-01-12,8
Retail,S010,ST0005_XL,2026-01-12,31
Retail,S010,ST0003_L,2026-01-12,41
Retail,S010,ST0048_L,2026-01-12,39
Retail,S010,ST0044_M,2026-01-12,36
Retail,S010,ST0050_M,2026-01-12,46
Retail,S010,ST0005_L,2026-01-12,9
Retail,S010,ST0042_S,2026-01-12,20
Retail,S010,ST0029_S,2026-01-12,8
Retail,S010,ST0029_M,2026-01-12,49
Retail,S010,ST0006_S,2026-01-12,46
Retail,S001,ST0005_S,2026-01-13,40
Retail,S001,ST0022_S,2026-01-13,28
Retail,S001,ST0042_XL,2026-01-13,39
Retail,S001,ST0035_L,2026-01-13,36
Retail,S001,ST0025_S,2026-01-13,41
Retail,S001,ST0022_XL,2026-01-13,32
Retail,S001,ST0047_L,2026-01-13,27
Retail,S001,ST0018_M,2026-01-13,44
Retail,S001,ST0042_S,2026-01-13,22
Retail,S001,ST0015_L,2026-01-13,16
Retail,S001,ST0036_L,2026-01-13,10
Retail,S001,ST0039_S,2026-01-13,14
Retail,S001,ST0042_M,2026-01-13,38
Retail,S001,ST0007_XL,2026-01-13,22
Retail,S001,ST0026_L,2026-01-13,4
Retail,S001,ST0004_S,2026-01-13,42
Retail,S001,ST0022_L,2026-01-13,36
Retail,S001,ST0037_M,2026-01-13,7
Retail,S001,ST0003_S,2026-01-13,36
Retail,S001,ST0005_L,2026-01-13,26
Retail,S002,ST0042_S,2026-01-13,35
Retail,S002,ST0015_S,2026-01-13,1
Retail,S002,ST0030_S,2026-01-13,33
Retail,S002,ST0045_L,2026-01-13,23
Retail,S002,ST0028_S,2026-01-13,0
Retail,S002,ST0035_S,2026-01-13,41
Retail,S002,ST0036_XL,2026-01-13,14
Retail,S002,ST0035_M,2026-01-13,14
Retail,S002,ST0009_S,2026-01-13,22
Retail,S002,ST0050_S,2026-01-13,1
Retail,S002,ST0007_S,2026-01-13,45
Retail,S002,ST0029_M,2026-01-13,49
Retail,S002,ST0049_M,2026-01-13,1
Retail,S002,ST0025_XL,2026-01-13,1
Retail,S002,ST0036_M,2026-01-13,17
Retail,S002,ST0049_XL,2026-01-13,40
Retail,S002,ST0023_XL,2026-01-13,33
Retail,S002,ST0030_M,2026-01-13,43
Retail,S002,ST0049_L,2026-01-13,27
Retail,S002,ST0009_M,2026-01-13,1
Retail,S003,ST0010_M,2026-01-13,11
Retail,S003,ST0027_S,2026-01-13,15
Retail,S003,ST0024_XL,2026-01-13,28
Retail,S003,ST0002_M,2026-01-13,5
Retail,S003,ST0005_XL,2026-01-13,32
Retail,S003,ST0040_S,2026-01-13,40
Retail,S003,ST0017_S,2026-01-13,37
Retail,S003,ST0022_M,2026-01-13,36
Retail,S003,ST0046_S,2026-01-13,29
Retail,S003,ST0049_M,2026-01-13,32
Retail,S003,ST0005_S,2026-01-13,29
Retail,S003,ST0014_M,2026-01-13,6
Retail,S003,ST0026_M,2026-01-13,9
Retail,S003,ST0030_M,2026-01-13,43
Retail,S003,ST0007_S,2026-01-13,20
Retail,S003,ST0047_M,2026-01-13,39
Retail,S003,ST0017_L,2026-01-13,22
Retail,S003,ST0028_XL,2026-01-13,25
Retail,S003,ST0033_M,2026-01-13,2
Retail,S003,ST0011_XL,2026-01-13,33
Retail,S004,ST0040_M,2026-01-13,22
Retail,S004,ST0027_M,2026-01-13,7
Retail,S004,ST0018_M,2026-01-13,20
Retail,S004,ST0034_XL,2026-01-13,31
Retail,S004,ST0049_M,2026-01-13,36
Retail,S004,ST0040_XL,2026-01-13,10
Retail,S004,ST0020_XL,2026-01-13,9
Retail,S004,ST0039_S,2026-01-13,46
Retail,S004,ST0033_M,2026-01-13,16
Retail,S004,ST0032_XL,2026-01-13,36
Retail,S004,ST0031_S,2026-01-13,15
Retail,S004,ST0048_M,2026-01-13,20
Retail,S004,ST0046_S,2026-01-13,23
Retail,S004,ST0010_S,2026-01-13,36
Retail,S004,ST0019_XL,2026-01-13,32
Retail,S004,ST0009_S,2026-01-13,36
Retail,S004,ST0025_M,2026-01-13,27
Retail,S004,ST0037_L,2026-01-13,42
Retail,S004,ST0050_XL,2026-01-13,49
Retail,S004,ST0011_XL,2026-01-13,31
Retail,S005,ST0022_XL,2026-01-13,3
Retail,S005,ST0025_L,2026-01-13,7
Retail,S005,ST0036_L,2026-01-13,23
Retail,S005,ST0023_XL,2026-01-13,29
Retail,S005,ST0004_S,2026-01-13,32
Retail,S005,ST0002_XL,2026-01-13,25
Retail,S005,ST0014_M,2026-01-13,38
Retail,S005,ST0023_L,2026-01-13,44
Retail,S005,ST0047_M,2026-01-13,40
Retail,S005,ST0009_M,2026-01-13,40
Retail,S005,ST0034_S,2026-01-13,43
Retail,S005,ST0045_L,2026-01-13,20
Retail,S005,ST0003_S,2026-01-13,3
Retail,S005,ST0045_S,2026-01-13,49
Retail,S005,ST0039_XL,2026-01-13,29
Retail,S005,ST0009_S,2026-01-13,17
Retail,S005,ST0035_M,2026-01-13,41
Retail,S005,ST0029_S,2026-01-13,3
Retail,S005,ST0049_L,2026-01-13,35
Retail,S005,ST0020_XL,2026-01-13,43
Retail,S006,ST0008_XL,2026-01-13,23
Retail,S006,ST0035_XL,2026-01-13,28
Retail,S006,ST0035_S,2026-01-13,38
Retail,S006,ST0013_L,2026-01-13,29
Retail,S006,ST0032_M,2026-01-13,3
Retail,S006,ST0043_M,2026-01-13,4
Retail,S006,ST0033_S,2026-01-13,26
Retail,S006,ST0002_XL,2026-01-13,7
Retail,S006,ST0026_XL,2026-01-13,45
Retail,S006,ST0010_M,2026-01-13,2
Retail,S006,ST0004_M,2026-01-13,33
Retail,S006,ST0021_L,2026-01-13,20
Retail,S006,ST0005_M,2026-01-13,23
Retail,S006,ST0026_S,2026-01-13,49
Retail,S006,ST0013_S,2026-01-13,28
Retail,S006,ST0019_M,2026-01-13,13
Retail,S006,ST0031_M,2026-01-13,23
Retail,S006,ST0012_M,2026-01-13,0
Retail,S006,ST0029_XL,2026-01-13,11
Retail,S006,ST0019_S,2026-01-13,41
Retail,S007,ST0010_M,2026-01-13,20
Retail,S007,ST0002_XL,2026-01-13,49
Retail,S007,ST0039_M,2026-01-13,0
Retail,S007,ST0045_M,2026-01-13,22
Retail,S007,ST0015_M,2026-01-13,48
Retail,S007,ST0036_S,2026-01-13,6
Retail,S007,ST0042_XL,2026-01-13,37
Retail,S007,ST0032_XL,2026-01-13,13
Retail,S007,ST0039_XL,2026-01-13,2
Retail,S007,ST0021_XL,2026-01-13,19
Retail,S007,ST0023_M,2026-01-13,32
Retail,S007,ST0048_M,2026-01-13,43
Retail,S007,ST0019_M,2026-01-13,25
Retail,S007,ST0007_S,2026-01-13,48
Retail,S007,ST0014_M,2026-01-13,5
Retail,S007,ST0005_M,2026-01-13,14
Retail,S007,ST0001_M,2026-01-13,12
Retail,S007,ST0049_S,2026-01-13,29
Retail,S007,ST0009_M,2026-01-13,1
Retail,S007,ST0024_M,2026-01-13,43
Retail,S008,ST0033_S,2026-01-13,43
Retail,S008,ST0016_XL,2026-01-13,23
Retail,S008,ST0008_L,2026-01-13,10
Retail,S008,ST0029_L,2026-01-13,41
Retail,S008,ST0014_S,2026-01-13,2
Retail,S008,ST0046_S,2026-01-13,15
Retail,S008,ST0012_M,2026-01-13,16
Retail,S008,ST0016_M,2026-01-13,29
Retail,S008,ST0043_L,2026-01-13,34
Retail,S008,ST0007_M,2026-01-13,12
Retail,S008,ST0021_M,2026-01-13,8
Retail,S008,ST0030_M,2026-01-13,18
Retail,S008,ST0015_XL,2026-01-13,6
Retail,S008,ST0021_L,2026-01-13,21
Retail,S008,ST0015_L,2026-01-13,15
Retail,S008,ST0004_XL,2026-01-13,4
Retail,S008,ST0037_XL,2026-01-13,22
Retail,S008,ST0038_L,2026-01-13,32
Retail,S008,ST0049_XL,2026-01-13,40
Retail,S008,ST0017_S,2026-01-13,42
Retail,S009,ST0031_M,2026-01-13,9
Retail,S009,ST0001_XL,2026-01-13,8
Retail,S009,ST0011_L,2026-01-13,12
Retail,S009,ST0006_L,2026-01-13,16
Retail,S009,ST0018_L,2026-01-13,15
Retail,S009,ST0015_XL,2026-01-13,22
Retail,S009,ST0019_M,2026-01-13,38
Retail,S009,ST0014_M,2026-01-13,21
Retail,S009,ST0002_L,2026-01-13,40
Retail,S009,ST0002_XL,2026-01-13,47
Retail,S009,ST0032_L,2026-01-13,17
Retail,S009,ST0037_XL,2026-01-13,10
Retail,S009,ST0028_XL,2026-01-13,35
Retail,S009,ST0024_M,2026-01-13,12
Retail,S009,ST0023_M,2026-01-13,18
Retail,S009,ST0028_L,2026-01-13,31
Retail,S009,ST0003_M,2026-01-13,10
Retail,S009,ST0030_L,2026-01-13,4
Retail,S009,ST0030_M,2026-01-13,21
Retail,S009,ST0034_XL,2026-01-13,17
Retail,S010,ST0037_XL,2026-01-13,25
Retail,S010,ST0044_S,2026-01-13,25
Retail,S010,ST0008_XL,2026-01-13,44
Retail,S010,ST0011_M,2026-01-13,46
Retail,S010,ST0049_XL,2026-01-13,40
Retail,S010,ST0043_M,2026-01-13,42
Retail,S010,ST0025_XL,2026-01-13,30
Retail,S010,ST0047_XL,2026-01-13,12
Retail,S010,ST0044_XL,2026-01-13,40
Retail,S010,ST0028_S,2026-01-13,28
Retail,S010,ST0050_M,2026-01-13,43
Retail,S010,ST0033_L,2026-01-13,18
Retail,S010,ST0004_S,2026-01-13,7
Retail,S010,ST0026_L,2026-01-13,37
Retail,S010,ST0014_XL,2026-01-13,37
Retail,S010,ST0017_M,2026-01-13,25
Retail,S010,ST0001_M,2026-01-13,1
Retail,S010,ST0030_XL,2026-01-13,4
Retail,S010,ST0013_S,2026-01-13,19
Retail,S010,ST0023_M,2026-01-13,37
Retail,S001,ST0014_XL,2026-01-14,46
Retail,S001,ST0004_L,2026-01-14,29
Retail,S001,ST0037_S,2026-01-14,31
Retail,S001,ST0008_S,2026-01-14,10
Retail,S001,ST0003_S,2026-01-14,5
Retail,S001,ST0008_M,2026-01-14,47
Retail,S001,ST0006_XL,2026-01-14,11
Retail,S001,ST0035_M,2026-01-14,3
Retail,S001,ST0035_S,2026-01-14,15
Retail,S001,ST0007_XL,2026-01-14,23
Retail,S001,ST0006_M,2026-01-14,14
Retail,S001,ST0015_L,2026-01-14,27
Retail,S001,ST0027_S,2026-01-14,16
Retail,S001,ST0015_S,2026-01-14,21
Retail,S001,ST0021_M,2026-01-14,21
Retail,S001,ST0035_XL,2026-01-14,35
Retail,S001,ST0025_XL,2026-01-14,28
Retail,S001,ST0009_S,2026-01-14,31
Retail,S001,ST0024_L,2026-01-14,37
Retail,S001,ST0019_M,2026-01-14,33
Retail,S002,ST0041_XL,2026-01-14,11
Retail,S002,ST0047_L,2026-01-14,35
Retail,S002,ST0010_L,2026-01-14,22
Retail,S002,ST0028_S,2026-01-14,23
Retail,S002,ST0045_L,2026-01-14,26
Retail,S002,ST0008_L,2026-01-14,48
Retail,S002,ST0024_L,2026-01-14,7
Retail,S002,ST0027_L,2026-01-14,43
Retail,S002,ST0013_XL,2026-01-14,33
Retail,S002,ST0007_M,2026-01-14,41
Retail,S002,ST0002_L,2026-01-14,0
Retail,S002,ST0023_L,2026-01-14,35
Retail,S002,ST0020_M,2026-01-14,17
Retail,S002,ST0047_M,2026-01-14,37
Retail,S002,ST0001_S,2026-01-14,19
Retail,S002,ST0024_M,2026-01-14,12
Retail,S002,ST0009_M,2026-01-14,13
Retail,S002,ST0006_XL,2026-01-14,47
Retail,S002,ST0036_L,2026-01-14,28
Retail,S002,ST0021_XL,2026-01-14,1
Retail,S003,ST0001_L,2026-01-14,34
Retail,S003,ST0005_S,2026-01-14,40
Retail,S003,ST0026_S,2026-01-14,28
Retail,S003,ST0019_L,2026-01-14,23
Retail,S003,ST0040_L,2026-01-14,20
Retail,S003,ST0042_S,2026-01-14,22
Retail,S003,ST0008_L,2026-01-14,20
Retail,S003,ST0002_L,2026-01-14,40
Retail,S003,ST0025_XL,2026-01-14,30
Retail,S003,ST0041_L,2026-01-14,37
Retail,S003,ST0049_XL,2026-01-14,4
Retail,S003,ST0044_L,2026-01-14,30
Retail,S003,ST0038_S,2026-01-14,0
Retail,S003,ST0010_L,2026-01-14,29
Retail,S003,ST0046_L,2026-01-14,7
Retail,S003,ST0020_S,2026-01-14,39
Retail,S003,ST0006_L,2026-01-14,14
Retail,S003,ST0017_L,2026-01-14,9
Retail,S003,ST0047_L,2026-01-14,30
Retail,S003,ST0044_S,2026-01-14,15
Retail,S004,ST0009_M,2026-01-14,2
Retail,S004,ST0027_L,2026-01-14,18
Retail,S004,ST0004_XL,2026-01-14,25
Retail,S004,ST0020_M,2026-01-14,46
Retail,S004,ST0048_XL,2026-01-14,49
Retail,S004,ST0048_L,2026-01-14,9
Retail,S004,ST0049_L,2026-01-14,45
Retail,S004,ST0044_S,2026-01-14,49
Retail,S004,ST0050_XL,2026-01-14,10
Retail,S004,ST0039_L,2026-01-14,39
Retail,S004,ST0038_S,2026-01-14,7
Retail,S004,ST0050_L,2026-01-14,35
Retail,S004,ST0004_M,2026-01-14,44
Retail,S004,ST0024_XL,2026-01-14,2
Retail,S004,ST0006_M,2026-01-14,19
Retail,S004,ST0038_L,2026-01-14,49
Retail,S004,ST0025_S,2026-01-14,18
Retail,S004,ST0019_S,2026-01-14,15
Retail,S004,ST0016_M,2026-01-14,4
Retail,S004,ST0018_XL,2026-01-14,14
Retail,S005,ST0006_M,2026-01-14,16
Retail,S005,ST0035_XL,2026-01-14,18
Retail,S005,ST0002_XL,2026-01-14,42
Retail,S005,ST0029_S,2026-01-14,45
Retail,S005,ST0033_XL,2026-01-14,0
Retail,S005,ST0002_S,2026-01-14,6
Retail,S005,ST0021_XL,2026-01-14,18
Retail,S005,ST0010_XL,2026-01-14,25
Retail,S005,ST0036_S,2026-01-14,48
Retail,S005,ST0040_XL,2026-01-14,26
Retail,S005,ST0034_S,2026-01-14,34
Retail,S005,ST0024_L,2026-01-14,19
Retail,S005,ST0028_M,2026-01-14,25
Retail,S005,ST0039_XL,2026-01-14,5
Retail,S005,ST0026_L,2026-01-14,9
Retail,S005,ST0001_XL,2026-01-14,32
Retail,S005,ST0022_S,2026-01-14,15
Retail,S005,ST0044_L,2026-01-14,9
Retail,S005,ST0025_XL,2026-01-14,18
Retail,S005,ST0020_L,2026-01-14,39
Retail,S006,ST0014_M,2026-01-14,14
Retail,S006,ST0002_L,2026-01-14,40
Retail,S006,ST0050_L,2026-01-14,19
Retail,S006,ST0012_S,2026-01-14,22
Retail,S006,ST0015_S,2026-01-14,46
Retail,S006,ST0028_S,2026-01-14,49
Retail,S006,ST0007_L,2026-01-14,14
Retail,S006,ST0002_M,2026-01-14,34
Retail,S006,ST0049_XL,2026-01-14,36
Retail,S006,ST0043_S,2026-01-14,33
Retail,S006,ST0031_M,2026-01-14,35
Retail,S006,ST0015_M,2026-01-14,8
Retail,S006,ST0040_M,2026-01-14,11
Retail,S006,ST0037_XL,2026-01-14,18
Retail,S006,ST0024_L,2026-01-14,15
Retail,S006,ST0006_S,2026-01-14,22
Retail,S006,ST0007_M,2026-01-14,32
Retail,S006,ST0047_S,2026-01-14,29
Retail,S006,ST0023_XL,2026-01-14,35
Retail,S006,ST0042_S,2026-01-14,30
Retail,S007,ST0004_M,2026-01-14,4
Retail,S007,ST0013_XL,2026-01-14,45
Retail,S007,ST0043_M,2026-01-14,27
Retail,S007,ST0031_S,2026-01-14,41
Retail,S007,ST0032_L,2026-01-14,29
Retail,S007,ST0015_XL,2026-01-14,21
Retail,S007,ST0030_S,2026-01-14,43
Retail,S007,ST0046_L,2026-01-14,20
Retail,S007,ST0028_L,2026-01-14,36
Retail,S007,ST0047_L,2026-01-14,20
Retail,S007,ST0006_M,2026-01-14,40
Retail,S007,ST0045_M,2026-01-14,28
Retail,S007,ST0013_M,2026-01-14,22
Retail,S007,ST0005_S,2026-01-14,45
Retail,S007,ST0040_L,2026-01-14,22
Retail,S007,ST0043_XL,2026-01-14,8
Retail,S007,ST0014_XL,2026-01-14,3
Retail,S007,ST0014_L,2026-01-14,24
Retail,S007,ST0019_M,2026-01-14,17
Retail,S007,ST0030_L,2026-01-14,6
Retail,S008,ST0037_XL,2026-01-14,11
Retail,S008,ST0040_L,2026-01-14,30
Retail,S008,ST0050_S,2026-01-14,49
Retail,S008,ST0036_M,2026-01-14,24
Retail,S008,ST0030_M,2026-01-14,2
Retail,S008,ST0017_S,2026-01-14,9
Retail,S008,ST0015_S,2026-01-14,41
Retail,S008,ST0034_S,2026-01-14,24
Retail,S008,ST0009_S,2026-01-14,26
Retail,S008,ST0004_S,2026-01-14,48
Retail,S008,ST0005_S,2026-01-14,25
Retail,S008,ST0003_M,2026-01-14,21
Retail,S008,ST0033_S,2026-01-14,22
Retail,S008,ST0028_S,2026-01-14,40
Retail,S008,ST0049_S,2026-01-14,39
Retail,S008,ST0032_S,2026-01-14,14
Retail,S008,ST0046_S,2026-01-14,23
Retail,S008,ST0021_S,2026-01-14,48
Retail,S008,ST0040_M,2026-01-14,46
Retail,S008,ST0049_XL,2026-01-14,46
Retail,S009,ST0031_XL,2026-01-14,48
Retail,S009,ST0048_L,2026-01-14,42
Retail,S009,ST0029_XL,2026-01-14,18
Retail,S009,ST0008_S,2026-01-14,7
Retail,S009,ST0032_S,2026-01-14,48
Retail,S009,ST0042_S,2026-01-14,37
Retail,S009,ST0031_L,2026-01-14,12
Retail,S009,ST0033_XL,2026-01-14,9
Retail,S009,ST0022_L,2026-01-14,42
Retail,S009,ST0005_S,2026-01-14,16
Retail,S009,ST0048_M,2026-01-14,15
Retail,S009,ST0037_M,2026-01-14,41
Retail,S009,ST0050_L,2026-01-14,36
Retail,S009,ST0025_L,2026-01-14,8
Retail,S009,ST0037_S,2026-01-14,2
Retail,S009,ST0041_S,2026-01-14,41
Retail,S009,ST0028_L,2026-01-14,24
Retail,S009,ST0005_L,2026-01-14,29
Retail,S009,ST0011_S,2026-01-14,40
Retail,S009,ST0017_XL,2026-01-14,22
Retail,S010,ST0047_XL,2026-01-14,8
Retail,S010,ST0029_L,2026-01-14,13
Retail,S010,ST0046_S,2026-01-14,19
Retail,S010,ST0016_S,2026-01-14,21
Retail,S010,ST0005_XL,2026-01-14,43
Retail,S010,ST0014_XL,2026-01-14,39
Retail,S010,ST0048_S,2026-01-14,24
Retail,S010,ST0009_M,2026-01-14,25
Retail,S010,ST0016_L,2026-01-14,41
Retail,S010,ST0043_XL,2026-01-14,33
Retail,S010,ST0011_XL,2026-01-14,15
Retail,S010,ST0024_XL,2026-01-14,41
Retail,S010,ST0050_XL,2026-01-14,43
Retail,S010,ST0033_S,2026-01-14,43
Retail,S010,ST0009_XL,2026-01-14,0
Retail,S010,ST0032_XL,2026-01-14,33
Retail,S010,ST0026_M,2026-01-14,31
Retail,S010,ST0029_XL,2026-01-14,38
Retail,S010,ST0027_S,2026-01-14,30
Retail,S010,ST0015_XL,2026-01-14,12
Retail,S001,ST0009_M,2026-01-15,39
Retail,S001,ST0004_M,2026-01-15,0
Retail,S001,ST0036_XL,2026-01-15,15
Retail,S001,ST0003_L,2026-01-15,7
Retail,S001,ST0003_XL,2026-01-15,9
Retail,S001,ST0009_L,2026-01-15,23
Retail,S001,ST0034_L,2026-01-15,40
Retail,S001,ST0041_L,2026-01-15,6
Retail,S001,ST0013_L,2026-01-15,15
Retail,S001,ST0036_L,2026-01-15,32
Retail,S001,ST0008_L,2026-01-15,2
Retail,S001,ST0010_XL,2026-01-15,5
Retail,S001,ST0026_XL,2026-01-15,49
Retail,S001,ST0030_L,2026-01-15,48
Retail,S001,ST0009_S,2026-01-15,18
Retail,S001,ST0042_M,2026-01-15,7
Retail,S001,ST0050_L,2026-01-15,35
Retail,S001,ST0019_S,2026-01-15,1
Retail,S001,ST0007_XL,2026-01-15,22
Retail,S001,ST0038_M,2026-01-15,6
Retail,S002,ST0021_L,2026-01-15,9
Retail,S002,ST0029_M,2026-01-15,10
Retail,S002,ST0050_L,2026-01-15,25
Retail,S002,ST0032_S,2026-01-15,17
Retail,S002,ST0039_S,2026-01-15,11
Retail,S002,ST0005_L,2026-01-15,12
Retail,S002,ST0013_XL,2026-01-15,20
Retail,S002,ST0017_XL,2026-01-15,28
Retail,S002,ST0011_XL,2026-01-15,26
Retail,S002,ST0035_XL,2026-01-15,14
Retail,S002,ST0027_M,2026-01-15,40
Retail,S002,ST0047_S,2026-01-15,11
Retail,S002,ST0026_XL,2026-01-15,25
Retail,S002,ST0044_S,2026-01-15,9
Retail,S002,ST0032_M,2026-01-15,27
Retail,S002,ST0028_XL,2026-01-15,38
Retail,S002,ST0031_XL,2026-01-15,15
Retail,S002,ST0029_XL,2026-01-15,30
Retail,S002,ST0008_L,2026-01-15,47
Retail,S002,ST0023_XL,2026-01-15,34
Retail,S003,ST0011_L,2026-01-15,19
Retail,S003,ST0033_S,2026-01-15,43
Retail,S003,ST0045_XL,2026-01-15,38
Retail,S003,ST0024_L,2026-01-15,9
Retail,S003,ST0026_L,2026-01-15,15
Retail,S003,ST0027_XL,2026-01-15,30
Retail,S003,ST0042_XL,2026-01-15,40
Retail,S003,ST0027_S,2026-01-15,4
Retail,S003,ST0025_XL,2026-01-15,42
Retail,S003,ST0041_XL,2026-01-15,31
Retail,S003,ST0016_M,2026-01-15,22
Retail,S003,ST0045_S,2026-01-15,0
Retail,S003,ST0042_S,2026-01-15,35
Retail,S003,ST0018_S,2026-01-15,27
Retail,S003,ST0019_XL,2026-01-15,12
Retail,S003,ST0035_XL,2026-01-15,45
Retail,S003,ST0022_XL,2026-01-15,22
Retail,S003,ST0049_M,2026-01-15,20
Retail,S003,ST0040_XL,2026-01-15,4
Retail,S003,ST0009_XL,2026-01-15,29
Retail,S004,ST0014_S,2026-01-15,14
Retail,S004,ST0035_S,2026-01-15,39
Retail,S004,ST0013_S,2026-01-15,12
Retail,S004,ST0021_L,2026-01-15,35
Retail,S004,ST0049_M,2026-01-15,33
Retail,S004,ST0025_L,2026-01-15,24
Retail,S004,ST0006_S,2026-01-15,21
Retail,S004,ST0036_XL,2026-01-15,13
Retail,S004,ST0023_XL,2026-01-15,39
Retail,S004,ST0041_XL,2026-01-15,37
Retail,S004,ST0008_XL,2026-01-15,24
Retail,S004,ST0041_L,2026-01-15,12
Retail,S004,ST0015_S,2026-01-15,41
Retail,S004,ST0047_L,2026-01-15,14
Retail,S004,ST0016_XL,2026-01-15,26
Retail,S004,ST0031_M,2026-01-15,36
Retail,S004,ST0014_L,2026-01-15,31
Retail,S004,ST0026_L,2026-01-15,10
Retail,S004,ST0012_S,2026-01-15,27
Retail,S004,ST0022_M,2026-01-15,47
Retail,S005,ST0041_L,2026-01-15,2
Retail,S005,ST0018_S,2026-01-15,48
Retail,S005,ST0028_L,2026-01-15,7
Retail,S005,ST0025_XL,2026-01-15,41
Retail,S005,ST0039_M,2026-01-15,19
Retail,S005,ST0045_M,2026-01-15,34
Retail,S005,ST0038_XL,2026-01-15,19
Retail,S005,ST0050_M,2026-01-15,8
Retail,S005,ST0047_S,2026-01-15,15
Retail,S005,ST0016_L,2026-01-15,27
Retail,S005,ST0018_L,2026-01-15,23
Retail,S005,ST0002_S,2026-01-15,28
Retail,S005,ST0031_L,2026-01-15,6
Retail,S005,ST0018_M,2026-01-15,18
Retail,S005,ST0028_S,2026-01-15,4
Retail,S005,ST0030_L,2026-01-15,1
Retail,S005,ST0005_M,2026-01-15,32
Retail,S005,ST0004_L,2026-01-15,24
Retail,S005,ST0022_XL,2026-01-15,38
Retail,S005,ST0018_XL,2026-01-15,3
Retail,S006,ST0001_M,2026-01-15,46
Retail,S006,ST0013_L,2026-01-15,31
Retail,S006,ST0048_L,2026-01-15,28
Retail,S006,ST0034_XL,2026-01-15,33
Retail,S006,ST0015_XL,2026-01-15,3
Retail,S006,ST0012_L,2026-01-15,47
Retail,S006,ST0040_M,2026-01-15,20
Retail,S006,ST0016_XL,2026-01-15,1
Retail,S006,ST0009_M,2026-01-15,44
Retail,S006,ST0011_XL,2026-01-15,5
Retail,S006,ST0042_M,2026-01-15,31
Retail,S006,ST0037_M,2026-01-15,0
Retail,S006,ST0006_S,2026-01-15,21
Retail,S006,ST0034_M,2026-01-15,23
Retail,S006,ST0029_S,2026-01-15,29
Retail,S006,ST0043_M,2026-01-15,43
Retail,S006,ST0040_S,2026-01-15,25
Retail,S006,ST0035_XL,2026-01-15,18
Retail,S006,ST0047_XL,2026-01-15,11
Retail,S006,ST0001_L,2026-01-15,20
Retail,S007,ST0006_XL,2026-01-15,21
Retail,S007,ST0011_S,2026-01-15,1
Retail,S007,ST0009_XL,2026-01-15,27
Retail,S007,ST0040_L,2026-01-15,36
Retail,S007,ST0021_M,2026-01-15,16
Retail,S007,ST0031_M,2026-01-15,42
Retail,S007,ST0009_S,2026-01-15,4
Retail,S007,ST0033_S,2026-01-15,6
Retail,S007,ST0003_S,2026-01-15,20
Retail,S007,ST0032_XL,2026-01-15,31
Retail,S007,ST0043_L,2026-01-15,32
Retail,S007,ST0029_M,2026-01-15,45
Retail,S007,ST0022_M,2026-01-15,28
Retail,S007,ST0018_M,2026-01-15,34
Retail,S007,ST0046_S,2026-01-15,35
Retail,S007,ST0047_S,2026-01-15,43
Retail,S007,ST0034_L,2026-01-15,43
Retail,S007,ST0024_L,2026-01-15,42
Retail,S007,ST0050_S,2026-01-15,26
Retail,S007,ST0028_S,2026-01-15,1
Retail,S008,ST0018_XL,2026-01-15,26
Retail,S008,ST0037_L,2026-01-15,47
Retail,S008,ST0023_L,2026-01-15,46
Retail,S008,ST0041_S,2026-01-15,10
Retail,S008,ST0020_S,2026-01-15,32
Retail,S008,ST0024_XL,2026-01-15,22
Retail,S008,ST0013_XL,2026-01-15,1
Retail,S008,ST0031_XL,2026-01-15,42
Retail,S008,ST0009_XL,2026-01-15,13
Retail,S008,ST0032_XL,2026-01-15,14
Retail,S008,ST0038_S,2026-01-15,22
Retail,S008,ST0033_M,2026-01-15,49
Retail,S008,ST0025_M,2026-01-15,13
Retail,S008,ST0001_L,2026-01-15,11
Retail,S008,ST0017_S,2026-01-15,45
Retail,S008,ST0020_M,2026-01-15,1
Retail,S008,ST0018_L,2026-01-15,21
Retail,S008,ST0035_M,2026-01-15,1
Retail,S008,ST0041_XL,2026-01-15,28
Retail,S008,ST0032_L,2026-01-15,35
Retail,S009,ST0037_L,2026-01-15,38
Retail,S009,ST0010_L,2026-01-15,30
Retail,S009,ST0021_XL,2026-01-15,14
Retail,S009,ST0007_S,2026-01-15,44
Retail,S009,ST0033_S,2026-01-15,15
Retail,S009,ST0003_S,2026-01-15,23
Retail,S009,ST0015_S,2026-01-15,17
Retail,S009,ST0036_M,2026-01-15,16
Retail,S009,ST0039_S,2026-01-15,23
Retail,S009,ST0024_M,2026-01-15,35
Retail,S009,ST0023_S,2026-01-15,26
Retail,S009,ST0039_M,2026-01-15,24
Retail,S009,ST0006_M,2026-01-15,37
Retail,S009,ST0035_XL,2026-01-15,20
Retail,S009,ST0033_L,2026-01-15,24
Retail,S009,ST0050_L,2026-01-15,29
Retail,S009,ST0026_M,2026-01-15,32
Retail,S009,ST0022_S,2026-01-15,24
Retail,S009,ST0047_M,2026-01-15,15
Retail,S009,ST0050_S,2026-01-15,23
Retail,S010,ST0048_S,2026-01-15,17
Retail,S010,ST0022_L,2026-01-15,2
Retail,S010,ST0036_S,2026-01-15,15
Retail,S010,ST0005_S,2026-01-15,0
Retail,S010,ST0013_L,2026-01-15,25
Retail,S010,ST0002_XL,2026-01-15,47
Retail,S010,ST0013_S,2026-01-15,37
Retail,S010,ST0020_XL,2026-01-15,20
Retail,S010,ST0045_S,2026-01-15,12
Retail,S010,ST0050_M,2026-01-15,12
Retail,S010,ST0018_M,2026-01-15,18
Retail,S010,ST0047_XL,2026-01-15,5
Retail,S010,ST0037_M,2026-01-15,27
Retail,S010,ST0022_S,2026-01-15,15
Retail,S010,ST0020_L,2026-01-15,21
Retail,S010,ST0039_S,2026-01-15,47
Retail,S010,ST0016_M,2026-01-15,47
Retail,S010,ST0028_XL,2026-01-15,46
Retail,S010,ST0020_M,2026-01-15,46
Retail,S010,ST0017_M,2026-01-15,47
Retail,S001,ST0012_M,2026-01-16,27
Retail,S001,ST0047_L,2026-01-16,3
Retail,S001,ST0011_L,2026-01-16,28
Retail,S001,ST0009_M,2026-01-16,26
Retail,S001,ST0035_M,2026-01-16,26
Retail,S001,ST0043_M,2026-01-16,4
Retail,S001,ST0013_M,2026-01-16,7
Retail,S001,ST0023_XL,2026-01-16,34
Retail,S001,ST0042_M,2026-01-16,22
Retail,S001,ST0019_S,2026-01-16,38
Retail,S001,ST0007_M,2026-01-16,14
Retail,S001,ST0009_L,2026-01-16,28
Retail,S001,ST0017_M,2026-01-16,49
Retail,S001,ST0030_XL,2026-01-16,47
Retail,S001,ST0012_XL,2026-01-16,4
Retail,S001,ST0027_L,2026-01-16,10
Retail,S001,ST0013_L,2026-01-16,26
Retail,S001,ST0018_M,2026-01-16,6
Retail,S001,ST0014_M,2026-01-16,49
Retail,S001,ST0005_L,2026-01-16,4
Retail,S002,ST0015_L,2026-01-16,26
Retail,S002,ST0050_XL,2026-01-16,39
Retail,S002,ST0003_S,2026-01-16,26
Retail,S002,ST0001_XL,2026-01-16,22
Retail,S002,ST0018_M,2026-01-16,48
Retail,S002,ST0025_L,2026-01-16,33
Retail,S002,ST0006_S,2026-01-16,43
Retail,S002,ST0049_S,2026-01-16,4
Retail,S002,ST0030_S,2026-01-16,11
Retail,S002,ST0014_XL,2026-01-16,36
Retail,S002,ST0031_XL,2026-01-16,29
Retail,S002,ST0019_S,2026-01-16,5
Retail,S002,ST0022_XL,2026-01-16,21
Retail,S002,ST0012_S,2026-01-16,28
Retail,S002,ST0041_XL,2026-01-16,27
Retail,S002,ST0035_M,2026-01-16,20
Retail,S002,ST0025_XL,2026-01-16,30
Retail,S002,ST0017_M,2026-01-16,40
Retail,S002,ST0045_L,2026-01-16,16
Retail,S002,ST0005_M,2026-01-16,29
Retail,S003,ST0014_M,2026-01-16,46
Retail,S003,ST0026_XL,2026-01-16,31
Retail,S003,ST0021_L,2026-01-16,44
Retail,S003,ST0041_M,2026-01-16,40
Retail,S003,ST0003_M,2026-01-16,23
Retail,S003,ST0050_XL,2026-01-16,36
Retail,S003,ST0046_S,2026-01-16,20
Retail,S003,ST0031_XL,2026-01-16,10
Retail,S003,ST0033_L,2026-01-16,42
Retail,S003,ST0038_M,2026-01-16,28
Retail,S003,ST0036_L,2026-01-16,28
Retail,S003,ST0036_M,2026-01-16,6
Retail,S003,ST0029_S,2026-01-16,41
Retail,S003,ST0006_M,2026-01-16,32
Retail,S003,ST0045_S,2026-01-16,4
Retail,S003,ST0024_XL,2026-01-16,37
Retail,S003,ST0028_XL,2026-01-16,16
Retail,S003,ST0023_M,2026-01-16,3
Retail,S003,ST0026_L,2026-01-16,33
Retail,S003,ST0033_M,2026-01-16,3
Retail,S004,ST0032_M,2026-01-16,3
Retail,S004,ST0038_XL,2026-01-16,9
Retail,S004,ST0041_XL,2026-01-16,15
Retail,S004,ST0045_S,2026-01-16,24
Retail,S004,ST0033_L,2026-01-16,46
Retail,S004,ST0033_XL,2026-01-16,17
Retail,S004,ST0025_XL,2026-01-16,2
Retail,S004,ST0008_L,2026-01-16,32
Retail,S004,ST0042_L,2026-01-16,43
Retail,S004,ST0010_M,2026-01-16,7
Retail,S004,ST0028_S,2026-01-16,13
Retail,S004,ST0011_XL,2026-01-16,24
Retail,S004,ST0027_M,2026-01-16,5
Retail,S004,ST0009_XL,2026-01-16,48
Retail,S004,ST0007_L,2026-01-16,25
Retail,S004,ST0029_S,2026-01-16,47
Retail,S004,ST0048_S,2026-01-16,28
Retail,S004,ST0050_L,2026-01-16,17
Retail,S004,ST0027_S,2026-01-16,10
Retail,S004,ST0012_XL,2026-01-16,11
Retail,S005,ST0027_S,2026-01-16,34
Retail,S005,ST0043_XL,2026-01-16,44
Retail,S005,ST0030_L,2026-01-16,2
Retail,S005,ST0032_M,2026-01-16,47
Retail,S005,ST0033_M,2026-01-16,43
Retail,S005,ST0032_XL,2026-01-16,8
Retail,S005,ST0035_XL,2026-01-16,24
Retail,S005,ST0031_XL,2026-01-16,49
Retail,S005,ST0043_S,2026-01-16,0
Retail,S005,ST0050_M,2026-01-16,38
Retail,S005,ST0035_L,2026-01-16,11
Retail,S005,ST0028_M,2026-01-16,23
Retail,S005,ST0001_S,2026-01-16,45
Retail,S005,ST0019_XL,2026-01-16,4
Retail,S005,ST0032_S,2026-01-16,20
Retail,S005,ST0039_L,2026-01-16,20
Retail,S005,ST0018_XL,2026-01-16,23
Retail,S005,ST0043_L,2026-01-16,38
Retail,S005,ST0036_XL,2026-01-16,43
Retail,S005,ST0048_S,2026-01-16,9
Retail,S006,ST0039_XL,2026-01-16,19
Retail,S006,ST0003_L,2026-01-16,16
Retail,S006,ST0038_XL,2026-01-16,2
Retail,S006,ST0019_S,2026-01-16,35
Retail,S006,ST0011_M,2026-01-16,23
Retail,S006,ST0031_L,2026-01-16,19
Retail,S006,ST0041_S,2026-01-16,19
Retail,S006,ST0015_S,2026-01-16,48
Retail,S006,ST0044_XL,2026-01-16,3
Retail,S006,ST0003_M,2026-01-16,35
Retail,S006,ST0036_XL,2026-01-16,34
Retail,S006,ST0035_M,2026-01-16,17
Retail,S006,ST0012_M,2026-01-16,31
Retail,S006,ST0006_S,2026-01-16,40
Retail,S006,ST0015_L,2026-01-16,14
Retail,S006,ST0013_M,2026-01-16,13
Retail,S006,ST0009_XL,2026-01-16,33
Retail,S006,ST0001_L,2026-01-16,24
Retail,S006,ST0037_L,2026-01-16,44
Retail,S006,ST0036_M,2026-01-16,47
Retail,S007,ST0021_S,2026-01-16,12
Retail,S007,ST0047_S,2026-01-16,8
Retail,S007,ST0042_XL,2026-01-16,29
Retail,S007,ST0037_XL,2026-01-16,45
Retail,S007,ST0007_M,2026-01-16,33
Retail,S007,ST0033_M,2026-01-16,16
Retail,S007,ST0004_M,2026-01-16,13
Retail,S007,ST0044_XL,2026-01-16,16
Retail,S007,ST0048_S,2026-01-16,29
Retail,S007,ST0037_S,2026-01-16,28
Retail,S007,ST0007_L,2026-01-16,45
Retail,S007,ST0017_XL,2026-01-16,13
Retail,S007,ST0030_S,2026-01-16,16
Retail,S007,ST0001_M,2026-01-16,29
Retail,S007,ST0022_M,2026-01-16,26
Retail,S007,ST0029_S,2026-01-16,45
Retail,S007,ST0041_M,2026-01-16,25
Retail,S007,ST0043_S,2026-01-16,47
Retail,S007,ST0027_L,2026-01-16,27
Retail,S007,ST0020_M,2026-01-16,10
Retail,S008,ST0012_XL,2026-01-16,44
Retail,S008,ST0042_S,2026-01-16,12
Retail,S008,ST0019_XL,2026-01-16,24
Retail,S008,ST0035_M,2026-01-16,11
Retail,S008,ST0044_L,2026-01-16,1
Retail,S008,ST0026_M,2026-01-16,19
Retail,S008,ST0024_L,2026-01-16,1
Retail,S008,ST0002_S,2026-01-16,48
Retail,S008,ST0026_XL,2026-01-16,42
Retail,S008,ST0005_XL,2026-01-16,37
Retail,S008,ST0043_S,2026-01-16,0
Retail,S008,ST0029_L,2026-01-16,8
Retail,S008,ST0015_L,2026-01-16,17
Retail,S008,ST0013_S,2026-01-16,31
Retail,S008,ST0014_M,2026-01-16,19
Retail,S008,ST0045_S,2026-01-16,1
Retail,S008,ST0030_M,2026-01-16,3
Retail,S008,ST0030_XL,2026-01-16,44
Retail,S008,ST0006_S,2026-01-16,34
Retail,S008,ST0008_S,2026-01-16,19
Retail,S009,ST0040_L,2026-01-16,42
Retail,S009,ST0037_L,2026-01-16,6
Retail,S009,ST0045_L,2026-01-16,46
Retail,S009,ST0024_L,2026-01-16,25
Retail,S009,ST0022_L,2026-01-16,11
Retail,S009,ST0018_L,2026-01-16,46
Retail,S009,ST0012_L,2026-01-16,48
Retail,S009,ST0008_M,2026-01-16,1
Retail,S009,ST0020_S,2026-01-16,31
Retail,S009,ST0021_XL,2026-01-16,30
Retail,S009,ST0022_M,2026-01-16,10
Retail,S009,ST0018_S,2026-01-16,3
Retail,S009,ST0033_L,2026-01-16,15
Retail,S009,ST0028_L,2026-01-16,38
Retail,S009,ST0013_L,2026-01-16,14
Retail,S009,ST0033_XL,2026-01-16,18
Retail,S009,ST0032_XL,2026-01-16,8
Retail,S009,ST0001_M,2026-01-16,28
Retail,S009,ST0013_XL,2026-01-16,39
Retail,S009,ST0002_L,2026-01-16,18
Retail,S010,ST0032_M,2026-01-16,4
Retail,S010,ST0024_XL,2026-01-16,11
Retail,S010,ST0024_L,2026-01-16,0
Retail,S010,ST0047_S,2026-01-16,42
Retail,S010,ST0045_XL,2026-01-16,18
Retail,S010,ST0046_S,2026-01-16,46
Retail,S010,ST0020_L,2026-01-16,47
Retail,S010,ST0011_L,2026-01-16,24
Retail,S010,ST0018_XL,2026-01-16,27
Retail,S010,ST0009_L,2026-01-16,48
Retail,S010,ST0045_L,2026-01-16,0
Retail,S010,ST0028_L,2026-01-16,2
Retail,S010,ST0034_M,2026-01-16,23
Retail,S010,ST0026_S,2026-01-16,14
Retail,S010,ST0012_S,2026-01-16,43
Retail,S010,ST0023_M,2026-01-16,48
Retail,S010,ST0011_XL,2026-01-16,30
Retail,S010,ST0040_S,2026-01-16,9
Retail,S010,ST0002_XL,2026-01-16,17
Retail,S010,ST0019_S,2026-01-16,27
Retail,S001,ST0015_L,2026-01-17,44
Retail,S001,ST0049_S,2026-01-17,28
Retail,S001,ST0042_XL,2026-01-17,30
Retail,S001,ST0027_L,2026-01-17,16
Retail,S001,ST0024_M,2026-01-17,37
Retail,S001,ST0029_XL,2026-01-17,46
Retail,S001,ST0030_XL,2026-01-17,46
Retail,S001,ST0048_S,2026-01-17,28
Retail,S001,ST0021_XL,2026-01-17,4
Retail,S001,ST0044_L,2026-01-17,13
Retail,S001,ST0026_S,2026-01-17,27
Retail,S001,ST0038_XL,2026-01-17,31
Retail,S001,ST0032_XL,2026-01-17,41
Retail,S001,ST0035_XL,2026-01-17,1
Retail,S001,ST0030_S,2026-01-17,24
Retail,S001,ST0045_M,2026-01-17,6
Retail,S001,ST0014_S,2026-01-17,4
Retail,S001,ST0005_S,2026-01-17,17
Retail,S001,ST0001_M,2026-01-17,41
Retail,S001,ST0044_XL,2026-01-17,34
Retail,S002,ST0027_XL,2026-01-17,40
Retail,S002,ST0026_XL,2026-01-17,26
Retail,S002,ST0003_M,2026-01-17,37
Retail,S002,ST0007_S,2026-01-17,41
Retail,S002,ST0031_S,2026-01-17,49
Retail,S002,ST0008_M,2026-01-17,0
Retail,S002,ST0004_XL,2026-01-17,37
Retail,S002,ST0029_XL,2026-01-17,39
Retail,S002,ST0047_L,2026-01-17,38
Retail,S002,ST0013_S,2026-01-17,28
Retail,S002,ST0039_S,2026-01-17,17
Retail,S002,ST0036_S,2026-01-17,46
Retail,S002,ST0014_M,2026-01-17,24
Retail,S002,ST0030_L,2026-01-17,31
Retail,S002,ST0030_S,2026-01-17,23
Retail,S002,ST0041_XL,2026-01-17,29
Retail,S002,ST0039_XL,2026-01-17,32
Retail,S002,ST0028_XL,2026-01-17,32
Retail,S002,ST0017_L,2026-01-17,3
Retail,S002,ST0022_L,2026-01-17,29
Retail,S003,ST0004_L,2026-01-17,30
Retail,S003,ST0012_XL,2026-01-17,2
Retail,S003,ST0041_XL,2026-01-17,38
Retail,S003,ST0027_L,2026-01-17,7
Retail,S003,ST0023_S,2026-01-17,4
Retail,S003,ST0021_XL,2026-01-17,26
Retail,S003,ST0006_XL,2026-01-17,25
Retail,S003,ST0001_S,2026-01-17,25
Retail,S003,ST0039_S,2026-01-17,33
Retail,S003,ST0029_XL,2026-01-17,1
Retail,S003,ST0033_S,2026-01-17,20
Retail,S003,ST0020_S,2026-01-17,25
Retail,S003,ST0002_XL,2026-01-17,8
Retail,S003,ST0043_S,2026-01-17,22
Retail,S003,ST0035_M,2026-01-17,4
Retail,S003,ST0042_M,2026-01-17,49
Retail,S003,ST0049_XL,2026-01-17,48
Retail,S003,ST0004_S,2026-01-17,9
Retail,S003,ST0005_S,2026-01-17,9
Retail,S003,ST0041_M,2026-01-17,36
Retail,S004,ST0024_L,2026-01-17,5
Retail,S004,ST0049_L,2026-01-17,41
Retail,S004,ST0012_S,2026-01-17,40
Retail,S004,ST0008_XL,2026-01-17,49
Retail,S004,ST0045_S,2026-01-17,6
Retail,S004,ST0034_L,2026-01-17,15
Retail,S004,ST0031_L,2026-01-17,1
Retail,S004,ST0050_S,2026-01-17,35
Retail,S004,ST0047_XL,2026-01-17,48
Retail,S004,ST0023_S,2026-01-17,13
Retail,S004,ST0014_L,2026-01-17,14
Retail,S004,ST0033_XL,2026-01-17,11
Retail,S004,ST0019_XL,2026-01-17,42
Retail,S004,ST0004_XL,2026-01-17,39
Retail,S004,ST0035_XL,2026-01-17,47
Retail,S004,ST0014_S,2026-01-17,17
Retail,S004,ST0003_S,2026-01-17,1
Retail,S004,ST0006_XL,2026-01-17,28
Retail,S004,ST0009_XL,2026-01-17,17
Retail,S004,ST0050_M,2026-01-17,7
Retail,S005,ST0001_S,2026-01-17,32
Retail,S005,ST0009_M,2026-01-17,44
Retail,S005,ST0011_XL,2026-01-17,7
Retail,S005,ST0042_XL,2026-01-17,29
Retail,S005,ST0045_XL,2026-01-17,11
Retail,S005,ST0035_M,2026-01-17,6
Retail,S005,ST0022_M,2026-01-17,34
Retail,S005,ST0024_L,2026-01-17,11
Retail,S005,ST0021_L,2026-01-17,23
Retail,S005,ST0048_M,2026-01-17,16
Retail,S005,ST0005_XL,2026-01-17,32
Retail,S005,ST0041_XL,2026-01-17,5
Retail,S005,ST0042_S,2026-01-17,44
Retail,S005,ST0048_L,2026-01-17,32
Retail,S005,ST0021_S,2026-01-17,35
Retail,S005,ST0046_XL,2026-01-17,35
Retail,S005,ST0050_L,2026-01-17,30
Retail,S005,ST0008_XL,2026-01-17,19
Retail,S005,ST0018_M,2026-01-17,35
Retail,S005,ST0004_XL,2026-01-17,42
Retail,S006,ST0047_L,2026-01-17,32
Retail,S006,ST0047_XL,2026-01-17,39
Retail,S006,ST0040_L,2026-01-17,48
Retail,S006,ST0024_L,2026-01-17,32
Retail,S006,ST0042_XL,2026-01-17,20
Retail,S006,ST0018_S,2026-01-17,0
Retail,S006,ST0005_L,2026-01-17,20
Retail,S006,ST0016_S,2026-01-17,19
Retail,S006,ST0032_S,2026-01-17,8
Retail,S006,ST0038_S,2026-01-17,39
Retail,S006,ST0024_S,2026-01-17,48
Retail,S006,ST0049_L,2026-01-17,35
Retail,S006,ST0043_XL,2026-01-17,23
Retail,S006,ST0039_L,2026-01-17,33
Retail,S006,ST0023_L,2026-01-17,44
Retail,S006,ST0048_S,2026-01-17,0
Retail,S006,ST0005_M,2026-01-17,46
Retail,S006,ST0023_S,2026-01-17,20
Retail,S006,ST0034_XL,2026-01-17,38
Retail,S006,ST0009_XL,2026-01-17,15
Retail,S007,ST0040_M,2026-01-17,26
Retail,S007,ST0041_XL,2026-01-17,12
Retail,S007,ST0028_M,2026-01-17,11
Retail,S007,ST0018_XL,2026-01-17,8
Retail,S007,ST0031_M,2026-01-17,18
Retail,S007,ST0010_M,2026-01-17,28
Retail,S007,ST0027_M,2026-01-17,5
Retail,S007,ST0032_L,2026-01-17,24
Retail,S007,ST0024_XL,2026-01-17,21
Retail,S007,ST0021_M,2026-01-17,28
Retail,S007,ST0012_S,2026-01-17,16
Retail,S007,ST0049_S,2026-01-17,31
Retail,S007,ST0026_S,2026-01-17,21
Retail,S007,ST0009_S,2026-01-17,37
Retail,S007,ST0033_S,2026-01-17,12
Retail,S007,ST0022_L,2026-01-17,22
Retail,S007,ST0013_L,2026-01-17,19
Retail,S007,ST0026_M,2026-01-17,33
Retail,S007,ST0048_M,2026-01-17,31
Retail,S007,ST0025_XL,2026-01-17,17
Retail,S008,ST0026_M,2026-01-17,29
Retail,S008,ST0045_M,2026-01-17,29
Retail,S008,ST0011_M,2026-01-17,49
Retail,S008,ST0048_L,2026-01-17,11
Retail,S008,ST0025_L,2026-01-17,4
Retail,S008,ST0049_M,2026-01-17,24
Retail,S008,ST0037_L,2026-01-17,12
Retail,S008,ST0004_M,2026-01-17,25
Retail,S008,ST0017_L,2026-01-17,11
Retail,S008,ST0023_S,2026-01-17,27
Retail,S008,ST0021_S,2026-01-17,9
Retail,S008,ST0048_M,2026-01-17,41
Retail,S008,ST0001_L,2026-01-17,35
Retail,S008,ST0046_XL,2026-01-17,39
Retail,S008,ST0048_S,2026-01-17,5
Retail,S008,ST0045_XL,2026-01-17,26
Retail,S008,ST0047_M,2026-01-17,49
Retail,S008,ST0038_S,2026-01-17,2
Retail,S008,ST0007_M,2026-01-17,23
Retail,S008,ST0043_M,2026-01-17,34
Retail,S009,ST0048_M,2026-01-17,39
Retail,S009,ST0017_S,2026-01-17,14
Retail,S009,ST0022_S,2026-01-17,47
Retail,S009,ST0048_L,2026-01-17,32
Retail,S009,ST0024_L,2026-01-17,43
Retail,S009,ST0042_XL,2026-01-17,16
Retail,S009,ST0012_S,2026-01-17,19
Retail,S009,ST0048_S,2026-01-17,29
Retail,S009,ST0031_L,2026-01-17,38
Retail,S009,ST0011_M,2026-01-17,14
Retail,S009,ST0021_S,2026-01-17,19
Retail,S009,ST0032_M,2026-01-17,39
Retail,S009,ST0038_L,2026-01-17,13
Retail,S009,ST0033_S,2026-01-17,25
Retail,S009,ST0034_S,2026-01-17,24
Retail,S009,ST0009_M,2026-01-17,26
Retail,S009,ST0026_XL,2026-01-17,11
Retail,S009,ST0034_L,2026-01-17,15
Retail,S009,ST0015_M,2026-01-17,26
Retail,S009,ST0004_S,2026-01-17,17
Retail,S010,ST0027_S,2026-01-17,30
Retail,S010,ST0030_XL,2026-01-17,32
Retail,S010,ST0015_S,2026-01-17,5
Retail,S010,ST0038_L,2026-01-17,3
Retail,S010,ST0047_S,2026-01-17,12
Retail,S010,ST0026_S,2026-01-17,43
Retail,S010,ST0036_XL,2026-01-17,29
Retail,S010,ST0046_S,2026-01-17,25
Retail,S010,ST0024_L,2026-01-17,38
Retail,S010,ST0039_L,2026-01-17,25
Retail,S010,ST0039_M,2026-01-17,23
Retail,S010,ST0034_M,2026-01-17,24
Retail,S010,ST0044_L,2026-01-17,49
Retail,S010,ST0043_M,2026-01-17,20
Retail,S010,ST0044_S,2026-01-17,46
Retail,S010,ST0003_XL,2026-01-17,10
Retail,S010,ST0046_L,2026-01-17,17
Retail,S010,ST0005_M,2026-01-17,34
Retail,S010,ST0014_XL,2026-01-17,37
Retail,S010,ST0033_S,2026-01-17,30
Retail,S001,ST0007_L,2026-01-18,10
Retail,S001,ST0012_S,2026-01-18,26
Retail,S001,ST0027_S,2026-01-18,46
Retail,S001,ST0029_L,2026-01-18,39
Retail,S001,ST0017_M,2026-01-18,22
Retail,S001,ST0002_S,2026-01-18,30
Retail,S001,ST0042_M,2026-01-18,45
Retail,S001,ST0012_XL,2026-01-18,13
Retail,S001,ST0009_S,2026-01-18,26
Retail,S001,ST0002_M,2026-01-18,34
Retail,S001,ST0045_M,2026-01-18,36
Retail,S001,ST0006_M,2026-01-18,45
Retail,S001,ST0033_L,2026-01-18,38
Retail,S001,ST0047_XL,2026-01-18,45
Retail,S001,ST0018_L,2026-01-18,9
Retail,S001,ST0019_S,2026-01-18,45
Retail,S001,ST0031_M,2026-01-18,36
Retail,S001,ST0027_XL,2026-01-18,7
Retail,S001,ST0010_M,2026-01-18,48
Retail,S001,ST0008_L,2026-01-18,27
Retail,S002,ST0009_S,2026-01-18,48
Retail,S002,ST0033_S,2026-01-18,10
Retail,S002,ST0006_XL,2026-01-18,5
Retail,S002,ST0039_M,2026-01-18,28
Retail,S002,ST0046_M,2026-01-18,14
Retail,S002,ST0034_M,2026-01-18,5
Retail,S002,ST0007_S,2026-01-18,15
Retail,S002,ST0027_L,2026-01-18,8
Retail,S002,ST0010_XL,2026-01-18,25
Retail,S002,ST0029_M,2026-01-18,23
Retail,S002,ST0018_S,2026-01-18,38
Retail,S002,ST0001_S,2026-01-18,36
Retail,S002,ST0034_S,2026-01-18,42
Retail,S002,ST0038_L,2026-01-18,29
Retail,S002,ST0038_M,2026-01-18,24
Retail,S002,ST0020_XL,2026-01-18,8
Retail,S002,ST0040_L,2026-01-18,23
Retail,S002,ST0043_S,2026-01-18,37
Retail,S002,ST0006_L,2026-01-18,29
Retail,S002,ST0048_XL,2026-01-18,28
Retail,S003,ST0049_XL,2026-01-18,8
Retail,S003,ST0034_L,2026-01-18,19
Retail,S003,ST0012_S,2026-01-18,34
Retail,S003,ST0044_S,2026-01-18,20
Retail,S003,ST0009_M,2026-01-18,40
Retail,S003,ST0002_S,2026-01-18,5
Retail,S003,ST0036_XL,2026-01-18,26
Retail,S003,ST0037_L,2026-01-18,3
Retail,S003,ST0041_L,2026-01-18,27
Retail,S003,ST0044_XL,2026-01-18,16
Retail,S003,ST0021_XL,2026-01-18,28
Retail,S003,ST0045_L,2026-01-18,32
Retail,S003,ST0043_S,2026-01-18,17
Retail,S003,ST0049_S,2026-01-18,42
Retail,S003,ST0023_M,2026-01-18,37
Retail,S003,ST0025_XL,2026-01-18,33
Retail,S003,ST0032_M,2026-01-18,4
Retail,S003,ST0019_L,2026-01-18,13
Retail,S003,ST0016_M,2026-01-18,21
Retail,S003,ST0043_XL,2026-01-18,12
Retail,S004,ST0023_L,2026-01-18,17
Retail,S004,ST0047_M,2026-01-18,38
Retail,S004,ST0020_S,2026-01-18,30
Retail,S004,ST0048_XL,2026-01-18,8
Retail,S004,ST0047_S,2026-01-18,26
Retail,S004,ST0027_S,2026-01-18,6
Retail,S004,ST0020_XL,2026-01-18,16
Retail,S004,ST0001_M,2026-01-18,47
Retail,S004,ST0045_M,2026-01-18,42
Retail,S004,ST0037_XL,2026-01-18,20
Retail,S004,ST0016_L,2026-01-18,34
Retail,S004,ST0039_S,2026-01-18,6
Retail,S004,ST0034_S,2026-01-18,10
Retail,S004,ST0015_XL,2026-01-18,45
Retail,S004,ST0023_S,2026-01-18,42
Retail,S004,ST0017_XL,2026-01-18,9
Retail,S004,ST0015_S,2026-01-18,48
Retail,S004,ST0043_L,2026-01-18,8
Retail,S004,ST0044_S,2026-01-18,42
Retail,S004,ST0024_S,2026-01-18,23
Retail,S005,ST0010_XL,2026-01-18,43
Retail,S005,ST0027_XL,2026-01-18,18
Retail,S005,ST0036_L,2026-01-18,37
Retail,S005,ST0010_M,2026-01-18,4
Retail,S005,ST0010_L,2026-01-18,12
Retail,S005,ST0012_S,2026-01-18,45
Retail,S005,ST0034_L,2026-01-18,13
Retail,S005,ST0020_M,2026-01-18,31
Retail,S005,ST0007_XL,2026-01-18,23
Retail,S005,ST0048_M,2026-01-18,42
Retail,S005,ST0037_XL,2026-01-18,29
Retail,S005,ST0016_L,2026-01-18,27
Retail,S005,ST0042_M,2026-01-18,6
Retail,S005,ST0008_S,2026-01-18,19
Retail,S005,ST0031_L,2026-01-18,49
Retail,S005,ST0024_L,2026-01-18,37
Retail,S005,ST0007_L,2026-01-18,24
Retail,S005,ST0023_XL,2026-01-18,7
Retail,S005,ST0021_M,2026-01-18,29
Retail,S005,ST0001_L,2026-01-18,20
Retail,S006,ST0020_S,2026-01-18,48
Retail,S006,ST0020_L,2026-01-18,44
Retail,S006,ST0025_L,2026-01-18,29
Retail,S006,ST0001_L,2026-01-18,1
Retail,S006,ST0005_XL,2026-01-18,48
Retail,S006,ST0013_S,2026-01-18,16
Retail,S006,ST0044_S,2026-01-18,44
Retail,S006,ST0037_M,2026-01-18,13
Retail,S006,ST0018_XL,2026-01-18,9
Retail,S006,ST0047_S,2026-01-18,13
Retail,S006,ST0048_M,2026-01-18,36
Retail,S006,ST0014_L,2026-01-18,34
Retail,S006,ST0035_M,2026-01-18,17
Retail,S006,ST0008_S,2026-01-18,29
Retail,S006,ST0012_L,2026-01-18,39
Retail,S006,ST0016_S,2026-01-18,34
Retail,S006,ST0023_S,2026-01-18,40
Retail,S006,ST0013_L,2026-01-18,29
Retail,S006,ST0033_XL,2026-01-18,23
Retail,S006,ST0030_M,2026-01-18,13
Retail,S007,ST0013_S,2026-01-18,1
Retail,S007,ST0035_M,2026-01-18,40
Retail,S007,ST0028_S,2026-01-18,4
Retail,S007,ST0032_S,2026-01-18,1
Retail,S007,ST0030_L,2026-01-18,13
Retail,S007,ST0002_S,2026-01-18,39
Retail,S007,ST0016_S,2026-01-18,43
Retail,S007,ST0029_M,2026-01-18,28
Retail,S007,ST0019_L,2026-01-18,33
Retail,S007,ST0014_L,2026-01-18,45
Retail,S007,ST0035_L,2026-01-18,25
Retail,S007,ST0025_M,2026-01-18,23
Retail,S007,ST0006_M,2026-01-18,49
Retail,S007,ST0028_XL,2026-01-18,37
Retail,S007,ST0013_XL,2026-01-18,16
Retail,S007,ST0034_M,2026-01-18,45
Retail,S007,ST0048_M,2026-01-18,3
Retail,S007,ST0003_L,2026-01-18,42
Retail,S007,ST0044_L,2026-01-18,18
Retail,S007,ST0044_XL,2026-01-18,7
Retail,S008,ST0028_M,2026-01-18,33
Retail,S008,ST0034_M,2026-01-18,18
Retail,S008,ST0008_L,2026-01-18,33
Retail,S008,ST0042_M,2026-01-18,37
Retail,S008,ST0001_L,2026-01-18,43
Retail,S008,ST0017_XL,2026-01-18,1
Retail,S008,ST0041_XL,2026-01-18,40
Retail,S008,ST0014_L,2026-01-18,19
Retail,S008,ST0024_L,2026-01-18,27
Retail,S008,ST0030_S,2026-01-18,43
Retail,S008,ST0049_S,2026-01-18,34
Retail,S008,ST0010_S,2026-01-18,18
Retail,S008,ST0048_XL,2026-01-18,17
Retail,S008,ST0018_S,2026-01-18,4
Retail,S008,ST0024_XL,2026-01-18,12
Retail,S008,ST0016_S,2026-01-18,23
Retail,S008,ST0036_S,2026-01-18,3
Retail,S008,ST0033_L,2026-01-18,0
Retail,S008,ST0041_L,2026-01-18,40
Retail,S008,ST0039_M,2026-01-18,37
Retail,S009,ST0012_XL,2026-01-18,34
Retail,S009,ST0032_M,2026-01-18,14
Retail,S009,ST0006_L,2026-01-18,36
Retail,S009,ST0039_M,2026-01-18,25
Retail,S009,ST0002_S,2026-01-18,46
Retail,S009,ST0005_L,2026-01-18,37
Retail,S009,ST0020_L,2026-01-18,34
Retail,S009,ST0012_L,2026-01-18,40
Retail,S009,ST0003_S,2026-01-18,10
Retail,S009,ST0043_S,2026-01-18,23
Retail,S009,ST0040_M,2026-01-18,7
Retail,S009,ST0025_L,2026-01-18,33
Retail,S009,ST0041_XL,2026-01-18,35
Retail,S009,ST0019_M,2026-01-18,33
Retail,S009,ST0045_S,2026-01-18,5
Retail,S009,ST0048_M,2026-01-18,24
Retail,S009,ST0047_S,2026-01-18,46
Retail,S009,ST0044_M,2026-01-18,27
Retail,S009,ST0021_M,2026-01-18,3
Retail,S009,ST0027_S,2026-01-18,37
Retail,S010,ST0009_L,2026-01-18,9
Retail,S010,ST0033_S,2026-01-18,3
Retail,S010,ST0044_XL,2026-01-18,36
Retail,S010,ST0020_S,2026-01-18,11
Retail,S010,ST0030_L,2026-01-18,45
Retail,S010,ST0008_XL,2026-01-18,19
Retail,S010,ST0043_S,2026-01-18,36
Retail,S010,ST0036_L,2026-01-18,40
Retail,S010,ST0039_XL,2026-01-18,47
Retail,S010,ST0009_S,2026-01-18,43
Retail,S010,ST0024_XL,2026-01-18,14
Retail,S010,ST0018_XL,2026-01-18,33
Retail,S010,ST0035_S,2026-01-18,36
Retail,S010,ST0017_XL,2026-01-18,29
Retail,S010,ST0045_L,2026-01-18,0
Retail,S010,ST0038_M,2026-01-18,15
Retail,S010,ST0049_S,2026-01-18,30
Retail,S010,ST0031_L,2026-01-18,9
Retail,S010,ST0043_XL,2026-01-18,25
Retail,S010,ST0029_S,2026-01-18,39
Retail,S001,ST0014_XL,2026-01-19,8
Retail,S001,ST0025_S,2026-01-19,30
Retail,S001,ST0021_XL,2026-01-19,15
Retail,S001,ST0002_XL,2026-01-19,12
Retail,S001,ST0034_L,2026-01-19,11
Retail,S001,ST0027_S,2026-01-19,27
Retail,S001,ST0033_M,2026-01-19,23
Retail,S001,ST0040_L,2026-01-19,28
Retail,S001,ST0050_S,2026-01-19,41
Retail,S001,ST0026_M,2026-01-19,2
Retail,S001,ST0029_XL,2026-01-19,12
Retail,S001,ST0040_M,2026-01-19,28
Retail,S001,ST0008_S,2026-01-19,27
Retail,S001,ST0020_XL,2026-01-19,4
Retail,S001,ST0049_M,2026-01-19,40
Retail,S001,ST0024_XL,2026-01-19,7
Retail,S001,ST0015_S,2026-01-19,24
Retail,S001,ST0038_L,2026-01-19,6
Retail,S001,ST0023_XL,2026-01-19,35
Retail,S001,ST0049_L,2026-01-19,46
Retail,S002,ST0037_M,2026-01-19,15
Retail,S002,ST0045_XL,2026-01-19,11
Retail,S002,ST0035_L,2026-01-19,33
Retail,S002,ST0048_M,2026-01-19,46
Retail,S002,ST0026_S,2026-01-19,0
Retail,S002,ST0045_S,2026-01-19,43
Retail,S002,ST0008_L,2026-01-19,37
Retail,S002,ST0046_L,2026-01-19,16
Retail,S002,ST0030_L,2026-01-19,20
Retail,S002,ST0007_L,2026-01-19,46
Retail,S002,ST0040_L,2026-01-19,1
Retail,S002,ST0029_XL,2026-01-19,1
Retail,S002,ST0034_L,2026-01-19,42
Retail,S002,ST0002_XL,2026-01-19,27
Retail,S002,ST0041_XL,2026-01-19,25
Retail,S002,ST0042_S,2026-01-19,27
Retail,S002,ST0043_L,2026-01-19,32
Retail,S002,ST0013_XL,2026-01-19,13
Retail,S002,ST0050_M,2026-01-19,8
Retail,S002,ST0010_S,2026-01-19,29
Retail,S003,ST0008_L,2026-01-19,0
Retail,S003,ST0033_M,2026-01-19,45
Retail,S003,ST0041_L,2026-01-19,30
Retail,S003,ST0030_L,2026-01-19,44
Retail,S003,ST0038_M,2026-01-19,36
Retail,S003,ST0033_XL,2026-01-19,13
Retail,S003,ST0009_L,2026-01-19,5
Retail,S003,ST0022_XL,2026-01-19,20
Retail,S003,ST0039_L,2026-01-19,31
Retail,S003,ST0006_M,2026-01-19,38
Retail,S003,ST0042_S,2026-01-19,26
Retail,S003,ST0002_XL,2026-01-19,20
Retail,S003,ST0001_XL,2026-01-19,29
Retail,S003,ST0027_L,2026-01-19,23
Retail,S003,ST0003_S,2026-01-19,34
Retail,S003,ST0032_L,2026-01-19,3
Retail,S003,ST0028_XL,2026-01-19,35
Retail,S003,ST0024_XL,2026-01-19,8
Retail,S003,ST0017_L,2026-01-19,45
Retail,S003,ST0030_M,2026-01-19,9
Retail,S004,ST0012_L,2026-01-19,48
Retail,S004,ST0016_L,2026-01-19,34
Retail,S004,ST0004_XL,2026-01-19,38
Retail,S004,ST0042_S,2026-01-19,27
Retail,S004,ST0005_L,2026-01-19,31
Retail,S004,ST0038_XL,2026-01-19,33
Retail,S004,ST0003_S,2026-01-19,3
Retail,S004,ST0039_XL,2026-01-19,14
Retail,S004,ST0015_L,2026-01-19,19
Retail,S004,ST0027_L,2026-01-19,48
Retail,S004,ST0013_M,2026-01-19,3
Retail,S004,ST0010_L,2026-01-19,23
Retail,S004,ST0005_XL,2026-01-19,32
Retail,S004,ST0033_XL,2026-01-19,24
Retail,S004,ST0010_M,2026-01-19,17
Retail,S004,ST0030_L,2026-01-19,45
Retail,S004,ST0025_M,2026-01-19,34
Retail,S004,ST0014_XL,2026-01-19,27
Retail,S004,ST0018_L,2026-01-19,8
Retail,S004,ST0028_XL,2026-01-19,27
Retail,S005,ST0007_M,2026-01-19,3
Retail,S005,ST0022_M,2026-01-19,29
Retail,S005,ST0038_S,2026-01-19,41
Retail,S005,ST0041_M,2026-01-19,32
Retail,S005,ST0021_M,2026-01-19,48
Retail,S005,ST0020_XL,2026-01-19,13
Retail,S005,ST0010_L,2026-01-19,3
Retail,S005,ST0028_M,2026-01-19,24
Retail,S005,ST0021_L,2026-01-19,2
Retail,S005,ST0024_M,2026-01-19,22
Retail,S005,ST0002_S,2026-01-19,47
Retail,S005,ST0014_XL,2026-01-19,21
Retail,S005,ST0003_L,2026-01-19,42
Retail,S005,ST0046_L,2026-01-19,36
Retail,S005,ST0038_M,2026-01-19,32
Retail,S005,ST0045_M,2026-01-19,36
Retail,S005,ST0030_L,2026-01-19,22
Retail,S005,ST0006_S,2026-01-19,11
Retail,S005,ST0018_XL,2026-01-19,28
Retail,S005,ST0005_L,2026-01-19,13
Retail,S006,ST0047_M,2026-01-19,2
Retail,S006,ST0043_XL,2026-01-19,32
Retail,S006,ST0035_XL,2026-01-19,35
Retail,S006,ST0001_M,2026-01-19,35
Retail,S006,ST0005_XL,2026-01-19,24
Retail,S006,ST0007_M,2026-01-19,39
Retail,S006,ST0007_S,2026-01-19,8
Retail,S006,ST0009_M,2026-01-19,14
Retail,S006,ST0048_XL,2026-01-19,31
Retail,S006,ST0019_XL,2026-01-19,43
Retail,S006,ST0006_XL,2026-01-19,38
Retail,S006,ST0032_XL,2026-01-19,5
Retail,S006,ST0018_M,2026-01-19,5
Retail,S006,ST0010_S,2026-01-19,46
Retail,S006,ST0023_S,2026-01-19,40
Retail,S006,ST0043_M,2026-01-19,27
Retail,S006,ST0047_S,2026-01-19,15
Retail,S006,ST0021_XL,2026-01-19,14
Retail,S006,ST0050_M,2026-01-19,19
Retail,S006,ST0005_S,2026-01-19,10
Retail,S007,ST0017_L,2026-01-19,10
Retail,S007,ST0014_S,2026-01-19,23
Retail,S007,ST0005_M,2026-01-19,46
Retail,S007,ST0027_L,2026-01-19,49
Retail,S007,ST0020_XL,2026-01-19,47
Retail,S007,ST0009_L,2026-01-19,30
Retail,S007,ST0021_XL,2026-01-19,15
Retail,S007,ST0022_S,2026-01-19,29
Retail,S007,ST0010_XL,2026-01-19,0
Retail,S007,ST0008_XL,2026-01-19,13
Retail,S007,ST0013_XL,2026-01-19,48
Retail,S007,ST0023_L,2026-01-19,33
Retail,S007,ST0004_M,2026-01-19,32
Retail,S007,ST0031_M,2026-01-19,20
Retail,S007,ST0009_XL,2026-01-19,6
Retail,S007,ST0042_S,2026-01-19,16
Retail,S007,ST0015_L,2026-01-19,23
Retail,S007,ST0034_S,2026-01-19,43
Retail,S007,ST0030_S,2026-01-19,44
Retail,S007,ST0020_S,2026-01-19,24
Retail,S008,ST0031_S,2026-01-19,13
Retail,S008,ST0014_L,2026-01-19,31
Retail,S008,ST0030_S,2026-01-19,27
Retail,S008,ST0003_S,2026-01-19,5
Retail,S008,ST0001_L,2026-01-19,23
Retail,S008,ST0001_XL,2026-01-19,1
Retail,S008,ST0012_M,2026-01-19,37
Retail,S008,ST0009_L,2026-01-19,30
Retail,S008,ST0034_XL,2026-01-19,35
Retail,S008,ST0018_S,2026-01-19,41
Retail,S008,ST0006_XL,2026-01-19,44
Retail,S008,ST0040_S,2026-01-19,13
Retail,S008,ST0024_S,2026-01-19,19
Retail,S008,ST0025_M,2026-01-19,10
Retail,S008,ST0011_XL,2026-01-19,36
Retail,S008,ST0043_XL,2026-01-19,43
Retail,S008,ST0008_L,2026-01-19,7
Retail,S008,ST0027_M,2026-01-19,41
Retail,S008,ST0039_XL,2026-01-19,46
Retail,S008,ST0022_S,2026-01-19,2
Retail,S009,ST0030_S,2026-01-19,27
Retail,S009,ST0012_XL,2026-01-19,27
Retail,S009,ST0037_L,2026-01-19,19
Retail,S009,ST0040_M,2026-01-19,12
Retail,S009,ST0049_S,2026-01-19,41
Retail,S009,ST0044_S,2026-01-19,28
Retail,S009,ST0039_L,2026-01-19,29
Retail,S009,ST0010_L,2026-01-19,31
Retail,S009,ST0029_M,2026-01-19,22
Retail,S009,ST0045_M,2026-01-19,9
Retail,S009,ST0005_M,2026-01-19,20
Retail,S009,ST0026_S,2026-01-19,14
Retail,S009,ST0010_M,2026-01-19,34
Retail,S009,ST0009_L,2026-01-19,14
Retail,S009,ST0002_L,2026-01-19,10
Retail,S009,ST0015_S,2026-01-19,28
Retail,S009,ST0011_M,2026-01-19,20
Retail,S009,ST0016_S,2026-01-19,21
Retail,S009,ST0025_S,2026-01-19,20
Retail,S009,ST0045_S,2026-01-19,17
Retail,S010,ST0009_XL,2026-01-19,31
Retail,S010,ST0017_L,2026-01-19,43
Retail,S010,ST0022_S,2026-01-19,46
Retail,S010,ST0034_S,2026-01-19,35
Retail,S010,ST0018_M,2026-01-19,32
Retail,S010,ST0023_S,2026-01-19,41
Retail,S010,ST0033_L,2026-01-19,12
Retail,S010,ST0044_S,2026-01-19,36
Retail,S010,ST0031_M,2026-01-19,39
Retail,S010,ST0048_S,2026-01-19,4
Retail,S010,ST0022_XL,2026-01-19,17
Retail,S010,ST0023_M,2026-01-19,36
Retail,S010,ST0034_M,2026-01-19,38
Retail,S010,ST0014_L,2026-01-19,33
Retail,S010,ST0049_M,2026-01-19,13
Retail,S010,ST0005_L,2026-01-19,10
Retail,S010,ST0016_XL,2026-01-19,14
Retail,S010,ST0030_L,2026-01-19,9
Retail,S010,ST0009_M,2026-01-19,10
Retail,S010,ST0010_M,2026-01-19,15
Retail,S001,ST0037_S,2026-01-20,34
Retail,S001,ST0045_S,2026-01-20,18
Retail,S001,ST0038_XL,2026-01-20,48
Retail,S001,ST0004_M,2026-01-20,27
Retail,S001,ST0047_M,2026-01-20,7
Retail,S001,ST0050_M,2026-01-20,22
Retail,S001,ST0049_XL,2026-01-20,16
Retail,S001,ST0034_XL,2026-01-20,34
Retail,S001,ST0035_XL,2026-01-20,35
Retail,S001,ST0021_XL,2026-01-20,48
Retail,S001,ST0007_S,2026-01-20,30
Retail,S001,ST0014_M,2026-01-20,11
Retail,S001,ST0046_S,2026-01-20,24
Retail,S001,ST0007_L,2026-01-20,29
Retail,S001,ST0049_M,2026-01-20,8
Retail,S001,ST0040_XL,2026-01-20,19
Retail,S001,ST0044_M,2026-01-20,38
Retail,S001,ST0022_M,2026-01-20,41
Retail,S001,ST0006_XL,2026-01-20,10
Retail,S001,ST0027_M,2026-01-20,10
Retail,S002,ST0007_S,2026-01-20,46
Retail,S002,ST0015_M,2026-01-20,29
Retail,S002,ST0005_L,2026-01-20,43
Retail,S002,ST0002_XL,2026-01-20,48
Retail,S002,ST0028_S,2026-01-20,36
Retail,S002,ST0040_S,2026-01-20,16
Retail,S002,ST0001_XL,2026-01-20,27
Retail,S002,ST0044_M,2026-01-20,33
Retail,S002,ST0010_XL,2026-01-20,48
Retail,S002,ST0036_XL,2026-01-20,48
Retail,S002,ST0037_S,2026-01-20,2
Retail,S002,ST0033_M,2026-01-20,15
Retail,S002,ST0011_L,2026-01-20,37
Retail,S002,ST0018_L,2026-01-20,5
Retail,S002,ST0006_S,2026-01-20,40
Retail,S002,ST0019_XL,2026-01-20,5
Retail,S002,ST0003_S,2026-01-20,49
Retail,S002,ST0035_S,2026-01-20,47
Retail,S002,ST0013_S,2026-01-20,42
Retail,S002,ST0004_L,2026-01-20,48
Retail,S003,ST0041_XL,2026-01-20,38
Retail,S003,ST0033_XL,2026-01-20,11
Retail,S003,ST0017_M,2026-01-20,32
Retail,S003,ST0021_M,2026-01-20,12
Retail,S003,ST0018_L,2026-01-20,23
Retail,S003,ST0025_L,2026-01-20,45
Retail,S003,ST0049_M,2026-01-20,48
Retail,S003,ST0006_S,2026-01-20,43
Retail,S003,ST0049_XL,2026-01-20,10
Retail,S003,ST0016_S,2026-01-20,35
Retail,S003,ST0006_M,2026-01-20,13
Retail,S003,ST0044_M,2026-01-20,11
Retail,S003,ST0047_L,2026-01-20,13
Retail,S003,ST0005_XL,2026-01-20,16
Retail,S003,ST0008_M,2026-01-20,21
Retail,S003,ST0048_L,2026-01-20,12
Retail,S003,ST0014_S,2026-01-20,42
Retail,S003,ST0022_S,2026-01-20,4
Retail,S003,ST0045_M,2026-01-20,37
Retail,S003,ST0030_S,2026-01-20,31
Retail,S004,ST0019_XL,2026-01-20,26
Retail,S004,ST0038_L,2026-01-20,1
Retail,S004,ST0037_S,2026-01-20,0
Retail,S004,ST0027_S,2026-01-20,47
Retail,S004,ST0025_S,2026-01-20,23
Retail,S004,ST0042_L,2026-01-20,10
Retail,S004,ST0048_S,2026-01-20,5
Retail,S004,ST0036_M,2026-01-20,28
Retail,S004,ST0024_XL,2026-01-20,0
Retail,S004,ST0036_S,2026-01-20,8
Retail,S004,ST0026_L,2026-01-20,6
Retail,S004,ST0030_XL,2026-01-20,2
Retail,S004,ST0038_M,2026-01-20,8
Retail,S004,ST0041_M,2026-01-20,9
Retail,S004,ST0032_L,2026-01-20,30
Retail,S004,ST0018_M,2026-01-20,17
Retail,S004,ST0035_M,2026-01-20,41
Retail,S004,ST0029_XL,2026-01-20,39
Retail,S004,ST0043_L,2026-01-20,34
Retail,S004,ST0026_S,2026-01-20,0
Retail,S005,ST0047_XL,2026-01-20,24
Retail,S005,ST0010_XL,2026-01-20,18
Retail,S005,ST0044_L,2026-01-20,18
Retail,S005,ST0004_L,2026-01-20,16
Retail,S005,ST0005_L,2026-01-20,5
Retail,S005,ST0010_S,2026-01-20,11
Retail,S005,ST0015_L,2026-01-20,45
Retail,S005,ST0020_M,2026-01-20,1
Retail,S005,ST0027_M,2026-01-20,41
Retail,S005,ST0006_M,2026-01-20,31
Retail,S005,ST0048_L,2026-01-20,5
Retail,S005,ST0017_XL,2026-01-20,12
Retail,S005,ST0025_L,2026-01-20,9
Retail,S005,ST0037_XL,2026-01-20,4
Retail,S005,ST0044_M,2026-01-20,35
Retail,S005,ST0038_L,2026-01-20,21
Retail,S005,ST0039_S,2026-01-20,45
Retail,S005,ST0013_L,2026-01-20,13
Retail,S005,ST0036_M,2026-01-20,47
Retail,S005,ST0047_L,2026-01-20,7
Retail,S006,ST0029_XL,2026-01-20,38
Retail,S006,ST0005_M,2026-01-20,37
Retail,S006,ST0019_L,2026-01-20,2
Retail,S006,ST0024_S,2026-01-20,42
Retail,S006,ST0021_L,2026-01-20,32
Retail,S006,ST0018_S,2026-01-20,22
Retail,S006,ST0042_S,2026-01-20,16
Retail,S006,ST0019_M,2026-01-20,48
Retail,S006,ST0004_L,2026-01-20,27
Retail,S006,ST0041_S,2026-01-20,39
Retail,S006,ST0014_M,2026-01-20,28
Retail,S006,ST0010_M,2026-01-20,6
Retail,S006,ST0018_M,2026-01-20,21
Retail,S006,ST0028_S,2026-01-20,10
Retail,S006,ST0031_M,2026-01-20,26
Retail,S006,ST0009_L,2026-01-20,21
Retail,S006,ST0040_L,2026-01-20,49
Retail,S006,ST0008_XL,2026-01-20,24
Retail,S006,ST0049_L,2026-01-20,15
Retail,S006,ST0018_L,2026-01-20,40
Retail,S007,ST0019_S,2026-01-20,32
Retail,S007,ST0010_L,2026-01-20,12
Retail,S007,ST0030_L,2026-01-20,49
Retail,S007,ST0002_L,2026-01-20,35
Retail,S007,ST0007_M,2026-01-20,3
Retail,S007,ST0020_S,2026-01-20,3
Retail,S007,ST0036_S,2026-01-20,17
Retail,S007,ST0045_M,2026-01-20,19
Retail,S007,ST0044_S,2026-01-20,31
Retail,S007,ST0041_XL,2026-01-20,45
Retail,S007,ST0037_L,2026-01-20,12
Retail,S007,ST0028_M,2026-01-20,8
Retail,S007,ST0050_L,2026-01-20,32
Retail,S007,ST0023_M,2026-01-20,36
Retail,S007,ST0046_XL,2026-01-20,45
Retail,S007,ST0003_S,2026-01-20,15
Retail,S007,ST0048_S,2026-01-20,15
Retail,S007,ST0003_L,2026-01-20,22
Retail,S007,ST0009_S,2026-01-20,45
Retail,S007,ST0028_L,2026-01-20,2
Retail,S008,ST0006_L,2026-01-20,21
Retail,S008,ST0019_S,2026-01-20,16
Retail,S008,ST0017_S,2026-01-20,3
Retail,S008,ST0030_L,2026-01-20,36
Retail,S008,ST0049_XL,2026-01-20,7
Retail,S008,ST0010_XL,2026-01-20,7
Retail,S008,ST0041_S,2026-01-20,16
Retail,S008,ST0028_S,2026-01-20,47
Retail,S008,ST0004_S,2026-01-20,15
Retail,S008,ST0010_S,2026-01-20,44
Retail,S008,ST0047_M,2026-01-20,36
Retail,S008,ST0024_S,2026-01-20,1
Retail,S008,ST0021_M,2026-01-20,35
Retail,S008,ST0040_M,2026-01-20,49
Retail,S008,ST0004_XL,2026-01-20,30
Retail,S008,ST0030_XL,2026-01-20,18
Retail,S008,ST0022_XL,2026-01-20,35
Retail,S008,ST0041_XL,2026-01-20,47
Retail,S008,ST0048_M,2026-01-20,30
Retail,S008,ST0015_XL,2026-01-20,12
Retail,S009,ST0034_L,2026-01-20,39
Retail,S009,ST0004_L,2026-01-20,27
Retail,S009,ST0019_XL,2026-01-20,46
Retail,S009,ST0037_L,2026-01-20,20
Retail,S009,ST0013_S,2026-01-20,13
Retail,S009,ST0015_XL,2026-01-20,35
Retail,S009,ST0040_S,2026-01-20,43
Retail,S009,ST0016_L,2026-01-20,6
Retail,S009,ST0029_M,2026-01-20,45
Retail,S009,ST0006_S,2026-01-20,38
Retail,S009,ST0020_L,2026-01-20,30
Retail,S009,ST0023_M,2026-01-20,17
Retail,S009,ST0032_XL,2026-01-20,7
Retail,S009,ST0016_M,2026-01-20,14
Retail,S009,ST0041_XL,2026-01-20,32
Retail,S009,ST0005_M,2026-01-20,18
Retail,S009,ST0031_M,2026-01-20,18
Retail,S009,ST0046_S,2026-01-20,0
Retail,S009,ST0013_M,2026-01-20,2
Retail,S009,ST0028_S,2026-01-20,24
Retail,S010,ST0009_S,2026-01-20,43
Retail,S010,ST0027_S,2026-01-20,39
Retail,S010,ST0017_M,2026-01-20,6
Retail,S010,ST0010_M,2026-01-20,46
Retail,S010,ST0037_S,2026-01-20,7
Retail,S010,ST0050_XL,2026-01-20,4
Retail,S010,ST0033_S,2026-01-20,40
Retail,S010,ST0013_L,2026-01-20,48
Retail,S010,ST0015_L,2026-01-20,34
Retail,S010,ST0022_S,2026-01-20,6
Retail,S010,ST0023_XL,2026-01-20,7
Retail,S010,ST0042_XL,2026-01-20,33
Retail,S010,ST0029_L,2026-01-20,27
Retail,S010,ST0043_L,2026-01-20,42
Retail,S010,ST0041_XL,2026-01-20,27
Retail,S010,ST0003_L,2026-01-20,41
Retail,S010,ST0028_M,2026-01-20,2
Retail,S010,ST0025_L,2026-01-20,21
Retail,S010,ST0016_XL,2026-01-20,1
Retail,S010,ST0001_S,2026-01-20,22
Retail,S001,ST0048_XL,2026-01-21,34
Retail,S001,ST0044_XL,2026-01-21,11
Retail,S001,ST0031_L,2026-01-21,32
Retail,S001,ST0046_S,2026-01-21,38
Retail,S001,ST0030_S,2026-01-21,8
Retail,S001,ST0005_M,2026-01-21,3
Retail,S001,ST0020_L,2026-01-21,43
Retail,S001,ST0032_XL,2026-01-21,3
Retail,S001,ST0020_S,2026-01-21,14
Retail,S001,ST0032_L,2026-01-21,19
Retail,S001,ST0026_M,2026-01-21,0
Retail,S001,ST0042_XL,2026-01-21,10
Retail,S001,ST0034_S,2026-01-21,28
Retail,S001,ST0038_L,2026-01-21,29
Retail,S001,ST0029_L,2026-01-21,44
Retail,S001,ST0006_M,2026-01-21,5
Retail,S001,ST0038_XL,2026-01-21,3
Retail,S001,ST0036_L,2026-01-21,47
Retail,S001,ST0001_L,2026-01-21,8
Retail,S001,ST0045_M,2026-01-21,46
Retail,S002,ST0007_S,2026-01-21,14
Retail,S002,ST0027_XL,2026-01-21,14
Retail,S002,ST0004_M,2026-01-21,39
Retail,S002,ST0009_S,2026-01-21,15
Retail,S002,ST0028_M,2026-01-21,30
Retail,S002,ST0048_XL,2026-01-21,34
Retail,S002,ST0001_M,2026-01-21,49
Retail,S002,ST0003_S,2026-01-21,28
Retail,S002,ST0048_S,2026-01-21,5
Retail,S002,ST0035_S,2026-01-21,28
Retail,S002,ST0031_L,2026-01-21,44
Retail,S002,ST0009_XL,2026-01-21,43
Retail,S002,ST0032_S,2026-01-21,31
Retail,S002,ST0026_S,2026-01-21,19
Retail,S002,ST0037_XL,2026-01-21,41
Retail,S002,ST0017_M,2026-01-21,4
Retail,S002,ST0040_L,2026-01-21,21
Retail,S002,ST0002_L,2026-01-21,18
Retail,S002,ST0050_XL,2026-01-21,14
Retail,S002,ST0017_XL,2026-01-21,46
Retail,S003,ST0044_S,2026-01-21,5
Retail,S003,ST0041_S,2026-01-21,29
Retail,S003,ST0016_M,2026-01-21,48
Retail,S003,ST0048_L,2026-01-21,19
Retail,S003,ST0031_L,2026-01-21,23
Retail,S003,ST0004_M,2026-01-21,32
Retail,S003,ST0032_S,2026-01-21,29
Retail,S003,ST0033_L,2026-01-21,44
Retail,S003,ST0010_S,2026-01-21,46
Retail,S003,ST0050_L,2026-01-21,2
Retail,S003,ST0030_M,2026-01-21,18
Retail,S003,ST0041_L,2026-01-21,8
Retail,S003,ST0047_XL,2026-01-21,17
Retail,S003,ST0012_XL,2026-01-21,21
Retail,S003,ST0045_L,2026-01-21,22
Retail,S003,ST0036_S,2026-01-21,6
Retail,S003,ST0043_S,2026-01-21,10
Retail,S003,ST0038_L,2026-01-21,41
Retail,S003,ST0049_M,2026-01-21,33
Retail,S003,ST0049_XL,2026-01-21,41
Retail,S004,ST0050_S,2026-01-21,30
Retail,S004,ST0032_M,2026-01-21,8
Retail,S004,ST0042_S,2026-01-21,27
Retail,S004,ST0040_M,2026-01-21,38
Retail,S004,ST0034_S,2026-01-21,30
Retail,S004,ST0003_XL,2026-01-21,32
Retail,S004,ST0023_L,2026-01-21,44
Retail,S004,ST0026_S,2026-01-21,10
Retail,S004,ST0035_M,2026-01-21,34
Retail,S004,ST0012_XL,2026-01-21,38
Retail,S004,ST0034_XL,2026-01-21,33
Retail,S004,ST0048_XL,2026-01-21,31
Retail,S004,ST0046_M,2026-01-21,11
Retail,S004,ST0005_XL,2026-01-21,17
Retail,S004,ST0048_S,2026-01-21,18
Retail,S004,ST0016_XL,2026-01-21,41
Retail,S004,ST0015_S,2026-01-21,14
Retail,S004,ST0015_M,2026-01-21,18
Retail,S004,ST0027_S,2026-01-21,39
Retail,S004,ST0045_L,2026-01-21,0
Retail,S005,ST0014_S,2026-01-21,14
Retail,S005,ST0022_L,2026-01-21,1
Retail,S005,ST0044_XL,2026-01-21,41
Retail,S005,ST0044_S,2026-01-21,37
Retail,S005,ST0050_M,2026-01-21,24
Retail,S005,ST0039_M,2026-01-21,23
Retail,S005,ST0011_L,2026-01-21,9
Retail,S005,ST0002_S,2026-01-21,49
Retail,S005,ST0020_M,2026-01-21,49
Retail,S005,ST0048_S,2026-01-21,4
Retail,S005,ST0030_L,2026-01-21,43
Retail,S005,ST0047_L,2026-01-21,18
Retail,S005,ST0025_S,2026-01-21,32
Retail,S005,ST0047_S,2026-01-21,36
Retail,S005,ST0023_L,2026-01-21,37
Retail,S005,ST0034_XL,2026-01-21,5
Retail,S005,ST0009_L,2026-01-21,9
Retail,S005,ST0011_M,2026-01-21,3
Retail,S005,ST0008_XL,2026-01-21,3
Retail,S005,ST0036_XL,2026-01-21,20
Retail,S006,ST0022_L,2026-01-21,20
Retail,S006,ST0014_S,2026-01-21,11
Retail,S006,ST0041_M,2026-01-21,21
Retail,S006,ST0023_XL,2026-01-21,16
Retail,S006,ST0034_XL,2026-01-21,10
Retail,S006,ST0013_S,2026-01-21,33
Retail,S006,ST0013_L,2026-01-21,36
Retail,S006,ST0010_S,2026-01-21,48
Retail,S006,ST0018_M,2026-01-21,25
Retail,S006,ST0027_M,2026-01-21,44
Retail,S006,ST0015_S,2026-01-21,31
Retail,S006,ST0016_XL,2026-01-21,4
Retail,S006,ST0020_XL,2026-01-21,6
Retail,S006,ST0022_XL,2026-01-21,22
Retail,S006,ST0050_L,2026-01-21,38
Retail,S006,ST0042_S,2026-01-21,44
Retail,S006,ST0024_S,2026-01-21,5
Retail,S006,ST0019_XL,2026-01-21,28
Retail,S006,ST0046_M,2026-01-21,4
Retail,S006,ST0046_S,2026-01-21,24
Retail,S007,ST0032_L,2026-01-21,3
Retail,S007,ST0023_S,2026-01-21,48
Retail,S007,ST0028_S,2026-01-21,49
Retail,S007,ST0043_L,2026-01-21,33
Retail,S007,ST0005_XL,2026-01-21,32
Retail,S007,ST0042_M,2026-01-21,32
Retail,S007,ST0008_XL,2026-01-21,33
Retail,S007,ST0015_S,2026-01-21,21
Retail,S007,ST0033_L,2026-01-21,24
Retail,S007,ST0040_XL,2026-01-21,32
Retail,S007,ST0024_XL,2026-01-21,8
Retail,S007,ST0046_M,2026-01-21,32
Retail,S007,ST0017_XL,2026-01-21,46
Retail,S007,ST0021_XL,2026-01-21,2
Retail,S007,ST0039_S,2026-01-21,13
Retail,S007,ST0004_L,2026-01-21,19
Retail,S007,ST0023_M,2026-01-21,3
Retail,S007,ST0048_XL,2026-01-21,23
Retail,S007,ST0009_S,2026-01-21,11
Retail,S007,ST0027_S,2026-01-21,34
Retail,S008,ST0042_XL,2026-01-21,11
Retail,S008,ST0028_M,2026-01-21,30
Retail,S008,ST0015_S,2026-01-21,0
Retail,S008,ST0019_M,2026-01-21,10
Retail,S008,ST0037_XL,2026-01-21,15
Retail,S008,ST0010_M,2026-01-21,48
Retail,S008,ST0019_L,2026-01-21,8
Retail,S008,ST0035_XL,2026-01-21,7
Retail,S008,ST0050_L,2026-01-21,9
Retail,S008,ST0046_XL,2026-01-21,22
Retail,S008,ST0004_XL,2026-01-21,3
Retail,S008,ST0028_XL,2026-01-21,49
Retail,S008,ST0005_XL,2026-01-21,3
Retail,S008,ST0007_XL,2026-01-21,38
Retail,S008,ST0039_L,2026-01-21,33
Retail,S008,ST0049_XL,2026-01-21,33
Retail,S008,ST0027_XL,2026-01-21,2
Retail,S008,ST0033_M,2026-01-21,33
Retail,S008,ST0021_M,2026-01-21,34
Retail,S008,ST0031_M,2026-01-21,42
Retail,S009,ST0028_XL,2026-01-21,6
Retail,S009,ST0023_XL,2026-01-21,25
Retail,S009,ST0025_M,2026-01-21,22
Retail,S009,ST0042_L,2026-01-21,6
Retail,S009,ST0045_XL,2026-01-21,7
Retail,S009,ST0041_S,2026-01-21,31
Retail,S009,ST0044_S,2026-01-21,33
Retail,S009,ST0028_S,2026-01-21,14
Retail,S009,ST0039_L,2026-01-21,23
Retail,S009,ST0016_XL,2026-01-21,17
Retail,S009,ST0035_XL,2026-01-21,18
Retail,S009,ST0050_XL,2026-01-21,15
Retail,S009,ST0037_M,2026-01-21,33
Retail,S009,ST0020_L,2026-01-21,25
Retail,S009,ST0009_XL,2026-01-21,21
Retail,S009,ST0012_XL,2026-01-21,28
Retail,S009,ST0025_S,2026-01-21,28
Retail,S009,ST0048_XL,2026-01-21,43
Retail,S009,ST0038_S,2026-01-21,34
Retail,S009,ST0001_M,2026-01-21,5
Retail,S010,ST0022_L,2026-01-21,21
Retail,S010,ST0046_XL,2026-01-21,23
Retail,S010,ST0011_L,2026-01-21,9
Retail,S010,ST0003_XL,2026-01-21,10
Retail,S010,ST0043_XL,2026-01-21,42
Retail,S010,ST0036_M,2026-01-21,21
Retail,S010,ST0043_S,2026-01-21,7
Retail,S010,ST0003_S,2026-01-21,48
Retail,S010,ST0027_S,2026-01-21,22
Retail,S010,ST0033_L,2026-01-21,30
Retail,S010,ST0018_XL,2026-01-21,5
Retail,S010,ST0028_S,2026-01-21,24
Retail,S010,ST0033_M,2026-01-21,30
Retail,S010,ST0034_XL,2026-01-21,13
Retail,S010,ST0024_S,2026-01-21,15
Retail,S010,ST0003_L,2026-01-21,8
Retail,S010,ST0015_L,2026-01-21,1
Retail,S010,ST0020_M,2026-01-21,3
Retail,S010,ST0011_M,2026-01-21,35
Retail,S010,ST0019_XL,2026-01-21,5
Retail,S001,ST0042_S,2026-01-22,42
Retail,S001,ST0029_L,2026-01-22,41
Retail,S001,ST0039_S,2026-01-22,13
Retail,S001,ST0023_XL,2026-01-22,27
Retail,S001,ST0048_S,2026-01-22,40
Retail,S001,ST0019_L,2026-01-22,19
Retail,S001,ST0030_M,2026-01-22,24
Retail,S001,ST0024_XL,2026-01-22,38
Retail,S001,ST0019_M,2026-01-22,21
Retail,S001,ST0047_XL,2026-01-22,46
Retail,S001,ST0015_L,2026-01-22,9
Retail,S001,ST0031_L,2026-01-22,22
Retail,S001,ST0027_L,2026-01-22,0
Retail,S001,ST0009_L,2026-01-22,0
Retail,S001,ST0030_XL,2026-01-22,45
Retail,S001,ST0038_S,2026-01-22,25
Retail,S001,ST0007_M,2026-01-22,1
Retail,S001,ST0029_XL,2026-01-22,27
Retail,S001,ST0021_M,2026-01-22,41
Retail,S001,ST0039_M,2026-01-22,27
Retail,S002,ST0035_XL,2026-01-22,2
Retail,S002,ST0045_L,2026-01-22,18
Retail,S002,ST0022_M,2026-01-22,27
Retail,S002,ST0023_XL,2026-01-22,10
Retail,S002,ST0019_XL,2026-01-22,1
Retail,S002,ST0009_M,2026-01-22,11
Retail,S002,ST0011_S,2026-01-22,40
Retail,S002,ST0007_S,2026-01-22,49
Retail,S002,ST0024_S,2026-01-22,36
Retail,S002,ST0017_XL,2026-01-22,47
Retail,S002,ST0037_L,2026-01-22,29
Retail,S002,ST0044_S,2026-01-22,15
Retail,S002,ST0003_M,2026-01-22,33
Retail,S002,ST0033_S,2026-01-22,47
Retail,S002,ST0035_S,2026-01-22,35
Retail,S002,ST0013_XL,2026-01-22,2
Retail,S002,ST0031_S,2026-01-22,11
Retail,S002,ST0034_M,2026-01-22,44
Retail,S002,ST0036_S,2026-01-22,49
Retail,S002,ST0046_S,2026-01-22,24
Retail,S003,ST0025_M,2026-01-22,33
Retail,S003,ST0022_L,2026-01-22,0
Retail,S003,ST0021_XL,2026-01-22,10
Retail,S003,ST0009_M,2026-01-22,34
Retail,S003,ST0050_M,2026-01-22,31
Retail,S003,ST0030_S,2026-01-22,41
Retail,S003,ST0008_L,2026-01-22,39
Retail,S003,ST0015_S,2026-01-22,17
Retail,S003,ST0049_XL,2026-01-22,11
Retail,S003,ST0027_S,2026-01-22,3
Retail,S003,ST0043_S,2026-01-22,23
Retail,S003,ST0013_L,2026-01-22,30
Retail,S003,ST0040_XL,2026-01-22,49
Retail,S003,ST0012_M,2026-01-22,33
Retail,S003,ST0017_M,2026-01-22,7
Retail,S003,ST0042_S,2026-01-22,34
Retail,S003,ST0007_M,2026-01-22,28
Retail,S003,ST0037_XL,2026-01-22,49
Retail,S003,ST0022_XL,2026-01-22,39
Retail,S003,ST0047_S,2026-01-22,21
Retail,S004,ST0034_XL,2026-01-22,25
Retail,S004,ST0013_XL,2026-01-22,25
Retail,S004,ST0008_S,2026-01-22,2
Retail,S004,ST0003_XL,2026-01-22,15
Retail,S004,ST0042_XL,2026-01-22,35
Retail,S004,ST0048_M,2026-01-22,27
Retail,S004,ST0023_S,2026-01-22,24
Retail,S004,ST0018_XL,2026-01-22,8
Retail,S004,ST0044_XL,2026-01-22,36
Retail,S004,ST0031_S,2026-01-22,44
Retail,S004,ST0008_XL,2026-01-22,1
Retail,S004,ST0014_L,2026-01-22,33
Retail,S004,ST0036_S,2026-01-22,12
Retail,S004,ST0047_XL,2026-01-22,10
Retail,S004,ST0043_L,2026-01-22,46
Retail,S004,ST0033_M,2026-01-22,27
Retail,S004,ST0019_S,2026-01-22,19
Retail,S004,ST0002_M,2026-01-22,38
Retail,S004,ST0005_L,2026-01-22,31
Retail,S004,ST0015_M,2026-01-22,1
Retail,S005,ST0042_L,2026-01-22,39
Retail,S005,ST0010_L,2026-01-22,22
Retail,S005,ST0031_S,2026-01-22,20
Retail,S005,ST0044_M,2026-01-22,25
Retail,S005,ST0030_S,2026-01-22,1
Retail,S005,ST0041_L,2026-01-22,39
Retail,S005,ST0012_L,2026-01-22,1
Retail,S005,ST0008_M,2026-01-22,13
Retail,S005,ST0046_L,2026-01-22,1
Retail,S005,ST0030_M,2026-01-22,3
Retail,S005,ST0022_S,2026-01-22,13
Retail,S005,ST0042_M,2026-01-22,47
Retail,S005,ST0048_M,2026-01-22,19
Retail,S005,ST0036_XL,2026-01-22,47
Retail,S005,ST0018_M,2026-01-22,1
Retail,S005,ST0005_XL,2026-01-22,27
Retail,S005,ST0022_L,2026-01-22,13
Retail,S005,ST0049_L,2026-01-22,22
Retail,S005,ST0031_M,2026-01-22,34
Retail,S005,ST0036_S,2026-01-22,40
Retail,S006,ST0043_M,2026-01-22,11
Retail,S006,ST0031_M,2026-01-22,4
Retail,S006,ST0049_M,2026-01-22,6
Retail,S006,ST0042_M,2026-01-22,16
Retail,S006,ST0016_S,2026-01-22,26
Retail,S006,ST0023_XL,2026-01-22,14
Retail,S006,ST0033_L,2026-01-22,10
Retail,S006,ST0012_L,2026-01-22,20
Retail,S006,ST0024_XL,2026-01-22,49
Retail,S006,ST0001_S,2026-01-22,47
Retail,S006,ST0026_M,2026-01-22,21
Retail,S006,ST0031_L,2026-01-22,12
Retail,S006,ST0013_L,2026-01-22,45
Retail,S006,ST0034_L,2026-01-22,38
Retail,S006,ST0040_S,2026-01-22,6
Retail,S006,ST0024_M,2026-01-22,12
Retail,S006,ST0048_XL,2026-01-22,5
Retail,S006,ST0005_XL,2026-01-22,14
Retail,S006,ST0002_L,2026-01-22,48
Retail,S006,ST0003_XL,2026-01-22,2
Retail,S007,ST0035_S,2026-01-22,43
Retail,S007,ST0021_XL,2026-01-22,6
Retail,S007,ST0017_L,2026-01-22,26
Retail,S007,ST0040_L,2026-01-22,23
Retail,S007,ST0034_M,2026-01-22,43
Retail,S007,ST0002_S,2026-01-22,32
Retail,S007,ST0034_L,2026-01-22,41
Retail,S007,ST0046_S,2026-01-22,6
Retail,S007,ST0042_M,2026-01-22,30
Retail,S007,ST0023_S,2026-01-22,44
Retail,S007,ST0004_S,2026-01-22,20
Retail,S007,ST0031_S,2026-01-22,45
Retail,S007,ST0007_M,2026-01-22,39
Retail,S007,ST0006_M,2026-01-22,33
Retail,S007,ST0014_L,2026-01-22,29
Retail,S007,ST0007_L,2026-01-22,4
Retail,S007,ST0031_L,2026-01-22,11
Retail,S007,ST0039_S,2026-01-22,12
Retail,S007,ST0042_XL,2026-01-22,35
Retail,S007,ST0020_S,2026-01-22,35
Retail,S008,ST0009_S,2026-01-22,49
Retail,S008,ST0047_M,2026-01-22,43
Retail,S008,ST0047_XL,2026-01-22,37
Retail,S008,ST0046_L,2026-01-22,34
Retail,S008,ST0038_XL,2026-01-22,47
Retail,S008,ST0027_M,2026-01-22,47
Retail,S008,ST0019_L,2026-01-22,32
Retail,S008,ST0023_M,2026-01-22,22
Retail,S008,ST0036_XL,2026-01-22,11
Retail,S008,ST0044_M,2026-01-22,1
Retail,S008,ST0024_L,2026-01-22,9
Retail,S008,ST0036_M,2026-01-22,27
Retail,S008,ST0033_XL,2026-01-22,22
Retail,S008,ST0007_S,2026-01-22,29
Retail,S008,ST0036_L,2026-01-22,12
Retail,S008,ST0003_M,2026-01-22,11
Retail,S008,ST0033_M,2026-01-22,16
Retail,S008,ST0007_L,2026-01-22,21
Retail,S008,ST0045_XL,2026-01-22,9
Retail,S008,ST0049_M,2026-01-22,25
Retail,S009,ST0034_S,2026-01-22,4
Retail,S009,ST0046_S,2026-01-22,25
Retail,S009,ST0036_L,2026-01-22,43
Retail,S009,ST0004_S,2026-01-22,10
Retail,S009,ST0025_S,2026-01-22,40
Retail,S009,ST0034_M,2026-01-22,31
Retail,S009,ST0044_XL,2026-01-22,16
Retail,S009,ST0005_XL,2026-01-22,7
Retail,S009,ST0028_M,2026-01-22,32
Retail,S009,ST0015_XL,2026-01-22,4
Retail,S009,ST0050_L,2026-01-22,31
Retail,S009,ST0006_M,2026-01-22,7
Retail,S009,ST0049_S,2026-01-22,25
Retail,S009,ST0039_L,2026-01-22,8
Retail,S009,ST0003_L,2026-01-22,6
Retail,S009,ST0046_L,2026-01-22,20
Retail,S009,ST0038_XL,2026-01-22,31
Retail,S009,ST0004_M,2026-01-22,31
Retail,S009,ST0023_XL,2026-01-22,3
Retail,S009,ST0010_XL,2026-01-22,11
Retail,S010,ST0019_S,2026-01-22,21
Retail,S010,ST0033_L,2026-01-22,40
Retail,S010,ST0047_M,2026-01-22,18
Retail,S010,ST0003_M,2026-01-22,26
Retail,S010,ST0007_S,2026-01-22,15
Retail,S010,ST0022_XL,2026-01-22,0
Retail,S010,ST0041_M,2026-01-22,2
Retail,S010,ST0043_XL,2026-01-22,43
Retail,S010,ST0013_S,2026-01-22,15
Retail,S010,ST0032_XL,2026-01-22,36
Retail,S010,ST0043_S,2026-01-22,3
Retail,S010,ST0008_XL,2026-01-22,16
Retail,S010,ST0047_L,2026-01-22,44
Retail,S010,ST0029_M,2026-01-22,19
Retail,S010,ST0025_S,2026-01-22,46
Retail,S010,ST0043_L,2026-01-22,40
Retail,S010,ST0050_L,2026-01-22,41
Retail,S010,ST0027_M,2026-01-22,11
Retail,S010,ST0012_M,2026-01-22,8
Retail,S010,ST0013_L,2026-01-22,15
Retail,S001,ST0036_S,2026-01-23,38
Retail,S001,ST0028_L,2026-01-23,21
Retail,S001,ST0030_L,2026-01-23,35
Retail,S001,ST0047_XL,2026-01-23,16
Retail,S001,ST0021_XL,2026-01-23,23
Retail,S001,ST0012_S,2026-01-23,1
Retail,S001,ST0002_S,2026-01-23,19
Retail,S001,ST0014_M,2026-01-23,5
Retail,S001,ST0039_M,2026-01-23,26
Retail,S001,ST0004_XL,2026-01-23,32
Retail,S001,ST0025_L,2026-01-23,9
Retail,S001,ST0036_M,2026-01-23,5
Retail,S001,ST0021_S,2026-01-23,45
Retail,S001,ST0020_XL,2026-01-23,48
Retail,S001,ST0005_S,2026-01-23,25
Retail,S001,ST0015_S,2026-01-23,29
Retail,S001,ST0020_M,2026-01-23,16
Retail,S001,ST0043_S,2026-01-23,41
Retail,S001,ST0024_L,2026-01-23,23
Retail,S001,ST0049_M,2026-01-23,48
Retail,S002,ST0040_M,2026-01-23,8
Retail,S002,ST0008_M,2026-01-23,33
Retail,S002,ST0008_L,2026-01-23,0
Retail,S002,ST0011_L,2026-01-23,39
Retail,S002,ST0010_M,2026-01-23,34
Retail,S002,ST0011_S,2026-01-23,48
Retail,S002,ST0030_S,2026-01-23,27
Retail,S002,ST0047_S,2026-01-23,45
Retail,S002,ST0046_S,2026-01-23,22
Retail,S002,ST0029_M,2026-01-23,45
Retail,S002,ST0001_M,2026-01-23,25
Retail,S002,ST0007_XL,2026-01-23,42
Retail,S002,ST0021_S,2026-01-23,41
Retail,S002,ST0034_S,2026-01-23,24
Retail,S002,ST0025_XL,2026-01-23,13
Retail,S002,ST0031_M,2026-01-23,40
Retail,S002,ST0015_L,2026-01-23,26
Retail,S002,ST0023_M,2026-01-23,23
Retail,S002,ST0020_S,2026-01-23,32
Retail,S002,ST0035_XL,2026-01-23,44
Retail,S003,ST0027_S,2026-01-23,43
Retail,S003,ST0034_S,2026-01-23,3
Retail,S003,ST0037_XL,2026-01-23,41
Retail,S003,ST0002_L,2026-01-23,35
Retail,S003,ST0016_XL,2026-01-23,4
Retail,S003,ST0039_L,2026-01-23,2
Retail,S003,ST0038_M,2026-01-23,44
Retail,S003,ST0012_L,2026-01-23,37
Retail,S003,ST0030_XL,2026-01-23,21
Retail,S003,ST0022_M,2026-01-23,38
Retail,S003,ST0014_S,2026-01-23,9
Retail,S003,ST0043_M,2026-01-23,18
Retail,S003,ST0002_M,2026-01-23,27
Retail,S003,ST0024_S,2026-01-23,23
Retail,S003,ST0001_S,2026-01-23,4
Retail,S003,ST0011_S,2026-01-23,16
Retail,S003,ST0013_S,2026-01-23,20
Retail,S003,ST0045_L,2026-01-23,42
Retail,S003,ST0048_M,2026-01-23,13
Retail,S003,ST0023_L,2026-01-23,17
Retail,S004,ST0006_M,2026-01-23,35
Retail,S004,ST0029_L,2026-01-23,14
Retail,S004,ST0021_XL,2026-01-23,16
Retail,S004,ST0048_L,2026-01-23,45
Retail,S004,ST0042_L,2026-01-23,5
Retail,S004,ST0015_XL,2026-01-23,40
Retail,S004,ST0048_XL,2026-01-23,13
Retail,S004,ST0019_XL,2026-01-23,32
Retail,S004,ST0045_S,2026-01-23,8
Retail,S004,ST0026_M,2026-01-23,48
Retail,S004,ST0005_M,2026-01-23,4
Retail,S004,ST0024_M,2026-01-23,10
Retail,S004,ST0037_M,2026-01-23,37
Retail,S004,ST0049_XL,2026-01-23,14
Retail,S004,ST0010_M,2026-01-23,38
Retail,S004,ST0001_XL,2026-01-23,2
Retail,S004,ST0030_L,2026-01-23,15
Retail,S004,ST0034_M,2026-01-23,16
Retail,S004,ST0002_M,2026-01-23,18
Retail,S004,ST0043_M,2026-01-23,24
Retail,S005,ST0020_XL,2026-01-23,21
Retail,S005,ST0046_L,2026-01-23,36
Retail,S005,ST0048_XL,2026-01-23,37
Retail,S005,ST0006_S,2026-01-23,19
Retail,S005,ST0011_S,2026-01-23,42
Retail,S005,ST0012_S,2026-01-23,8
Retail,S005,ST0050_M,2026-01-23,16
Retail,S005,ST0042_L,2026-01-23,25
Retail,S005,ST0030_L,2026-01-23,32
Retail,S005,ST0006_L,2026-01-23,28
Retail,S005,ST0040_L,2026-01-23,16
Retail,S005,ST0017_M,2026-01-23,23
Retail,S005,ST0048_M,2026-01-23,4
Retail,S005,ST0010_M,2026-01-23,18
Retail,S005,ST0014_L,2026-01-23,34
Retail,S005,ST0008_L,2026-01-23,5
Retail,S005,ST0020_S,2026-01-23,10
Retail,S005,ST0010_L,2026-01-23,21
Retail,S005,ST0018_XL,2026-01-23,33
Retail,S005,ST0031_L,2026-01-23,43
Retail,S006,ST0016_XL,2026-01-23,11
Retail,S006,ST0044_M,2026-01-23,8
Retail,S006,ST0041_L,2026-01-23,7
Retail,S006,ST0035_S,2026-01-23,25
Retail,S006,ST0003_S,2026-01-23,33
Retail,S006,ST0025_M,2026-01-23,24
Retail,S006,ST0004_S,2026-01-23,43
Retail,S006,ST0031_S,2026-01-23,18
Retail,S006,ST0047_XL,2026-01-23,38
Retail,S006,ST0007_M,2026-01-23,13
Retail,S006,ST0028_XL,2026-01-23,35
Retail,S006,ST0018_M,2026-01-23,14
Retail,S006,ST0036_M,2026-01-23,49
Retail,S006,ST0034_XL,2026-01-23,49
Retail,S006,ST0044_S,2026-01-23,26
Retail,S006,ST0029_L,2026-01-23,8
Retail,S006,ST0002_XL,2026-01-23,12
Retail,S006,ST0003_XL,2026-01-23,43
Retail,S006,ST0023_XL,2026-01-23,33
Retail,S006,ST0042_M,2026-01-23,12
Retail,S007,ST0007_M,2026-01-23,29
Retail,S007,ST0017_XL,2026-01-23,6
Retail,S007,ST0002_S,2026-01-23,7
Retail,S007,ST0014_M,2026-01-23,9
Retail,S007,ST0045_L,2026-01-23,19
Retail,S007,ST0042_L,2026-01-23,0
Retail,S007,ST0017_L,2026-01-23,26
Retail,S007,ST0016_L,2026-01-23,13
Retail,S007,ST0013_S,2026-01-23,1
Retail,S007,ST0021_M,2026-01-23,28
Retail,S007,ST0041_S,2026-01-23,31
Retail,S007,ST0002_M,2026-01-23,4
Retail,S007,ST0013_M,2026-01-23,27
Retail,S007,ST0005_S,2026-01-23,39
Retail,S007,ST0025_L,2026-01-23,30
Retail,S007,ST0003_XL,2026-01-23,5
Retail,S007,ST0011_S,2026-01-23,13
Retail,S007,ST0046_L,2026-01-23,6
Retail,S007,ST0011_XL,2026-01-23,21
Retail,S007,ST0002_XL,2026-01-23,31
Retail,S008,ST0003_M,2026-01-23,44
Retail,S008,ST0002_XL,2026-01-23,10
Retail,S008,ST0033_M,2026-01-23,24
Retail,S008,ST0023_S,2026-01-23,19
Retail,S008,ST0013_M,2026-01-23,20
Retail,S008,ST0032_XL,2026-01-23,24
Retail,S008,ST0021_XL,2026-01-23,21
Retail,S008,ST0010_S,2026-01-23,18
Retail,S008,ST0048_L,2026-01-23,5
Retail,S008,ST0033_XL,2026-01-23,4
Retail,S008,ST0046_XL,2026-01-23,9
Retail,S008,ST0032_M,2026-01-23,0
Retail,S008,ST0009_M,2026-01-23,25
Retail,S008,ST0049_XL,2026-01-23,17
Retail,S008,ST0005_L,2026-01-23,20
Retail,S008,ST0047_M,2026-01-23,37
Retail,S008,ST0024_XL,2026-01-23,31
Retail,S008,ST0018_M,2026-01-23,16
Retail,S008,ST0045_M,2026-01-23,34
Retail,S008,ST0034_S,2026-01-23,8
Retail,S009,ST0024_L,2026-01-23,28
Retail,S009,ST0013_S,2026-01-23,2
Retail,S009,ST0023_M,2026-01-23,17
Retail,S009,ST0006_M,2026-01-23,17
Retail,S009,ST0039_M,2026-01-23,35
Retail,S009,ST0042_S,2026-01-23,18
Retail,S009,ST0007_M,2026-01-23,10
Retail,S009,ST0026_S,2026-01-23,26
Retail,S009,ST0050_S,2026-01-23,17
Retail,S009,ST0028_XL,2026-01-23,11
Retail,S009,ST0024_XL,2026-01-23,22
Retail,S009,ST0040_S,2026-01-23,39
Retail,S009,ST0028_S,2026-01-23,15
Retail,S009,ST0038_S,2026-01-23,46
Retail,S009,ST0046_M,2026-01-23,42
Retail,S009,ST0004_XL,2026-01-23,34
Retail,S009,ST0025_L,2026-01-23,13
Retail,S009,ST0028_M,2026-01-23,17
Retail,S009,ST0016_S,2026-01-23,8
Retail,S009,ST0011_M,2026-01-23,25
Retail,S010,ST0031_S,2026-01-23,36
Retail,S010,ST0021_L,2026-01-23,11
Retail,S010,ST0037_XL,2026-01-23,45
Retail,S010,ST0028_S,2026-01-23,4
Retail,S010,ST0049_L,2026-01-23,37
Retail,S010,ST0001_L,2026-01-23,4
Retail,S010,ST0029_XL,2026-01-23,7
Retail,S010,ST0002_L,2026-01-23,20
Retail,S010,ST0029_L,2026-01-23,20
Retail,S010,ST0013_M,2026-01-23,14
Retail,S010,ST0049_XL,2026-01-23,1
Retail,S010,ST0032_S,2026-01-23,29
Retail,S010,ST0015_XL,2026-01-23,27
Retail,S010,ST0021_XL,2026-01-23,43
Retail,S010,ST0042_XL,2026-01-23,39
Retail,S010,ST0046_XL,2026-01-23,4
Retail,S010,ST0033_L,2026-01-23,9
Retail,S010,ST0003_L,2026-01-23,40
Retail,S010,ST0004_M,2026-01-23,46
Retail,S010,ST0045_XL,2026-01-23,13
Retail,S001,ST0018_L,2026-01-24,37
Retail,S001,ST0033_S,2026-01-24,19
Retail,S001,ST0043_XL,2026-01-24,35
Retail,S001,ST0019_M,2026-01-24,13
Retail,S001,ST0039_XL,2026-01-24,46
Retail,S001,ST0001_XL,2026-01-24,10
Retail,S001,ST0002_XL,2026-01-24,34
Retail,S001,ST0031_XL,2026-01-24,32
Retail,S001,ST0003_XL,2026-01-24,23
Retail,S001,ST0038_L,2026-01-24,6
Retail,S001,ST0042_M,2026-01-24,13
Retail,S001,ST0016_S,2026-01-24,25
Retail,S001,ST0022_XL,2026-01-24,0
Retail,S001,ST0035_M,2026-01-24,12
Retail,S001,ST0017_L,2026-01-24,19
Retail,S001,ST0034_S,2026-01-24,8
Retail,S001,ST0041_L,2026-01-24,9
Retail,S001,ST0003_M,2026-01-24,6
Retail,S001,ST0022_S,2026-01-24,29
Retail,S001,ST0026_S,2026-01-24,25
Retail,S002,ST0011_L,2026-01-24,11
Retail,S002,ST0021_XL,2026-01-24,49
Retail,S002,ST0046_L,2026-01-24,6
Retail,S002,ST0017_XL,2026-01-24,4
Retail,S002,ST0047_S,2026-01-24,28
Retail,S002,ST0030_XL,2026-01-24,34
Retail,S002,ST0023_XL,2026-01-24,11
Retail,S002,ST0003_XL,2026-01-24,36
Retail,S002,ST0020_S,2026-01-24,1
Retail,S002,ST0032_XL,2026-01-24,2
Retail,S002,ST0009_XL,2026-01-24,46
Retail,S002,ST0050_XL,2026-01-24,44
Retail,S002,ST0041_L,2026-01-24,3
Retail,S002,ST0014_XL,2026-01-24,25
Retail,S002,ST0046_XL,2026-01-24,2
Retail,S002,ST0004_L,2026-01-24,38
Retail,S002,ST0032_L,2026-01-24,29
Retail,S002,ST0023_L,2026-01-24,16
Retail,S002,ST0045_XL,2026-01-24,8
Retail,S002,ST0028_L,2026-01-24,16
Retail,S003,ST0044_S,2026-01-24,28
Retail,S003,ST0011_XL,2026-01-24,1
Retail,S003,ST0002_XL,2026-01-24,47
Retail,S003,ST0037_XL,2026-01-24,6
Retail,S003,ST0038_XL,2026-01-24,7
Retail,S003,ST0022_L,2026-01-24,9
Retail,S003,ST0031_L,2026-01-24,36
Retail,S003,ST0010_XL,2026-01-24,28
Retail,S003,ST0016_M,2026-01-24,17
Retail,S003,ST0016_L,2026-01-24,22
Retail,S003,ST0043_XL,2026-01-24,42
Retail,S003,ST0011_L,2026-01-24,9
Retail,S003,ST0019_M,2026-01-24,6
Retail,S003,ST0028_XL,2026-01-24,25
Retail,S003,ST0023_L,2026-01-24,31
Retail,S003,ST0024_S,2026-01-24,43
Retail,S003,ST0037_S,2026-01-24,10
Retail,S003,ST0031_XL,2026-01-24,32
Retail,S003,ST0017_M,2026-01-24,16
Retail,S003,ST0023_S,2026-01-24,44
Retail,S004,ST0045_S,2026-01-24,23
Retail,S004,ST0012_L,2026-01-24,49
Retail,S004,ST0042_L,2026-01-24,37
Retail,S004,ST0016_L,2026-01-24,27
Retail,S004,ST0039_S,2026-01-24,19
Retail,S004,ST0005_XL,2026-01-24,0
Retail,S004,ST0037_S,2026-01-24,9
Retail,S004,ST0004_XL,2026-01-24,0
Retail,S004,ST0027_S,2026-01-24,31
Retail,S004,ST0012_XL,2026-01-24,31
Retail,S004,ST0004_S,2026-01-24,26
Retail,S004,ST0041_XL,2026-01-24,16
Retail,S004,ST0041_M,2026-01-24,24
Retail,S004,ST0016_XL,2026-01-24,49
Retail,S004,ST0026_S,2026-01-24,46
Retail,S004,ST0035_S,2026-01-24,31
Retail,S004,ST0031_XL,2026-01-24,8
Retail,S004,ST0022_L,2026-01-24,15
Retail,S004,ST0017_S,2026-01-24,39
Retail,S004,ST0044_S,2026-01-24,16
Retail,S005,ST0038_S,2026-01-24,6
Retail,S005,ST0003_M,2026-01-24,7
Retail,S005,ST0029_L,2026-01-24,26
Retail,S005,ST0033_S,2026-01-24,36
Retail,S005,ST0004_XL,2026-01-24,29
Retail,S005,ST0043_S,2026-01-24,12
Retail,S005,ST0008_L,2026-01-24,5
Retail,S005,ST0003_XL,2026-01-24,41
Retail,S005,ST0025_XL,2026-01-24,37
Retail,S005,ST0041_M,2026-01-24,34
Retail,S005,ST0001_M,2026-01-24,12
Retail,S005,ST0033_XL,2026-01-24,9
Retail,S005,ST0035_M,2026-01-24,6
Retail,S005,ST0030_L,2026-01-24,42
Retail,S005,ST0024_L,2026-01-24,29
Retail,S005,ST0031_M,2026-01-24,32
Retail,S005,ST0026_S,2026-01-24,15
Retail,S005,ST0004_L,2026-01-24,10
Retail,S005,ST0009_M,2026-01-24,21
Retail,S005,ST0016_S,2026-01-24,43
Retail,S006,ST0017_L,2026-01-24,35
Retail,S006,ST0007_S,2026-01-24,21
Retail,S006,ST0029_M,2026-01-24,34
Retail,S006,ST0009_L,2026-01-24,17
Retail,S006,ST0007_L,2026-01-24,2
Retail,S006,ST0049_L,2026-01-24,15
Retail,S006,ST0050_XL,2026-01-24,10
Retail,S006,ST0041_L,2026-01-24,41
Retail,S006,ST0023_S,2026-01-24,24
Retail,S006,ST0018_L,2026-01-24,5
Retail,S006,ST0004_L,2026-01-24,7
Retail,S006,ST0025_S,2026-01-24,40
Retail,S006,ST0038_XL,2026-01-24,2
Retail,S006,ST0037_L,2026-01-24,37
Retail,S006,ST0044_L,2026-01-24,12
Retail,S006,ST0015_XL,2026-01-24,46
Retail,S006,ST0017_S,2026-01-24,18
Retail,S006,ST0033_S,2026-01-24,5
Retail,S006,ST0050_S,2026-01-24,13
Retail,S006,ST0033_M,2026-01-24,42
Retail,S007,ST0007_M,2026-01-24,5
Retail,S007,ST0025_L,2026-01-24,38
Retail,S007,ST0025_M,2026-01-24,0
Retail,S007,ST0001_M,2026-01-24,49
Retail,S007,ST0046_L,2026-01-24,42
Retail,S007,ST0039_S,2026-01-24,24
Retail,S007,ST0049_XL,2026-01-24,26
Retail,S007,ST0006_S,2026-01-24,20
Retail,S007,ST0007_L,2026-01-24,20
Retail,S007,ST0007_XL,2026-01-24,41
Retail,S007,ST0004_M,2026-01-24,35
Retail,S007,ST0030_L,2026-01-24,0
Retail,S007,ST0004_S,2026-01-24,33
Retail,S007,ST0001_L,2026-01-24,30
Retail,S007,ST0010_XL,2026-01-24,31
Retail,S007,ST0042_L,2026-01-24,28
Retail,S007,ST0042_S,2026-01-24,20
Retail,S007,ST0009_S,2026-01-24,23
Retail,S007,ST0015_M,2026-01-24,20
Retail,S007,ST0006_L,2026-01-24,3
Retail,S008,ST0042_XL,2026-01-24,0
Retail,S008,ST0037_S,2026-01-24,31
Retail,S008,ST0021_M,2026-01-24,24
Retail,S008,ST0028_M,2026-01-24,26
Retail,S008,ST0008_M,2026-01-24,47
Retail,S008,ST0049_L,2026-01-24,18
Retail,S008,ST0021_XL,2026-01-24,15
Retail,S008,ST0049_M,2026-01-24,34
Retail,S008,ST0001_XL,2026-01-24,11
Retail,S008,ST0007_M,2026-01-24,9
Retail,S008,ST0032_S,2026-01-24,20
Retail,S008,ST0044_L,2026-01-24,4
Retail,S008,ST0035_M,2026-01-24,31
Retail,S008,ST0043_XL,2026-01-24,9
Retail,S008,ST0001_M,2026-01-24,23
Retail,S008,ST0028_XL,2026-01-24,36
Retail,S008,ST0005_L,2026-01-24,48
Retail,S008,ST0042_M,2026-01-24,25
Retail,S008,ST0024_S,2026-01-24,6
Retail,S008,ST0035_XL,2026-01-24,13
Retail,S009,ST0050_XL,2026-01-24,35
Retail,S009,ST0011_S,2026-01-24,46
Retail,S009,ST0004_M,2026-01-24,48
Retail,S009,ST0002_XL,2026-01-24,5
Retail,S009,ST0046_M,2026-01-24,31
Retail,S009,ST0022_XL,2026-01-24,42
Retail,S009,ST0001_S,2026-01-24,27
Retail,S009,ST0041_M,2026-01-24,0
Retail,S009,ST0040_XL,2026-01-24,49
Retail,S009,ST0028_L,2026-01-24,42
Retail,S009,ST0015_S,2026-01-24,28
Retail,S009,ST0009_XL,2026-01-24,37
Retail,S009,ST0032_L,2026-01-24,4
Retail,S009,ST0025_M,2026-01-24,14
Retail,S009,ST0012_XL,2026-01-24,31
Retail,S009,ST0019_L,2026-01-24,20
Retail,S009,ST0035_L,2026-01-24,3
Retail,S009,ST0032_S,2026-01-24,43
Retail,S009,ST0047_XL,2026-01-24,16
Retail,S009,ST0024_S,2026-01-24,15
Retail,S010,ST0045_S,2026-01-24,23
Retail,S010,ST0040_S,2026-01-24,34
Retail,S010,ST0048_S,2026-01-24,47
Retail,S010,ST0011_L,2026-01-24,25
Retail,S010,ST0021_L,2026-01-24,23
Retail,S010,ST0028_S,2026-01-24,19
Retail,S010,ST0013_L,2026-01-24,38
Retail,S010,ST0009_S,2026-01-24,39
Retail,S010,ST0047_S,2026-01-24,38
Retail,S010,ST0033_L,2026-01-24,9
Retail,S010,ST0018_L,2026-01-24,14
Retail,S010,ST0023_S,2026-01-24,14
Retail,S010,ST0048_M,2026-01-24,34
Retail,S010,ST0001_L,2026-01-24,28
Retail,S010,ST0021_S,2026-01-24,46
Retail,S010,ST0036_XL,2026-01-24,20
Retail,S010,ST0050_L,2026-01-24,20
Retail,S010,ST0050_S,2026-01-24,13
Retail,S010,ST0046_L,2026-01-24,6
Retail,S010,ST0018_M,2026-01-24,34
Retail,S001,ST0026_M,2026-01-25,0
Retail,S001,ST0039_S,2026-01-25,33
Retail,S001,ST0006_S,2026-01-25,22
Retail,S001,ST0030_M,2026-01-25,6
Retail,S001,ST0027_S,2026-01-25,16
Retail,S001,ST0003_XL,2026-01-25,1
Retail,S001,ST0026_XL,2026-01-25,37
Retail,S001,ST0049_M,2026-01-25,12
Retail,S001,ST0025_S,2026-01-25,31
Retail,S001,ST0020_XL,2026-01-25,16
Retail,S001,ST0050_L,2026-01-25,39
Retail,S001,ST0008_S,2026-01-25,10
Retail,S001,ST0049_S,2026-01-25,7
Retail,S001,ST0044_S,2026-01-25,17
Retail,S001,ST0019_M,2026-01-25,32
Retail,S001,ST0022_L,2026-01-25,33
Retail,S001,ST0037_XL,2026-01-25,48
Retail,S001,ST0030_XL,2026-01-25,13
Retail,S001,ST0003_L,2026-01-25,18
Retail,S001,ST0008_L,2026-01-25,1
Retail,S002,ST0023_S,2026-01-25,18
Retail,S002,ST0036_M,2026-01-25,41
Retail,S002,ST0035_L,2026-01-25,35
Retail,S002,ST0008_L,2026-01-25,12
Retail,S002,ST0041_M,2026-01-25,49
Retail,S002,ST0029_M,2026-01-25,29
Retail,S002,ST0045_S,2026-01-25,22
Retail,S002,ST0028_L,2026-01-25,2
Retail,S002,ST0044_XL,2026-01-25,31
Retail,S002,ST0037_M,2026-01-25,34
Retail,S002,ST0013_M,2026-01-25,46
Retail,S002,ST0004_M,2026-01-25,47
Retail,S002,ST0039_L,2026-01-25,9
Retail,S002,ST0024_XL,2026-01-25,33
Retail,S002,ST0009_L,2026-01-25,0
Retail,S002,ST0005_XL,2026-01-25,25
Retail,S002,ST0013_XL,2026-01-25,31
Retail,S002,ST0042_S,2026-01-25,28
Retail,S002,ST0008_XL,2026-01-25,19
Retail,S002,ST0027_S,2026-01-25,11
Retail,S003,ST0027_M,2026-01-25,48
Retail,S003,ST0025_S,2026-01-25,48
Retail,S003,ST0020_L,2026-01-25,0
Retail,S003,ST0015_S,2026-01-25,23
Retail,S003,ST0023_S,2026-01-25,17
Retail,S003,ST0019_M,2026-01-25,27
Retail,S003,ST0045_L,2026-01-25,21
Retail,S003,ST0039_M,2026-01-25,10
Retail,S003,ST0013_S,2026-01-25,19
Retail,S003,ST0027_S,2026-01-25,12
Retail,S003,ST0018_S,2026-01-25,23
Retail,S003,ST0041_S,2026-01-25,4
Retail,S003,ST0001_M,2026-01-25,29
Retail,S003,ST0034_M,2026-01-25,13
Retail,S003,ST0038_S,2026-01-25,21
Retail,S003,ST0015_L,2026-01-25,16
Retail,S003,ST0044_L,2026-01-25,13
Retail,S003,ST0041_M,2026-01-25,38
Retail,S003,ST0012_S,2026-01-25,0
Retail,S003,ST0035_S,2026-01-25,26
Retail,S004,ST0018_L,2026-01-25,29
Retail,S004,ST0016_L,2026-01-25,5
Retail,S004,ST0005_M,2026-01-25,22
Retail,S004,ST0015_XL,2026-01-25,29
Retail,S004,ST0035_M,2026-01-25,37
Retail,S004,ST0015_M,2026-01-25,6
Retail,S004,ST0028_M,2026-01-25,48
Retail,S004,ST0005_S,2026-01-25,13
Retail,S004,ST0023_M,2026-01-25,10
Retail,S004,ST0008_L,2026-01-25,12
Retail,S004,ST0001_S,2026-01-25,29
Retail,S004,ST0041_M,2026-01-25,44
Retail,S004,ST0004_M,2026-01-25,37
Retail,S004,ST0045_M,2026-01-25,36
Retail,S004,ST0018_M,2026-01-25,32
Retail,S004,ST0039_XL,2026-01-25,43
Retail,S004,ST0018_S,2026-01-25,38
Retail,S004,ST0030_XL,2026-01-25,38
Retail,S004,ST0024_M,2026-01-25,17
Retail,S004,ST0036_S,2026-01-25,20
Retail,S005,ST0005_S,2026-01-25,47
Retail,S005,ST0049_S,2026-01-25,0
Retail,S005,ST0045_M,2026-01-25,40
Retail,S005,ST0046_L,2026-01-25,43
Retail,S005,ST0040_S,2026-01-25,37
Retail,S005,ST0018_M,2026-01-25,8
Retail,S005,ST0002_L,2026-01-25,2
Retail,S005,ST0009_XL,2026-01-25,34
Retail,S005,ST0026_L,2026-01-25,35
Retail,S005,ST0021_S,2026-01-25,6
Retail,S005,ST0014_L,2026-01-25,29
Retail,S005,ST0039_XL,2026-01-25,45
Retail,S005,ST0034_M,2026-01-25,40
Retail,S005,ST0026_XL,2026-01-25,43
Retail,S005,ST0013_M,2026-01-25,40
Retail,S005,ST0030_M,2026-01-25,6
Retail,S005,ST0050_M,2026-01-25,35
Retail,S005,ST0022_M,2026-01-25,46
Retail,S005,ST0044_M,2026-01-25,37
Retail,S005,ST0018_L,2026-01-25,10
Retail,S006,ST0006_L,2026-01-25,1
Retail,S006,ST0048_L,2026-01-25,36
Retail,S006,ST0020_XL,2026-01-25,1
Retail,S006,ST0004_XL,2026-01-25,18
Retail,S006,ST0023_L,2026-01-25,4
Retail,S006,ST0014_XL,2026-01-25,12
Retail,S006,ST0036_L,2026-01-25,6
Retail,S006,ST0001_M,2026-01-25,13
Retail,S006,ST0037_S,2026-01-25,25
Retail,S006,ST0050_S,2026-01-25,19
Retail,S006,ST0020_S,2026-01-25,11
Retail,S006,ST0040_XL,2026-01-25,30
Retail,S006,ST0030_XL,2026-01-25,15
Retail,S006,ST0050_M,2026-01-25,9
Retail,S006,ST0013_S,2026-01-25,32
Retail,S006,ST0005_L,2026-01-25,26
Retail,S006,ST0035_M,2026-01-25,40
Retail,S006,ST0028_M,2026-01-25,45
Retail,S006,ST0041_L,2026-01-25,12
Retail,S006,ST0007_L,2026-01-25,1
Retail,S007,ST0008_L,2026-01-25,48
Retail,S007,ST0017_M,2026-01-25,1
Retail,S007,ST0031_XL,2026-01-25,2
Retail,S007,ST0046_M,2026-01-25,27
Retail,S007,ST0025_L,2026-01-25,34
Retail,S007,ST0010_S,2026-01-25,36
Retail,S007,ST0010_L,2026-01-25,22
Retail,S007,ST0021_L,2026-01-25,8
Retail,S007,ST0049_L,2026-01-25,1
Retail,S007,ST0009_L,2026-01-25,21
Retail,S007,ST0047_L,2026-01-25,34
Retail,S007,ST0028_XL,2026-01-25,49
Retail,S007,ST0035_M,2026-01-25,47
Retail,S007,ST0016_M,2026-01-25,27
Retail,S007,ST0044_XL,2026-01-25,31
Retail,S007,ST0034_L,2026-01-25,22
Retail,S007,ST0038_L,2026-01-25,2
Retail,S007,ST0045_S,2026-01-25,47
Retail,S007,ST0042_S,2026-01-25,19
Retail,S007,ST0038_M,2026-01-25,5
Retail,S008,ST0021_L,2026-01-25,34
Retail,S008,ST0006_L,2026-01-25,39
Retail,S008,ST0013_L,2026-01-25,28
Retail,S008,ST0011_S,2026-01-25,14
Retail,S008,ST0014_L,2026-01-25,25
Retail,S008,ST0049_L,2026-01-25,28
Retail,S008,ST0028_S,2026-01-25,17
Retail,S008,ST0031_S,2026-01-25,24
Retail,S008,ST0049_XL,2026-01-25,30
Retail,S008,ST0013_XL,2026-01-25,26
Retail,S008,ST0004_S,2026-01-25,24
Retail,S008,ST0037_M,2026-01-25,9
Retail,S008,ST0027_L,2026-01-25,3
Retail,S008,ST0036_S,2026-01-25,29
Retail,S008,ST0010_S,2026-01-25,42
Retail,S008,ST0047_S,2026-01-25,1
Retail,S008,ST0018_L,2026-01-25,22
Retail,S008,ST0020_XL,2026-01-25,46
Retail,S008,ST0025_M,2026-01-25,24
Retail,S008,ST0022_S,2026-01-25,0
Retail,S009,ST0045_XL,2026-01-25,34
Retail,S009,ST0016_M,2026-01-25,8
Retail,S009,ST0019_XL,2026-01-25,37
Retail,S009,ST0046_XL,2026-01-25,29
Retail,S009,ST0039_S,2026-01-25,34
Retail,S009,ST0007_L,2026-01-25,49
Retail,S009,ST0031_M,2026-01-25,33
Retail,S009,ST0006_XL,2026-01-25,2
Retail,S009,ST0008_S,2026-01-25,39
Retail,S009,ST0031_XL,2026-01-25,10
Retail,S009,ST0040_L,2026-01-25,30
Retail,S009,ST0041_M,2026-01-25,33
Retail,S009,ST0048_XL,2026-01-25,49
Retail,S009,ST0043_S,2026-01-25,6
Retail,S009,ST0011_L,2026-01-25,41
Retail,S009,ST0027_S,2026-01-25,1
Retail,S009,ST0003_XL,2026-01-25,4
Retail,S009,ST0020_M,2026-01-25,1
Retail,S009,ST0033_XL,2026-01-25,9
Retail,S009,ST0017_L,2026-01-25,43
Retail,S010,ST0027_S,2026-01-25,37
Retail,S010,ST0048_L,2026-01-25,33
Retail,S010,ST0038_L,2026-01-25,16
Retail,S010,ST0001_XL,2026-01-25,28
Retail,S010,ST0015_S,2026-01-25,4
Retail,S010,ST0047_XL,2026-01-25,22
Retail,S010,ST0035_XL,2026-01-25,25
Retail,S010,ST0042_L,2026-01-25,32
Retail,S010,ST0023_XL,2026-01-25,9
Retail,S010,ST0007_L,2026-01-25,28
Retail,S010,ST0030_S,2026-01-25,34
Retail,S010,ST0028_L,2026-01-25,11
Retail,S010,ST0025_S,2026-01-25,43
Retail,S010,ST0044_XL,2026-01-25,28
Retail,S010,ST0002_XL,2026-01-25,27
Retail,S010,ST0029_XL,2026-01-25,35
Retail,S010,ST0012_S,2026-01-25,1
Retail,S010,ST0038_XL,2026-01-25,21
Retail,S010,ST0015_M,2026-01-25,46
Retail,S010,ST0022_XL,2026-01-25,42
Retail,S001,ST0033_XL,2026-01-26,33
Retail,S001,ST0014_XL,2026-01-26,28
Retail,S001,ST0028_M,2026-01-26,34
Retail,S001,ST0014_S,2026-01-26,9
Retail,S001,ST0007_L,2026-01-26,0
Retail,S001,ST0040_M,2026-01-26,5
Retail,S001,ST0049_S,2026-01-26,15
Retail,S001,ST0022_L,2026-01-26,4
Retail,S001,ST0023_M,2026-01-26,26
Retail,S001,ST0032_XL,2026-01-26,37
Retail,S001,ST0048_S,2026-01-26,25
Retail,S001,ST0004_XL,2026-01-26,44
Retail,S001,ST0018_XL,2026-01-26,49
Retail,S001,ST0048_M,2026-01-26,44
Retail,S001,ST0034_XL,2026-01-26,27
Retail,S001,ST0026_S,2026-01-26,29
Retail,S001,ST0001_L,2026-01-26,12
Retail,S001,ST0009_M,2026-01-26,44
Retail,S001,ST0008_L,2026-01-26,18
Retail,S001,ST0033_L,2026-01-26,10
Retail,S002,ST0039_XL,2026-01-26,0
Retail,S002,ST0027_M,2026-01-26,40
Retail,S002,ST0027_S,2026-01-26,21
Retail,S002,ST0016_M,2026-01-26,31
Retail,S002,ST0036_L,2026-01-26,33
Retail,S002,ST0050_M,2026-01-26,3
Retail,S002,ST0011_M,2026-01-26,43
Retail,S002,ST0042_L,2026-01-26,49
Retail,S002,ST0026_M,2026-01-26,15
Retail,S002,ST0027_XL,2026-01-26,8
Retail,S002,ST0039_L,2026-01-26,45
Retail,S002,ST0003_S,2026-01-26,1
Retail,S002,ST0032_M,2026-01-26,31
Retail,S002,ST0050_L,2026-01-26,12
Retail,S002,ST0032_L,2026-01-26,26
Retail,S002,ST0041_S,2026-01-26,30
Retail,S002,ST0044_S,2026-01-26,20
Retail,S002,ST0013_XL,2026-01-26,47
Retail,S002,ST0049_M,2026-01-26,12
Retail,S002,ST0020_S,2026-01-26,18
Retail,S003,ST0003_L,2026-01-26,47
Retail,S003,ST0005_L,2026-01-26,13
Retail,S003,ST0042_S,2026-01-26,35
Retail,S003,ST0009_S,2026-01-26,37
Retail,S003,ST0020_S,2026-01-26,3
Retail,S003,ST0026_XL,2026-01-26,31
Retail,S003,ST0017_M,2026-01-26,23
Retail,S003,ST0044_S,2026-01-26,33
Retail,S003,ST0004_M,2026-01-26,2
Retail,S003,ST0050_XL,2026-01-26,1
Retail,S003,ST0027_S,2026-01-26,22
Retail,S003,ST0023_M,2026-01-26,7
Retail,S003,ST0033_XL,2026-01-26,48
Retail,S003,ST0013_S,2026-01-26,2
Retail,S003,ST0014_M,2026-01-26,30
Retail,S003,ST0007_S,2026-01-26,45
Retail,S003,ST0001_XL,2026-01-26,0
Retail,S003,ST0048_M,2026-01-26,11
Retail,S003,ST0029_M,2026-01-26,23
Retail,S003,ST0016_S,2026-01-26,28
Retail,S004,ST0036_S,2026-01-26,24
Retail,S004,ST0025_XL,2026-01-26,45
Retail,S004,ST0016_L,2026-01-26,42
Retail,S004,ST0002_L,2026-01-26,7
Retail,S004,ST0044_S,2026-01-26,25
Retail,S004,ST0020_S,2026-01-26,23
Retail,S004,ST0044_L,2026-01-26,30
Retail,S004,ST0027_S,2026-01-26,15
Retail,S004,ST0034_XL,2026-01-26,15
Retail,S004,ST0019_M,2026-01-26,2
Retail,S004,ST0009_L,2026-01-26,23
Retail,S004,ST0008_S,2026-01-26,46
Retail,S004,ST0028_M,2026-01-26,12
Retail,S004,ST0034_M,2026-01-26,9
Retail,S004,ST0020_M,2026-01-26,18
Retail,S004,ST0022_M,2026-01-26,39
Retail,S004,ST0015_M,2026-01-26,16
Retail,S004,ST0049_S,2026-01-26,49
Retail,S004,ST0030_L,2026-01-26,41
Retail,S004,ST0022_L,2026-01-26,10
Retail,S005,ST0011_L,2026-01-26,40
Retail,S005,ST0044_M,2026-01-26,27
Retail,S005,ST0023_XL,2026-01-26,33
Retail,S005,ST0014_XL,2026-01-26,8
Retail,S005,ST0042_M,2026-01-26,48
Retail,S005,ST0025_S,2026-01-26,14
Retail,S005,ST0040_XL,2026-01-26,30
Retail,S005,ST0004_M,2026-01-26,1
Retail,S005,ST0035_M,2026-01-26,8
Retail,S005,ST0025_XL,2026-01-26,0
Retail,S005,ST0042_XL,2026-01-26,18
Retail,S005,ST0001_XL,2026-01-26,1
Retail,S005,ST0028_M,2026-01-26,36
Retail,S005,ST0030_L,2026-01-26,0
Retail,S005,ST0036_S,2026-01-26,45
Retail,S005,ST0048_L,2026-01-26,25
Retail,S005,ST0026_L,2026-01-26,46
Retail,S005,ST0025_L,2026-01-26,0
Retail,S005,ST0040_S,2026-01-26,42
Retail,S005,ST0009_L,2026-01-26,4
Retail,S006,ST0008_L,2026-01-26,19
Retail,S006,ST0001_XL,2026-01-26,14
Retail,S006,ST0007_XL,2026-01-26,23
Retail,S006,ST0012_L,2026-01-26,20
Retail,S006,ST0025_S,2026-01-26,12
Retail,S006,ST0014_L,2026-01-26,45
Retail,S006,ST0034_XL,2026-01-26,6
Retail,S006,ST0034_L,2026-01-26,11
Retail,S006,ST0046_M,2026-01-26,15
Retail,S006,ST0046_XL,2026-01-26,31
Retail,S006,ST0003_M,2026-01-26,10
Retail,S006,ST0007_M,2026-01-26,28
Retail,S006,ST0031_S,2026-01-26,33
Retail,S006,ST0048_XL,2026-01-26,9
Retail,S006,ST0026_L,2026-01-26,31
Retail,S006,ST0029_XL,2026-01-26,5
Retail,S006,ST0001_M,2026-01-26,1
Retail,S006,ST0017_M,2026-01-26,8
Retail,S006,ST0015_L,2026-01-26,33
Retail,S006,ST0050_XL,2026-01-26,13
Retail,S007,ST0029_S,2026-01-26,47
Retail,S007,ST0029_L,2026-01-26,5
Retail,S007,ST0036_XL,2026-01-26,6
Retail,S007,ST0027_M,2026-01-26,21
Retail,S007,ST0020_XL,2026-01-26,19
Retail,S007,ST0006_XL,2026-01-26,44
Retail,S007,ST0013_L,2026-01-26,17
Retail,S007,ST0046_L,2026-01-26,45
Retail,S007,ST0001_S,2026-01-26,29
Retail,S007,ST0015_M,2026-01-26,32
Retail,S007,ST0031_L,2026-01-26,45
Retail,S007,ST0022_XL,2026-01-26,45
Retail,S007,ST0018_XL,2026-01-26,21
Retail,S007,ST0003_XL,2026-01-26,18
Retail,S007,ST0013_S,2026-01-26,24
Retail,S007,ST0036_S,2026-01-26,49
Retail,S007,ST0011_L,2026-01-26,48
Retail,S007,ST0007_L,2026-01-26,3
Retail,S007,ST0004_M,2026-01-26,25
Retail,S007,ST0048_S,2026-01-26,0
Retail,S008,ST0015_XL,2026-01-26,48
Retail,S008,ST0042_L,2026-01-26,33
Retail,S008,ST0038_L,2026-01-26,22
Retail,S008,ST0004_XL,2026-01-26,31
Retail,S008,ST0042_S,2026-01-26,48
Retail,S008,ST0049_L,2026-01-26,25
Retail,S008,ST0023_XL,2026-01-26,44
Retail,S008,ST0024_M,2026-01-26,42
Retail,S008,ST0012_M,2026-01-26,30
Retail,S008,ST0029_S,2026-01-26,10
Retail,S008,ST0025_S,2026-01-26,3
Retail,S008,ST0038_S,2026-01-26,28
Retail,S008,ST0024_XL,2026-01-26,46
Retail,S008,ST0033_XL,2026-01-26,27
Retail,S008,ST0040_M,2026-01-26,29
Retail,S008,ST0024_L,2026-01-26,41
Retail,S008,ST0017_XL,2026-01-26,13
Retail,S008,ST0047_S,2026-01-26,35
Retail,S008,ST0010_XL,2026-01-26,43
Retail,S008,ST0016_XL,2026-01-26,32
Retail,S009,ST0028_S,2026-01-26,3
Retail,S009,ST0046_XL,2026-01-26,17
Retail,S009,ST0009_S,2026-01-26,30
Retail,S009,ST0018_S,2026-01-26,3
Retail,S009,ST0015_S,2026-01-26,44
Retail,S009,ST0011_L,2026-01-26,20
Retail,S009,ST0010_L,2026-01-26,47
Retail,S009,ST0019_M,2026-01-26,4
Retail,S009,ST0038_M,2026-01-26,30
Retail,S009,ST0025_L,2026-01-26,0
Retail,S009,ST0010_S,2026-01-26,2
Retail,S009,ST0035_S,2026-01-26,27
Retail,S009,ST0036_L,2026-01-26,41
Retail,S009,ST0039_S,2026-01-26,29
Retail,S009,ST0030_XL,2026-01-26,49
Retail,S009,ST0026_S,2026-01-26,33
Retail,S009,ST0001_L,2026-01-26,17
Retail,S009,ST0006_S,2026-01-26,16
Retail,S009,ST0028_M,2026-01-26,23
Retail,S009,ST0004_M,2026-01-26,16
Retail,S010,ST0048_M,2026-01-26,26
Retail,S010,ST0014_S,2026-01-26,12
Retail,S010,ST0034_L,2026-01-26,3
Retail,S010,ST0040_XL,2026-01-26,47
Retail,S010,ST0038_XL,2026-01-26,15
Retail,S010,ST0028_S,2026-01-26,8
Retail,S010,ST0031_XL,2026-01-26,43
Retail,S010,ST0006_XL,2026-01-26,13
Retail,S010,ST0029_XL,2026-01-26,34
Retail,S010,ST0010_XL,2026-01-26,47
Retail,S010,ST0045_S,2026-01-26,2
Retail,S010,ST0002_XL,2026-01-26,8
Retail,S010,ST0013_XL,2026-01-26,2
Retail,S010,ST0039_XL,2026-01-26,36
Retail,S010,ST0034_S,2026-01-26,17
Retail,S010,ST0015_M,2026-01-26,6
Retail,S010,ST0037_M,2026-01-26,28
Retail,S010,ST0039_S,2026-01-26,12
Retail,S010,ST0034_XL,2026-01-26,40
Retail,S010,ST0022_L,2026-01-26,27
Retail,S001,ST0034_XL,2026-01-27,6
Retail,S001,ST0011_XL,2026-01-27,9
Retail,S001,ST0019_M,2026-01-27,4
Retail,S001,ST0045_S,2026-01-27,39
Retail,S001,ST0008_M,2026-01-27,8
Retail,S001,ST0044_M,2026-01-27,30
Retail,S001,ST0018_XL,2026-01-27,45
Retail,S001,ST0009_L,2026-01-27,5
Retail,S001,ST0013_M,2026-01-27,30
Retail,S001,ST0028_M,2026-01-27,44
Retail,S001,ST0039_L,2026-01-27,1
Retail,S001,ST0039_M,2026-01-27,20
Retail,S001,ST0023_M,2026-01-27,21
Retail,S001,ST0037_S,2026-01-27,18
Retail,S001,ST0014_XL,2026-01-27,37
Retail,S001,ST0009_XL,2026-01-27,39
Retail,S001,ST0042_S,2026-01-27,2
Retail,S001,ST0027_XL,2026-01-27,18
Retail,S001,ST0017_L,2026-01-27,21
Retail,S001,ST0036_M,2026-01-27,9
Retail,S002,ST0041_M,2026-01-27,30
Retail,S002,ST0026_XL,2026-01-27,39
Retail,S002,ST0041_XL,2026-01-27,3
Retail,S002,ST0046_XL,2026-01-27,12
Retail,S002,ST0022_XL,2026-01-27,7
Retail,S002,ST0006_L,2026-01-27,45
Retail,S002,ST0007_L,2026-01-27,13
Retail,S002,ST0012_L,2026-01-27,35
Retail,S002,ST0049_S,2026-01-27,35
Retail,S002,ST0042_S,2026-01-27,15
Retail,S002,ST0050_M,2026-01-27,2
Retail,S002,ST0027_L,2026-01-27,24
Retail,S002,ST0013_M,2026-01-27,2
Retail,S002,ST0012_M,2026-01-27,30
Retail,S002,ST0016_S,2026-01-27,0
Retail,S002,ST0007_XL,2026-01-27,25
Retail,S002,ST0032_M,2026-01-27,10
Retail,S002,ST0016_L,2026-01-27,41
Retail,S002,ST0014_L,2026-01-27,37
Retail,S002,ST0040_L,2026-01-27,28
Retail,S003,ST0009_L,2026-01-27,14
Retail,S003,ST0032_L,2026-01-27,42
Retail,S003,ST0047_M,2026-01-27,44
Retail,S003,ST0036_S,2026-01-27,49
Retail,S003,ST0037_XL,2026-01-27,20
Retail,S003,ST0049_M,2026-01-27,18
Retail,S003,ST0004_S,2026-01-27,11
Retail,S003,ST0002_S,2026-01-27,47
Retail,S003,ST0006_S,2026-01-27,35
Retail,S003,ST0005_S,2026-01-27,22
Retail,S003,ST0041_L,2026-01-27,29
Retail,S003,ST0020_M,2026-01-27,40
Retail,S003,ST0014_M,2026-01-27,5
Retail,S003,ST0033_S,2026-01-27,2
Retail,S003,ST0013_M,2026-01-27,9
Retail,S003,ST0047_L,2026-01-27,1
Retail,S003,ST0015_XL,2026-01-27,44
Retail,S003,ST0038_M,2026-01-27,44
Retail,S003,ST0023_L,2026-01-27,17
Retail,S003,ST0029_XL,2026-01-27,44
Retail,S004,ST0018_M,2026-01-27,44
Retail,S004,ST0049_M,2026-01-27,30
Retail,S004,ST0019_M,2026-01-27,24
Retail,S004,ST0030_L,2026-01-27,11
Retail,S004,ST0011_M,2026-01-27,39
Retail,S004,ST0039_M,2026-01-27,44
Retail,S004,ST0015_L,2026-01-27,40
Retail,S004,ST0041_S,2026-01-27,29
Retail,S004,ST0022_L,2026-01-27,41
Retail,S004,ST0021_XL,2026-01-27,5
Retail,S004,ST0006_M,2026-01-27,30
Retail,S004,ST0002_M,2026-01-27,11
Retail,S004,ST0026_XL,2026-01-27,5
Retail,S004,ST0028_S,2026-01-27,25
Retail,S004,ST0013_XL,2026-01-27,31
Retail,S004,ST0029_M,2026-01-27,39
Retail,S004,ST0005_M,2026-01-27,1
Retail,S004,ST0003_XL,2026-01-27,19
Retail,S004,ST0039_L,2026-01-27,38
Retail,S004,ST0003_L,2026-01-27,35
Retail,S005,ST0035_M,2026-01-27,49
Retail,S005,ST0030_S,2026-01-27,38
Retail,S005,ST0033_XL,2026-01-27,24
Retail,S005,ST0049_S,2026-01-27,32
Retail,S005,ST0041_L,2026-01-27,37
Retail,S005,ST0009_L,2026-01-27,18
Retail,S005,ST0017_S,2026-01-27,27
Retail,S005,ST0039_M,2026-01-27,30
Retail,S005,ST0038_S,2026-01-27,17
Retail,S005,ST0001_XL,2026-01-27,34
Retail,S005,ST0036_L,2026-01-27,41
Retail,S005,ST0045_S,2026-01-27,47
Retail,S005,ST0020_S,2026-01-27,8
Retail,S005,ST0007_S,2026-01-27,44
Retail,S005,ST0032_XL,2026-01-27,13
Retail,S005,ST0031_S,2026-01-27,10
Retail,S005,ST0044_M,2026-01-27,7
Retail,S005,ST0018_M,2026-01-27,14
Retail,S005,ST0046_XL,2026-01-27,39
Retail,S005,ST0010_L,2026-01-27,15
Retail,S006,ST0019_L,2026-01-27,31
Retail,S006,ST0002_L,2026-01-27,35
Retail,S006,ST0020_S,2026-01-27,14
Retail,S006,ST0014_M,2026-01-27,15
Retail,S006,ST0024_XL,2026-01-27,5
Retail,S006,ST0021_XL,2026-01-27,31
Retail,S006,ST0043_S,2026-01-27,41
Retail,S006,ST0032_XL,2026-01-27,47
Retail,S006,ST0005_L,2026-01-27,33
Retail,S006,ST0031_S,2026-01-27,12
Retail,S006,ST0042_L,2026-01-27,9
Retail,S006,ST0009_L,2026-01-27,37
Retail,S006,ST0010_S,2026-01-27,46
Retail,S006,ST0038_M,2026-01-27,2
Retail,S006,ST0011_M,2026-01-27,26
Retail,S006,ST0001_XL,2026-01-27,22
Retail,S006,ST0035_XL,2026-01-27,14
Retail,S006,ST0029_M,2026-01-27,44
Retail,S006,ST0048_XL,2026-01-27,43
Retail,S006,ST0049_L,2026-01-27,2
Retail,S007,ST0023_XL,2026-01-27,33
Retail,S007,ST0010_L,2026-01-27,47
Retail,S007,ST0045_S,2026-01-27,43
Retail,S007,ST0039_S,2026-01-27,29
Retail,S007,ST0035_M,2026-01-27,5
Retail,S007,ST0014_M,2026-01-27,11
Retail,S007,ST0015_XL,2026-01-27,17
Retail,S007,ST0032_XL,2026-01-27,34
Retail,S007,ST0033_L,2026-01-27,48
Retail,S007,ST0030_S,2026-01-27,21
Retail,S007,ST0019_L,2026-01-27,28
Retail,S007,ST0040_L,2026-01-27,20
Retail,S007,ST0026_M,2026-01-27,19
Retail,S007,ST0040_S,2026-01-27,40
Retail,S007,ST0005_M,2026-01-27,13
Retail,S007,ST0009_S,2026-01-27,32
Retail,S007,ST0033_M,2026-01-27,1
Retail,S007,ST0018_M,2026-01-27,36
Retail,S007,ST0030_M,2026-01-27,19
Retail,S007,ST0040_XL,2026-01-27,46
Retail,S008,ST0037_XL,2026-01-27,5
Retail,S008,ST0030_XL,2026-01-27,3
Retail,S008,ST0023_XL,2026-01-27,38
Retail,S008,ST0007_L,2026-01-27,37
Retail,S008,ST0043_M,2026-01-27,36
Retail,S008,ST0011_L,2026-01-27,28
Retail,S008,ST0043_L,2026-01-27,17
Retail,S008,ST0027_L,2026-01-27,45
Retail,S008,ST0050_XL,2026-01-27,8
Retail,S008,ST0007_M,2026-01-27,6
Retail,S008,ST0032_M,2026-01-27,33
Retail,S008,ST0036_S,2026-01-27,25
Retail,S008,ST0028_S,2026-01-27,39
Retail,S008,ST0029_L,2026-01-27,13
Retail,S008,ST0016_M,2026-01-27,30
Retail,S008,ST0011_XL,2026-01-27,10
Retail,S008,ST0003_L,2026-01-27,37
Retail,S008,ST0038_XL,2026-01-27,11
Retail,S008,ST0040_M,2026-01-27,8
Retail,S008,ST0037_L,2026-01-27,2
Retail,S009,ST0015_XL,2026-01-27,10
Retail,S009,ST0044_S,2026-01-27,1
Retail,S009,ST0026_S,2026-01-27,28
Retail,S009,ST0032_S,2026-01-27,25
Retail,S009,ST0014_XL,2026-01-27,13
Retail,S009,ST0018_XL,2026-01-27,34
Retail,S009,ST0045_S,2026-01-27,11
Retail,S009,ST0026_M,2026-01-27,33
Retail,S009,ST0033_S,2026-01-27,5
Retail,S009,ST0049_M,2026-01-27,36
Retail,S009,ST0017_S,2026-01-27,39
Retail,S009,ST0025_M,2026-01-27,40
Retail,S009,ST0007_L,2026-01-27,10
Retail,S009,ST0034_M,2026-01-27,3
Retail,S009,ST0025_L,2026-01-27,15
Retail,S009,ST0024_M,2026-01-27,48
Retail,S009,ST0045_L,2026-01-27,39
Retail,S009,ST0027_L,2026-01-27,36
Retail,S009,ST0046_L,2026-01-27,25
Retail,S009,ST0042_XL,2026-01-27,18
Retail,S010,ST0019_M,2026-01-27,16
Retail,S010,ST0014_XL,2026-01-27,7
Retail,S010,ST0046_M,2026-01-27,36
Retail,S010,ST0008_L,2026-01-27,42
Retail,S010,ST0004_S,2026-01-27,3
Retail,S010,ST0007_XL,2026-01-27,46
Retail,S010,ST0046_XL,2026-01-27,26
Retail,S010,ST0021_XL,2026-01-27,43
Retail,S010,ST0011_M,2026-01-27,32
Retail,S010,ST0012_M,2026-01-27,19
Retail,S010,ST0014_S,2026-01-27,33
Retail,S010,ST0017_M,2026-01-27,35
Retail,S010,ST0041_L,2026-01-27,41
Retail,S010,ST0039_L,2026-01-27,49
Retail,S010,ST0036_S,2026-01-27,35
Retail,S010,ST0024_S,2026-01-27,48
Retail,S010,ST0001_M,2026-01-27,25
Retail,S010,ST0009_S,2026-01-27,32
Retail,S010,ST0018_L,2026-01-27,8
Retail,S010,ST0047_L,2026-01-27,37
Retail,S001,ST0008_S,2026-01-28,38
Retail,S001,ST0049_XL,2026-01-28,27
Retail,S001,ST0012_L,2026-01-28,6
Retail,S001,ST0026_M,2026-01-28,21
Retail,S001,ST0027_XL,2026-01-28,35
Retail,S001,ST0028_L,2026-01-28,5
Retail,S001,ST0031_M,2026-01-28,34
Retail,S001,ST0008_L,2026-01-28,6
Retail,S001,ST0015_S,2026-01-28,34
Retail,S001,ST0009_M,2026-01-28,46
Retail,S001,ST0035_L,2026-01-28,42
Retail,S001,ST0029_XL,2026-01-28,2
Retail,S001,ST0024_XL,2026-01-28,38
Retail,S001,ST0011_L,2026-01-28,8
Retail,S001,ST0005_S,2026-01-28,16
Retail,S001,ST0035_M,2026-01-28,40
Retail,S001,ST0006_M,2026-01-28,44
Retail,S001,ST0047_M,2026-01-28,45
Retail,S001,ST0034_L,2026-01-28,13
Retail,S001,ST0026_L,2026-01-28,10
Retail,S002,ST0011_XL,2026-01-28,40
Retail,S002,ST0010_L,2026-01-28,43
Retail,S002,ST0026_L,2026-01-28,42
Retail,S002,ST0033_M,2026-01-28,46
Retail,S002,ST0025_XL,2026-01-28,46
Retail,S002,ST0009_L,2026-01-28,20
Retail,S002,ST0014_XL,2026-01-28,2
Retail,S002,ST0010_S,2026-01-28,42
Retail,S002,ST0026_M,2026-01-28,23
Retail,S002,ST0004_XL,2026-01-28,5
Retail,S002,ST0011_L,2026-01-28,46
Retail,S002,ST0002_XL,2026-01-28,23
Retail,S002,ST0018_S,2026-01-28,37
Retail,S002,ST0044_L,2026-01-28,33
Retail,S002,ST0001_L,2026-01-28,46
Retail,S002,ST0030_L,2026-01-28,15
Retail,S002,ST0021_XL,2026-01-28,48
Retail,S002,ST0034_L,2026-01-28,8
Retail,S002,ST0008_XL,2026-01-28,36
Retail,S002,ST0016_L,2026-01-28,2
Retail,S003,ST0018_M,2026-01-28,41
Retail,S003,ST0028_S,2026-01-28,25
Retail,S003,ST0022_S,2026-01-28,19
Retail,S003,ST0013_M,2026-01-28,34
Retail,S003,ST0029_S,2026-01-28,3
Retail,S003,ST0032_L,2026-01-28,24
Retail,S003,ST0046_L,2026-01-28,27
Retail,S003,ST0025_XL,2026-01-28,11
Retail,S003,ST0003_L,2026-01-28,0
Retail,S003,ST0005_S,2026-01-28,33
Retail,S003,ST0036_M,2026-01-28,21
Retail,S003,ST0045_XL,2026-01-28,26
Retail,S003,ST0005_XL,2026-01-28,21
Retail,S003,ST0037_XL,2026-01-28,43
Retail,S003,ST0018_XL,2026-01-28,4
Retail,S003,ST0044_M,2026-01-28,41
Retail,S003,ST0021_XL,2026-01-28,40
Retail,S003,ST0039_M,2026-01-28,6
Retail,S003,ST0011_XL,2026-01-28,6
Retail,S003,ST0009_M,2026-01-28,26
Retail,S004,ST0015_S,2026-01-28,2
Retail,S004,ST0015_L,2026-01-28,22
Retail,S004,ST0004_L,2026-01-28,40
Retail,S004,ST0030_L,2026-01-28,3
Retail,S004,ST0019_L,2026-01-28,2
Retail,S004,ST0019_XL,2026-01-28,19
Retail,S004,ST0023_L,2026-01-28,42
Retail,S004,ST0026_S,2026-01-28,48
Retail,S004,ST0048_XL,2026-01-28,7
Retail,S004,ST0011_L,2026-01-28,7
Retail,S004,ST0005_S,2026-01-28,18
Retail,S004,ST0026_L,2026-01-28,34
Retail,S004,ST0049_M,2026-01-28,7
Retail,S004,ST0001_XL,2026-01-28,7
Retail,S004,ST0035_S,2026-01-28,6
Retail,S004,ST0016_S,2026-01-28,43
Retail,S004,ST0041_L,2026-01-28,33
Retail,S004,ST0050_XL,2026-01-28,46
Retail,S004,ST0025_M,2026-01-28,14
Retail,S004,ST0018_M,2026-01-28,18
Retail,S005,ST0042_L,2026-01-28,35
Retail,S005,ST0034_M,2026-01-28,32
Retail,S005,ST0004_S,2026-01-28,33
Retail,S005,ST0050_M,2026-01-28,17
Retail,S005,ST0044_S,2026-01-28,10
Retail,S005,ST0017_L,2026-01-28,48
Retail,S005,ST0010_XL,2026-01-28,33
Retail,S005,ST0028_L,2026-01-28,29
Retail,S005,ST0022_XL,2026-01-28,37
Retail,S005,ST0011_XL,2026-01-28,23
Retail,S005,ST0012_S,2026-01-28,3
Retail,S005,ST0024_S,2026-01-28,28
Retail,S005,ST0050_S,2026-01-28,16
Retail,S005,ST0002_M,2026-01-28,22
Retail,S005,ST0020_S,2026-01-28,46
Retail,S005,ST0023_M,2026-01-28,15
Retail,S005,ST0003_XL,2026-01-28,43
Retail,S005,ST0046_S,2026-01-28,37
Retail,S005,ST0050_L,2026-01-28,0
Retail,S005,ST0015_M,2026-01-28,25
Retail,S006,ST0019_L,2026-01-28,24
Retail,S006,ST0018_XL,2026-01-28,26
Retail,S006,ST0014_M,2026-01-28,46
Retail,S006,ST0036_XL,2026-01-28,19
Retail,S006,ST0034_M,2026-01-28,7
Retail,S006,ST0038_XL,2026-01-28,30
Retail,S006,ST0005_XL,2026-01-28,23
Retail,S006,ST0009_L,2026-01-28,44
Retail,S006,ST0024_S,2026-01-28,21
Retail,S006,ST0020_XL,2026-01-28,27
Retail,S006,ST0019_S,2026-01-28,2
Retail,S006,ST0037_L,2026-01-28,37
Retail,S006,ST0042_M,2026-01-28,16
Retail,S006,ST0004_L,2026-01-28,20
Retail,S006,ST0028_M,2026-01-28,10
Retail,S006,ST0046_XL,2026-01-28,29
Retail,S006,ST0012_M,2026-01-28,44
Retail,S006,ST0012_L,2026-01-28,42
Retail,S006,ST0035_S,2026-01-28,35
Retail,S006,ST0029_S,2026-01-28,41
Retail,S007,ST0025_L,2026-01-28,9
Retail,S007,ST0024_S,2026-01-28,16
Retail,S007,ST0045_M,2026-01-28,9
Retail,S007,ST0048_L,2026-01-28,38
Retail,S007,ST0030_XL,2026-01-28,44
Retail,S007,ST0011_M,2026-01-28,5
Retail,S007,ST0044_M,2026-01-28,8
Retail,S007,ST0046_M,2026-01-28,42
Retail,S007,ST0037_L,2026-01-28,32
Retail,S007,ST0017_XL,2026-01-28,16
Retail,S007,ST0037_XL,2026-01-28,29
Retail,S007,ST0026_S,2026-01-28,38
Retail,S007,ST0047_S,2026-01-28,19
Retail,S007,ST0001_M,2026-01-28,24
Retail,S007,ST0022_XL,2026-01-28,46
Retail,S007,ST0043_L,2026-01-28,27
Retail,S007,ST0032_S,2026-01-28,30
Retail,S007,ST0047_M,2026-01-28,15
Retail,S007,ST0018_M,2026-01-28,43
Retail,S007,ST0043_S,2026-01-28,4
Retail,S008,ST0002_XL,2026-01-28,49
Retail,S008,ST0037_S,2026-01-28,2
Retail,S008,ST0022_L,2026-01-28,9
Retail,S008,ST0013_M,2026-01-28,34
Retail,S008,ST0048_L,2026-01-28,8
Retail,S008,ST0037_XL,2026-01-28,31
Retail,S008,ST0036_L,2026-01-28,17
Retail,S008,ST0027_S,2026-01-28,5
Retail,S008,ST0046_L,2026-01-28,5
Retail,S008,ST0013_XL,2026-01-28,9
Retail,S008,ST0011_S,2026-01-28,32
Retail,S008,ST0008_M,2026-01-28,24
Retail,S008,ST0032_XL,2026-01-28,15
Retail,S008,ST0035_S,2026-01-28,40
Retail,S008,ST0006_M,2026-01-28,8
Retail,S008,ST0024_S,2026-01-28,6
Retail,S008,ST0033_M,2026-01-28,0
Retail,S008,ST0015_XL,2026-01-28,30
Retail,S008,ST0009_L,2026-01-28,34
Retail,S008,ST0002_M,2026-01-28,18
Retail,S009,ST0020_XL,2026-01-28,30
Retail,S009,ST0041_S,2026-01-28,11
Retail,S009,ST0024_L,2026-01-28,36
Retail,S009,ST0023_XL,2026-01-28,48
Retail,S009,ST0041_M,2026-01-28,33
Retail,S009,ST0044_XL,2026-01-28,21
Retail,S009,ST0007_S,2026-01-28,44
Retail,S009,ST0048_S,2026-01-28,2
Retail,S009,ST0030_S,2026-01-28,17
Retail,S009,ST0022_M,2026-01-28,15
Retail,S009,ST0028_S,2026-01-28,8
Retail,S009,ST0010_XL,2026-01-28,5
Retail,S009,ST0038_S,2026-01-28,14
Retail,S009,ST0026_M,2026-01-28,5
Retail,S009,ST0014_XL,2026-01-28,28
Retail,S009,ST0016_L,2026-01-28,49
Retail,S009,ST0017_M,2026-01-28,44
Retail,S009,ST0036_XL,2026-01-28,25
Retail,S009,ST0022_S,2026-01-28,31
Retail,S009,ST0044_L,2026-01-28,6
Retail,S010,ST0023_L,2026-01-28,23
Retail,S010,ST0037_L,2026-01-28,46
Retail,S010,ST0016_S,2026-01-28,1
Retail,S010,ST0016_M,2026-01-28,20
Retail,S010,ST0022_M,2026-01-28,4
Retail,S010,ST0015_S,2026-01-28,43
Retail,S010,ST0009_S,2026-01-28,18
Retail,S010,ST0004_S,2026-01-28,15
Retail,S010,ST0027_XL,2026-01-28,16
Retail,S010,ST0032_M,2026-01-28,34
Retail,S010,ST0024_XL,2026-01-28,22
Retail,S010,ST0014_M,2026-01-28,15
Retail,S010,ST0015_L,2026-01-28,49
Retail,S010,ST0043_XL,2026-01-28,39
Retail,S010,ST0002_M,2026-01-28,40
Retail,S010,ST0036_L,2026-01-28,49
Retail,S010,ST0050_XL,2026-01-28,20
Retail,S010,ST0015_M,2026-01-28,3
Retail,S010,ST0020_M,2026-01-28,43
Retail,S010,ST0002_L,2026-01-28,33
Retail,S001,ST0005_L,2026-01-29,16
Retail,S001,ST0041_L,2026-01-29,16
Retail,S001,ST0011_L,2026-01-29,28
Retail,S001,ST0048_L,2026-01-29,3
Retail,S001,ST0024_M,2026-01-29,39
Retail,S001,ST0035_S,2026-01-29,5
Retail,S001,ST0031_M,2026-01-29,25
Retail,S001,ST0040_M,2026-01-29,38
Retail,S001,ST0036_XL,2026-01-29,46
Retail,S001,ST0001_L,2026-01-29,13
Retail,S001,ST0008_M,2026-01-29,33
Retail,S001,ST0007_M,2026-01-29,3
Retail,S001,ST0026_L,2026-01-29,30
Retail,S001,ST0038_S,2026-01-29,20
Retail,S001,ST0002_M,2026-01-29,28
Retail,S001,ST0040_L,2026-01-29,23
Retail,S001,ST0039_XL,2026-01-29,15
Retail,S001,ST0004_S,2026-01-29,20
Retail,S001,ST0033_S,2026-01-29,1
Retail,S001,ST0016_S,2026-01-29,36
Retail,S002,ST0030_M,2026-01-29,21
Retail,S002,ST0023_M,2026-01-29,21
Retail,S002,ST0048_L,2026-01-29,15
Retail,S002,ST0010_M,2026-01-29,43
Retail,S002,ST0034_L,2026-01-29,34
Retail,S002,ST0003_M,2026-01-29,38
Retail,S002,ST0030_XL,2026-01-29,20
Retail,S002,ST0004_S,2026-01-29,29
Retail,S002,ST0050_L,2026-01-29,47
Retail,S002,ST0022_L,2026-01-29,29
Retail,S002,ST0002_S,2026-01-29,49
Retail,S002,ST0050_XL,2026-01-29,15
Retail,S002,ST0002_XL,2026-01-29,29
Retail,S002,ST0019_L,2026-01-29,44
Retail,S002,ST0046_M,2026-01-29,1
Retail,S002,ST0011_L,2026-01-29,25
Retail,S002,ST0020_M,2026-01-29,1
Retail,S002,ST0012_L,2026-01-29,39
Retail,S002,ST0014_S,2026-01-29,16
Retail,S002,ST0024_M,2026-01-29,5
Retail,S003,ST0048_XL,2026-01-29,48
Retail,S003,ST0035_XL,2026-01-29,16
Retail,S003,ST0046_S,2026-01-29,2
Retail,S003,ST0004_L,2026-01-29,33
Retail,S003,ST0045_S,2026-01-29,3
Retail,S003,ST0012_M,2026-01-29,17
Retail,S003,ST0043_S,2026-01-29,28
Retail,S003,ST0016_L,2026-01-29,43
Retail,S003,ST0023_L,2026-01-29,10
Retail,S003,ST0040_M,2026-01-29,8
Retail,S003,ST0033_L,2026-01-29,46
Retail,S003,ST0030_S,2026-01-29,9
Retail,S003,ST0015_XL,2026-01-29,45
Retail,S003,ST0018_S,2026-01-29,25
Retail,S003,ST0021_L,2026-01-29,40
Retail,S003,ST0037_M,2026-01-29,47
Retail,S003,ST0047_XL,2026-01-29,12
Retail,S003,ST0029_S,2026-01-29,43
Retail,S003,ST0007_M,2026-01-29,19
Retail,S003,ST0045_XL,2026-01-29,3
Retail,S004,ST0026_XL,2026-01-29,41
Retail,S004,ST0029_XL,2026-01-29,10
Retail,S004,ST0012_L,2026-01-29,42
Retail,S004,ST0040_L,2026-01-29,41
Retail,S004,ST0038_S,2026-01-29,19
Retail,S004,ST0002_M,2026-01-29,6
Retail,S004,ST0040_S,2026-01-29,20
Retail,S004,ST0050_S,2026-01-29,5
Retail,S004,ST0008_XL,2026-01-29,36
Retail,S004,ST0008_L,2026-01-29,48
Retail,S004,ST0004_S,2026-01-29,26
Retail,S004,ST0038_XL,2026-01-29,16
Retail,S004,ST0048_L,2026-01-29,7
Retail,S004,ST0043_M,2026-01-29,39
Retail,S004,ST0042_S,2026-01-29,14
Retail,S004,ST0031_S,2026-01-29,30
Retail,S004,ST0031_M,2026-01-29,25
Retail,S004,ST0032_S,2026-01-29,23
Retail,S004,ST0013_S,2026-01-29,1
Retail,S004,ST0022_S,2026-01-29,40
Retail,S005,ST0036_XL,2026-01-29,16
Retail,S005,ST0019_L,2026-01-29,34
Retail,S005,ST0025_L,2026-01-29,12
Retail,S005,ST0045_S,2026-01-29,17
Retail,S005,ST0030_M,2026-01-29,16
Retail,S005,ST0022_M,2026-01-29,0
Retail,S005,ST0041_XL,2026-01-29,26
Retail,S005,ST0026_S,2026-01-29,46
Retail,S005,ST0010_L,2026-01-29,42
Retail,S005,ST0038_XL,2026-01-29,31
Retail,S005,ST0010_M,2026-01-29,16
Retail,S005,ST0001_S,2026-01-29,40
Retail,S005,ST0041_S,2026-01-29,23
Retail,S005,ST0008_L,2026-01-29,34
Retail,S005,ST0022_S,2026-01-29,21
Retail,S005,ST0018_M,2026-01-29,15
Retail,S005,ST0049_L,2026-01-29,43
Retail,S005,ST0006_M,2026-01-29,39
Retail,S005,ST0043_S,2026-01-29,10
Retail,S005,ST0029_S,2026-01-29,36
Retail,S006,ST0008_S,2026-01-29,31
Retail,S006,ST0022_M,2026-01-29,10
Retail,S006,ST0017_L,2026-01-29,1
Retail,S006,ST0036_XL,2026-01-29,31
Retail,S006,ST0028_XL,2026-01-29,48
Retail,S006,ST0038_L,2026-01-29,20
Retail,S006,ST0043_M,2026-01-29,37
Retail,S006,ST0042_L,2026-01-29,46
Retail,S006,ST0012_XL,2026-01-29,17
Retail,S006,ST0039_S,2026-01-29,33
Retail,S006,ST0024_M,2026-01-29,25
Retail,S006,ST0039_L,2026-01-29,5
Retail,S006,ST0013_L,2026-01-29,29
Retail,S006,ST0009_L,2026-01-29,38
Retail,S006,ST0047_L,2026-01-29,31
Retail,S006,ST0046_M,2026-01-29,12
Retail,S006,ST0022_L,2026-01-29,45
Retail,S006,ST0015_M,2026-01-29,12
Retail,S006,ST0015_XL,2026-01-29,32
Retail,S006,ST0028_S,2026-01-29,13
Retail,S007,ST0035_M,2026-01-29,45
Retail,S007,ST0025_XL,2026-01-29,23
Retail,S007,ST0020_XL,2026-01-29,29
Retail,S007,ST0020_L,2026-01-29,14
Retail,S007,ST0043_XL,2026-01-29,36
Retail,S007,ST0037_L,2026-01-29,11
Retail,S007,ST0036_XL,2026-01-29,18
Retail,S007,ST0013_XL,2026-01-29,38
Retail,S007,ST0015_XL,2026-01-29,10
Retail,S007,ST0011_XL,2026-01-29,14
Retail,S007,ST0001_L,2026-01-29,24
Retail,S007,ST0014_M,2026-01-29,2
Retail,S007,ST0020_M,2026-01-29,42
Retail,S007,ST0013_S,2026-01-29,44
Retail,S007,ST0029_L,2026-01-29,5
Retail,S007,ST0038_L,2026-01-29,12
Retail,S007,ST0018_L,2026-01-29,45
Retail,S007,ST0005_L,2026-01-29,45
Retail,S007,ST0042_L,2026-01-29,29
Retail,S007,ST0023_M,2026-01-29,13
Retail,S008,ST0014_L,2026-01-29,10
Retail,S008,ST0047_XL,2026-01-29,15
Retail,S008,ST0029_XL,2026-01-29,9
Retail,S008,ST0020_S,2026-01-29,14
Retail,S008,ST0024_XL,2026-01-29,22
Retail,S008,ST0028_M,2026-01-29,6
Retail,S008,ST0046_S,2026-01-29,13
Retail,S008,ST0016_M,2026-01-29,27
Retail,S008,ST0022_M,2026-01-29,44
Retail,S008,ST0028_S,2026-01-29,17
Retail,S008,ST0042_XL,2026-01-29,37
Retail,S008,ST0038_XL,2026-01-29,17
Retail,S008,ST0022_L,2026-01-29,20
Retail,S008,ST0026_L,2026-01-29,41
Retail,S008,ST0035_S,2026-01-29,1
Retail,S008,ST0016_L,2026-01-29,13
Retail,S008,ST0027_M,2026-01-29,42
Retail,S008,ST0029_S,2026-01-29,33
Retail,S008,ST0046_XL,2026-01-29,6
Retail,S008,ST0005_S,2026-01-29,14
Retail,S009,ST0016_S,2026-01-29,27
Retail,S009,ST0006_XL,2026-01-29,37
Retail,S009,ST0041_S,2026-01-29,22
Retail,S009,ST0010_M,2026-01-29,5
Retail,S009,ST0022_S,2026-01-29,11
Retail,S009,ST0018_M,2026-01-29,6
Retail,S009,ST0025_S,2026-01-29,25
Retail,S009,ST0021_L,2026-01-29,2
Retail,S009,ST0022_M,2026-01-29,40
Retail,S009,ST0038_S,2026-01-29,38
Retail,S009,ST0008_S,2026-01-29,33
Retail,S009,ST0042_L,2026-01-29,46
Retail,S009,ST0038_L,2026-01-29,35
Retail,S009,ST0016_M,2026-01-29,31
Retail,S009,ST0015_S,2026-01-29,27
Retail,S009,ST0013_S,2026-01-29,46
Retail,S009,ST0029_XL,2026-01-29,0
Retail,S009,ST0024_L,2026-01-29,27
Retail,S009,ST0008_M,2026-01-29,6
Retail,S009,ST0006_M,2026-01-29,46
Retail,S010,ST0009_S,2026-01-29,47
Retail,S010,ST0042_M,2026-01-29,45
Retail,S010,ST0021_S,2026-01-29,2
Retail,S010,ST0039_M,2026-01-29,31
Retail,S010,ST0028_M,2026-01-29,22
Retail,S010,ST0046_L,2026-01-29,48
Retail,S010,ST0007_M,2026-01-29,38
Retail,S010,ST0004_S,2026-01-29,20
Retail,S010,ST0030_L,2026-01-29,47
Retail,S010,ST0034_S,2026-01-29,30
Retail,S010,ST0032_XL,2026-01-29,6
Retail,S010,ST0036_S,2026-01-29,35
Retail,S010,ST0003_S,2026-01-29,21
Retail,S010,ST0047_S,2026-01-29,42
Retail,S010,ST0027_XL,2026-01-29,5
Retail,S010,ST0011_XL,2026-01-29,31
Retail,S010,ST0038_S,2026-01-29,33
Retail,S010,ST0041_S,2026-01-29,4
Retail,S010,ST0035_XL,2026-01-29,3
Retail,S010,ST0046_M,2026-01-29,17
Retail,S001,ST0038_S,2026-01-30,19
Retail,S001,ST0016_M,2026-01-30,45
Retail,S001,ST0036_L,2026-01-30,34
Retail,S001,ST0017_XL,2026-01-30,47
Retail,S001,ST0047_L,2026-01-30,25
Retail,S001,ST0019_L,2026-01-30,0
Retail,S001,ST0043_L,2026-01-30,44
Retail,S001,ST0023_L,2026-01-30,31
Retail,S001,ST0037_M,2026-01-30,28
Retail,S001,ST0001_L,2026-01-30,38
Retail,S001,ST0031_L,2026-01-30,42
Retail,S001,ST0047_M,2026-01-30,40
Retail,S001,ST0021_M,2026-01-30,21
Retail,S001,ST0004_S,2026-01-30,45
Retail,S001,ST0041_XL,2026-01-30,2
Retail,S001,ST0034_L,2026-01-30,4
Retail,S001,ST0031_M,2026-01-30,2
Retail,S001,ST0019_S,2026-01-30,31
Retail,S001,ST0005_M,2026-01-30,17
Retail,S001,ST0037_XL,2026-01-30,35
Retail,S002,ST0029_XL,2026-01-30,36
Retail,S002,ST0032_L,2026-01-30,17
Retail,S002,ST0040_XL,2026-01-30,41
Retail,S002,ST0042_M,2026-01-30,16
Retail,S002,ST0022_S,2026-01-30,19
Retail,S002,ST0045_S,2026-01-30,49
Retail,S002,ST0010_L,2026-01-30,38
Retail,S002,ST0017_S,2026-01-30,4
Retail,S002,ST0005_S,2026-01-30,9
Retail,S002,ST0039_L,2026-01-30,26
Retail,S002,ST0015_L,2026-01-30,20
Retail,S002,ST0009_M,2026-01-30,26
Retail,S002,ST0048_M,2026-01-30,24
Retail,S002,ST0028_M,2026-01-30,37
Retail,S002,ST0034_L,2026-01-30,17
Retail,S002,ST0035_M,2026-01-30,6
Retail,S002,ST0034_S,2026-01-30,3
Retail,S002,ST0012_M,2026-01-30,9
Retail,S002,ST0027_M,2026-01-30,40
Retail,S002,ST0042_S,2026-01-30,29
Retail,S003,ST0032_L,2026-01-30,1
Retail,S003,ST0035_XL,2026-01-30,14
Retail,S003,ST0037_XL,2026-01-30,24
Retail,S003,ST0010_L,2026-01-30,8
Retail,S003,ST0006_XL,2026-01-30,0
Retail,S003,ST0024_XL,2026-01-30,11
Retail,S003,ST0001_XL,2026-01-30,44
Retail,S003,ST0044_M,2026-01-30,12
Retail,S003,ST0018_M,2026-01-30,16
Retail,S003,ST0048_M,2026-01-30,30
Retail,S003,ST0011_XL,2026-01-30,25
Retail,S003,ST0012_L,2026-01-30,35
Retail,S003,ST0045_M,2026-01-30,15
Retail,S003,ST0033_M,2026-01-30,44
Retail,S003,ST0040_L,2026-01-30,10
Retail,S003,ST0015_M,2026-01-30,8
Retail,S003,ST0004_M,2026-01-30,24
Retail,S003,ST0029_L,2026-01-30,31
Retail,S003,ST0033_XL,2026-01-30,2
Retail,S003,ST0026_L,2026-01-30,47
Retail,S004,ST0042_M,2026-01-30,11
Retail,S004,ST0027_S,2026-01-30,15
Retail,S004,ST0043_L,2026-01-30,32
Retail,S004,ST0034_L,2026-01-30,13
Retail,S004,ST0050_XL,2026-01-30,24
Retail,S004,ST0017_M,2026-01-30,34
Retail,S004,ST0010_XL,2026-01-30,46
Retail,S004,ST0018_XL,2026-01-30,8
Retail,S004,ST0011_S,2026-01-30,44
Retail,S004,ST0002_XL,2026-01-30,38
Retail,S004,ST0014_M,2026-01-30,27
Retail,S004,ST0041_L,2026-01-30,7
Retail,S004,ST0004_M,2026-01-30,26
Retail,S004,ST0039_L,2026-01-30,47
Retail,S004,ST0015_L,2026-01-30,34
Retail,S004,ST0046_S,2026-01-30,32
Retail,S004,ST0045_XL,2026-01-30,9
Retail,S004,ST0040_S,2026-01-30,15
Retail,S004,ST0049_L,2026-01-30,18
Retail,S004,ST0031_L,2026-01-30,12
Retail,S005,ST0049_L,2026-01-30,28
Retail,S005,ST0039_XL,2026-01-30,13
Retail,S005,ST0035_XL,2026-01-30,35
Retail,S005,ST0037_S,2026-01-30,0
Retail,S005,ST0009_S,2026-01-30,36
Retail,S005,ST0032_L,2026-01-30,3
Retail,S005,ST0040_XL,2026-01-30,18
Retail,S005,ST0017_XL,2026-01-30,25
Retail,S005,ST0045_M,2026-01-30,31
Retail,S005,ST0003_S,2026-01-30,47
Retail,S005,ST0015_L,2026-01-30,20
Retail,S005,ST0026_XL,2026-01-30,28
Retail,S005,ST0006_M,2026-01-30,42
Retail,S005,ST0029_L,2026-01-30,26
Retail,S005,ST0047_XL,2026-01-30,20
Retail,S005,ST0033_M,2026-01-30,27
Retail,S005,ST0044_XL,2026-01-30,49
Retail,S005,ST0010_S,2026-01-30,21
Retail,S005,ST0034_L,2026-01-30,18
Retail,S005,ST0024_S,2026-01-30,4
Retail,S006,ST0027_L,2026-01-30,48
Retail,S006,ST0034_L,2026-01-30,49
Retail,S006,ST0042_XL,2026-01-30,10
Retail,S006,ST0047_L,2026-01-30,19
Retail,S006,ST0048_L,2026-01-30,14
Retail,S006,ST0012_S,2026-01-30,1
Retail,S006,ST0003_L,2026-01-30,27
Retail,S006,ST0006_S,2026-01-30,35
Retail,S006,ST0041_L,2026-01-30,17
Retail,S006,ST0050_XL,2026-01-30,18
Retail,S006,ST0023_L,2026-01-30,25
Retail,S006,ST0011_L,2026-01-30,27
Retail,S006,ST0003_M,2026-01-30,38
Retail,S006,ST0031_M,2026-01-30,12
Retail,S006,ST0026_M,2026-01-30,39
Retail,S006,ST0012_L,2026-01-30,48
Retail,S006,ST0049_M,2026-01-30,46
Retail,S006,ST0036_S,2026-01-30,22
Retail,S006,ST0017_L,2026-01-30,41
Retail,S006,ST0006_L,2026-01-30,24
Retail,S007,ST0027_L,2026-01-30,44
Retail,S007,ST0017_XL,2026-01-30,8
Retail,S007,ST0024_XL,2026-01-30,2
Retail,S007,ST0026_M,2026-01-30,0
Retail,S007,ST0040_M,2026-01-30,19
Retail,S007,ST0028_L,2026-01-30,15
Retail,S007,ST0043_M,2026-01-30,13
Retail,S007,ST0021_XL,2026-01-30,34
Retail,S007,ST0007_L,2026-01-30,0
Retail,S007,ST0008_S,2026-01-30,42
Retail,S007,ST0032_XL,2026-01-30,4
Retail,S007,ST0027_XL,2026-01-30,37
Retail,S007,ST0007_M,2026-01-30,31
Retail,S007,ST0034_XL,2026-01-30,2
Retail,S007,ST0036_XL,2026-01-30,46
Retail,S007,ST0004_S,2026-01-30,47
Retail,S007,ST0029_M,2026-01-30,26
Retail,S007,ST0012_M,2026-01-30,2
Retail,S007,ST0003_L,2026-01-30,34
Retail,S007,ST0018_XL,2026-01-30,16
Retail,S008,ST0050_M,2026-01-30,20
Retail,S008,ST0021_L,2026-01-30,24
Retail,S008,ST0041_M,2026-01-30,43
Retail,S008,ST0001_S,2026-01-30,49
Retail,S008,ST0044_S,2026-01-30,9
Retail,S008,ST0038_XL,2026-01-30,32
Retail,S008,ST0017_L,2026-01-30,35
Retail,S008,ST0018_M,2026-01-30,20
Retail,S008,ST0049_M,2026-01-30,1
Retail,S008,ST0033_L,2026-01-30,14
Retail,S008,ST0043_S,2026-01-30,1
Retail,S008,ST0027_S,2026-01-30,6
Retail,S008,ST0028_L,2026-01-30,45
Retail,S008,ST0018_XL,2026-01-30,42
Retail,S008,ST0004_XL,2026-01-30,2
Retail,S008,ST0038_L,2026-01-30,32
Retail,S008,ST0035_XL,2026-01-30,24
Retail,S008,ST0025_L,2026-01-30,35
Retail,S008,ST0045_S,2026-01-30,18
Retail,S008,ST0027_L,2026-01-30,47
Retail,S009,ST0043_L,2026-01-30,40
Retail,S009,ST0043_S,2026-01-30,47
Retail,S009,ST0019_L,2026-01-30,23
Retail,S009,ST0015_M,2026-01-30,5
Retail,S009,ST0035_L,2026-01-30,29
Retail,S009,ST0021_XL,2026-01-30,7
Retail,S009,ST0030_L,2026-01-30,9
Retail,S009,ST0033_XL,2026-01-30,30
Retail,S009,ST0044_XL,2026-01-30,7
Retail,S009,ST0014_M,2026-01-30,34
Retail,S009,ST0020_S,2026-01-30,9
Retail,S009,ST0038_L,2026-01-30,11
Retail,S009,ST0038_S,2026-01-30,26
Retail,S009,ST0040_S,2026-01-30,25
Retail,S009,ST0019_M,2026-01-30,17
Retail,S009,ST0002_M,2026-01-30,43
Retail,S009,ST0001_XL,2026-01-30,37
Retail,S009,ST0026_M,2026-01-30,20
Retail,S009,ST0018_S,2026-01-30,42
Retail,S009,ST0012_M,2026-01-30,23
Retail,S010,ST0011_L,2026-01-30,11
Retail,S010,ST0003_XL,2026-01-30,5
Retail,S010,ST0038_M,2026-01-30,9
Retail,S010,ST0031_S,2026-01-30,31
Retail,S010,ST0007_M,2026-01-30,3
Retail,S010,ST0034_XL,2026-01-30,15
Retail,S010,ST0012_XL,2026-01-30,49
Retail,S010,ST0026_XL,2026-01-30,32
Retail,S010,ST0004_S,2026-01-30,3
Retail,S010,ST0006_M,2026-01-30,8
Retail,S010,ST0005_M,2026-01-30,10
Retail,S010,ST0041_L,2026-01-30,37
Retail,S010,ST0044_XL,2026-01-30,31
Retail,S010,ST0007_S,2026-01-30,37
Retail,S010,ST0003_L,2026-01-30,23
Retail,S010,ST0029_S,2026-01-30,0
Retail,S010,ST0009_S,2026-01-30,4
Retail,S010,ST0043_XL,2026-01-30,18
Retail,S010,ST0002_XL,2026-01-30,47
Retail,S010,ST0029_L,2026-01-30,8
Retail,S001,ST0033_L,2026-01-31,15
Retail,S001,ST0005_M,2026-01-31,5
Retail,S001,ST0023_L,2026-01-31,0
Retail,S001,ST0040_S,2026-01-31,12
Retail,S001,ST0050_XL,2026-01-31,34
Retail,S001,ST0042_S,2026-01-31,25
Retail,S001,ST0012_L,2026-01-31,8
Retail,S001,ST0010_XL,2026-01-31,37
Retail,S001,ST0046_XL,2026-01-31,24
Retail,S001,ST0035_XL,2026-01-31,6
Retail,S001,ST0032_XL,2026-01-31,46
Retail,S001,ST0029_S,2026-01-31,47
Retail,S001,ST0038_S,2026-01-31,16
Retail,S001,ST0014_S,2026-01-31,5
Retail,S001,ST0008_XL,2026-01-31,32
Retail,S001,ST0023_S,2026-01-31,14
Retail,S001,ST0013_S,2026-01-31,48
Retail,S001,ST0046_M,2026-01-31,31
Retail,S001,ST0026_XL,2026-01-31,33
Retail,S001,ST0024_S,2026-01-31,43
Retail,S002,ST0039_L,2026-01-31,1
Retail,S002,ST0046_XL,2026-01-31,5
Retail,S002,ST0007_L,2026-01-31,10
Retail,S002,ST0028_M,2026-01-31,15
Retail,S002,ST0045_XL,2026-01-31,20
Retail,S002,ST0019_M,2026-01-31,21
Retail,S002,ST0039_S,2026-01-31,2
Retail,S002,ST0033_M,2026-01-31,20
Retail,S002,ST0035_XL,2026-01-31,5
Retail,S002,ST0048_M,2026-01-31,40
Retail,S002,ST0010_M,2026-01-31,36
Retail,S002,ST0006_M,2026-01-31,0
Retail,S002,ST0016_XL,2026-01-31,34
Retail,S002,ST0003_S,2026-01-31,25
Retail,S002,ST0044_M,2026-01-31,9
Retail,S002,ST0008_L,2026-01-31,28
Retail,S002,ST0038_XL,2026-01-31,42
Retail,S002,ST0030_M,2026-01-31,40
Retail,S002,ST0011_M,2026-01-31,42
Retail,S002,ST0017_S,2026-01-31,12
Retail,S003,ST0016_M,2026-01-31,2
Retail,S003,ST0048_L,2026-01-31,17
Retail,S003,ST0012_M,2026-01-31,48
Retail,S003,ST0024_L,2026-01-31,30
Retail,S003,ST0050_XL,2026-01-31,48
Retail,S003,ST0016_S,2026-01-31,10
Retail,S003,ST0023_XL,2026-01-31,20
Retail,S003,ST0050_M,2026-01-31,27
Retail,S003,ST0049_M,2026-01-31,28
Retail,S003,ST0040_S,2026-01-31,8
Retail,S003,ST0018_XL,2026-01-31,19
Retail,S003,ST0028_M,2026-01-31,0
Retail,S003,ST0017_S,2026-01-31,32
Retail,S003,ST0007_S,2026-01-31,7
Retail,S003,ST0004_S,2026-01-31,29
Retail,S003,ST0049_XL,2026-01-31,21
Retail,S003,ST0009_M,2026-01-31,41
Retail,S003,ST0031_M,2026-01-31,21
Retail,S003,ST0005_L,2026-01-31,32
Retail,S003,ST0006_L,2026-01-31,16
Retail,S004,ST0026_M,2026-01-31,28
Retail,S004,ST0050_M,2026-01-31,25
Retail,S004,ST0013_L,2026-01-31,43
Retail,S004,ST0040_XL,2026-01-31,2
Retail,S004,ST0047_L,2026-01-31,16
Retail,S004,ST0046_XL,2026-01-31,29
Retail,S004,ST0014_XL,2026-01-31,25
Retail,S004,ST0037_M,2026-01-31,22
Retail,S004,ST0027_S,2026-01-31,43
Retail,S004,ST0005_L,2026-01-31,11
Retail,S004,ST0019_M,2026-01-31,18
Retail,S004,ST0025_S,2026-01-31,7
Retail,S004,ST0004_L,2026-01-31,41
Retail,S004,ST0013_XL,2026-01-31,19
Retail,S004,ST0008_XL,2026-01-31,34
Retail,S004,ST0003_L,2026-01-31,27
Retail,S004,ST0003_M,2026-01-31,32
Retail,S004,ST0018_L,2026-01-31,21
Retail,S004,ST0028_M,2026-01-31,40
Retail,S004,ST0027_M,2026-01-31,34
Retail,S005,ST0022_M,2026-01-31,11
Retail,S005,ST0050_S,2026-01-31,36
Retail,S005,ST0045_XL,2026-01-31,36
Retail,S005,ST0047_XL,2026-01-31,40
Retail,S005,ST0021_L,2026-01-31,25
Retail,S005,ST0018_XL,2026-01-31,33
Retail,S005,ST0041_XL,2026-01-31,46
Retail,S005,ST0044_M,2026-01-31,29
Retail,S005,ST0017_S,2026-01-31,1
Retail,S005,ST0006_XL,2026-01-31,22
Retail,S005,ST0009_L,2026-01-31,3
Retail,S005,ST0046_L,2026-01-31,10
Retail,S005,ST0002_M,2026-01-31,35
Retail,S005,ST0031_XL,2026-01-31,2
Retail,S005,ST0001_L,2026-01-31,29
Retail,S005,ST0047_S,2026-01-31,22
Retail,S005,ST0030_S,2026-01-31,0
Retail,S005,ST0017_L,2026-01-31,0
Retail,S005,ST0045_L,2026-01-31,2
Retail,S005,ST0013_XL,2026-01-31,31
Retail,S006,ST0023_S,2026-01-31,17
Retail,S006,ST0023_XL,2026-01-31,43
Retail,S006,ST0032_XL,2026-01-31,16
Retail,S006,ST0035_M,2026-01-31,6
Retail,S006,ST0015_XL,2026-01-31,20
Retail,S006,ST0037_M,2026-01-31,22
Retail,S006,ST0039_XL,2026-01-31,47
Retail,S006,ST0005_S,2026-01-31,45
Retail,S006,ST0031_XL,2026-01-31,16
Retail,S006,ST0012_XL,2026-01-31,10
Retail,S006,ST0011_S,2026-01-31,30
Retail,S006,ST0003_M,2026-01-31,23
Retail,S006,ST0033_S,2026-01-31,46
Retail,S006,ST0044_L,2026-01-31,41
Retail,S006,ST0018_M,2026-01-31,48
Retail,S006,ST0017_L,2026-01-31,6
Retail,S006,ST0026_M,2026-01-31,17
Retail,S006,ST0014_M,2026-01-31,1
Retail,S006,ST0003_XL,2026-01-31,43
Retail,S006,ST0022_L,2026-01-31,46
Retail,S007,ST0025_M,2026-01-31,33
Retail,S007,ST0003_M,2026-01-31,30
Retail,S007,ST0036_XL,2026-01-31,26
Retail,S007,ST0049_XL,2026-01-31,31
Retail,S007,ST0046_L,2026-01-31,34
Retail,S007,ST0006_S,2026-01-31,33
Retail,S007,ST0037_L,2026-01-31,9
Retail,S007,ST0020_M,2026-01-31,24
Retail,S007,ST0008_M,2026-01-31,14
Retail,S007,ST0031_XL,2026-01-31,26
Retail,S007,ST0015_XL,2026-01-31,15
Retail,S007,ST0040_S,2026-01-31,23
Retail,S007,ST0046_S,2026-01-31,17
Retail,S007,ST0032_M,2026-01-31,7
Retail,S007,ST0008_L,2026-01-31,35
Retail,S007,ST0018_XL,2026-01-31,13
Retail,S007,ST0034_S,2026-01-31,23
Retail,S007,ST0004_S,2026-01-31,31
Retail,S007,ST0028_M,2026-01-31,19
Retail,S007,ST0024_M,2026-01-31,31
Retail,S008,ST0008_S,2026-01-31,47
Retail,S008,ST0010_M,2026-01-31,40
Retail,S008,ST0049_XL,2026-01-31,40
Retail,S008,ST0009_M,2026-01-31,6
Retail,S008,ST0013_XL,2026-01-31,33
Retail,S008,ST0019_XL,2026-01-31,5
Retail,S008,ST0040_M,2026-01-31,16
Retail,S008,ST0040_L,2026-01-31,47
Retail,S008,ST0039_XL,2026-01-31,47
Retail,S008,ST0021_L,2026-01-31,4
Retail,S008,ST0049_M,2026-01-31,36
Retail,S008,ST0011_M,2026-01-31,11
Retail,S008,ST0002_S,2026-01-31,6
Retail,S008,ST0010_L,2026-01-31,41
Retail,S008,ST0010_S,2026-01-31,40
Retail,S008,ST0021_S,2026-01-31,24
Retail,S008,ST0014_S,2026-01-31,6
Retail,S008,ST0032_XL,2026-01-31,40
Retail,S008,ST0050_M,2026-01-31,20
Retail,S008,ST0034_M,2026-01-31,8
Retail,S009,ST0042_XL,2026-01-31,39
Retail,S009,ST0032_S,2026-01-31,10
Retail,S009,ST0021_XL,2026-01-31,31
Retail,S009,ST0049_XL,2026-01-31,49
Retail,S009,ST0043_S,2026-01-31,30
Retail,S009,ST0032_M,2026-01-31,47
Retail,S009,ST0046_S,2026-01-31,5
Retail,S009,ST0049_M,2026-01-31,48
Retail,S009,ST0029_S,2026-01-31,20
Retail,S009,ST0033_XL,2026-01-31,40
Retail,S009,ST0047_S,2026-01-31,27
Retail,S009,ST0046_L,2026-01-31,0
Retail,S009,ST0014_L,2026-01-31,32
Retail,S009,ST0015_M,2026-01-31,10
Retail,S009,ST0002_S,2026-01-31,22
Retail,S009,ST0002_L,2026-01-31,44
Retail,S009,ST0049_L,2026-01-31,46
Retail,S009,ST0050_M,2026-01-31,9
Retail,S009,ST0036_XL,2026-01-31,8
Retail,S009,ST0039_L,2026-01-31,49
Retail,S010,ST0044_M,2026-01-31,3
Retail,S010,ST0020_L,2026-01-31,21
Retail,S010,ST0002_S,2026-01-31,47
Retail,S010,ST0026_M,2026-01-31,46
Retail,S010,ST0017_M,2026-01-31,34
Retail,S010,ST0027_XL,2026-01-31,23
Retail,S010,ST0047_XL,2026-01-31,0
Retail,S010,ST0037_S,2026-01-31,38
Retail,S010,ST0042_S,2026-01-31,14
Retail,S010,ST0020_XL,2026-01-31,22
Retail,S010,ST0042_XL,2026-01-31,30
Retail,S010,ST0039_XL,2026-01-31,27
Retail,S010,ST0008_M,2026-01-31,5
Retail,S010,ST0046_XL,2026-01-31,14
Retail,S010,ST0029_M,2026-01-31,20
Retail,S010,ST0008_XL,2026-01-31,2
Retail,S010,ST0025_M,2026-01-31,21
Retail,S010,ST0008_S,2026-01-31,43
Retail,S010,ST0006_M,2026-01-31,3
Retail,S010,ST0023_XL,2026-01-31,44
Retail,S001,ST0050_M,2026-02-01,33
Retail,S001,ST0033_L,2026-02-01,21
Retail,S001,ST0022_S,2026-02-01,28
Retail,S001,ST0014_S,2026-02-01,6
Retail,S001,ST0024_XL,2026-02-01,5
Retail,S001,ST0008_M,2026-02-01,36
Retail,S001,ST0048_M,2026-02-01,13
Retail,S001,ST0004_XL,2026-02-01,5
Retail,S001,ST0035_M,2026-02-01,48
Retail,S001,ST0004_L,2026-02-01,11
Retail,S001,ST0010_S,2026-02-01,28
Retail,S001,ST0011_XL,2026-02-01,13
Retail,S001,ST0021_L,2026-02-01,4
Retail,S001,ST0005_L,2026-02-01,46
Retail,S001,ST0027_L,2026-02-01,15
Retail,S001,ST0012_S,2026-02-01,14
Retail,S001,ST0036_M,2026-02-01,24
Retail,S001,ST0046_M,2026-02-01,43
Retail,S001,ST0049_L,2026-02-01,32
Retail,S001,ST0044_XL,2026-02-01,25
Retail,S002,ST0050_M,2026-02-01,9
Retail,S002,ST0011_S,2026-02-01,11
Retail,S002,ST0032_XL,2026-02-01,8
Retail,S002,ST0045_S,2026-02-01,20
Retail,S002,ST0024_S,2026-02-01,35
Retail,S002,ST0003_M,2026-02-01,5
Retail,S002,ST0019_S,2026-02-01,36
Retail,S002,ST0042_S,2026-02-01,4
Retail,S002,ST0008_S,2026-02-01,39
Retail,S002,ST0017_L,2026-02-01,20
Retail,S002,ST0031_XL,2026-02-01,41
Retail,S002,ST0029_XL,2026-02-01,1
Retail,S002,ST0019_M,2026-02-01,48
Retail,S002,ST0020_M,2026-02-01,25
Retail,S002,ST0001_M,2026-02-01,18
Retail,S002,ST0009_L,2026-02-01,18
Retail,S002,ST0030_S,2026-02-01,28
Retail,S002,ST0012_M,2026-02-01,33
Retail,S002,ST0026_L,2026-02-01,7
Retail,S002,ST0029_L,2026-02-01,10
Retail,S003,ST0046_M,2026-02-01,41
Retail,S003,ST0048_XL,2026-02-01,45
Retail,S003,ST0018_L,2026-02-01,17
Retail,S003,ST0039_M,2026-02-01,36
Retail,S003,ST0002_L,2026-02-01,19
Retail,S003,ST0046_S,2026-02-01,22
Retail,S003,ST0012_M,2026-02-01,42
Retail,S003,ST0045_XL,2026-02-01,22
Retail,S003,ST0033_S,2026-02-01,4
Retail,S003,ST0033_L,2026-02-01,26
Retail,S003,ST0035_M,2026-02-01,42
Retail,S003,ST0022_M,2026-02-01,35
Retail,S003,ST0015_M,2026-02-01,2
Retail,S003,ST0038_L,2026-02-01,35
Retail,S003,ST0023_XL,2026-02-01,47
Retail,S003,ST0045_M,2026-02-01,34
Retail,S003,ST0022_S,2026-02-01,28
Retail,S003,ST0046_XL,2026-02-01,25
Retail,S003,ST0027_L,2026-02-01,21
Retail,S003,ST0002_M,2026-02-01,43
Retail,S004,ST0008_XL,2026-02-01,27
Retail,S004,ST0034_S,2026-02-01,7
Retail,S004,ST0007_XL,2026-02-01,9
Retail,S004,ST0004_M,2026-02-01,34
Retail,S004,ST0026_S,2026-02-01,20
Retail,S004,ST0018_M,2026-02-01,19
Retail,S004,ST0001_L,2026-02-01,24
Retail,S004,ST0036_M,2026-02-01,26
Retail,S004,ST0005_M,2026-02-01,11
Retail,S004,ST0010_S,2026-02-01,18
Retail,S004,ST0034_XL,2026-02-01,16
Retail,S004,ST0019_L,2026-02-01,14
Retail,S004,ST0006_L,2026-02-01,35
Retail,S004,ST0044_XL,2026-02-01,32
Retail,S004,ST0010_XL,2026-02-01,34
Retail,S004,ST0043_L,2026-02-01,26
Retail,S004,ST0024_M,2026-02-01,29
Retail,S004,ST0047_S,2026-02-01,29
Retail,S004,ST0033_L,2026-02-01,44
Retail,S004,ST0048_L,2026-02-01,25
Retail,S005,ST0041_XL,2026-02-01,19
Retail,S005,ST0026_M,2026-02-01,4
Retail,S005,ST0028_XL,2026-02-01,2
Retail,S005,ST0006_L,2026-02-01,49
Retail,S005,ST0042_XL,2026-02-01,33
Retail,S005,ST0050_S,2026-02-01,6
Retail,S005,ST0048_S,2026-02-01,15
Retail,S005,ST0019_M,2026-02-01,32
Retail,S005,ST0006_M,2026-02-01,5
Retail,S005,ST0022_L,2026-02-01,31
Retail,S005,ST0050_XL,2026-02-01,41
Retail,S005,ST0047_M,2026-02-01,34
Retail,S005,ST0011_L,2026-02-01,46
Retail,S005,ST0009_L,2026-02-01,36
Retail,S005,ST0010_XL,2026-02-01,21
Retail,S005,ST0031_S,2026-02-01,22
Retail,S005,ST0044_L,2026-02-01,9
Retail,S005,ST0033_XL,2026-02-01,23
Retail,S005,ST0017_XL,2026-02-01,45
Retail,S005,ST0001_L,2026-02-01,15
Retail,S006,ST0050_XL,2026-02-01,3
Retail,S006,ST0001_L,2026-02-01,6
Retail,S006,ST0006_XL,2026-02-01,39
Retail,S006,ST0038_M,2026-02-01,23
Retail,S006,ST0003_L,2026-02-01,8
Retail,S006,ST0035_M,2026-02-01,43
Retail,S006,ST0011_S,2026-02-01,4
Retail,S006,ST0011_L,2026-02-01,11
Retail,S006,ST0043_M,2026-02-01,16
Retail,S006,ST0020_M,2026-02-01,0
Retail,S006,ST0006_S,2026-02-01,21
Retail,S006,ST0038_S,2026-02-01,22
Retail,S006,ST0013_L,2026-02-01,45
Retail,S006,ST0012_XL,2026-02-01,44
Retail,S006,ST0034_L,2026-02-01,36
Retail,S006,ST0039_M,2026-02-01,13
Retail,S006,ST0047_L,2026-02-01,5
Retail,S006,ST0007_L,2026-02-01,14
Retail,S006,ST0013_S,2026-02-01,14
Retail,S006,ST0034_XL,2026-02-01,44
Retail,S007,ST0004_L,2026-02-01,49
Retail,S007,ST0046_XL,2026-02-01,47
Retail,S007,ST0011_L,2026-02-01,5
Retail,S007,ST0029_XL,2026-02-01,21
Retail,S007,ST0002_S,2026-02-01,15
Retail,S007,ST0019_S,2026-02-01,32
Retail,S007,ST0037_XL,2026-02-01,40
Retail,S007,ST0017_M,2026-02-01,47
Retail,S007,ST0003_L,2026-02-01,25
Retail,S007,ST0022_M,2026-02-01,28
Retail,S007,ST0014_S,2026-02-01,38
Retail,S007,ST0041_XL,2026-02-01,12
Retail,S007,ST0003_S,2026-02-01,42
Retail,S007,ST0031_L,2026-02-01,4
Retail,S007,ST0009_S,2026-02-01,11
Retail,S007,ST0002_XL,2026-02-01,13
Retail,S007,ST0050_S,2026-02-01,25
Retail,S007,ST0023_S,2026-02-01,44
Retail,S007,ST0042_XL,2026-02-01,35
Retail,S007,ST0014_XL,2026-02-01,43
Retail,S008,ST0032_S,2026-02-01,19
Retail,S008,ST0002_L,2026-02-01,5
Retail,S008,ST0035_M,2026-02-01,25
Retail,S008,ST0039_XL,2026-02-01,44
Retail,S008,ST0022_L,2026-02-01,17
Retail,S008,ST0041_L,2026-02-01,7
Retail,S008,ST0017_L,2026-02-01,46
Retail,S008,ST0040_S,2026-02-01,32
Retail,S008,ST0001_M,2026-02-01,15
Retail,S008,ST0035_S,2026-02-01,38
Retail,S008,ST0006_XL,2026-02-01,15
Retail,S008,ST0046_L,2026-02-01,35
Retail,S008,ST0013_M,2026-02-01,31
Retail,S008,ST0007_L,2026-02-01,15
Retail,S008,ST0029_XL,2026-02-01,49
Retail,S008,ST0003_XL,2026-02-01,15
Retail,S008,ST0049_XL,2026-02-01,14
Retail,S008,ST0007_XL,2026-02-01,20
Retail,S008,ST0004_M,2026-02-01,18
Retail,S008,ST0002_M,2026-02-01,21
Retail,S009,ST0011_S,2026-02-01,24
Retail,S009,ST0038_L,2026-02-01,33
Retail,S009,ST0049_M,2026-02-01,21
Retail,S009,ST0023_M,2026-02-01,10
Retail,S009,ST0004_XL,2026-02-01,25
Retail,S009,ST0032_S,2026-02-01,34
Retail,S009,ST0021_XL,2026-02-01,39
Retail,S009,ST0035_XL,2026-02-01,14
Retail,S009,ST0039_M,2026-02-01,15
Retail,S009,ST0020_XL,2026-02-01,27
Retail,S009,ST0016_S,2026-02-01,13
Retail,S009,ST0027_S,2026-02-01,45
Retail,S009,ST0046_XL,2026-02-01,21
Retail,S009,ST0038_XL,2026-02-01,24
Retail,S009,ST0042_XL,2026-02-01,22
Retail,S009,ST0010_S,2026-02-01,27
Retail,S009,ST0024_XL,2026-02-01,22
Retail,S009,ST0014_L,2026-02-01,38
Retail,S009,ST0037_M,2026-02-01,24
Retail,S009,ST0039_S,2026-02-01,30
Retail,S010,ST0009_XL,2026-02-01,27
Retail,S010,ST0035_XL,2026-02-01,31
Retail,S010,ST0020_M,2026-02-01,4
Retail,S010,ST0042_L,2026-02-01,40
Retail,S010,ST0004_L,2026-02-01,10
Retail,S010,ST0016_L,2026-02-01,33
Retail,S010,ST0047_S,2026-02-01,2
Retail,S010,ST0015_L,2026-02-01,32
Retail,S010,ST0048_M,2026-02-01,42
Retail,S010,ST0015_XL,2026-02-01,9
Retail,S010,ST0032_XL,2026-02-01,2
Retail,S010,ST0044_S,2026-02-01,47
Retail,S010,ST0043_M,2026-02-01,13
Retail,S010,ST0050_S,2026-02-01,32
Retail,S010,ST0006_S,2026-02-01,35
Retail,S010,ST0016_S,2026-02-01,0
Retail,S010,ST0025_L,2026-02-01,26
Retail,S010,ST0018_S,2026-02-01,31
Retail,S010,ST0029_L,2026-02-01,43
Retail,S010,ST0008_M,2026-02-01,26
Retail,S001,ST0005_S,2026-02-02,7
Retail,S001,ST0008_M,2026-02-02,36
Retail,S001,ST0029_M,2026-02-02,30
Retail,S001,ST0018_S,2026-02-02,38
Retail,S001,ST0029_XL,2026-02-02,9
Retail,S001,ST0039_S,2026-02-02,28
Retail,S001,ST0019_XL,2026-02-02,19
Retail,S001,ST0011_XL,2026-02-02,32
Retail,S001,ST0022_XL,2026-02-02,12
Retail,S001,ST0013_S,2026-02-02,43
Retail,S001,ST0048_L,2026-02-02,20
Retail,S001,ST0039_XL,2026-02-02,15
Retail,S001,ST0028_XL,2026-02-02,26
Retail,S001,ST0007_XL,2026-02-02,2
Retail,S001,ST0001_L,2026-02-02,43
Retail,S001,ST0009_XL,2026-02-02,33
Retail,S001,ST0004_S,2026-02-02,37
Retail,S001,ST0045_S,2026-02-02,22
Retail,S001,ST0048_XL,2026-02-02,44
Retail,S001,ST0025_L,2026-02-02,44
Retail,S002,ST0043_S,2026-02-02,6
Retail,S002,ST0028_M,2026-02-02,32
Retail,S002,ST0045_M,2026-02-02,23
Retail,S002,ST0016_M,2026-02-02,19
Retail,S002,ST0003_M,2026-02-02,18
Retail,S002,ST0026_S,2026-02-02,21
Retail,S002,ST0024_XL,2026-02-02,21
Retail,S002,ST0009_XL,2026-02-02,16
Retail,S002,ST0045_S,2026-02-02,11
Retail,S002,ST0014_L,2026-02-02,44
Retail,S002,ST0004_XL,2026-02-02,39
Retail,S002,ST0041_M,2026-02-02,40
Retail,S002,ST0036_XL,2026-02-02,10
Retail,S002,ST0006_M,2026-02-02,41
Retail,S002,ST0013_M,2026-02-02,37
Retail,S002,ST0017_XL,2026-02-02,39
Retail,S002,ST0008_M,2026-02-02,44
Retail,S002,ST0019_L,2026-02-02,47
Retail,S002,ST0007_S,2026-02-02,10
Retail,S002,ST0003_S,2026-02-02,32
Retail,S003,ST0007_M,2026-02-02,15
Retail,S003,ST0029_M,2026-02-02,40
Retail,S003,ST0045_S,2026-02-02,43
Retail,S003,ST0031_XL,2026-02-02,16
Retail,S003,ST0032_XL,2026-02-02,23
Retail,S003,ST0004_M,2026-02-02,17
Retail,S003,ST0037_M,2026-02-02,2
Retail,S003,ST0022_L,2026-02-02,5
Retail,S003,ST0023_XL,2026-02-02,46
Retail,S003,ST0018_M,2026-02-02,1
Retail,S003,ST0046_S,2026-02-02,46
Retail,S003,ST0034_M,2026-02-02,44
Retail,S003,ST0030_XL,2026-02-02,2
Retail,S003,ST0026_XL,2026-02-02,41
Retail,S003,ST0009_M,2026-02-02,29
Retail,S003,ST0038_S,2026-02-02,20
Retail,S003,ST0017_S,2026-02-02,40
Retail,S003,ST0044_L,2026-02-02,33
Retail,S003,ST0019_S,2026-02-02,31
Retail,S003,ST0030_L,2026-02-02,45
Retail,S004,ST0036_M,2026-02-02,11
Retail,S004,ST0048_XL,2026-02-02,36
Retail,S004,ST0037_L,2026-02-02,36
Retail,S004,ST0011_XL,2026-02-02,41
Retail,S004,ST0041_XL,2026-02-02,2
Retail,S004,ST0017_M,2026-02-02,25
Retail,S004,ST0043_XL,2026-02-02,44
Retail,S004,ST0044_S,2026-02-02,23
Retail,S004,ST0043_L,2026-02-02,38
Retail,S004,ST0014_S,2026-02-02,23
Retail,S004,ST0014_L,2026-02-02,12
Retail,S004,ST0028_S,2026-02-02,42
Retail,S004,ST0017_XL,2026-02-02,18
Retail,S004,ST0003_XL,2026-02-02,31
Retail,S004,ST0045_XL,2026-02-02,31
Retail,S004,ST0010_XL,2026-02-02,45
Retail,S004,ST0004_M,2026-02-02,28
Retail,S004,ST0025_L,2026-02-02,0
Retail,S004,ST0031_XL,2026-02-02,48
Retail,S004,ST0036_XL,2026-02-02,12
Retail,S005,ST0041_XL,2026-02-02,42
Retail,S005,ST0033_S,2026-02-02,26
Retail,S005,ST0005_S,2026-02-02,27
Retail,S005,ST0037_S,2026-02-02,9
Retail,S005,ST0041_L,2026-02-02,9
Retail,S005,ST0050_S,2026-02-02,11
Retail,S005,ST0042_XL,2026-02-02,27
Retail,S005,ST0034_L,2026-02-02,27
Retail,S005,ST0025_S,2026-02-02,42
Retail,S005,ST0013_L,2026-02-02,2
Retail,S005,ST0014_M,2026-02-02,8
Retail,S005,ST0010_S,2026-02-02,21
Retail,S005,ST0001_L,2026-02-02,23
Retail,S005,ST0024_XL,2026-02-02,5
Retail,S005,ST0029_M,2026-02-02,10
Retail,S005,ST0025_XL,2026-02-02,15
Retail,S005,ST0011_M,2026-02-02,20
Retail,S005,ST0010_M,2026-02-02,13
Retail,S005,ST0029_L,2026-02-02,40
Retail,S005,ST0007_M,2026-02-02,5
Retail,S006,ST0023_XL,2026-02-02,1
Retail,S006,ST0034_L,2026-02-02,30
Retail,S006,ST0048_L,2026-02-02,4
Retail,S006,ST0027_XL,2026-02-02,29
Retail,S006,ST0032_L,2026-02-02,44
Retail,S006,ST0020_S,2026-02-02,41
Retail,S006,ST0015_XL,2026-02-02,46
Retail,S006,ST0050_M,2026-02-02,27
Retail,S006,ST0009_M,2026-02-02,20
Retail,S006,ST0050_XL,2026-02-02,12
Retail,S006,ST0033_XL,2026-02-02,39
Retail,S006,ST0008_M,2026-02-02,45
Retail,S006,ST0048_M,2026-02-02,15
Retail,S006,ST0026_M,2026-02-02,48
Retail,S006,ST0004_L,2026-02-02,48
Retail,S006,ST0029_M,2026-02-02,17
Retail,S006,ST0026_S,2026-02-02,40
Retail,S006,ST0046_L,2026-02-02,25
Retail,S006,ST0002_S,2026-02-02,17
Retail,S006,ST0027_M,2026-02-02,34
Retail,S007,ST0039_M,2026-02-02,46
Retail,S007,ST0027_XL,2026-02-02,49
Retail,S007,ST0004_M,2026-02-02,24
Retail,S007,ST0050_XL,2026-02-02,22
Retail,S007,ST0028_S,2026-02-02,35
Retail,S007,ST0049_XL,2026-02-02,22
Retail,S007,ST0032_XL,2026-02-02,27
Retail,S007,ST0013_S,2026-02-02,28
Retail,S007,ST0030_L,2026-02-02,18
Retail,S007,ST0001_XL,2026-02-02,20
Retail,S007,ST0025_M,2026-02-02,25
Retail,S007,ST0026_M,2026-02-02,21
Retail,S007,ST0046_L,2026-02-02,15
Retail,S007,ST0008_L,2026-02-02,27
Retail,S007,ST0021_L,2026-02-02,23
Retail,S007,ST0008_S,2026-02-02,14
Retail,S007,ST0048_S,2026-02-02,14
Retail,S007,ST0005_M,2026-02-02,12
Retail,S007,ST0028_L,2026-02-02,28
Retail,S007,ST0016_L,2026-02-02,25
Retail,S008,ST0050_M,2026-02-02,41
Retail,S008,ST0019_M,2026-02-02,26
Retail,S008,ST0034_XL,2026-02-02,4
Retail,S008,ST0043_M,2026-02-02,17
Retail,S008,ST0036_S,2026-02-02,32
Retail,S008,ST0007_L,2026-02-02,31
Retail,S008,ST0021_L,2026-02-02,2
Retail,S008,ST0022_S,2026-02-02,0
Retail,S008,ST0015_XL,2026-02-02,20
Retail,S008,ST0011_M,2026-02-02,7
Retail,S008,ST0003_L,2026-02-02,29
Retail,S008,ST0010_L,2026-02-02,26
Retail,S008,ST0037_XL,2026-02-02,14
Retail,S008,ST0043_XL,2026-02-02,6
Retail,S008,ST0029_L,2026-02-02,49
Retail,S008,ST0019_L,2026-02-02,37
Retail,S008,ST0014_L,2026-02-02,29
Retail,S008,ST0017_L,2026-02-02,18
Retail,S008,ST0048_L,2026-02-02,43
Retail,S008,ST0037_S,2026-02-02,19
Retail,S009,ST0040_S,2026-02-02,44
Retail,S009,ST0011_S,2026-02-02,13
Retail,S009,ST0010_XL,2026-02-02,28
Retail,S009,ST0043_L,2026-02-02,30
Retail,S009,ST0011_M,2026-02-02,26
Retail,S009,ST0023_S,2026-02-02,22
Retail,S009,ST0010_M,2026-02-02,17
Retail,S009,ST0022_XL,2026-02-02,19
Retail,S009,ST0044_S,2026-02-02,3
Retail,S009,ST0047_M,2026-02-02,10
Retail,S009,ST0030_S,2026-02-02,29
Retail,S009,ST0012_S,2026-02-02,25
Retail,S009,ST0026_S,2026-02-02,31
Retail,S009,ST0016_XL,2026-02-02,39
Retail,S009,ST0020_M,2026-02-02,41
Retail,S009,ST0030_L,2026-02-02,40
Retail,S009,ST0050_XL,2026-02-02,2
Retail,S009,ST0001_M,2026-02-02,11
Retail,S009,ST0039_S,2026-02-02,45
Retail,S009,ST0031_S,2026-02-02,5
Retail,S010,ST0032_M,2026-02-02,25
Retail,S010,ST0042_XL,2026-02-02,24
Retail,S010,ST0029_XL,2026-02-02,39
Retail,S010,ST0005_M,2026-02-02,43
Retail,S010,ST0018_L,2026-02-02,46
Retail,S010,ST0009_M,2026-02-02,40
Retail,S010,ST0025_S,2026-02-02,9
Retail,S010,ST0002_L,2026-02-02,14
Retail,S010,ST0023_XL,2026-02-02,9
Retail,S010,ST0036_XL,2026-02-02,20
Retail,S010,ST0004_M,2026-02-02,47
Retail,S010,ST0046_XL,2026-02-02,49
Retail,S010,ST0037_M,2026-02-02,40
Retail,S010,ST0017_M,2026-02-02,40
Retail,S010,ST0008_XL,2026-02-02,3
Retail,S010,ST0005_S,2026-02-02,48
Retail,S010,ST0042_S,2026-02-02,31
Retail,S010,ST0018_S,2026-02-02,46
Retail,S010,ST0016_XL,2026-02-02,15
Retail,S010,ST0042_M,2026-02-02,17
Retail,S001,ST0039_L,2026-02-03,47
Retail,S001,ST0016_L,2026-02-03,14
Retail,S001,ST0009_L,2026-02-03,2
Retail,S001,ST0007_M,2026-02-03,11
Retail,S001,ST0040_L,2026-02-03,35
Retail,S001,ST0013_XL,2026-02-03,14
Retail,S001,ST0010_XL,2026-02-03,7
Retail,S001,ST0009_M,2026-02-03,36
Retail,S001,ST0043_M,2026-02-03,37
Retail,S001,ST0006_M,2026-02-03,15
Retail,S001,ST0011_S,2026-02-03,16
Retail,S001,ST0010_M,2026-02-03,17
Retail,S001,ST0028_S,2026-02-03,11
Retail,S001,ST0039_M,2026-02-03,47
Retail,S001,ST0036_M,2026-02-03,42
Retail,S001,ST0012_S,2026-02-03,25
Retail,S001,ST0039_XL,2026-02-03,17
Retail,S001,ST0001_XL,2026-02-03,49
Retail,S001,ST0050_XL,2026-02-03,8
Retail,S001,ST0016_XL,2026-02-03,41
Retail,S002,ST0022_L,2026-02-03,2
Retail,S002,ST0046_L,2026-02-03,36
Retail,S002,ST0032_M,2026-02-03,37
Retail,S002,ST0003_S,2026-02-03,48
Retail,S002,ST0007_M,2026-02-03,28
Retail,S002,ST0001_L,2026-02-03,49
Retail,S002,ST0031_S,2026-02-03,49
Retail,S002,ST0018_L,2026-02-03,27
Retail,S002,ST0016_M,2026-02-03,6
Retail,S002,ST0039_L,2026-02-03,47
Retail,S002,ST0006_S,2026-02-03,34
Retail,S002,ST0022_S,2026-02-03,18
Retail,S002,ST0038_L,2026-02-03,14
Retail,S002,ST0017_M,2026-02-03,15
Retail,S002,ST0045_S,2026-02-03,46
Retail,S002,ST0041_L,2026-02-03,6
Retail,S002,ST0045_L,2026-02-03,28
Retail,S002,ST0031_L,2026-02-03,47
Retail,S002,ST0002_L,2026-02-03,34
Retail,S002,ST0029_S,2026-02-03,0
Retail,S003,ST0050_M,2026-02-03,19
Retail,S003,ST0006_M,2026-02-03,47
Retail,S003,ST0046_XL,2026-02-03,35
Retail,S003,ST0047_L,2026-02-03,32
Retail,S003,ST0036_S,2026-02-03,23
Retail,S003,ST0028_XL,2026-02-03,7
Retail,S003,ST0023_XL,2026-02-03,24
Retail,S003,ST0004_L,2026-02-03,23
Retail,S003,ST0007_XL,2026-02-03,26
Retail,S003,ST0032_S,2026-02-03,25
Retail,S003,ST0032_L,2026-02-03,3
Retail,S003,ST0009_XL,2026-02-03,6
Retail,S003,ST0040_M,2026-02-03,17
Retail,S003,ST0047_XL,2026-02-03,30
Retail,S003,ST0005_XL,2026-02-03,46
Retail,S003,ST0012_S,2026-02-03,25
Retail,S003,ST0042_M,2026-02-03,17
Retail,S003,ST0013_S,2026-02-03,14
Retail,S003,ST0005_S,2026-02-03,24
Retail,S003,ST0036_XL,2026-02-03,23
Retail,S004,ST0020_M,2026-02-03,31
Retail,S004,ST0019_S,2026-02-03,21
Retail,S004,ST0025_M,2026-02-03,17
Retail,S004,ST0005_XL,2026-02-03,10
Retail,S004,ST0047_XL,2026-02-03,26
Retail,S004,ST0028_M,2026-02-03,41
Retail,S004,ST0035_M,2026-02-03,14
Retail,S004,ST0016_M,2026-02-03,47
Retail,S004,ST0023_L,2026-02-03,2
Retail,S004,ST0023_XL,2026-02-03,43
Retail,S004,ST0009_M,2026-02-03,36
Retail,S004,ST0022_M,2026-02-03,23
Retail,S004,ST0049_M,2026-02-03,44
Retail,S004,ST0046_XL,2026-02-03,18
Retail,S004,ST0044_L,2026-02-03,20
Retail,S004,ST0024_XL,2026-02-03,48
Retail,S004,ST0035_XL,2026-02-03,19
Retail,S004,ST0031_XL,2026-02-03,24
Retail,S004,ST0041_L,2026-02-03,40
Retail,S004,ST0046_L,2026-02-03,1
Retail,S005,ST0006_S,2026-02-03,49
Retail,S005,ST0037_M,2026-02-03,28
Retail,S005,ST0008_XL,2026-02-03,25
Retail,S005,ST0034_S,2026-02-03,37
Retail,S005,ST0003_S,2026-02-03,45
Retail,S005,ST0047_L,2026-02-03,3
Retail,S005,ST0014_L,2026-02-03,17
Retail,S005,ST0029_XL,2026-02-03,5
Retail,S005,ST0037_XL,2026-02-03,4
Retail,S005,ST0010_XL,2026-02-03,33
Retail,S005,ST0005_S,2026-02-03,0
Retail,S005,ST0044_S,2026-02-03,17
Retail,S005,ST0038_L,2026-02-03,9
Retail,S005,ST0004_XL,2026-02-03,18
Retail,S005,ST0026_S,2026-02-03,21
Retail,S005,ST0045_M,2026-02-03,43
Retail,S005,ST0046_M,2026-02-03,11
Retail,S005,ST0010_L,2026-02-03,0
Retail,S005,ST0047_S,2026-02-03,37
Retail,S005,ST0030_S,2026-02-03,23
Retail,S006,ST0034_L,2026-02-03,14
Retail,S006,ST0009_M,2026-02-03,23
Retail,S006,ST0004_M,2026-02-03,23
Retail,S006,ST0048_L,2026-02-03,8
Retail,S006,ST0013_L,2026-02-03,5
Retail,S006,ST0022_S,2026-02-03,22
Retail,S006,ST0046_M,2026-02-03,16
Retail,S006,ST0025_L,2026-02-03,25
Retail,S006,ST0019_S,2026-02-03,24
Retail,S006,ST0010_L,2026-02-03,2
Retail,S006,ST0017_M,2026-02-03,41
Retail,S006,ST0035_M,2026-02-03,1
Retail,S006,ST0038_M,2026-02-03,6
Retail,S006,ST0031_S,2026-02-03,16
Retail,S006,ST0006_L,2026-02-03,34
Retail,S006,ST0014_M,2026-02-03,44
Retail,S006,ST0049_S,2026-02-03,47
Retail,S006,ST0020_M,2026-02-03,46
Retail,S006,ST0032_S,2026-02-03,24
Retail,S006,ST0006_S,2026-02-03,38
Retail,S007,ST0012_XL,2026-02-03,37
Retail,S007,ST0043_XL,2026-02-03,11
Retail,S007,ST0038_M,2026-02-03,44
Retail,S007,ST0034_L,2026-02-03,20
Retail,S007,ST0034_XL,2026-02-03,13
Retail,S007,ST0027_S,2026-02-03,46
Retail,S007,ST0030_L,2026-02-03,34
Retail,S007,ST0007_S,2026-02-03,29
Retail,S007,ST0009_M,2026-02-03,28
Retail,S007,ST0036_S,2026-02-03,24
Retail,S007,ST0035_XL,2026-02-03,41
Retail,S007,ST0010_L,2026-02-03,26
Retail,S007,ST0029_S,2026-02-03,28
Retail,S007,ST0036_M,2026-02-03,17
Retail,S007,ST0015_L,2026-02-03,19
Retail,S007,ST0007_XL,2026-02-03,44
Retail,S007,ST0017_L,2026-02-03,23
Retail,S007,ST0048_XL,2026-02-03,46
Retail,S007,ST0013_S,2026-02-03,25
Retail,S007,ST0025_XL,2026-02-03,35
Retail,S008,ST0035_S,2026-02-03,32
Retail,S008,ST0027_M,2026-02-03,20
Retail,S008,ST0038_S,2026-02-03,48
Retail,S008,ST0040_M,2026-02-03,40
Retail,S008,ST0012_M,2026-02-03,23
Retail,S008,ST0014_M,2026-02-03,4
Retail,S008,ST0022_S,2026-02-03,30
Retail,S008,ST0022_M,2026-02-03,47
Retail,S008,ST0037_M,2026-02-03,7
Retail,S008,ST0001_M,2026-02-03,31
Retail,S008,ST0010_L,2026-02-03,25
Retail,S008,ST0026_S,2026-02-03,35
Retail,S008,ST0023_XL,2026-02-03,3
Retail,S008,ST0010_XL,2026-02-03,21
Retail,S008,ST0019_S,2026-02-03,7
Retail,S008,ST0026_L,2026-02-03,14
Retail,S008,ST0021_L,2026-02-03,41
Retail,S008,ST0047_M,2026-02-03,4
Retail,S008,ST0023_M,2026-02-03,1
Retail,S008,ST0005_S,2026-02-03,49
Retail,S009,ST0013_S,2026-02-03,32
Retail,S009,ST0007_S,2026-02-03,40
Retail,S009,ST0021_M,2026-02-03,12
Retail,S009,ST0026_L,2026-02-03,6
Retail,S009,ST0050_S,2026-02-03,38
Retail,S009,ST0021_XL,2026-02-03,48
Retail,S009,ST0030_S,2026-02-03,16
Retail,S009,ST0006_XL,2026-02-03,29
Retail,S009,ST0043_S,2026-02-03,4
Retail,S009,ST0024_L,2026-02-03,18
Retail,S009,ST0018_S,2026-02-03,20
Retail,S009,ST0035_S,2026-02-03,20
Retail,S009,ST0015_M,2026-02-03,16
Retail,S009,ST0027_S,2026-02-03,26
Retail,S009,ST0012_XL,2026-02-03,19
Retail,S009,ST0014_M,2026-02-03,33
Retail,S009,ST0050_M,2026-02-03,31
Retail,S009,ST0004_XL,2026-02-03,44
Retail,S009,ST0050_XL,2026-02-03,10
Retail,S009,ST0046_M,2026-02-03,37
Retail,S010,ST0013_L,2026-02-03,48
Retail,S010,ST0019_M,2026-02-03,33
Retail,S010,ST0023_S,2026-02-03,20
Retail,S010,ST0005_S,2026-02-03,13
Retail,S010,ST0043_M,2026-02-03,26
Retail,S010,ST0019_L,2026-02-03,28
Retail,S010,ST0028_XL,2026-02-03,39
Retail,S010,ST0046_S,2026-02-03,27
Retail,S010,ST0044_S,2026-02-03,31
Retail,S010,ST0031_S,2026-02-03,19
Retail,S010,ST0015_S,2026-02-03,1
Retail,S010,ST0050_XL,2026-02-03,40
Retail,S010,ST0039_L,2026-02-03,39
Retail,S010,ST0026_L,2026-02-03,25
Retail,S010,ST0003_M,2026-02-03,16
Retail,S010,ST0034_L,2026-02-03,6
Retail,S010,ST0044_L,2026-02-03,26
Retail,S010,ST0010_L,2026-02-03,25
Retail,S010,ST0030_M,2026-02-03,8
Retail,S010,ST0042_L,2026-02-03,43
Retail,S001,ST0008_XL,2026-02-04,39
Retail,S001,ST0028_M,2026-02-04,14
Retail,S001,ST0026_S,2026-02-04,13
Retail,S001,ST0003_XL,2026-02-04,17
Retail,S001,ST0029_L,2026-02-04,2
Retail,S001,ST0011_M,2026-02-04,45
Retail,S001,ST0032_L,2026-02-04,3
Retail,S001,ST0045_XL,2026-02-04,39
Retail,S001,ST0005_S,2026-02-04,20
Retail,S001,ST0024_M,2026-02-04,15
Retail,S001,ST0044_S,2026-02-04,8
Retail,S001,ST0012_L,2026-02-04,26
Retail,S001,ST0016_L,2026-02-04,0
Retail,S001,ST0002_XL,2026-02-04,12
Retail,S001,ST0029_XL,2026-02-04,3
Retail,S001,ST0044_L,2026-02-04,24
Retail,S001,ST0007_XL,2026-02-04,22
Retail,S001,ST0048_L,2026-02-04,42
Retail,S001,ST0020_L,2026-02-04,44
Retail,S001,ST0025_L,2026-02-04,47
Retail,S002,ST0012_XL,2026-02-04,27
Retail,S002,ST0029_M,2026-02-04,14
Retail,S002,ST0003_S,2026-02-04,49
Retail,S002,ST0050_XL,2026-02-04,0
Retail,S002,ST0033_XL,2026-02-04,25
Retail,S002,ST0009_L,2026-02-04,22
Retail,S002,ST0023_XL,2026-02-04,0
Retail,S002,ST0014_XL,2026-02-04,17
Retail,S002,ST0028_M,2026-02-04,45
Retail,S002,ST0026_XL,2026-02-04,27
Retail,S002,ST0040_L,2026-02-04,35
Retail,S002,ST0028_L,2026-02-04,4
Retail,S002,ST0012_M,2026-02-04,1
Retail,S002,ST0022_M,2026-02-04,10
Retail,S002,ST0036_XL,2026-02-04,29
Retail,S002,ST0009_M,2026-02-04,35
Retail,S002,ST0045_M,2026-02-04,18
Retail,S002,ST0004_M,2026-02-04,6
Retail,S002,ST0003_L,2026-02-04,45
Retail,S002,ST0024_S,2026-02-04,36
Retail,S003,ST0006_S,2026-02-04,23
Retail,S003,ST0010_XL,2026-02-04,33
Retail,S003,ST0012_L,2026-02-04,18
Retail,S003,ST0022_XL,2026-02-04,29
Retail,S003,ST0043_M,2026-02-04,39
Retail,S003,ST0048_S,2026-02-04,43
Retail,S003,ST0028_M,2026-02-04,33
Retail,S003,ST0037_L,2026-02-04,32
Retail,S003,ST0021_L,2026-02-04,38
Retail,S003,ST0004_M,2026-02-04,48
Retail,S003,ST0033_S,2026-02-04,44
Retail,S003,ST0012_S,2026-02-04,17
Retail,S003,ST0045_M,2026-02-04,47
Retail,S003,ST0046_M,2026-02-04,26
Retail,S003,ST0023_S,2026-02-04,5
Retail,S003,ST0049_M,2026-02-04,6
Retail,S003,ST0022_S,2026-02-04,30
Retail,S003,ST0027_L,2026-02-04,47
Retail,S003,ST0020_S,2026-02-04,28
Retail,S003,ST0036_S,2026-02-04,23
Retail,S004,ST0006_M,2026-02-04,41
Retail,S004,ST0042_S,2026-02-04,5
Retail,S004,ST0014_XL,2026-02-04,28
Retail,S004,ST0043_S,2026-02-04,21
Retail,S004,ST0013_L,2026-02-04,19
Retail,S004,ST0011_S,2026-02-04,26
Retail,S004,ST0030_S,2026-02-04,47
Retail,S004,ST0036_S,2026-02-04,33
Retail,S004,ST0021_S,2026-02-04,27
Retail,S004,ST0041_S,2026-02-04,9
Retail,S004,ST0014_L,2026-02-04,35
Retail,S004,ST0015_XL,2026-02-04,25
Retail,S004,ST0045_L,2026-02-04,18
Retail,S004,ST0045_XL,2026-02-04,48
Retail,S004,ST0004_S,2026-02-04,19
Retail,S004,ST0009_XL,2026-02-04,21
Retail,S004,ST0011_M,2026-02-04,35
Retail,S004,ST0033_S,2026-02-04,9
Retail,S004,ST0020_S,2026-02-04,39
Retail,S004,ST0010_L,2026-02-04,48
Retail,S005,ST0017_M,2026-02-04,10
Retail,S005,ST0008_S,2026-02-04,7
Retail,S005,ST0005_L,2026-02-04,43
Retail,S005,ST0045_S,2026-02-04,24
Retail,S005,ST0039_S,2026-02-04,22
Retail,S005,ST0009_L,2026-02-04,35
Retail,S005,ST0019_S,2026-02-04,5
Retail,S005,ST0025_M,2026-02-04,20
Retail,S005,ST0030_L,2026-02-04,19
Retail,S005,ST0006_M,2026-02-04,5
Retail,S005,ST0016_L,2026-02-04,17
Retail,S005,ST0022_XL,2026-02-04,11
Retail,S005,ST0002_L,2026-02-04,49
Retail,S005,ST0023_M,2026-02-04,15
Retail,S005,ST0047_XL,2026-02-04,47
Retail,S005,ST0036_L,2026-02-04,48
Retail,S005,ST0044_XL,2026-02-04,35
Retail,S005,ST0047_M,2026-02-04,43
Retail,S005,ST0024_S,2026-02-04,48
Retail,S005,ST0043_S,2026-02-04,33
Retail,S006,ST0048_XL,2026-02-04,36
Retail,S006,ST0026_L,2026-02-04,40
Retail,S006,ST0033_M,2026-02-04,46
Retail,S006,ST0037_L,2026-02-04,0
Retail,S006,ST0034_L,2026-02-04,30
Retail,S006,ST0041_M,2026-02-04,27
Retail,S006,ST0024_M,2026-02-04,0
Retail,S006,ST0022_XL,2026-02-04,28
Retail,S006,ST0031_S,2026-02-04,35
Retail,S006,ST0007_M,2026-02-04,28
Retail,S006,ST0039_M,2026-02-04,43
Retail,S006,ST0042_M,2026-02-04,1
Retail,S006,ST0003_M,2026-02-04,14
Retail,S006,ST0017_L,2026-02-04,10
Retail,S006,ST0015_XL,2026-02-04,5
Retail,S006,ST0029_XL,2026-02-04,43
Retail,S006,ST0047_L,2026-02-04,42
Retail,S006,ST0016_M,2026-02-04,49
Retail,S006,ST0032_M,2026-02-04,12
Retail,S006,ST0017_S,2026-02-04,46
Retail,S007,ST0041_S,2026-02-04,23
Retail,S007,ST0006_S,2026-02-04,13
Retail,S007,ST0033_M,2026-02-04,15
Retail,S007,ST0012_M,2026-02-04,23
Retail,S007,ST0004_XL,2026-02-04,44
Retail,S007,ST0033_XL,2026-02-04,22
Retail,S007,ST0046_S,2026-02-04,24
Retail,S007,ST0014_XL,2026-02-04,1
Retail,S007,ST0035_S,2026-02-04,9
Retail,S007,ST0019_M,2026-02-04,26
Retail,S007,ST0017_S,2026-02-04,7
Retail,S007,ST0022_S,2026-02-04,42
Retail,S007,ST0027_L,2026-02-04,42
Retail,S007,ST0035_XL,2026-02-04,29
Retail,S007,ST0012_S,2026-02-04,13
Retail,S007,ST0011_L,2026-02-04,19
Retail,S007,ST0045_S,2026-02-04,23
Retail,S007,ST0018_L,2026-02-04,30
Retail,S007,ST0020_XL,2026-02-04,33
Retail,S007,ST0008_L,2026-02-04,18
Retail,S008,ST0010_XL,2026-02-04,12
Retail,S008,ST0007_XL,2026-02-04,12
Retail,S008,ST0043_M,2026-02-04,49
Retail,S008,ST0034_XL,2026-02-04,47
Retail,S008,ST0045_L,2026-02-04,29
Retail,S008,ST0030_L,2026-02-04,6
Retail,S008,ST0024_S,2026-02-04,3
Retail,S008,ST0025_M,2026-02-04,21
Retail,S008,ST0040_M,2026-02-04,28
Retail,S008,ST0025_XL,2026-02-04,0
Retail,S008,ST0018_M,2026-02-04,47
Retail,S008,ST0024_XL,2026-02-04,4
Retail,S008,ST0044_L,2026-02-04,22
Retail,S008,ST0023_XL,2026-02-04,32
Retail,S008,ST0032_L,2026-02-04,20
Retail,S008,ST0040_L,2026-02-04,25
Retail,S008,ST0028_XL,2026-02-04,1
Retail,S008,ST0019_S,2026-02-04,19
Retail,S008,ST0047_S,2026-02-04,6
Retail,S008,ST0012_L,2026-02-04,30
Retail,S009,ST0023_S,2026-02-04,24
Retail,S009,ST0026_L,2026-02-04,18
Retail,S009,ST0038_XL,2026-02-04,29
Retail,S009,ST0006_XL,2026-02-04,16
Retail,S009,ST0041_XL,2026-02-04,24
Retail,S009,ST0016_M,2026-02-04,24
Retail,S009,ST0027_M,2026-02-04,31
Retail,S009,ST0023_M,2026-02-04,10
Retail,S009,ST0027_XL,2026-02-04,45
Retail,S009,ST0029_M,2026-02-04,3
Retail,S009,ST0047_M,2026-02-04,38
Retail,S009,ST0043_S,2026-02-04,32
Retail,S009,ST0035_L,2026-02-04,26
Retail,S009,ST0016_L,2026-02-04,18
Retail,S009,ST0028_XL,2026-02-04,43
Retail,S009,ST0004_S,2026-02-04,38
Retail,S009,ST0014_XL,2026-02-04,37
Retail,S009,ST0026_XL,2026-02-04,0
Retail,S009,ST0035_XL,2026-02-04,49
Retail,S009,ST0046_M,2026-02-04,10
Retail,S010,ST0035_S,2026-02-04,36
Retail,S010,ST0047_XL,2026-02-04,43
Retail,S010,ST0040_M,2026-02-04,38
Retail,S010,ST0022_M,2026-02-04,42
Retail,S010,ST0043_S,2026-02-04,11
Retail,S010,ST0006_S,2026-02-04,41
Retail,S010,ST0011_M,2026-02-04,11
Retail,S010,ST0048_XL,2026-02-04,26
Retail,S010,ST0005_M,2026-02-04,43
Retail,S010,ST0001_S,2026-02-04,43
Retail,S010,ST0028_S,2026-02-04,9
Retail,S010,ST0046_L,2026-02-04,42
Retail,S010,ST0038_S,2026-02-04,8
Retail,S010,ST0025_S,2026-02-04,33
Retail,S010,ST0045_S,2026-02-04,28
Retail,S010,ST0050_XL,2026-02-04,28
Retail,S010,ST0010_M,2026-02-04,12
Retail,S010,ST0039_L,2026-02-04,31
Retail,S010,ST0027_L,2026-02-04,30
Retail,S010,ST0037_S,2026-02-04,18
Retail,S001,ST0008_XL,2026-02-05,37
Retail,S001,ST0035_XL,2026-02-05,3
Retail,S001,ST0032_S,2026-02-05,25
Retail,S001,ST0017_L,2026-02-05,26
Retail,S001,ST0041_XL,2026-02-05,20
Retail,S001,ST0024_M,2026-02-05,33
Retail,S001,ST0027_XL,2026-02-05,41
Retail,S001,ST0037_S,2026-02-05,45
Retail,S001,ST0030_L,2026-02-05,4
Retail,S001,ST0002_L,2026-02-05,7
Retail,S001,ST0022_XL,2026-02-05,17
Retail,S001,ST0003_M,2026-02-05,4
Retail,S001,ST0026_XL,2026-02-05,42
Retail,S001,ST0021_L,2026-02-05,15
Retail,S001,ST0013_S,2026-02-05,24
Retail,S001,ST0024_L,2026-02-05,37
Retail,S001,ST0004_S,2026-02-05,30
Retail,S001,ST0014_M,2026-02-05,4
Retail,S001,ST0006_XL,2026-02-05,35
Retail,S001,ST0040_M,2026-02-05,23
Retail,S002,ST0014_S,2026-02-05,2
Retail,S002,ST0038_M,2026-02-05,27
Retail,S002,ST0036_S,2026-02-05,13
Retail,S002,ST0007_S,2026-02-05,42
Retail,S002,ST0040_XL,2026-02-05,23
Retail,S002,ST0048_L,2026-02-05,33
Retail,S002,ST0045_L,2026-02-05,30
Retail,S002,ST0049_L,2026-02-05,35
Retail,S002,ST0047_L,2026-02-05,12
Retail,S002,ST0030_S,2026-02-05,24
Retail,S002,ST0020_M,2026-02-05,36
Retail,S002,ST0027_L,2026-02-05,16
Retail,S002,ST0039_M,2026-02-05,12
Retail,S002,ST0017_S,2026-02-05,42
Retail,S002,ST0003_XL,2026-02-05,14
Retail,S002,ST0050_XL,2026-02-05,21
Retail,S002,ST0042_L,2026-02-05,3
Retail,S002,ST0041_S,2026-02-05,48
Retail,S002,ST0001_L,2026-02-05,7
Retail,S002,ST0011_XL,2026-02-05,40
Retail,S003,ST0014_L,2026-02-05,6
Retail,S003,ST0039_S,2026-02-05,22
Retail,S003,ST0042_M,2026-02-05,41
Retail,S003,ST0048_L,2026-02-05,44
Retail,S003,ST0037_XL,2026-02-05,43
Retail,S003,ST0017_XL,2026-02-05,17
Retail,S003,ST0033_XL,2026-02-05,28
Retail,S003,ST0001_L,2026-02-05,49
Retail,S003,ST0003_S,2026-02-05,37
Retail,S003,ST0002_L,2026-02-05,11
Retail,S003,ST0025_XL,2026-02-05,14
Retail,S003,ST0011_L,2026-02-05,12
Retail,S003,ST0021_XL,2026-02-05,29
Retail,S003,ST0009_XL,2026-02-05,34
Retail,S003,ST0004_M,2026-02-05,18
Retail,S003,ST0001_XL,2026-02-05,20
Retail,S003,ST0030_XL,2026-02-05,20
Retail,S003,ST0016_M,2026-02-05,43
Retail,S003,ST0041_L,2026-02-05,25
Retail,S003,ST0009_M,2026-02-05,40
Retail,S004,ST0016_S,2026-02-05,45
Retail,S004,ST0036_S,2026-02-05,2
Retail,S004,ST0029_S,2026-02-05,41
Retail,S004,ST0010_S,2026-02-05,41
Retail,S004,ST0015_S,2026-02-05,45
Retail,S004,ST0046_L,2026-02-05,22
Retail,S004,ST0002_XL,2026-02-05,32
Retail,S004,ST0020_XL,2026-02-05,13
Retail,S004,ST0039_XL,2026-02-05,25
Retail,S004,ST0001_L,2026-02-05,18
Retail,S004,ST0049_L,2026-02-05,18
Retail,S004,ST0021_L,2026-02-05,10
Retail,S004,ST0023_XL,2026-02-05,23
Retail,S004,ST0005_L,2026-02-05,8
Retail,S004,ST0009_L,2026-02-05,42
Retail,S004,ST0036_XL,2026-02-05,17
Retail,S004,ST0047_XL,2026-02-05,22
Retail,S004,ST0038_M,2026-02-05,36
Retail,S004,ST0035_L,2026-02-05,24
Retail,S004,ST0050_L,2026-02-05,38
Retail,S005,ST0015_XL,2026-02-05,24
Retail,S005,ST0044_XL,2026-02-05,4
Retail,S005,ST0032_S,2026-02-05,23
Retail,S005,ST0044_M,2026-02-05,31
Retail,S005,ST0026_S,2026-02-05,36
Retail,S005,ST0006_M,2026-02-05,17
Retail,S005,ST0016_L,2026-02-05,22
Retail,S005,ST0005_M,2026-02-05,2
Retail,S005,ST0031_L,2026-02-05,10
Retail,S005,ST0042_S,2026-02-05,36
Retail,S005,ST0021_M,2026-02-05,39
Retail,S005,ST0028_XL,2026-02-05,38
Retail,S005,ST0028_M,2026-02-05,7
Retail,S005,ST0050_M,2026-02-05,3
Retail,S005,ST0036_M,2026-02-05,35
Retail,S005,ST0004_M,2026-02-05,11
Retail,S005,ST0024_S,2026-02-05,30
Retail,S005,ST0012_M,2026-02-05,45
Retail,S005,ST0005_XL,2026-02-05,47
Retail,S005,ST0016_S,2026-02-05,26
Retail,S006,ST0004_L,2026-02-05,15
Retail,S006,ST0049_L,2026-02-05,46
Retail,S006,ST0021_L,2026-02-05,17
Retail,S006,ST0002_M,2026-02-05,45
Retail,S006,ST0014_S,2026-02-05,25
Retail,S006,ST0017_XL,2026-02-05,48
Retail,S006,ST0026_M,2026-02-05,45
Retail,S006,ST0017_L,2026-02-05,24
Retail,S006,ST0040_M,2026-02-05,26
Retail,S006,ST0024_L,2026-02-05,42
Retail,S006,ST0028_S,2026-02-05,29
Retail,S006,ST0020_S,2026-02-05,33
Retail,S006,ST0009_L,2026-02-05,14
Retail,S006,ST0036_S,2026-02-05,35
Retail,S006,ST0031_M,2026-02-05,33
Retail,S006,ST0009_S,2026-02-05,3
Retail,S006,ST0028_XL,2026-02-05,47
Retail,S006,ST0014_M,2026-02-05,12
Retail,S006,ST0016_S,2026-02-05,32
Retail,S006,ST0047_M,2026-02-05,31
Retail,S007,ST0019_M,2026-02-05,34
Retail,S007,ST0025_L,2026-02-05,2
Retail,S007,ST0016_L,2026-02-05,18
Retail,S007,ST0034_L,2026-02-05,21
Retail,S007,ST0047_XL,2026-02-05,25
Retail,S007,ST0018_S,2026-02-05,24
Retail,S007,ST0008_S,2026-02-05,15
Retail,S007,ST0001_XL,2026-02-05,27
Retail,S007,ST0041_S,2026-02-05,13
Retail,S007,ST0017_XL,2026-02-05,35
Retail,S007,ST0030_XL,2026-02-05,22
Retail,S007,ST0040_S,2026-02-05,31
Retail,S007,ST0035_L,2026-02-05,26
Retail,S007,ST0027_XL,2026-02-05,48
Retail,S007,ST0029_S,2026-02-05,8
Retail,S007,ST0019_L,2026-02-05,9
Retail,S007,ST0030_L,2026-02-05,15
Retail,S007,ST0026_M,2026-02-05,14
Retail,S007,ST0005_XL,2026-02-05,38
Retail,S007,ST0004_M,2026-02-05,43
Retail,S008,ST0005_S,2026-02-05,21
Retail,S008,ST0025_S,2026-02-05,24
Retail,S008,ST0010_M,2026-02-05,35
Retail,S008,ST0024_XL,2026-02-05,33
Retail,S008,ST0007_L,2026-02-05,2
Retail,S008,ST0005_L,2026-02-05,42
Retail,S008,ST0046_S,2026-02-05,20
Retail,S008,ST0013_S,2026-02-05,20
Retail,S008,ST0015_L,2026-02-05,6
Retail,S008,ST0014_M,2026-02-05,10
Retail,S008,ST0038_L,2026-02-05,33
Retail,S008,ST0016_L,2026-02-05,21
Retail,S008,ST0010_L,2026-02-05,15
Retail,S008,ST0028_L,2026-02-05,1
Retail,S008,ST0037_L,2026-02-05,38
Retail,S008,ST0008_XL,2026-02-05,49
Retail,S008,ST0011_S,2026-02-05,45
Retail,S008,ST0003_XL,2026-02-05,36
Retail,S008,ST0040_M,2026-02-05,48
Retail,S008,ST0045_XL,2026-02-05,49
Retail,S009,ST0049_XL,2026-02-05,11
Retail,S009,ST0042_XL,2026-02-05,44
Retail,S009,ST0028_L,2026-02-05,8
Retail,S009,ST0039_S,2026-02-05,39
Retail,S009,ST0017_L,2026-02-05,23
Retail,S009,ST0016_XL,2026-02-05,44
Retail,S009,ST0048_M,2026-02-05,32
Retail,S009,ST0010_L,2026-02-05,28
Retail,S009,ST0046_S,2026-02-05,12
Retail,S009,ST0019_S,2026-02-05,34
Retail,S009,ST0045_M,2026-02-05,1
Retail,S009,ST0038_S,2026-02-05,24
Retail,S009,ST0006_L,2026-02-05,5
Retail,S009,ST0050_L,2026-02-05,19
Retail,S009,ST0002_S,2026-02-05,13
Retail,S009,ST0009_XL,2026-02-05,3
Retail,S009,ST0023_XL,2026-02-05,27
Retail,S009,ST0042_L,2026-02-05,16
Retail,S009,ST0003_L,2026-02-05,47
Retail,S009,ST0029_XL,2026-02-05,26
Retail,S010,ST0049_XL,2026-02-05,32
Retail,S010,ST0017_L,2026-02-05,17
Retail,S010,ST0003_XL,2026-02-05,12
Retail,S010,ST0013_L,2026-02-05,22
Retail,S010,ST0044_XL,2026-02-05,17
Retail,S010,ST0020_L,2026-02-05,1
Retail,S010,ST0021_XL,2026-02-05,13
Retail,S010,ST0002_L,2026-02-05,29
Retail,S010,ST0015_S,2026-02-05,4
Retail,S010,ST0006_XL,2026-02-05,47
Retail,S010,ST0014_XL,2026-02-05,9
Retail,S010,ST0040_XL,2026-02-05,13
Retail,S010,ST0009_XL,2026-02-05,42
Retail,S010,ST0027_L,2026-02-05,10
Retail,S010,ST0029_XL,2026-02-05,38
Retail,S010,ST0016_L,2026-02-05,44
Retail,S010,ST0018_L,2026-02-05,29
Retail,S010,ST0047_L,2026-02-05,10
Retail,S010,ST0031_M,2026-02-05,42
Retail,S010,ST0004_XL,2026-02-05,14
Retail,S001,ST0037_S,2026-02-06,8
Retail,S001,ST0013_S,2026-02-06,1
Retail,S001,ST0028_XL,2026-02-06,18
Retail,S001,ST0017_L,2026-02-06,4
Retail,S001,ST0011_XL,2026-02-06,19
Retail,S001,ST0042_M,2026-02-06,13
Retail,S001,ST0047_L,2026-02-06,12
Retail,S001,ST0015_L,2026-02-06,34
Retail,S001,ST0048_M,2026-02-06,33
Retail,S001,ST0002_S,2026-02-06,15
Retail,S001,ST0041_M,2026-02-06,42
Retail,S001,ST0043_L,2026-02-06,14
Retail,S001,ST0022_XL,2026-02-06,26
Retail,S001,ST0050_M,2026-02-06,3
Retail,S001,ST0045_M,2026-02-06,21
Retail,S001,ST0034_L,2026-02-06,40
Retail,S001,ST0019_XL,2026-02-06,26
Retail,S001,ST0004_S,2026-02-06,14
Retail,S001,ST0036_L,2026-02-06,9
Retail,S001,ST0041_XL,2026-02-06,37
Retail,S002,ST0027_XL,2026-02-06,26
Retail,S002,ST0023_XL,2026-02-06,0
Retail,S002,ST0019_XL,2026-02-06,31
Retail,S002,ST0009_M,2026-02-06,3
Retail,S002,ST0012_S,2026-02-06,20
Retail,S002,ST0014_XL,2026-02-06,46
Retail,S002,ST0018_L,2026-02-06,9
Retail,S002,ST0017_XL,2026-02-06,0
Retail,S002,ST0022_XL,2026-02-06,32
Retail,S002,ST0042_XL,2026-02-06,18
Retail,S002,ST0002_XL,2026-02-06,40
Retail,S002,ST0011_S,2026-02-06,2
Retail,S002,ST0019_L,2026-02-06,7
Retail,S002,ST0039_L,2026-02-06,37
Retail,S002,ST0047_L,2026-02-06,28
Retail,S002,ST0025_L,2026-02-06,17
Retail,S002,ST0049_XL,2026-02-06,42
Retail,S002,ST0040_S,2026-02-06,47
Retail,S002,ST0033_M,2026-02-06,15
Retail,S002,ST0015_L,2026-02-06,24
Retail,S003,ST0049_M,2026-02-06,11
Retail,S003,ST0013_M,2026-02-06,47
Retail,S003,ST0035_XL,2026-02-06,10
Retail,S003,ST0029_L,2026-02-06,17
Retail,S003,ST0006_S,2026-02-06,3
Retail,S003,ST0043_S,2026-02-06,2
Retail,S003,ST0027_L,2026-02-06,8
Retail,S003,ST0010_S,2026-02-06,4
Retail,S003,ST0044_M,2026-02-06,36
Retail,S003,ST0021_M,2026-02-06,22
Retail,S003,ST0041_L,2026-02-06,36
Retail,S003,ST0029_XL,2026-02-06,38
Retail,S003,ST0006_XL,2026-02-06,25
Retail,S003,ST0004_L,2026-02-06,17
Retail,S003,ST0028_S,2026-02-06,5
Retail,S003,ST0023_L,2026-02-06,21
Retail,S003,ST0010_L,2026-02-06,26
Retail,S003,ST0048_S,2026-02-06,45
Retail,S003,ST0030_M,2026-02-06,32
Retail,S003,ST0016_L,2026-02-06,30
Retail,S004,ST0025_XL,2026-02-06,33
Retail,S004,ST0024_XL,2026-02-06,6
Retail,S004,ST0041_L,2026-02-06,2
Retail,S004,ST0032_S,2026-02-06,37
Retail,S004,ST0046_L,2026-02-06,1
Retail,S004,ST0010_XL,2026-02-06,11
Retail,S004,ST0035_XL,2026-02-06,26
Retail,S004,ST0023_M,2026-02-06,47
Retail,S004,ST0020_XL,2026-02-06,23
Retail,S004,ST0011_L,2026-02-06,46
Retail,S004,ST0007_S,2026-02-06,35
Retail,S004,ST0029_XL,2026-02-06,44
Retail,S004,ST0003_L,2026-02-06,0
Retail,S004,ST0007_XL,2026-02-06,19
Retail,S004,ST0029_L,2026-02-06,28
Retail,S004,ST0005_M,2026-02-06,32
Retail,S004,ST0034_M,2026-02-06,37
Retail,S004,ST0036_S,2026-02-06,28
Retail,S004,ST0033_L,2026-02-06,9
Retail,S004,ST0030_S,2026-02-06,27
Retail,S005,ST0015_XL,2026-02-06,33
Retail,S005,ST0003_M,2026-02-06,21
Retail,S005,ST0031_S,2026-02-06,10
Retail,S005,ST0049_L,2026-02-06,27
Retail,S005,ST0045_S,2026-02-06,41
Retail,S005,ST0016_L,2026-02-06,9
Retail,S005,ST0042_M,2026-02-06,42
Retail,S005,ST0042_L,2026-02-06,6
Retail,S005,ST0037_S,2026-02-06,6
Retail,S005,ST0006_S,2026-02-06,47
Retail,S005,ST0003_XL,2026-02-06,2
Retail,S005,ST0020_S,2026-02-06,25
Retail,S005,ST0019_XL,2026-02-06,9
Retail,S005,ST0009_M,2026-02-06,37
Retail,S005,ST0038_S,2026-02-06,24
Retail,S005,ST0028_L,2026-02-06,46
Retail,S005,ST0030_M,2026-02-06,5
Retail,S005,ST0011_XL,2026-02-06,17
Retail,S005,ST0037_XL,2026-02-06,37
Retail,S005,ST0017_M,2026-02-06,11
Retail,S006,ST0007_M,2026-02-06,1
Retail,S006,ST0043_XL,2026-02-06,44
Retail,S006,ST0023_M,2026-02-06,11
Retail,S006,ST0009_S,2026-02-06,39
Retail,S006,ST0021_M,2026-02-06,12
Retail,S006,ST0042_L,2026-02-06,31
Retail,S006,ST0050_M,2026-02-06,29
Retail,S006,ST0047_M,2026-02-06,0
Retail,S006,ST0039_M,2026-02-06,10
Retail,S006,ST0017_S,2026-02-06,16
Retail,S006,ST0033_L,2026-02-06,9
Retail,S006,ST0044_M,2026-02-06,27
Retail,S006,ST0043_S,2026-02-06,38
Retail,S006,ST0004_M,2026-02-06,14
Retail,S006,ST0007_XL,2026-02-06,10
Retail,S006,ST0014_M,2026-02-06,15
Retail,S006,ST0030_XL,2026-02-06,19
Retail,S006,ST0034_M,2026-02-06,18
Retail,S006,ST0047_XL,2026-02-06,22
Retail,S006,ST0019_L,2026-02-06,9
Retail,S007,ST0011_S,2026-02-06,8
Retail,S007,ST0001_S,2026-02-06,16
Retail,S007,ST0006_M,2026-02-06,30
Retail,S007,ST0042_L,2026-02-06,45
Retail,S007,ST0019_L,2026-02-06,18
Retail,S007,ST0004_L,2026-02-06,12
Retail,S007,ST0018_S,2026-02-06,30
Retail,S007,ST0044_M,2026-02-06,27
Retail,S007,ST0032_L,2026-02-06,0
Retail,S007,ST0021_L,2026-02-06,34
Retail,S007,ST0004_M,2026-02-06,7
Retail,S007,ST0003_M,2026-02-06,18
Retail,S007,ST0001_M,2026-02-06,2
Retail,S007,ST0042_S,2026-02-06,17
Retail,S007,ST0035_L,2026-02-06,43
Retail,S007,ST0005_S,2026-02-06,29
Retail,S007,ST0007_XL,2026-02-06,20
Retail,S007,ST0002_S,2026-02-06,42
Retail,S007,ST0033_L,2026-02-06,19
Retail,S007,ST0025_L,2026-02-06,11
Retail,S008,ST0045_XL,2026-02-06,6
Retail,S008,ST0050_S,2026-02-06,46
Retail,S008,ST0025_XL,2026-02-06,44
Retail,S008,ST0019_S,2026-02-06,42
Retail,S008,ST0029_S,2026-02-06,41
Retail,S008,ST0027_L,2026-02-06,12
Retail,S008,ST0020_L,2026-02-06,11
Retail,S008,ST0036_S,2026-02-06,25
Retail,S008,ST0016_L,2026-02-06,39
Retail,S008,ST0037_XL,2026-02-06,31
Retail,S008,ST0050_XL,2026-02-06,44
Retail,S008,ST0034_XL,2026-02-06,15
Retail,S008,ST0046_S,2026-02-06,36
Retail,S008,ST0044_M,2026-02-06,8
Retail,S008,ST0018_M,2026-02-06,32
Retail,S008,ST0047_L,2026-02-06,40
Retail,S008,ST0050_M,2026-02-06,35
Retail,S008,ST0035_S,2026-02-06,27
Retail,S008,ST0044_L,2026-02-06,0
Retail,S008,ST0010_M,2026-02-06,5
Retail,S009,ST0036_M,2026-02-06,27
Retail,S009,ST0001_L,2026-02-06,5
Retail,S009,ST0030_S,2026-02-06,14
Retail,S009,ST0030_M,2026-02-06,46
Retail,S009,ST0048_L,2026-02-06,34
Retail,S009,ST0039_M,2026-02-06,14
Retail,S009,ST0017_L,2026-02-06,36
Retail,S009,ST0013_S,2026-02-06,46
Retail,S009,ST0007_S,2026-02-06,27
Retail,S009,ST0021_S,2026-02-06,22
Retail,S009,ST0044_L,2026-02-06,6
Retail,S009,ST0026_XL,2026-02-06,18
Retail,S009,ST0022_S,2026-02-06,8
Retail,S009,ST0037_L,2026-02-06,5
Retail,S009,ST0046_S,2026-02-06,27
Retail,S009,ST0018_XL,2026-02-06,9
Retail,S009,ST0026_L,2026-02-06,2
Retail,S009,ST0041_M,2026-02-06,35
Retail,S009,ST0007_XL,2026-02-06,8
Retail,S009,ST0002_XL,2026-02-06,45
Retail,S010,ST0003_S,2026-02-06,26
Retail,S010,ST0012_L,2026-02-06,45
Retail,S010,ST0036_S,2026-02-06,25
Retail,S010,ST0033_XL,2026-02-06,11
Retail,S010,ST0040_L,2026-02-06,25
Retail,S010,ST0025_M,2026-02-06,31
Retail,S010,ST0028_L,2026-02-06,28
Retail,S010,ST0006_S,2026-02-06,7
Retail,S010,ST0049_XL,2026-02-06,19
Retail,S010,ST0010_L,2026-02-06,3
Retail,S010,ST0050_M,2026-02-06,28
Retail,S010,ST0046_M,2026-02-06,25
Retail,S010,ST0027_S,2026-02-06,24
Retail,S010,ST0049_M,2026-02-06,40
Retail,S010,ST0041_L,2026-02-06,28
Retail,S010,ST0016_M,2026-02-06,49
Retail,S010,ST0011_L,2026-02-06,8
Retail,S010,ST0023_XL,2026-02-06,40
Retail,S010,ST0028_M,2026-02-06,1
Retail,S010,ST0030_S,2026-02-06,16
Retail,S001,ST0009_L,2026-02-07,49
Retail,S001,ST0023_M,2026-02-07,43
Retail,S001,ST0013_XL,2026-02-07,12
Retail,S001,ST0042_XL,2026-02-07,12
Retail,S001,ST0038_M,2026-02-07,0
Retail,S001,ST0004_M,2026-02-07,45
Retail,S001,ST0026_S,2026-02-07,32
Retail,S001,ST0010_L,2026-02-07,4
Retail,S001,ST0043_L,2026-02-07,4
Retail,S001,ST0040_XL,2026-02-07,24
Retail,S001,ST0022_XL,2026-02-07,25
Retail,S001,ST0043_S,2026-02-07,11
Retail,S001,ST0036_S,2026-02-07,7
Retail,S001,ST0042_L,2026-02-07,17
Retail,S001,ST0035_M,2026-02-07,10
Retail,S001,ST0024_XL,2026-02-07,23
Retail,S001,ST0044_L,2026-02-07,12
Retail,S001,ST0026_XL,2026-02-07,48
Retail,S001,ST0038_S,2026-02-07,31
Retail,S001,ST0036_XL,2026-02-07,1
Retail,S002,ST0046_L,2026-02-07,30
Retail,S002,ST0009_S,2026-02-07,30
Retail,S002,ST0041_M,2026-02-07,47
Retail,S002,ST0031_S,2026-02-07,47
Retail,S002,ST0027_S,2026-02-07,31
Retail,S002,ST0023_XL,2026-02-07,15
Retail,S002,ST0029_M,2026-02-07,18
Retail,S002,ST0038_L,2026-02-07,19
Retail,S002,ST0008_XL,2026-02-07,11
Retail,S002,ST0009_M,2026-02-07,46
Retail,S002,ST0003_M,2026-02-07,34
Retail,S002,ST0023_L,2026-02-07,9
Retail,S002,ST0010_M,2026-02-07,23
Retail,S002,ST0046_S,2026-02-07,4
Retail,S002,ST0044_L,2026-02-07,33
Retail,S002,ST0026_M,2026-02-07,44
Retail,S002,ST0039_XL,2026-02-07,8
Retail,S002,ST0030_S,2026-02-07,15
Retail,S002,ST0005_L,2026-02-07,33
Retail,S002,ST0018_M,2026-02-07,44
Retail,S003,ST0038_S,2026-02-07,40
Retail,S003,ST0047_S,2026-02-07,11
Retail,S003,ST0022_L,2026-02-07,44
Retail,S003,ST0036_M,2026-02-07,0
Retail,S003,ST0028_M,2026-02-07,32
Retail,S003,ST0045_S,2026-02-07,38
Retail,S003,ST0006_M,2026-02-07,8
Retail,S003,ST0007_L,2026-02-07,14
Retail,S003,ST0043_L,2026-02-07,43
Retail,S003,ST0008_S,2026-02-07,9
Retail,S003,ST0037_L,2026-02-07,30
Retail,S003,ST0014_L,2026-02-07,19
Retail,S003,ST0041_L,2026-02-07,27
Retail,S003,ST0013_S,2026-02-07,38
Retail,S003,ST0021_M,2026-02-07,38
Retail,S003,ST0005_S,2026-02-07,25
Retail,S003,ST0045_L,2026-02-07,2
Retail,S003,ST0048_M,2026-02-07,23
Retail,S003,ST0049_L,2026-02-07,39
Retail,S003,ST0044_S,2026-02-07,31
Retail,S004,ST0015_M,2026-02-07,8
Retail,S004,ST0003_XL,2026-02-07,4
Retail,S004,ST0040_M,2026-02-07,16
Retail,S004,ST0041_L,2026-02-07,28
Retail,S004,ST0017_S,2026-02-07,18
Retail,S004,ST0040_L,2026-02-07,11
Retail,S004,ST0039_S,2026-02-07,42
Retail,S004,ST0021_L,2026-02-07,25
Retail,S004,ST0039_XL,2026-02-07,28
Retail,S004,ST0044_S,2026-02-07,32
Retail,S004,ST0020_M,2026-02-07,20
Retail,S004,ST0016_L,2026-02-07,31
Retail,S004,ST0010_XL,2026-02-07,0
Retail,S004,ST0044_XL,2026-02-07,32
Retail,S004,ST0050_M,2026-02-07,41
Retail,S004,ST0015_S,2026-02-07,26
Retail,S004,ST0006_S,2026-02-07,27
Retail,S004,ST0017_M,2026-02-07,7
Retail,S004,ST0046_M,2026-02-07,30
Retail,S004,ST0026_XL,2026-02-07,10
Retail,S005,ST0007_L,2026-02-07,19
Retail,S005,ST0048_L,2026-02-07,14
Retail,S005,ST0035_M,2026-02-07,14
Retail,S005,ST0034_M,2026-02-07,25
Retail,S005,ST0003_S,2026-02-07,23
Retail,S005,ST0037_S,2026-02-07,35
Retail,S005,ST0038_S,2026-02-07,4
Retail,S005,ST0048_M,2026-02-07,39
Retail,S005,ST0014_S,2026-02-07,24
Retail,S005,ST0009_S,2026-02-07,42
Retail,S005,ST0036_S,2026-02-07,31
Retail,S005,ST0008_M,2026-02-07,48
Retail,S005,ST0030_XL,2026-02-07,14
Retail,S005,ST0017_S,2026-02-07,33
Retail,S005,ST0012_L,2026-02-07,11
Retail,S005,ST0013_L,2026-02-07,28
Retail,S005,ST0041_M,2026-02-07,21
Retail,S005,ST0008_L,2026-02-07,19
Retail,S005,ST0049_S,2026-02-07,40
Retail,S005,ST0039_S,2026-02-07,8
Retail,S006,ST0025_M,2026-02-07,40
Retail,S006,ST0030_M,2026-02-07,48
Retail,S006,ST0024_M,2026-02-07,43
Retail,S006,ST0009_M,2026-02-07,45
Retail,S006,ST0027_L,2026-02-07,0
Retail,S006,ST0026_L,2026-02-07,31
Retail,S006,ST0006_XL,2026-02-07,20
Retail,S006,ST0004_XL,2026-02-07,24
Retail,S006,ST0033_L,2026-02-07,32
Retail,S006,ST0038_XL,2026-02-07,27
Retail,S006,ST0012_S,2026-02-07,25
Retail,S006,ST0008_L,2026-02-07,7
Retail,S006,ST0037_L,2026-02-07,25
Retail,S006,ST0028_XL,2026-02-07,42
Retail,S006,ST0010_M,2026-02-07,18
Retail,S006,ST0046_XL,2026-02-07,44
Retail,S006,ST0021_S,2026-02-07,17
Retail,S006,ST0040_M,2026-02-07,42
Retail,S006,ST0047_XL,2026-02-07,16
Retail,S006,ST0019_S,2026-02-07,47
Retail,S007,ST0001_L,2026-02-07,10
Retail,S007,ST0003_L,2026-02-07,10
Retail,S007,ST0029_L,2026-02-07,24
Retail,S007,ST0016_L,2026-02-07,46
Retail,S007,ST0049_S,2026-02-07,30
Retail,S007,ST0022_S,2026-02-07,47
Retail,S007,ST0026_S,2026-02-07,2
Retail,S007,ST0027_S,2026-02-07,18
Retail,S007,ST0017_L,2026-02-07,21
Retail,S007,ST0025_S,2026-02-07,7
Retail,S007,ST0022_XL,2026-02-07,3
Retail,S007,ST0044_L,2026-02-07,13
Retail,S007,ST0042_XL,2026-02-07,49
Retail,S007,ST0038_XL,2026-02-07,28
Retail,S007,ST0040_S,2026-02-07,14
Retail,S007,ST0029_S,2026-02-07,2
Retail,S007,ST0050_M,2026-02-07,49
Retail,S007,ST0006_M,2026-02-07,15
Retail,S007,ST0012_S,2026-02-07,9
Retail,S007,ST0017_M,2026-02-07,16
Retail,S008,ST0029_M,2026-02-07,8
Retail,S008,ST0014_XL,2026-02-07,0
Retail,S008,ST0004_M,2026-02-07,8
Retail,S008,ST0046_S,2026-02-07,39
Retail,S008,ST0016_M,2026-02-07,23
Retail,S008,ST0020_S,2026-02-07,28
Retail,S008,ST0004_L,2026-02-07,2
Retail,S008,ST0047_S,2026-02-07,46
Retail,S008,ST0025_S,2026-02-07,30
Retail,S008,ST0001_XL,2026-02-07,37
Retail,S008,ST0027_S,2026-02-07,46
Retail,S008,ST0031_L,2026-02-07,7
Retail,S008,ST0042_M,2026-02-07,15
Retail,S008,ST0047_M,2026-02-07,38
Retail,S008,ST0050_XL,2026-02-07,4
Retail,S008,ST0002_XL,2026-02-07,44
Retail,S008,ST0013_M,2026-02-07,16
Retail,S008,ST0010_S,2026-02-07,18
Retail,S008,ST0045_S,2026-02-07,12
Retail,S008,ST0015_XL,2026-02-07,49
Retail,S009,ST0005_XL,2026-02-07,43
Retail,S009,ST0032_XL,2026-02-07,37
Retail,S009,ST0028_XL,2026-02-07,4
Retail,S009,ST0045_S,2026-02-07,12
Retail,S009,ST0007_XL,2026-02-07,17
Retail,S009,ST0019_S,2026-02-07,18
Retail,S009,ST0016_XL,2026-02-07,20
Retail,S009,ST0046_S,2026-02-07,40
Retail,S009,ST0040_XL,2026-02-07,13
Retail,S009,ST0039_M,2026-02-07,42
Retail,S009,ST0049_M,2026-02-07,6
Retail,S009,ST0009_XL,2026-02-07,41
Retail,S009,ST0020_L,2026-02-07,1
Retail,S009,ST0002_L,2026-02-07,1
Retail,S009,ST0034_M,2026-02-07,15
Retail,S009,ST0012_S,2026-02-07,39
Retail,S009,ST0041_L,2026-02-07,9
Retail,S009,ST0033_S,2026-02-07,3
Retail,S009,ST0027_L,2026-02-07,22
Retail,S009,ST0022_L,2026-02-07,48
Retail,S010,ST0013_S,2026-02-07,16
Retail,S010,ST0034_S,2026-02-07,45
Retail,S010,ST0034_M,2026-02-07,39
Retail,S010,ST0019_S,2026-02-07,33
Retail,S010,ST0039_M,2026-02-07,35
Retail,S010,ST0039_S,2026-02-07,32
Retail,S010,ST0009_S,2026-02-07,27
Retail,S010,ST0008_L,2026-02-07,18
Retail,S010,ST0038_M,2026-02-07,49
Retail,S010,ST0003_L,2026-02-07,25
Retail,S010,ST0046_XL,2026-02-07,37
Retail,S010,ST0019_L,2026-02-07,18
Retail,S010,ST0050_L,2026-02-07,36
Retail,S010,ST0011_S,2026-02-07,28
Retail,S010,ST0002_XL,2026-02-07,43
Retail,S010,ST0046_S,2026-02-07,16
Retail,S010,ST0044_S,2026-02-07,10
Retail,S010,ST0006_M,2026-02-07,31
Retail,S010,ST0022_XL,2026-02-07,27
Retail,S010,ST0012_S,2026-02-07,48
Retail,S001,ST0015_XL,2026-02-08,42
Retail,S001,ST0003_L,2026-02-08,40
Retail,S001,ST0016_M,2026-02-08,39
Retail,S001,ST0008_S,2026-02-08,23
Retail,S001,ST0047_M,2026-02-08,22
Retail,S001,ST0043_S,2026-02-08,21
Retail,S001,ST0024_S,2026-02-08,44
Retail,S001,ST0010_M,2026-02-08,28
Retail,S001,ST0044_L,2026-02-08,8
Retail,S001,ST0001_M,2026-02-08,6
Retail,S001,ST0030_L,2026-02-08,23
Retail,S001,ST0048_M,2026-02-08,36
Retail,S001,ST0050_XL,2026-02-08,28
Retail,S001,ST0012_XL,2026-02-08,19
Retail,S001,ST0002_L,2026-02-08,43
Retail,S001,ST0013_L,2026-02-08,29
Retail,S001,ST0037_L,2026-02-08,49
Retail,S001,ST0035_XL,2026-02-08,10
Retail,S001,ST0031_M,2026-02-08,20
Retail,S001,ST0020_L,2026-02-08,5
Retail,S002,ST0036_S,2026-02-08,30
Retail,S002,ST0001_M,2026-02-08,31
Retail,S002,ST0030_L,2026-02-08,6
Retail,S002,ST0049_M,2026-02-08,23
Retail,S002,ST0024_S,2026-02-08,32
Retail,S002,ST0050_L,2026-02-08,33
Retail,S002,ST0015_XL,2026-02-08,3
Retail,S002,ST0017_L,2026-02-08,1
Retail,S002,ST0005_XL,2026-02-08,28
Retail,S002,ST0037_M,2026-02-08,8
Retail,S002,ST0032_S,2026-02-08,32
Retail,S002,ST0007_S,2026-02-08,30
Retail,S002,ST0028_L,2026-02-08,44
Retail,S002,ST0047_L,2026-02-08,30
Retail,S002,ST0013_L,2026-02-08,46
Retail,S002,ST0041_XL,2026-02-08,49
Retail,S002,ST0008_S,2026-02-08,14
Retail,S002,ST0013_S,2026-02-08,44
Retail,S002,ST0007_L,2026-02-08,24
Retail,S002,ST0045_L,2026-02-08,47
Retail,S003,ST0029_XL,2026-02-08,14
Retail,S003,ST0033_M,2026-02-08,17
Retail,S003,ST0040_S,2026-02-08,33
Retail,S003,ST0001_S,2026-02-08,45
Retail,S003,ST0041_XL,2026-02-08,41
Retail,S003,ST0014_L,2026-02-08,3
Retail,S003,ST0019_XL,2026-02-08,38
Retail,S003,ST0020_M,2026-02-08,36
Retail,S003,ST0006_S,2026-02-08,43
Retail,S003,ST0009_S,2026-02-08,31
Retail,S003,ST0034_L,2026-02-08,37
Retail,S003,ST0044_XL,2026-02-08,28
Retail,S003,ST0031_S,2026-02-08,28
Retail,S003,ST0019_M,2026-02-08,30
Retail,S003,ST0043_M,2026-02-08,16
Retail,S003,ST0044_L,2026-02-08,30
Retail,S003,ST0029_L,2026-02-08,38
Retail,S003,ST0012_L,2026-02-08,6
Retail,S003,ST0049_L,2026-02-08,22
Retail,S003,ST0002_L,2026-02-08,42
Retail,S004,ST0050_L,2026-02-08,48
Retail,S004,ST0020_XL,2026-02-08,42
Retail,S004,ST0025_M,2026-02-08,5
Retail,S004,ST0001_L,2026-02-08,44
Retail,S004,ST0030_XL,2026-02-08,0
Retail,S004,ST0002_L,2026-02-08,29
Retail,S004,ST0026_M,2026-02-08,3
Retail,S004,ST0004_S,2026-02-08,33
Retail,S004,ST0035_S,2026-02-08,37
Retail,S004,ST0020_M,2026-02-08,46
Retail,S004,ST0010_M,2026-02-08,27
Retail,S004,ST0047_L,2026-02-08,10
Retail,S004,ST0016_L,2026-02-08,7
Retail,S004,ST0030_L,2026-02-08,26
Retail,S004,ST0031_M,2026-02-08,21
Retail,S004,ST0003_M,2026-02-08,38
Retail,S004,ST0050_XL,2026-02-08,21
Retail,S004,ST0041_S,2026-02-08,30
Retail,S004,ST0022_L,2026-02-08,3
Retail,S004,ST0012_XL,2026-02-08,13
Retail,S005,ST0024_L,2026-02-08,30
Retail,S005,ST0017_M,2026-02-08,38
Retail,S005,ST0037_S,2026-02-08,47
Retail,S005,ST0019_M,2026-02-08,33
Retail,S005,ST0004_M,2026-02-08,39
Retail,S005,ST0037_M,2026-02-08,9
Retail,S005,ST0037_L,2026-02-08,29
Retail,S005,ST0001_XL,2026-02-08,45
Retail,S005,ST0043_L,2026-02-08,20
Retail,S005,ST0048_XL,2026-02-08,49
Retail,S005,ST0047_S,2026-02-08,25
Retail,S005,ST0033_S,2026-02-08,4
Retail,S005,ST0040_M,2026-02-08,7
Retail,S005,ST0004_L,2026-02-08,45
Retail,S005,ST0033_XL,2026-02-08,10
Retail,S005,ST0049_XL,2026-02-08,17
Retail,S005,ST0042_XL,2026-02-08,7
Retail,S005,ST0027_M,2026-02-08,18
Retail,S005,ST0008_M,2026-02-08,10
Retail,S005,ST0032_S,2026-02-08,32
Retail,S006,ST0016_M,2026-02-08,18
Retail,S006,ST0024_S,2026-02-08,24
Retail,S006,ST0012_XL,2026-02-08,27
Retail,S006,ST0035_XL,2026-02-08,25
Retail,S006,ST0036_S,2026-02-08,25
Retail,S006,ST0006_XL,2026-02-08,49
Retail,S006,ST0014_M,2026-02-08,29
Retail,S006,ST0019_L,2026-02-08,42
Retail,S006,ST0038_XL,2026-02-08,43
Retail,S006,ST0010_M,2026-02-08,30
Retail,S006,ST0001_XL,2026-02-08,36
Retail,S006,ST0045_S,2026-02-08,6
Retail,S006,ST0015_L,2026-02-08,26
Retail,S006,ST0040_S,2026-02-08,39
Retail,S006,ST0018_L,2026-02-08,18
Retail,S006,ST0050_S,2026-02-08,0
Retail,S006,ST0020_XL,2026-02-08,33
Retail,S006,ST0043_XL,2026-02-08,31
Retail,S006,ST0049_M,2026-02-08,28
Retail,S006,ST0022_S,2026-02-08,19
Retail,S007,ST0047_XL,2026-02-08,21
Retail,S007,ST0047_M,2026-02-08,0
Retail,S007,ST0008_L,2026-02-08,24
Retail,S007,ST0046_XL,2026-02-08,20
Retail,S007,ST0037_L,2026-02-08,29
Retail,S007,ST0046_L,2026-02-08,46
Retail,S007,ST0003_S,2026-02-08,24
Retail,S007,ST0017_M,2026-02-08,39
Retail,S007,ST0033_M,2026-02-08,27
Retail,S007,ST0050_M,2026-02-08,34
Retail,S007,ST0025_L,2026-02-08,40
Retail,S007,ST0042_M,2026-02-08,6
Retail,S007,ST0033_XL,2026-02-08,41
Retail,S007,ST0026_S,2026-02-08,43
Retail,S007,ST0039_XL,2026-02-08,26
Retail,S007,ST0050_L,2026-02-08,21
Retail,S007,ST0007_XL,2026-02-08,5
Retail,S007,ST0011_M,2026-02-08,29
Retail,S007,ST0044_XL,2026-02-08,40
Retail,S007,ST0044_S,2026-02-08,22
Retail,S008,ST0002_M,2026-02-08,34
Retail,S008,ST0046_XL,2026-02-08,1
Retail,S008,ST0047_L,2026-02-08,26
Retail,S008,ST0014_XL,2026-02-08,39
Retail,S008,ST0022_XL,2026-02-08,30
Retail,S008,ST0037_L,2026-02-08,33
Retail,S008,ST0015_S,2026-02-08,44
Retail,S008,ST0033_L,2026-02-08,7
Retail,S008,ST0002_L,2026-02-08,2
Retail,S008,ST0038_L,2026-02-08,31
Retail,S008,ST0015_M,2026-02-08,3
Retail,S008,ST0039_M,2026-02-08,17
Retail,S008,ST0040_XL,2026-02-08,11
Retail,S008,ST0045_S,2026-02-08,31
Retail,S008,ST0029_L,2026-02-08,25
Retail,S008,ST0017_L,2026-02-08,21
Retail,S008,ST0003_S,2026-02-08,44
Retail,S008,ST0013_L,2026-02-08,21
Retail,S008,ST0050_S,2026-02-08,10
Retail,S008,ST0008_S,2026-02-08,33
Retail,S009,ST0006_L,2026-02-08,8
Retail,S009,ST0029_M,2026-02-08,17
Retail,S009,ST0008_L,2026-02-08,0
Retail,S009,ST0048_L,2026-02-08,35
Retail,S009,ST0021_M,2026-02-08,13
Retail,S009,ST0019_L,2026-02-08,36
Retail,S009,ST0001_XL,2026-02-08,30
Retail,S009,ST0042_L,2026-02-08,40
Retail,S009,ST0015_XL,2026-02-08,42
Retail,S009,ST0032_L,2026-02-08,34
Retail,S009,ST0018_L,2026-02-08,26
Retail,S009,ST0008_S,2026-02-08,39
Retail,S009,ST0039_XL,2026-02-08,44
Retail,S009,ST0037_S,2026-02-08,43
Retail,S009,ST0043_S,2026-02-08,32
Retail,S009,ST0027_XL,2026-02-08,48
Retail,S009,ST0025_XL,2026-02-08,27
Retail,S009,ST0031_L,2026-02-08,7
Retail,S009,ST0028_M,2026-02-08,36
Retail,S009,ST0041_XL,2026-02-08,43
Retail,S010,ST0028_L,2026-02-08,9
Retail,S010,ST0004_S,2026-02-08,45
Retail,S010,ST0017_XL,2026-02-08,41
Retail,S010,ST0009_XL,2026-02-08,41
Retail,S010,ST0026_M,2026-02-08,8
Retail,S010,ST0034_XL,2026-02-08,18
Retail,S010,ST0031_L,2026-02-08,46
Retail,S010,ST0034_L,2026-02-08,28
Retail,S010,ST0009_L,2026-02-08,47
Retail,S010,ST0019_S,2026-02-08,23
Retail,S010,ST0047_M,2026-02-08,41
Retail,S010,ST0031_XL,2026-02-08,11
Retail,S010,ST0007_S,2026-02-08,5
Retail,S010,ST0008_S,2026-02-08,49
Retail,S010,ST0028_S,2026-02-08,28
Retail,S010,ST0029_S,2026-02-08,32
Retail,S010,ST0010_XL,2026-02-08,46
Retail,S010,ST0018_M,2026-02-08,24
Retail,S010,ST0048_L,2026-02-08,17
Retail,S010,ST0008_L,2026-02-08,6
Retail,S001,ST0001_XL,2026-02-09,43
Retail,S001,ST0001_M,2026-02-09,34
Retail,S001,ST0009_XL,2026-02-09,30
Retail,S001,ST0035_XL,2026-02-09,8
Retail,S001,ST0041_XL,2026-02-09,25
Retail,S001,ST0019_S,2026-02-09,40
Retail,S001,ST0043_S,2026-02-09,44
Retail,S001,ST0025_M,2026-02-09,15
Retail,S001,ST0026_S,2026-02-09,15
Retail,S001,ST0021_XL,2026-02-09,0
Retail,S001,ST0010_XL,2026-02-09,9
Retail,S001,ST0022_L,2026-02-09,13
Retail,S001,ST0025_S,2026-02-09,17
Retail,S001,ST0007_XL,2026-02-09,28
Retail,S001,ST0016_M,2026-02-09,48
Retail,S001,ST0049_M,2026-02-09,11
Retail,S001,ST0015_L,2026-02-09,25
Retail,S001,ST0033_S,2026-02-09,18
Retail,S001,ST0048_M,2026-02-09,22
Retail,S001,ST0034_XL,2026-02-09,7
Retail,S002,ST0002_M,2026-02-09,31
Retail,S002,ST0018_S,2026-02-09,4
Retail,S002,ST0013_XL,2026-02-09,40
Retail,S002,ST0033_XL,2026-02-09,47
Retail,S002,ST0050_M,2026-02-09,4
Retail,S002,ST0033_L,2026-02-09,10
Retail,S002,ST0009_S,2026-02-09,16
Retail,S002,ST0018_L,2026-02-09,37
Retail,S002,ST0023_M,2026-02-09,48
Retail,S002,ST0034_M,2026-02-09,11
Retail,S002,ST0024_S,2026-02-09,37
Retail,S002,ST0038_M,2026-02-09,32
Retail,S002,ST0016_M,2026-02-09,4
Retail,S002,ST0002_S,2026-02-09,34
Retail,S002,ST0004_L,2026-02-09,46
Retail,S002,ST0012_S,2026-02-09,39
Retail,S002,ST0011_XL,2026-02-09,39
Retail,S002,ST0005_M,2026-02-09,11
Retail,S002,ST0025_XL,2026-02-09,27
Retail,S002,ST0022_S,2026-02-09,29
Retail,S003,ST0037_L,2026-02-09,31
Retail,S003,ST0047_XL,2026-02-09,48
Retail,S003,ST0030_S,2026-02-09,14
Retail,S003,ST0012_XL,2026-02-09,31
Retail,S003,ST0048_S,2026-02-09,6
Retail,S003,ST0049_XL,2026-02-09,38
Retail,S003,ST0003_S,2026-02-09,5
Retail,S003,ST0037_S,2026-02-09,8
Retail,S003,ST0026_XL,2026-02-09,3
Retail,S003,ST0014_L,2026-02-09,29
Retail,S003,ST0025_L,2026-02-09,20
Retail,S003,ST0006_S,2026-02-09,12
Retail,S003,ST0046_S,2026-02-09,12
Retail,S003,ST0030_M,2026-02-09,26
Retail,S003,ST0025_M,2026-02-09,17
Retail,S003,ST0005_S,2026-02-09,15
Retail,S003,ST0050_L,2026-02-09,20
Retail,S003,ST0018_M,2026-02-09,13
Retail,S003,ST0009_M,2026-02-09,28
Retail,S003,ST0024_L,2026-02-09,29
Retail,S004,ST0044_S,2026-02-09,45
Retail,S004,ST0030_L,2026-02-09,48
Retail,S004,ST0028_XL,2026-02-09,37
Retail,S004,ST0044_M,2026-02-09,23
Retail,S004,ST0029_XL,2026-02-09,18
Retail,S004,ST0002_XL,2026-02-09,26
Retail,S004,ST0022_L,2026-02-09,7
Retail,S004,ST0006_S,2026-02-09,40
Retail,S004,ST0043_S,2026-02-09,26
Retail,S004,ST0011_L,2026-02-09,4
Retail,S004,ST0049_XL,2026-02-09,14
Retail,S004,ST0045_XL,2026-02-09,45
Retail,S004,ST0037_S,2026-02-09,4
Retail,S004,ST0034_M,2026-02-09,40
Retail,S004,ST0042_L,2026-02-09,19
Retail,S004,ST0016_XL,2026-02-09,22
Retail,S004,ST0020_S,2026-02-09,49
Retail,S004,ST0007_XL,2026-02-09,12
Retail,S004,ST0012_XL,2026-02-09,41
Retail,S004,ST0015_XL,2026-02-09,37
Retail,S005,ST0017_M,2026-02-09,36
Retail,S005,ST0013_M,2026-02-09,14
Retail,S005,ST0001_XL,2026-02-09,5
Retail,S005,ST0011_L,2026-02-09,11
Retail,S005,ST0028_S,2026-02-09,49
Retail,S005,ST0032_M,2026-02-09,33
Retail,S005,ST0025_L,2026-02-09,45
Retail,S005,ST0026_S,2026-02-09,20
Retail,S005,ST0007_XL,2026-02-09,16
Retail,S005,ST0030_S,2026-02-09,2
Retail,S005,ST0018_L,2026-02-09,46
Retail,S005,ST0050_L,2026-02-09,15
Retail,S005,ST0006_S,2026-02-09,17
Retail,S005,ST0034_XL,2026-02-09,34
Retail,S005,ST0021_XL,2026-02-09,19
Retail,S005,ST0039_L,2026-02-09,6
Retail,S005,ST0040_M,2026-02-09,16
Retail,S005,ST0026_XL,2026-02-09,5
Retail,S005,ST0027_M,2026-02-09,24
Retail,S005,ST0018_S,2026-02-09,8
Retail,S006,ST0043_XL,2026-02-09,37
Retail,S006,ST0011_M,2026-02-09,32
Retail,S006,ST0007_M,2026-02-09,38
Retail,S006,ST0021_S,2026-02-09,47
Retail,S006,ST0003_L,2026-02-09,7
Retail,S006,ST0039_L,2026-02-09,47
Retail,S006,ST0022_XL,2026-02-09,44
Retail,S006,ST0005_M,2026-02-09,22
Retail,S006,ST0003_M,2026-02-09,42
Retail,S006,ST0025_L,2026-02-09,14
Retail,S006,ST0004_L,2026-02-09,19
Retail,S006,ST0043_S,2026-02-09,33
Retail,S006,ST0032_XL,2026-02-09,45
Retail,S006,ST0025_S,2026-02-09,39
Retail,S006,ST0011_XL,2026-02-09,24
Retail,S006,ST0037_S,2026-02-09,13
Retail,S006,ST0022_M,2026-02-09,18
Retail,S006,ST0026_M,2026-02-09,14
Retail,S006,ST0010_XL,2026-02-09,17
Retail,S006,ST0048_L,2026-02-09,46
Retail,S007,ST0019_M,2026-02-09,28
Retail,S007,ST0005_XL,2026-02-09,15
Retail,S007,ST0027_XL,2026-02-09,20
Retail,S007,ST0032_S,2026-02-09,43
Retail,S007,ST0047_S,2026-02-09,18
Retail,S007,ST0006_S,2026-02-09,43
Retail,S007,ST0016_M,2026-02-09,11
Retail,S007,ST0003_XL,2026-02-09,36
Retail,S007,ST0032_L,2026-02-09,35
Retail,S007,ST0004_L,2026-02-09,4
Retail,S007,ST0036_M,2026-02-09,2
Retail,S007,ST0038_XL,2026-02-09,2
Retail,S007,ST0031_S,2026-02-09,4
Retail,S007,ST0034_M,2026-02-09,40
Retail,S007,ST0019_L,2026-02-09,40
Retail,S007,ST0026_M,2026-02-09,46
Retail,S007,ST0012_XL,2026-02-09,6
Retail,S007,ST0010_L,2026-02-09,31
Retail,S007,ST0014_M,2026-02-09,21
Retail,S007,ST0036_XL,2026-02-09,44
Retail,S008,ST0045_M,2026-02-09,30
Retail,S008,ST0034_M,2026-02-09,36
Retail,S008,ST0048_S,2026-02-09,35
Retail,S008,ST0015_M,2026-02-09,29
Retail,S008,ST0021_L,2026-02-09,41
Retail,S008,ST0050_L,2026-02-09,10
Retail,S008,ST0013_L,2026-02-09,37
Retail,S008,ST0024_S,2026-02-09,21
Retail,S008,ST0037_S,2026-02-09,16
Retail,S008,ST0013_XL,2026-02-09,6
Retail,S008,ST0033_M,2026-02-09,37
Retail,S008,ST0042_M,2026-02-09,44
Retail,S008,ST0050_S,2026-02-09,43
Retail,S008,ST0047_L,2026-02-09,13
Retail,S008,ST0020_S,2026-02-09,8
Retail,S008,ST0049_M,2026-02-09,19
Retail,S008,ST0043_L,2026-02-09,5
Retail,S008,ST0027_M,2026-02-09,22
Retail,S008,ST0004_M,2026-02-09,38
Retail,S008,ST0017_S,2026-02-09,20
Retail,S009,ST0033_L,2026-02-09,20
Retail,S009,ST0044_XL,2026-02-09,30
Retail,S009,ST0006_XL,2026-02-09,28
Retail,S009,ST0050_XL,2026-02-09,12
Retail,S009,ST0048_M,2026-02-09,32
Retail,S009,ST0040_M,2026-02-09,33
Retail,S009,ST0014_M,2026-02-09,46
Retail,S009,ST0041_L,2026-02-09,0
Retail,S009,ST0003_S,2026-02-09,28
Retail,S009,ST0020_L,2026-02-09,0
Retail,S009,ST0008_M,2026-02-09,43
Retail,S009,ST0019_L,2026-02-09,8
Retail,S009,ST0038_L,2026-02-09,19
Retail,S009,ST0033_S,2026-02-09,15
Retail,S009,ST0012_L,2026-02-09,45
Retail,S009,ST0024_M,2026-02-09,13
Retail,S009,ST0048_XL,2026-02-09,48
Retail,S009,ST0001_S,2026-02-09,39
Retail,S009,ST0003_M,2026-02-09,7
Retail,S009,ST0031_S,2026-02-09,47
Retail,S010,ST0046_S,2026-02-09,32
Retail,S010,ST0003_S,2026-02-09,14
Retail,S010,ST0001_S,2026-02-09,48
Retail,S010,ST0023_M,2026-02-09,2
Retail,S010,ST0039_L,2026-02-09,9
Retail,S010,ST0030_L,2026-02-09,40
Retail,S010,ST0024_L,2026-02-09,34
Retail,S010,ST0045_XL,2026-02-09,42
Retail,S010,ST0011_S,2026-02-09,30
Retail,S010,ST0007_S,2026-02-09,49
Retail,S010,ST0021_XL,2026-02-09,16
Retail,S010,ST0046_L,2026-02-09,20
Retail,S010,ST0019_XL,2026-02-09,47
Retail,S010,ST0008_XL,2026-02-09,13
Retail,S010,ST0036_M,2026-02-09,12
Retail,S010,ST0003_M,2026-02-09,23
Retail,S010,ST0019_S,2026-02-09,7
Retail,S010,ST0005_S,2026-02-09,22
Retail,S010,ST0027_XL,2026-02-09,8
Retail,S010,ST0039_XL,2026-02-09,17
Retail,S001,ST0009_S,2026-02-10,4
Retail,S001,ST0026_L,2026-02-10,17
Retail,S001,ST0029_S,2026-02-10,22
Retail,S001,ST0017_S,2026-02-10,47
Retail,S001,ST0011_XL,2026-02-10,32
Retail,S001,ST0010_M,2026-02-10,5
Retail,S001,ST0014_S,2026-02-10,26
Retail,S001,ST0033_M,2026-02-10,26
Retail,S001,ST0021_S,2026-02-10,43
Retail,S001,ST0032_M,2026-02-10,4
Retail,S001,ST0019_S,2026-02-10,14
Retail,S001,ST0050_L,2026-02-10,16
Retail,S001,ST0018_XL,2026-02-10,47
Retail,S001,ST0002_L,2026-02-10,17
Retail,S001,ST0012_S,2026-02-10,2
Retail,S001,ST0007_XL,2026-02-10,34
Retail,S001,ST0016_L,2026-02-10,19
Retail,S001,ST0025_L,2026-02-10,42
Retail,S001,ST0005_M,2026-02-10,36
Retail,S001,ST0050_M,2026-02-10,37
Retail,S002,ST0050_L,2026-02-10,43
Retail,S002,ST0029_M,2026-02-10,36
Retail,S002,ST0034_S,2026-02-10,44
Retail,S002,ST0007_XL,2026-02-10,0
Retail,S002,ST0008_L,2026-02-10,47
Retail,S002,ST0025_XL,2026-02-10,36
Retail,S002,ST0031_L,2026-02-10,27
Retail,S002,ST0045_L,2026-02-10,38
Retail,S002,ST0039_M,2026-02-10,1
Retail,S002,ST0005_S,2026-02-10,1
Retail,S002,ST0038_S,2026-02-10,3
Retail,S002,ST0031_S,2026-02-10,0
Retail,S002,ST0046_L,2026-02-10,48
Retail,S002,ST0046_S,2026-02-10,40
Retail,S002,ST0001_L,2026-02-10,26
Retail,S002,ST0016_L,2026-02-10,35
Retail,S002,ST0006_XL,2026-02-10,10
Retail,S002,ST0003_L,2026-02-10,48
Retail,S002,ST0024_XL,2026-02-10,35
Retail,S002,ST0035_L,2026-02-10,21
Retail,S003,ST0040_S,2026-02-10,24
Retail,S003,ST0049_S,2026-02-10,14
Retail,S003,ST0020_L,2026-02-10,17
Retail,S003,ST0006_M,2026-02-10,16
Retail,S003,ST0008_M,2026-02-10,13
Retail,S003,ST0027_S,2026-02-10,26
Retail,S003,ST0019_L,2026-02-10,36
Retail,S003,ST0044_M,2026-02-10,19
Retail,S003,ST0039_L,2026-02-10,49
Retail,S003,ST0004_L,2026-02-10,13
Retail,S003,ST0036_S,2026-02-10,4
Retail,S003,ST0050_L,2026-02-10,36
Retail,S003,ST0016_M,2026-02-10,9
Retail,S003,ST0046_S,2026-02-10,13
Retail,S003,ST0012_M,2026-02-10,28
Retail,S003,ST0004_XL,2026-02-10,25
Retail,S003,ST0001_M,2026-02-10,46
Retail,S003,ST0015_L,2026-02-10,47
Retail,S003,ST0028_XL,2026-02-10,2
Retail,S003,ST0042_M,2026-02-10,13
Retail,S004,ST0018_S,2026-02-10,12
Retail,S004,ST0038_M,2026-02-10,46
Retail,S004,ST0039_L,2026-02-10,0
Retail,S004,ST0045_L,2026-02-10,13
Retail,S004,ST0026_XL,2026-02-10,23
Retail,S004,ST0034_M,2026-02-10,10
Retail,S004,ST0009_L,2026-02-10,12
Retail,S004,ST0022_M,2026-02-10,46
Retail,S004,ST0014_S,2026-02-10,29
Retail,S004,ST0046_L,2026-02-10,6
Retail,S004,ST0013_S,2026-02-10,38
Retail,S004,ST0017_S,2026-02-10,1
Retail,S004,ST0027_XL,2026-02-10,33
Retail,S004,ST0021_L,2026-02-10,21
Retail,S004,ST0042_S,2026-02-10,0
Retail,S004,ST0042_M,2026-02-10,17
Retail,S004,ST0032_M,2026-02-10,30
Retail,S004,ST0003_L,2026-02-10,12
Retail,S004,ST0027_S,2026-02-10,33
Retail,S004,ST0017_M,2026-02-10,11
Retail,S005,ST0004_S,2026-02-10,24
Retail,S005,ST0030_M,2026-02-10,1
Retail,S005,ST0001_S,2026-02-10,1
Retail,S005,ST0041_M,2026-02-10,4
Retail,S005,ST0012_S,2026-02-10,32
Retail,S005,ST0015_S,2026-02-10,4
Retail,S005,ST0028_XL,2026-02-10,13
Retail,S005,ST0017_L,2026-02-10,49
Retail,S005,ST0007_XL,2026-02-10,40
Retail,S005,ST0037_XL,2026-02-10,3
Retail,S005,ST0048_S,2026-02-10,48
Retail,S005,ST0014_M,2026-02-10,17
Retail,S005,ST0044_L,2026-02-10,30
Retail,S005,ST0037_L,2026-02-10,24
Retail,S005,ST0010_M,2026-02-10,46
Retail,S005,ST0028_S,2026-02-10,16
Retail,S005,ST0030_L,2026-02-10,28
Retail,S005,ST0048_M,2026-02-10,6
Retail,S005,ST0004_M,2026-02-10,32
Retail,S005,ST0020_L,2026-02-10,19
Retail,S006,ST0028_L,2026-02-10,40
Retail,S006,ST0048_S,2026-02-10,34
Retail,S006,ST0041_L,2026-02-10,20
Retail,S006,ST0042_XL,2026-02-10,22
Retail,S006,ST0028_XL,2026-02-10,35
Retail,S006,ST0042_M,2026-02-10,15
Retail,S006,ST0031_M,2026-02-10,9
Retail,S006,ST0026_S,2026-02-10,21
Retail,S006,ST0010_L,2026-02-10,41
Retail,S006,ST0039_M,2026-02-10,38
Retail,S006,ST0010_M,2026-02-10,18
Retail,S006,ST0024_XL,2026-02-10,19
Retail,S006,ST0006_XL,2026-02-10,44
Retail,S006,ST0002_M,2026-02-10,17
Retail,S006,ST0020_S,2026-02-10,47
Retail,S006,ST0001_XL,2026-02-10,3
Retail,S006,ST0037_L,2026-02-10,28
Retail,S006,ST0037_S,2026-02-10,6
Retail,S006,ST0013_XL,2026-02-10,4
Retail,S006,ST0047_L,2026-02-10,39
Retail,S007,ST0031_XL,2026-02-10,19
Retail,S007,ST0016_XL,2026-02-10,5
Retail,S007,ST0029_XL,2026-02-10,29
Retail,S007,ST0041_XL,2026-02-10,35
Retail,S007,ST0042_XL,2026-02-10,26
Retail,S007,ST0025_S,2026-02-10,28
Retail,S007,ST0043_L,2026-02-10,44
Retail,S007,ST0050_L,2026-02-10,17
Retail,S007,ST0048_L,2026-02-10,30
Retail,S007,ST0033_M,2026-02-10,23
Retail,S007,ST0021_M,2026-02-10,25
Retail,S007,ST0029_L,2026-02-10,36
Retail,S007,ST0022_XL,2026-02-10,25
Retail,S007,ST0012_S,2026-02-10,36
Retail,S007,ST0008_S,2026-02-10,1
Retail,S007,ST0012_L,2026-02-10,32
Retail,S007,ST0002_XL,2026-02-10,29
Retail,S007,ST0023_M,2026-02-10,26
Retail,S007,ST0014_M,2026-02-10,33
Retail,S007,ST0024_M,2026-02-10,29
Retail,S008,ST0022_XL,2026-02-10,45
Retail,S008,ST0027_S,2026-02-10,49
Retail,S008,ST0046_L,2026-02-10,11
Retail,S008,ST0017_L,2026-02-10,23
Retail,S008,ST0041_S,2026-02-10,32
Retail,S008,ST0038_L,2026-02-10,14
Retail,S008,ST0043_L,2026-02-10,7
Retail,S008,ST0048_XL,2026-02-10,26
Retail,S008,ST0002_S,2026-02-10,13
Retail,S008,ST0025_S,2026-02-10,38
Retail,S008,ST0002_XL,2026-02-10,13
Retail,S008,ST0050_XL,2026-02-10,23
Retail,S008,ST0006_M,2026-02-10,24
Retail,S008,ST0037_L,2026-02-10,24
Retail,S008,ST0045_XL,2026-02-10,46
Retail,S008,ST0015_XL,2026-02-10,2
Retail,S008,ST0031_L,2026-02-10,1
Retail,S008,ST0035_M,2026-02-10,21
Retail,S008,ST0014_S,2026-02-10,31
Retail,S008,ST0042_M,2026-02-10,0
Retail,S009,ST0010_M,2026-02-10,27
Retail,S009,ST0014_S,2026-02-10,46
Retail,S009,ST0008_L,2026-02-10,45
Retail,S009,ST0003_XL,2026-02-10,17
Retail,S009,ST0045_L,2026-02-10,1
Retail,S009,ST0024_S,2026-02-10,44
Retail,S009,ST0020_S,2026-02-10,13
Retail,S009,ST0006_M,2026-02-10,43
Retail,S009,ST0029_S,2026-02-10,20
Retail,S009,ST0012_S,2026-02-10,33
Retail,S009,ST0041_L,2026-02-10,45
Retail,S009,ST0037_M,2026-02-10,42
Retail,S009,ST0028_L,2026-02-10,38
Retail,S009,ST0017_XL,2026-02-10,44
Retail,S009,ST0029_M,2026-02-10,15
Retail,S009,ST0005_L,2026-02-10,47
Retail,S009,ST0018_S,2026-02-10,30
Retail,S009,ST0035_S,2026-02-10,4
Retail,S009,ST0036_XL,2026-02-10,40
Retail,S009,ST0034_XL,2026-02-10,3
Retail,S010,ST0024_M,2026-02-10,27
Retail,S010,ST0042_M,2026-02-10,17
Retail,S010,ST0006_L,2026-02-10,25
Retail,S010,ST0017_XL,2026-02-10,26
Retail,S010,ST0020_S,2026-02-10,3
Retail,S010,ST0040_M,2026-02-10,25
Retail,S010,ST0020_XL,2026-02-10,2
Retail,S010,ST0013_S,2026-02-10,35
Retail,S010,ST0024_S,2026-02-10,44
Retail,S010,ST0005_M,2026-02-10,3
Retail,S010,ST0034_S,2026-02-10,21
Retail,S010,ST0002_M,2026-02-10,28
Retail,S010,ST0014_M,2026-02-10,15
Retail,S010,ST0017_M,2026-02-10,43
Retail,S010,ST0023_M,2026-02-10,5
Retail,S010,ST0018_S,2026-02-10,12
Retail,S010,ST0009_XL,2026-02-10,46
Retail,S010,ST0049_M,2026-02-10,7
Retail,S010,ST0022_S,2026-02-10,32
Retail,S010,ST0021_L,2026-02-10,43
Retail,S001,ST0033_S,2026-02-11,15
Retail,S001,ST0022_XL,2026-02-11,11
Retail,S001,ST0009_L,2026-02-11,33
Retail,S001,ST0014_L,2026-02-11,40
Retail,S001,ST0023_XL,2026-02-11,25
Retail,S001,ST0024_M,2026-02-11,33
Retail,S001,ST0036_XL,2026-02-11,41
Retail,S001,ST0014_M,2026-02-11,2
Retail,S001,ST0041_L,2026-02-11,35
Retail,S001,ST0017_M,2026-02-11,44
Retail,S001,ST0021_M,2026-02-11,18
Retail,S001,ST0010_S,2026-02-11,11
Retail,S001,ST0028_L,2026-02-11,22
Retail,S001,ST0027_L,2026-02-11,11
Retail,S001,ST0015_M,2026-02-11,29
Retail,S001,ST0025_M,2026-02-11,38
Retail,S001,ST0019_S,2026-02-11,23
Retail,S001,ST0010_XL,2026-02-11,17
Retail,S001,ST0009_XL,2026-02-11,48
Retail,S001,ST0050_S,2026-02-11,6
Retail,S002,ST0002_S,2026-02-11,15
Retail,S002,ST0011_XL,2026-02-11,30
Retail,S002,ST0050_L,2026-02-11,0
Retail,S002,ST0046_XL,2026-02-11,19
Retail,S002,ST0034_XL,2026-02-11,26
Retail,S002,ST0004_S,2026-02-11,36
Retail,S002,ST0019_M,2026-02-11,4
Retail,S002,ST0006_XL,2026-02-11,34
Retail,S002,ST0001_XL,2026-02-11,22
Retail,S002,ST0030_S,2026-02-11,29
Retail,S002,ST0033_S,2026-02-11,10
Retail,S002,ST0013_L,2026-02-11,43
Retail,S002,ST0042_L,2026-02-11,19
Retail,S002,ST0010_S,2026-02-11,32
Retail,S002,ST0024_L,2026-02-11,44
Retail,S002,ST0033_L,2026-02-11,16
Retail,S002,ST0027_XL,2026-02-11,14
Retail,S002,ST0046_L,2026-02-11,21
Retail,S002,ST0005_XL,2026-02-11,34
Retail,S002,ST0001_L,2026-02-11,42
Retail,S003,ST0038_S,2026-02-11,26
Retail,S003,ST0015_M,2026-02-11,43
Retail,S003,ST0043_XL,2026-02-11,4
Retail,S003,ST0023_S,2026-02-11,10
Retail,S003,ST0049_S,2026-02-11,34
Retail,S003,ST0043_L,2026-02-11,37
Retail,S003,ST0046_M,2026-02-11,4
Retail,S003,ST0048_L,2026-02-11,36
Retail,S003,ST0007_M,2026-02-11,32
Retail,S003,ST0003_XL,2026-02-11,22
Retail,S003,ST0007_S,2026-02-11,6
Retail,S003,ST0022_XL,2026-02-11,15
Retail,S003,ST0033_M,2026-02-11,43
Retail,S003,ST0039_XL,2026-02-11,27
Retail,S003,ST0032_S,2026-02-11,41
Retail,S003,ST0022_S,2026-02-11,44
Retail,S003,ST0029_L,2026-02-11,8
Retail,S003,ST0042_S,2026-02-11,35
Retail,S003,ST0008_L,2026-02-11,12
Retail,S003,ST0046_XL,2026-02-11,39
Retail,S004,ST0011_S,2026-02-11,11
Retail,S004,ST0002_XL,2026-02-11,33
Retail,S004,ST0013_M,2026-02-11,7
Retail,S004,ST0035_L,2026-02-11,34
Retail,S004,ST0019_S,2026-02-11,10
Retail,S004,ST0010_M,2026-02-11,0
Retail,S004,ST0034_M,2026-02-11,8
Retail,S004,ST0018_M,2026-02-11,11
Retail,S004,ST0008_M,2026-02-11,28
Retail,S004,ST0026_L,2026-02-11,39
Retail,S004,ST0049_L,2026-02-11,5
Retail,S004,ST0001_L,2026-02-11,30
Retail,S004,ST0013_S,2026-02-11,44
Retail,S004,ST0015_M,2026-02-11,28
Retail,S004,ST0038_L,2026-02-11,0
Retail,S004,ST0044_S,2026-02-11,42
Retail,S004,ST0015_XL,2026-02-11,22
Retail,S004,ST0042_M,2026-02-11,23
Retail,S004,ST0036_L,2026-02-11,42
Retail,S004,ST0046_S,2026-02-11,14
Retail,S005,ST0018_XL,2026-02-11,24
Retail,S005,ST0020_S,2026-02-11,10
Retail,S005,ST0022_L,2026-02-11,4
Retail,S005,ST0037_XL,2026-02-11,42
Retail,S005,ST0049_M,2026-02-11,1
Retail,S005,ST0050_XL,2026-02-11,19
Retail,S005,ST0020_XL,2026-02-11,20
Retail,S005,ST0036_S,2026-02-11,19
Retail,S005,ST0044_M,2026-02-11,47
Retail,S005,ST0015_M,2026-02-11,7
Retail,S005,ST0010_L,2026-02-11,6
Retail,S005,ST0047_S,2026-02-11,23
Retail,S005,ST0012_L,2026-02-11,33
Retail,S005,ST0013_M,2026-02-11,8
Retail,S005,ST0008_M,2026-02-11,14
Retail,S005,ST0040_M,2026-02-11,11
Retail,S005,ST0039_L,2026-02-11,3
Retail,S005,ST0009_L,2026-02-11,8
Retail,S005,ST0021_L,2026-02-11,37
Retail,S005,ST0049_L,2026-02-11,20
Retail,S006,ST0019_S,2026-02-11,19
Retail,S006,ST0007_XL,2026-02-11,20
Retail,S006,ST0003_M,2026-02-11,39
Retail,S006,ST0033_L,2026-02-11,38
Retail,S006,ST0022_M,2026-02-11,0
Retail,S006,ST0014_M,2026-02-11,8
Retail,S006,ST0044_S,2026-02-11,29
Retail,S006,ST0015_S,2026-02-11,17
Retail,S006,ST0042_M,2026-02-11,25
Retail,S006,ST0017_L,2026-02-11,30
Retail,S006,ST0009_S,2026-02-11,42
Retail,S006,ST0028_S,2026-02-11,47
Retail,S006,ST0005_XL,2026-02-11,1
Retail,S006,ST0042_S,2026-02-11,36
Retail,S006,ST0023_M,2026-02-11,22
Retail,S006,ST0035_XL,2026-02-11,34
Retail,S006,ST0044_M,2026-02-11,35
Retail,S006,ST0016_XL,2026-02-11,33
Retail,S006,ST0018_L,2026-02-11,20
Retail,S006,ST0025_M,2026-02-11,44
Retail,S007,ST0003_L,2026-02-11,43
Retail,S007,ST0049_L,2026-02-11,36
Retail,S007,ST0040_XL,2026-02-11,38
Retail,S007,ST0007_S,2026-02-11,32
Retail,S007,ST0007_M,2026-02-11,4
Retail,S007,ST0021_M,2026-02-11,10
Retail,S007,ST0021_XL,2026-02-11,45
Retail,S007,ST0004_M,2026-02-11,45
Retail,S007,ST0026_L,2026-02-11,42
Retail,S007,ST0003_M,2026-02-11,47
Retail,S007,ST0047_XL,2026-02-11,6
Retail,S007,ST0001_L,2026-02-11,43
Retail,S007,ST0049_M,2026-02-11,35
Retail,S007,ST0047_S,2026-02-11,39
Retail,S007,ST0044_L,2026-02-11,15
Retail,S007,ST0013_S,2026-02-11,35
Retail,S007,ST0001_M,2026-02-11,27
Retail,S007,ST0040_L,2026-02-11,22
Retail,S007,ST0016_XL,2026-02-11,34
Retail,S007,ST0018_M,2026-02-11,16
Retail,S008,ST0046_XL,2026-02-11,19
Retail,S008,ST0049_L,2026-02-11,40
Retail,S008,ST0039_M,2026-02-11,35
Retail,S008,ST0012_L,2026-02-11,7
Retail,S008,ST0050_XL,2026-02-11,8
Retail,S008,ST0020_XL,2026-02-11,14
Retail,S008,ST0010_XL,2026-02-11,18
Retail,S008,ST0023_S,2026-02-11,10
Retail,S008,ST0018_M,2026-02-11,9
Retail,S008,ST0026_M,2026-02-11,32
Retail,S008,ST0004_XL,2026-02-11,23
Retail,S008,ST0030_S,2026-02-11,38
Retail,S008,ST0003_M,2026-02-11,19
Retail,S008,ST0047_M,2026-02-11,13
Retail,S008,ST0050_M,2026-02-11,36
Retail,S008,ST0026_XL,2026-02-11,35
Retail,S008,ST0010_M,2026-02-11,23
Retail,S008,ST0047_L,2026-02-11,42
Retail,S008,ST0011_XL,2026-02-11,28
Retail,S008,ST0028_M,2026-02-11,45
Retail,S009,ST0040_L,2026-02-11,0
Retail,S009,ST0007_M,2026-02-11,4
Retail,S009,ST0026_S,2026-02-11,6
Retail,S009,ST0016_M,2026-02-11,36
Retail,S009,ST0021_S,2026-02-11,37
Retail,S009,ST0046_S,2026-02-11,31
Retail,S009,ST0019_M,2026-02-11,17
Retail,S009,ST0039_S,2026-02-11,48
Retail,S009,ST0002_XL,2026-02-11,4
Retail,S009,ST0003_S,2026-02-11,25
Retail,S009,ST0018_S,2026-02-11,22
Retail,S009,ST0038_L,2026-02-11,8
Retail,S009,ST0038_S,2026-02-11,8
Retail,S009,ST0023_S,2026-02-11,25
Retail,S009,ST0046_M,2026-02-11,30
Retail,S009,ST0048_M,2026-02-11,25
Retail,S009,ST0025_S,2026-02-11,40
Retail,S009,ST0013_M,2026-02-11,36
Retail,S009,ST0045_L,2026-02-11,39
Retail,S009,ST0010_XL,2026-02-11,22
Retail,S010,ST0010_M,2026-02-11,45
Retail,S010,ST0035_S,2026-02-11,2
Retail,S010,ST0040_XL,2026-02-11,12
Retail,S010,ST0042_S,2026-02-11,27
Retail,S010,ST0005_XL,2026-02-11,23
Retail,S010,ST0036_M,2026-02-11,41
Retail,S010,ST0032_M,2026-02-11,14
Retail,S010,ST0032_XL,2026-02-11,27
Retail,S010,ST0048_XL,2026-02-11,0
Retail,S010,ST0044_L,2026-02-11,12
Retail,S010,ST0029_L,2026-02-11,3
Retail,S010,ST0042_L,2026-02-11,2
Retail,S010,ST0001_L,2026-02-11,34
Retail,S010,ST0045_S,2026-02-11,47
Retail,S010,ST0023_L,2026-02-11,44
Retail,S010,ST0027_S,2026-02-11,40
Retail,S010,ST0046_M,2026-02-11,32
Retail,S010,ST0003_XL,2026-02-11,26
Retail,S010,ST0016_M,2026-02-11,23
Retail,S010,ST0010_XL,2026-02-11,44
Retail,S001,ST0050_L,2026-02-12,32
Retail,S001,ST0010_M,2026-02-12,12
Retail,S001,ST0039_L,2026-02-12,18
Retail,S001,ST0004_XL,2026-02-12,34
Retail,S001,ST0031_S,2026-02-12,47
Retail,S001,ST0032_L,2026-02-12,25
Retail,S001,ST0038_S,2026-02-12,47
Retail,S001,ST0028_S,2026-02-12,26
Retail,S001,ST0011_XL,2026-02-12,43
Retail,S001,ST0008_XL,2026-02-12,8
Retail,S001,ST0030_S,2026-02-12,7
Retail,S001,ST0032_M,2026-02-12,0
Retail,S001,ST0011_S,2026-02-12,49
Retail,S001,ST0019_L,2026-02-12,38
Retail,S001,ST0021_XL,2026-02-12,17
Retail,S001,ST0036_XL,2026-02-12,34
Retail,S001,ST0017_L,2026-02-12,2
Retail,S001,ST0027_M,2026-02-12,3
Retail,S001,ST0003_XL,2026-02-12,34
Retail,S001,ST0029_L,2026-02-12,24
Retail,S002,ST0030_XL,2026-02-12,3
Retail,S002,ST0022_L,2026-02-12,12
Retail,S002,ST0034_S,2026-02-12,13
Retail,S002,ST0014_S,2026-02-12,13
Retail,S002,ST0043_XL,2026-02-12,21
Retail,S002,ST0001_L,2026-02-12,45
Retail,S002,ST0050_L,2026-02-12,20
Retail,S002,ST0016_L,2026-02-12,2
Retail,S002,ST0042_M,2026-02-12,31
Retail,S002,ST0046_L,2026-02-12,23
Retail,S002,ST0012_XL,2026-02-12,9
Retail,S002,ST0023_S,2026-02-12,39
Retail,S002,ST0049_S,2026-02-12,26
Retail,S002,ST0011_S,2026-02-12,20
Retail,S002,ST0049_L,2026-02-12,22
Retail,S002,ST0038_L,2026-02-12,48
Retail,S002,ST0034_XL,2026-02-12,5
Retail,S002,ST0018_S,2026-02-12,18
Retail,S002,ST0017_S,2026-02-12,13
Retail,S002,ST0019_S,2026-02-12,18
Retail,S003,ST0010_XL,2026-02-12,31
Retail,S003,ST0001_M,2026-02-12,37
Retail,S003,ST0050_XL,2026-02-12,43
Retail,S003,ST0013_S,2026-02-12,25
Retail,S003,ST0045_XL,2026-02-12,13
Retail,S003,ST0003_S,2026-02-12,19
Retail,S003,ST0026_S,2026-02-12,42
Retail,S003,ST0028_L,2026-02-12,32
Retail,S003,ST0042_M,2026-02-12,49
Retail,S003,ST0035_S,2026-02-12,0
Retail,S003,ST0030_L,2026-02-12,18
Retail,S003,ST0025_L,2026-02-12,22
Retail,S003,ST0030_XL,2026-02-12,7
Retail,S003,ST0002_L,2026-02-12,3
Retail,S003,ST0008_XL,2026-02-12,25
Retail,S003,ST0003_M,2026-02-12,42
Retail,S003,ST0015_XL,2026-02-12,47
Retail,S003,ST0045_L,2026-02-12,2
Retail,S003,ST0043_M,2026-02-12,9
Retail,S003,ST0030_M,2026-02-12,20
Retail,S004,ST0007_XL,2026-02-12,27
Retail,S004,ST0039_S,2026-02-12,42
Retail,S004,ST0030_M,2026-02-12,10
Retail,S004,ST0038_XL,2026-02-12,22
Retail,S004,ST0047_L,2026-02-12,38
Retail,S004,ST0039_M,2026-02-12,24
Retail,S004,ST0020_S,2026-02-12,40
Retail,S004,ST0021_L,2026-02-12,38
Retail,S004,ST0031_M,2026-02-12,32
Retail,S004,ST0045_L,2026-02-12,0
Retail,S004,ST0014_L,2026-02-12,45
Retail,S004,ST0010_L,2026-02-12,46
Retail,S004,ST0011_XL,2026-02-12,18
Retail,S004,ST0030_L,2026-02-12,25
Retail,S004,ST0015_M,2026-02-12,27
Retail,S004,ST0036_S,2026-02-12,1
Retail,S004,ST0031_XL,2026-02-12,16
Retail,S004,ST0013_M,2026-02-12,45
Retail,S004,ST0010_XL,2026-02-12,31
Retail,S004,ST0006_XL,2026-02-12,14
Retail,S005,ST0042_S,2026-02-12,7
Retail,S005,ST0032_L,2026-02-12,20
Retail,S005,ST0027_M,2026-02-12,39
Retail,S005,ST0031_L,2026-02-12,48
Retail,S005,ST0013_XL,2026-02-12,17
Retail,S005,ST0010_L,2026-02-12,10
Retail,S005,ST0010_S,2026-02-12,10
Retail,S005,ST0033_M,2026-02-12,23
Retail,S005,ST0028_S,2026-02-12,44
Retail,S005,ST0040_L,2026-02-12,44
Retail,S005,ST0035_XL,2026-02-12,19
Retail,S005,ST0035_L,2026-02-12,16
Retail,S005,ST0022_XL,2026-02-12,17
Retail,S005,ST0006_S,2026-02-12,13
Retail,S005,ST0014_M,2026-02-12,15
Retail,S005,ST0005_S,2026-02-12,15
Retail,S005,ST0017_L,2026-02-12,34
Retail,S005,ST0011_L,2026-02-12,27
Retail,S005,ST0028_L,2026-02-12,41
Retail,S005,ST0044_L,2026-02-12,1
Retail,S006,ST0013_XL,2026-02-12,29
Retail,S006,ST0041_M,2026-02-12,23
Retail,S006,ST0020_L,2026-02-12,33
Retail,S006,ST0003_L,2026-02-12,34
Retail,S006,ST0015_XL,2026-02-12,10
Retail,S006,ST0047_L,2026-02-12,7
Retail,S006,ST0029_S,2026-02-12,36
Retail,S006,ST0011_L,2026-02-12,33
Retail,S006,ST0036_M,2026-02-12,11
Retail,S006,ST0029_L,2026-02-12,4
Retail,S006,ST0019_S,2026-02-12,9
Retail,S006,ST0020_M,2026-02-12,42
Retail,S006,ST0027_M,2026-02-12,21
Retail,S006,ST0033_M,2026-02-12,24
Retail,S006,ST0027_L,2026-02-12,36
Retail,S006,ST0046_M,2026-02-12,14
Retail,S006,ST0032_M,2026-02-12,43
Retail,S006,ST0045_S,2026-02-12,3
Retail,S006,ST0021_M,2026-02-12,43
Retail,S006,ST0015_L,2026-02-12,13
Retail,S007,ST0048_L,2026-02-12,20
Retail,S007,ST0046_XL,2026-02-12,28
Retail,S007,ST0048_XL,2026-02-12,48
Retail,S007,ST0017_XL,2026-02-12,33
Retail,S007,ST0024_L,2026-02-12,0
Retail,S007,ST0021_XL,2026-02-12,33
Retail,S007,ST0010_L,2026-02-12,30
Retail,S007,ST0001_M,2026-02-12,33
Retail,S007,ST0010_XL,2026-02-12,21
Retail,S007,ST0021_S,2026-02-12,44
Retail,S007,ST0036_S,2026-02-12,21
Retail,S007,ST0014_M,2026-02-12,36
Retail,S007,ST0020_L,2026-02-12,20
Retail,S007,ST0029_L,2026-02-12,10
Retail,S007,ST0026_L,2026-02-12,12
Retail,S007,ST0045_M,2026-02-12,26
Retail,S007,ST0025_S,2026-02-12,32
Retail,S007,ST0029_M,2026-02-12,25
Retail,S007,ST0046_L,2026-02-12,35
Retail,S007,ST0035_S,2026-02-12,37
Retail,S008,ST0019_M,2026-02-12,47
Retail,S008,ST0002_XL,2026-02-12,37
Retail,S008,ST0003_L,2026-02-12,37
Retail,S008,ST0045_M,2026-02-12,0
Retail,S008,ST0049_S,2026-02-12,49
Retail,S008,ST0049_XL,2026-02-12,0
Retail,S008,ST0040_M,2026-02-12,13
Retail,S008,ST0042_M,2026-02-12,43
Retail,S008,ST0035_M,2026-02-12,29
Retail,S008,ST0020_L,2026-02-12,2
Retail,S008,ST0016_S,2026-02-12,21
Retail,S008,ST0045_L,2026-02-12,13
Retail,S008,ST0042_L,2026-02-12,21
Retail,S008,ST0032_XL,2026-02-12,11
Retail,S008,ST0004_S,2026-02-12,8
Retail,S008,ST0041_S,2026-02-12,30
Retail,S008,ST0039_XL,2026-02-12,28
Retail,S008,ST0013_M,2026-02-12,29
Retail,S008,ST0014_XL,2026-02-12,40
Retail,S008,ST0047_XL,2026-02-12,11
Retail,S009,ST0033_L,2026-02-12,30
Retail,S009,ST0002_M,2026-02-12,48
Retail,S009,ST0016_L,2026-02-12,37
Retail,S009,ST0040_S,2026-02-12,48
Retail,S009,ST0007_L,2026-02-12,35
Retail,S009,ST0017_L,2026-02-12,22
Retail,S009,ST0018_M,2026-02-12,45
Retail,S009,ST0038_XL,2026-02-12,16
Retail,S009,ST0045_XL,2026-02-12,39
Retail,S009,ST0028_M,2026-02-12,44
Retail,S009,ST0046_S,2026-02-12,13
Retail,S009,ST0017_XL,2026-02-12,43
Retail,S009,ST0031_XL,2026-02-12,39
Retail,S009,ST0010_S,2026-02-12,11
Retail,S009,ST0004_M,2026-02-12,32
Retail,S009,ST0044_L,2026-02-12,33
Retail,S009,ST0028_L,2026-02-12,18
Retail,S009,ST0027_S,2026-02-12,43
Retail,S009,ST0040_XL,2026-02-12,9
Retail,S009,ST0047_M,2026-02-12,4
Retail,S010,ST0020_XL,2026-02-12,40
Retail,S010,ST0045_L,2026-02-12,30
Retail,S010,ST0026_S,2026-02-12,34
Retail,S010,ST0024_L,2026-02-12,31
Retail,S010,ST0023_M,2026-02-12,3
Retail,S010,ST0037_M,2026-02-12,29
Retail,S010,ST0039_S,2026-02-12,8
Retail,S010,ST0044_S,2026-02-12,25
Retail,S010,ST0033_M,2026-02-12,47
Retail,S010,ST0021_XL,2026-02-12,11
Retail,S010,ST0035_S,2026-02-12,16
Retail,S010,ST0021_L,2026-02-12,20
Retail,S010,ST0002_XL,2026-02-12,32
Retail,S010,ST0024_M,2026-02-12,34
Retail,S010,ST0042_S,2026-02-12,10
Retail,S010,ST0031_M,2026-02-12,40
Retail,S010,ST0014_XL,2026-02-12,21
Retail,S010,ST0021_M,2026-02-12,17
Retail,S010,ST0033_S,2026-02-12,20
Retail,S010,ST0049_XL,2026-02-12,27
Retail,S001,ST0020_S,2026-02-13,38
Retail,S001,ST0006_L,2026-02-13,46
Retail,S001,ST0016_L,2026-02-13,1
Retail,S001,ST0003_M,2026-02-13,20
Retail,S001,ST0039_L,2026-02-13,18
Retail,S001,ST0028_L,2026-02-13,11
Retail,S001,ST0029_XL,2026-02-13,47
Retail,S001,ST0037_M,2026-02-13,30
Retail,S001,ST0028_S,2026-02-13,35
Retail,S001,ST0037_L,2026-02-13,8
Retail,S001,ST0045_M,2026-02-13,16
Retail,S001,ST0007_XL,2026-02-13,21
Retail,S001,ST0012_M,2026-02-13,38
Retail,S001,ST0045_XL,2026-02-13,3
Retail,S001,ST0016_S,2026-02-13,13
Retail,S001,ST0023_L,2026-02-13,25
Retail,S001,ST0006_M,2026-02-13,31
Retail,S001,ST0002_L,2026-02-13,2
Retail,S001,ST0050_M,2026-02-13,43
Retail,S001,ST0024_XL,2026-02-13,23
Retail,S002,ST0005_S,2026-02-13,3
Retail,S002,ST0025_XL,2026-02-13,48
Retail,S002,ST0031_XL,2026-02-13,23
Retail,S002,ST0050_M,2026-02-13,23
Retail,S002,ST0010_XL,2026-02-13,14
Retail,S002,ST0030_M,2026-02-13,0
Retail,S002,ST0049_S,2026-02-13,41
Retail,S002,ST0032_M,2026-02-13,13
Retail,S002,ST0043_L,2026-02-13,30
Retail,S002,ST0004_L,2026-02-13,9
Retail,S002,ST0018_L,2026-02-13,42
Retail,S002,ST0033_XL,2026-02-13,2
Retail,S002,ST0004_XL,2026-02-13,11
Retail,S002,ST0005_L,2026-02-13,43
Retail,S002,ST0018_XL,2026-02-13,45
Retail,S002,ST0019_L,2026-02-13,22
Retail,S002,ST0021_S,2026-02-13,28
Retail,S002,ST0043_M,2026-02-13,23
Retail,S002,ST0035_XL,2026-02-13,3
Retail,S002,ST0002_M,2026-02-13,28
Retail,S003,ST0013_M,2026-02-13,4
Retail,S003,ST0023_L,2026-02-13,27
Retail,S003,ST0020_L,2026-02-13,10
Retail,S003,ST0017_XL,2026-02-13,12
Retail,S003,ST0005_XL,2026-02-13,5
Retail,S003,ST0019_M,2026-02-13,29
Retail,S003,ST0002_S,2026-02-13,47
Retail,S003,ST0045_L,2026-02-13,13
Retail,S003,ST0045_XL,2026-02-13,8
Retail,S003,ST0044_S,2026-02-13,27
Retail,S003,ST0011_XL,2026-02-13,45
Retail,S003,ST0009_M,2026-02-13,25
Retail,S003,ST0044_L,2026-02-13,3
Retail,S003,ST0017_M,2026-02-13,33
Retail,S003,ST0029_XL,2026-02-13,16
Retail,S003,ST0049_S,2026-02-13,43
Retail,S003,ST0012_XL,2026-02-13,24
Retail,S003,ST0041_L,2026-02-13,17
Retail,S003,ST0008_M,2026-02-13,5
Retail,S003,ST0002_L,2026-02-13,19
Retail,S004,ST0023_S,2026-02-13,12
Retail,S004,ST0029_XL,2026-02-13,49
Retail,S004,ST0018_S,2026-02-13,27
Retail,S004,ST0005_L,2026-02-13,41
Retail,S004,ST0050_S,2026-02-13,18
Retail,S004,ST0016_S,2026-02-13,20
Retail,S004,ST0014_L,2026-02-13,45
Retail,S004,ST0002_M,2026-02-13,18
Retail,S004,ST0048_XL,2026-02-13,40
Retail,S004,ST0035_L,2026-02-13,19
Retail,S004,ST0026_L,2026-02-13,5
Retail,S004,ST0017_XL,2026-02-13,48
Retail,S004,ST0034_M,2026-02-13,19
Retail,S004,ST0039_XL,2026-02-13,9
Retail,S004,ST0008_S,2026-02-13,18
Retail,S004,ST0024_L,2026-02-13,46
Retail,S004,ST0042_S,2026-02-13,2
Retail,S004,ST0024_XL,2026-02-13,38
Retail,S004,ST0043_L,2026-02-13,20
Retail,S004,ST0026_XL,2026-02-13,43
Retail,S005,ST0032_M,2026-02-13,21
Retail,S005,ST0006_M,2026-02-13,21
Retail,S005,ST0020_XL,2026-02-13,33
Retail,S005,ST0014_L,2026-02-13,25
Retail,S005,ST0039_M,2026-02-13,47
Retail,S005,ST0020_S,2026-02-13,11
Retail,S005,ST0047_L,2026-02-13,36
Retail,S005,ST0001_XL,2026-02-13,27
Retail,S005,ST0026_XL,2026-02-13,19
Retail,S005,ST0022_XL,2026-02-13,36
Retail,S005,ST0025_XL,2026-02-13,45
Retail,S005,ST0019_XL,2026-02-13,43
Retail,S005,ST0034_XL,2026-02-13,17
Retail,S005,ST0020_L,2026-02-13,36
Retail,S005,ST0030_S,2026-02-13,40
Retail,S005,ST0049_M,2026-02-13,24
Retail,S005,ST0029_M,2026-02-13,48
Retail,S005,ST0035_S,2026-02-13,25
Retail,S005,ST0045_M,2026-02-13,2
Retail,S005,ST0043_XL,2026-02-13,20
Retail,S006,ST0045_XL,2026-02-13,39
Retail,S006,ST0035_L,2026-02-13,8
Retail,S006,ST0030_XL,2026-02-13,5
Retail,S006,ST0014_M,2026-02-13,16
Retail,S006,ST0028_XL,2026-02-13,10
Retail,S006,ST0035_S,2026-02-13,17
Retail,S006,ST0011_S,2026-02-13,45
Retail,S006,ST0049_XL,2026-02-13,6
Retail,S006,ST0005_S,2026-02-13,43
Retail,S006,ST0015_L,2026-02-13,9
Retail,S006,ST0042_S,2026-02-13,23
Retail,S006,ST0050_L,2026-02-13,8
Retail,S006,ST0047_M,2026-02-13,15
Retail,S006,ST0048_XL,2026-02-13,41
Retail,S006,ST0011_L,2026-02-13,38
Retail,S006,ST0001_S,2026-02-13,3
Retail,S006,ST0011_M,2026-02-13,8
Retail,S006,ST0046_M,2026-02-13,10
Retail,S006,ST0015_S,2026-02-13,11
Retail,S006,ST0008_M,2026-02-13,6
Retail,S007,ST0027_L,2026-02-13,30
Retail,S007,ST0035_M,2026-02-13,43
Retail,S007,ST0036_M,2026-02-13,10
Retail,S007,ST0033_XL,2026-02-13,3
Retail,S007,ST0039_XL,2026-02-13,15
Retail,S007,ST0048_L,2026-02-13,37
Retail,S007,ST0050_L,2026-02-13,24
Retail,S007,ST0028_XL,2026-02-13,38
Retail,S007,ST0008_S,2026-02-13,36
Retail,S007,ST0019_S,2026-02-13,33
Retail,S007,ST0045_S,2026-02-13,27
Retail,S007,ST0028_M,2026-02-13,47
Retail,S007,ST0020_S,2026-02-13,13
Retail,S007,ST0043_S,2026-02-13,25
Retail,S007,ST0038_M,2026-02-13,7
Retail,S007,ST0030_S,2026-02-13,19
Retail,S007,ST0003_XL,2026-02-13,24
Retail,S007,ST0014_S,2026-02-13,10
Retail,S007,ST0042_XL,2026-02-13,22
Retail,S007,ST0028_S,2026-02-13,17
Retail,S008,ST0017_M,2026-02-13,9
Retail,S008,ST0033_M,2026-02-13,49
Retail,S008,ST0013_L,2026-02-13,44
Retail,S008,ST0048_XL,2026-02-13,17
Retail,S008,ST0030_L,2026-02-13,47
Retail,S008,ST0015_S,2026-02-13,4
Retail,S008,ST0006_S,2026-02-13,45
Retail,S008,ST0023_L,2026-02-13,24
Retail,S008,ST0022_L,2026-02-13,25
Retail,S008,ST0049_S,2026-02-13,22
Retail,S008,ST0005_XL,2026-02-13,22
Retail,S008,ST0032_XL,2026-02-13,32
Retail,S008,ST0005_L,2026-02-13,17
Retail,S008,ST0010_L,2026-02-13,6
Retail,S008,ST0024_M,2026-02-13,7
Retail,S008,ST0014_M,2026-02-13,20
Retail,S008,ST0003_XL,2026-02-13,16
Retail,S008,ST0043_XL,2026-02-13,32
Retail,S008,ST0003_M,2026-02-13,45
Retail,S008,ST0004_M,2026-02-13,21
Retail,S009,ST0002_M,2026-02-13,39
Retail,S009,ST0005_XL,2026-02-13,36
Retail,S009,ST0012_S,2026-02-13,12
Retail,S009,ST0001_S,2026-02-13,43
Retail,S009,ST0011_L,2026-02-13,48
Retail,S009,ST0030_S,2026-02-13,3
Retail,S009,ST0007_L,2026-02-13,43
Retail,S009,ST0047_L,2026-02-13,20
Retail,S009,ST0015_L,2026-02-13,20
Retail,S009,ST0006_S,2026-02-13,13
Retail,S009,ST0012_XL,2026-02-13,1
Retail,S009,ST0040_S,2026-02-13,10
Retail,S009,ST0036_XL,2026-02-13,13
Retail,S009,ST0039_XL,2026-02-13,19
Retail,S009,ST0047_XL,2026-02-13,26
Retail,S009,ST0030_L,2026-02-13,5
Retail,S009,ST0036_M,2026-02-13,0
Retail,S009,ST0043_M,2026-02-13,12
Retail,S009,ST0001_L,2026-02-13,37
Retail,S009,ST0049_M,2026-02-13,37
Retail,S010,ST0014_XL,2026-02-13,15
Retail,S010,ST0019_M,2026-02-13,31
Retail,S010,ST0049_M,2026-02-13,8
Retail,S010,ST0016_M,2026-02-13,49
Retail,S010,ST0049_XL,2026-02-13,11
Retail,S010,ST0007_XL,2026-02-13,15
Retail,S010,ST0014_M,2026-02-13,29
Retail,S010,ST0029_S,2026-02-13,20
Retail,S010,ST0041_L,2026-02-13,4
Retail,S010,ST0017_S,2026-02-13,32
Retail,S010,ST0018_M,2026-02-13,30
Retail,S010,ST0015_XL,2026-02-13,8
Retail,S010,ST0049_S,2026-02-13,34
Retail,S010,ST0026_L,2026-02-13,16
Retail,S010,ST0015_M,2026-02-13,26
Retail,S010,ST0002_M,2026-02-13,6
Retail,S010,ST0016_XL,2026-02-13,16
Retail,S010,ST0020_M,2026-02-13,16
Retail,S010,ST0010_S,2026-02-13,3
Retail,S010,ST0017_M,2026-02-13,20
Retail,S001,ST0029_XL,2026-02-14,18
Retail,S001,ST0005_L,2026-02-14,45
Retail,S001,ST0043_L,2026-02-14,47
Retail,S001,ST0030_XL,2026-02-14,16
Retail,S001,ST0050_M,2026-02-14,20
Retail,S001,ST0035_XL,2026-02-14,39
Retail,S001,ST0009_XL,2026-02-14,32
Retail,S001,ST0032_L,2026-02-14,17
Retail,S001,ST0019_L,2026-02-14,11
Retail,S001,ST0046_S,2026-02-14,25
Retail,S001,ST0036_M,2026-02-14,22
Retail,S001,ST0050_L,2026-02-14,45
Retail,S001,ST0048_XL,2026-02-14,12
Retail,S001,ST0045_M,2026-02-14,27
Retail,S001,ST0026_S,2026-02-14,32
Retail,S001,ST0025_XL,2026-02-14,12
Retail,S001,ST0030_M,2026-02-14,18
Retail,S001,ST0011_XL,2026-02-14,26
Retail,S001,ST0002_XL,2026-02-14,12
Retail,S001,ST0046_XL,2026-02-14,29
Retail,S002,ST0018_XL,2026-02-14,44
Retail,S002,ST0025_M,2026-02-14,2
Retail,S002,ST0050_XL,2026-02-14,23
Retail,S002,ST0049_L,2026-02-14,25
Retail,S002,ST0040_M,2026-02-14,23
Retail,S002,ST0035_M,2026-02-14,25
Retail,S002,ST0039_S,2026-02-14,38
Retail,S002,ST0041_M,2026-02-14,35
Retail,S002,ST0014_L,2026-02-14,15
Retail,S002,ST0007_M,2026-02-14,31
Retail,S002,ST0029_S,2026-02-14,48
Retail,S002,ST0032_S,2026-02-14,47
Retail,S002,ST0045_S,2026-02-14,38
Retail,S002,ST0039_XL,2026-02-14,46
Retail,S002,ST0029_L,2026-02-14,27
Retail,S002,ST0050_S,2026-02-14,48
Retail,S002,ST0038_L,2026-02-14,8
Retail,S002,ST0031_M,2026-02-14,44
Retail,S002,ST0011_XL,2026-02-14,35
Retail,S002,ST0001_L,2026-02-14,40
Retail,S003,ST0017_L,2026-02-14,17
Retail,S003,ST0016_XL,2026-02-14,31
Retail,S003,ST0043_M,2026-02-14,1
Retail,S003,ST0035_M,2026-02-14,29
Retail,S003,ST0011_XL,2026-02-14,30
Retail,S003,ST0038_M,2026-02-14,45
Retail,S003,ST0021_L,2026-02-14,43
Retail,S003,ST0033_L,2026-02-14,33
Retail,S003,ST0015_S,2026-02-14,36
Retail,S003,ST0019_L,2026-02-14,18
Retail,S003,ST0011_L,2026-02-14,47
Retail,S003,ST0042_L,2026-02-14,20
Retail,S003,ST0050_L,2026-02-14,0
Retail,S003,ST0031_M,2026-02-14,17
Retail,S003,ST0047_M,2026-02-14,26
Retail,S003,ST0029_L,2026-02-14,15
Retail,S003,ST0027_M,2026-02-14,44
Retail,S003,ST0002_M,2026-02-14,0
Retail,S003,ST0008_L,2026-02-14,32
Retail,S003,ST0043_XL,2026-02-14,44
Retail,S004,ST0039_XL,2026-02-14,15
Retail,S004,ST0015_L,2026-02-14,37
Retail,S004,ST0011_L,2026-02-14,48
Retail,S004,ST0046_S,2026-02-14,35
Retail,S004,ST0044_XL,2026-02-14,23
Retail,S004,ST0011_M,2026-02-14,38
Retail,S004,ST0002_M,2026-02-14,7
Retail,S004,ST0007_M,2026-02-14,17
Retail,S004,ST0037_M,2026-02-14,18
Retail,S004,ST0040_M,2026-02-14,25
Retail,S004,ST0047_L,2026-02-14,25
Retail,S004,ST0026_S,2026-02-14,43
Retail,S004,ST0049_M,2026-02-14,44
Retail,S004,ST0030_L,2026-02-14,24
Retail,S004,ST0008_S,2026-02-14,39
Retail,S004,ST0014_L,2026-02-14,11
Retail,S004,ST0012_XL,2026-02-14,41
Retail,S004,ST0048_M,2026-02-14,41
Retail,S004,ST0049_XL,2026-02-14,36
Retail,S004,ST0038_XL,2026-02-14,28
Retail,S005,ST0020_XL,2026-02-14,9
Retail,S005,ST0011_M,2026-02-14,6
Retail,S005,ST0013_XL,2026-02-14,17
Retail,S005,ST0009_L,2026-02-14,5
Retail,S005,ST0019_S,2026-02-14,42
Retail,S005,ST0005_L,2026-02-14,40
Retail,S005,ST0041_S,2026-02-14,29
Retail,S005,ST0021_S,2026-02-14,20
Retail,S005,ST0036_L,2026-02-14,6
Retail,S005,ST0026_XL,2026-02-14,18
Retail,S005,ST0032_S,2026-02-14,40
Retail,S005,ST0033_L,2026-02-14,11
Retail,S005,ST0023_XL,2026-02-14,25
Retail,S005,ST0045_XL,2026-02-14,37
Retail,S005,ST0044_XL,2026-02-14,5
Retail,S005,ST0050_S,2026-02-14,10
Retail,S005,ST0042_L,2026-02-14,38
Retail,S005,ST0047_S,2026-02-14,17
Retail,S005,ST0043_L,2026-02-14,36
Retail,S005,ST0012_L,2026-02-14,32
Retail,S006,ST0015_XL,2026-02-14,26
Retail,S006,ST0041_S,2026-02-14,37
Retail,S006,ST0006_XL,2026-02-14,19
Retail,S006,ST0036_XL,2026-02-14,31
Retail,S006,ST0049_XL,2026-02-14,22
Retail,S006,ST0015_S,2026-02-14,23
Retail,S006,ST0044_XL,2026-02-14,40
Retail,S006,ST0032_XL,2026-02-14,47
Retail,S006,ST0048_XL,2026-02-14,44
Retail,S006,ST0029_XL,2026-02-14,2
Retail,S006,ST0020_L,2026-02-14,29
Retail,S006,ST0018_XL,2026-02-14,4
Retail,S006,ST0025_XL,2026-02-14,3
Retail,S006,ST0037_M,2026-02-14,39
Retail,S006,ST0038_M,2026-02-14,42
Retail,S006,ST0014_M,2026-02-14,14
Retail,S006,ST0032_L,2026-02-14,15
Retail,S006,ST0001_XL,2026-02-14,19
Retail,S006,ST0019_L,2026-02-14,9
Retail,S006,ST0022_XL,2026-02-14,30
Retail,S007,ST0050_XL,2026-02-14,17
Retail,S007,ST0008_M,2026-02-14,44
Retail,S007,ST0037_M,2026-02-14,38
Retail,S007,ST0014_S,2026-02-14,22
Retail,S007,ST0019_S,2026-02-14,23
Retail,S007,ST0002_M,2026-02-14,16
Retail,S007,ST0048_M,2026-02-14,26
Retail,S007,ST0026_L,2026-02-14,31
Retail,S007,ST0013_M,2026-02-14,13
Retail,S007,ST0011_M,2026-02-14,43
Retail,S007,ST0025_S,2026-02-14,47
Retail,S007,ST0020_S,2026-02-14,34
Retail,S007,ST0036_XL,2026-02-14,27
Retail,S007,ST0017_L,2026-02-14,2
Retail,S007,ST0007_L,2026-02-14,45
Retail,S007,ST0008_L,2026-02-14,38
Retail,S007,ST0033_M,2026-02-14,19
Retail,S007,ST0031_M,2026-02-14,41
Retail,S007,ST0035_S,2026-02-14,43
Retail,S007,ST0048_L,2026-02-14,8
Retail,S008,ST0003_M,2026-02-14,30
Retail,S008,ST0012_M,2026-02-14,40
Retail,S008,ST0021_XL,2026-02-14,36
Retail,S008,ST0007_XL,2026-02-14,6
Retail,S008,ST0009_L,2026-02-14,14
Retail,S008,ST0028_L,2026-02-14,23
Retail,S008,ST0045_L,2026-02-14,28
Retail,S008,ST0022_L,2026-02-14,15
Retail,S008,ST0011_XL,2026-02-14,33
Retail,S008,ST0035_L,2026-02-14,15
Retail,S008,ST0050_S,2026-02-14,14
Retail,S008,ST0025_S,2026-02-14,16
Retail,S008,ST0022_XL,2026-02-14,28
Retail,S008,ST0016_XL,2026-02-14,36
Retail,S008,ST0026_S,2026-02-14,20
Retail,S008,ST0042_XL,2026-02-14,48
Retail,S008,ST0038_XL,2026-02-14,42
Retail,S008,ST0045_XL,2026-02-14,23
Retail,S008,ST0016_L,2026-02-14,35
Retail,S008,ST0027_S,2026-02-14,13
Retail,S009,ST0036_L,2026-02-14,40
Retail,S009,ST0046_M,2026-02-14,46
Retail,S009,ST0046_XL,2026-02-14,25
Retail,S009,ST0005_S,2026-02-14,46
Retail,S009,ST0026_L,2026-02-14,38
Retail,S009,ST0047_M,2026-02-14,17
Retail,S009,ST0027_M,2026-02-14,20
Retail,S009,ST0047_L,2026-02-14,22
Retail,S009,ST0017_S,2026-02-14,16
Retail,S009,ST0039_L,2026-02-14,0
Retail,S009,ST0023_XL,2026-02-14,46
Retail,S009,ST0049_L,2026-02-14,44
Retail,S009,ST0020_S,2026-02-14,48
Retail,S009,ST0009_S,2026-02-14,5
Retail,S009,ST0018_M,2026-02-14,8
Retail,S009,ST0023_M,2026-02-14,48
Retail,S009,ST0041_L,2026-02-14,40
Retail,S009,ST0036_XL,2026-02-14,46
Retail,S009,ST0019_M,2026-02-14,41
Retail,S009,ST0020_M,2026-02-14,38
Retail,S010,ST0044_M,2026-02-14,37
Retail,S010,ST0043_XL,2026-02-14,23
Retail,S010,ST0005_S,2026-02-14,4
Retail,S010,ST0015_M,2026-02-14,8
Retail,S010,ST0043_S,2026-02-14,25
Retail,S010,ST0006_M,2026-02-14,19
Retail,S010,ST0049_XL,2026-02-14,48
Retail,S010,ST0037_L,2026-02-14,19
Retail,S010,ST0003_XL,2026-02-14,7
Retail,S010,ST0029_M,2026-02-14,4
Retail,S010,ST0035_L,2026-02-14,45
Retail,S010,ST0027_M,2026-02-14,20
Retail,S010,ST0045_S,2026-02-14,2
Retail,S010,ST0024_L,2026-02-14,25
Retail,S010,ST0027_XL,2026-02-14,29
Retail,S010,ST0008_S,2026-02-14,49
Retail,S010,ST0012_S,2026-02-14,40
Retail,S010,ST0025_S,2026-02-14,40
Retail,S010,ST0008_M,2026-02-14,32
Retail,S010,ST0030_XL,2026-02-14,37
Retail,S001,ST0038_S,2026-02-15,4
Retail,S001,ST0006_XL,2026-02-15,38
Retail,S001,ST0008_XL,2026-02-15,12
Retail,S001,ST0032_XL,2026-02-15,15
Retail,S001,ST0045_S,2026-02-15,10
Retail,S001,ST0047_M,2026-02-15,3
Retail,S001,ST0023_M,2026-02-15,8
Retail,S001,ST0033_S,2026-02-15,44
Retail,S001,ST0003_L,2026-02-15,11
Retail,S001,ST0011_M,2026-02-15,12
Retail,S001,ST0016_L,2026-02-15,42
Retail,S001,ST0048_M,2026-02-15,20
Retail,S001,ST0013_L,2026-02-15,4
Retail,S001,ST0014_L,2026-02-15,20
Retail,S001,ST0019_M,2026-02-15,15
Retail,S001,ST0032_L,2026-02-15,48
Retail,S001,ST0048_S,2026-02-15,40
Retail,S001,ST0009_L,2026-02-15,29
Retail,S001,ST0047_XL,2026-02-15,31
Retail,S001,ST0038_M,2026-02-15,12
Retail,S002,ST0036_M,2026-02-15,37
Retail,S002,ST0027_M,2026-02-15,1
Retail,S002,ST0009_M,2026-02-15,0
Retail,S002,ST0033_XL,2026-02-15,9
Retail,S002,ST0034_L,2026-02-15,23
Retail,S002,ST0012_M,2026-02-15,23
Retail,S002,ST0038_L,2026-02-15,46
Retail,S002,ST0015_XL,2026-02-15,37
Retail,S002,ST0032_M,2026-02-15,11
Retail,S002,ST0032_S,2026-02-15,22
Retail,S002,ST0023_M,2026-02-15,3
Retail,S002,ST0010_S,2026-02-15,26
Retail,S002,ST0013_S,2026-02-15,3
Retail,S002,ST0038_S,2026-02-15,6
Retail,S002,ST0019_M,2026-02-15,42
Retail,S002,ST0050_L,2026-02-15,46
Retail,S002,ST0018_XL,2026-02-15,11
Retail,S002,ST0008_S,2026-02-15,21
Retail,S002,ST0011_XL,2026-02-15,9
Retail,S002,ST0038_M,2026-02-15,39
Retail,S003,ST0035_L,2026-02-15,18
Retail,S003,ST0010_S,2026-02-15,1
Retail,S003,ST0032_L,2026-02-15,23
Retail,S003,ST0014_XL,2026-02-15,10
Retail,S003,ST0028_M,2026-02-15,38
Retail,S003,ST0012_S,2026-02-15,6
Retail,S003,ST0030_M,2026-02-15,34
Retail,S003,ST0045_L,2026-02-15,0
Retail,S003,ST0027_M,2026-02-15,32
Retail,S003,ST0007_XL,2026-02-15,45
Retail,S003,ST0044_XL,2026-02-15,42
Retail,S003,ST0032_M,2026-02-15,14
Retail,S003,ST0040_M,2026-02-15,39
Retail,S003,ST0024_XL,2026-02-15,31
Retail,S003,ST0002_L,2026-02-15,31
Retail,S003,ST0001_M,2026-02-15,16
Retail,S003,ST0049_S,2026-02-15,1
Retail,S003,ST0005_M,2026-02-15,47
Retail,S003,ST0047_S,2026-02-15,33
Retail,S003,ST0034_L,2026-02-15,13
Retail,S004,ST0045_XL,2026-02-15,17
Retail,S004,ST0029_M,2026-02-15,28
Retail,S004,ST0020_L,2026-02-15,16
Retail,S004,ST0028_L,2026-02-15,31
Retail,S004,ST0007_XL,2026-02-15,8
Retail,S004,ST0004_L,2026-02-15,26
Retail,S004,ST0023_L,2026-02-15,20
Retail,S004,ST0025_M,2026-02-15,19
Retail,S004,ST0001_S,2026-02-15,3
Retail,S004,ST0008_L,2026-02-15,22
Retail,S004,ST0036_XL,2026-02-15,41
Retail,S004,ST0026_XL,2026-02-15,18
Retail,S004,ST0029_L,2026-02-15,3
Retail,S004,ST0039_M,2026-02-15,27
Retail,S004,ST0043_M,2026-02-15,48
Retail,S004,ST0026_M,2026-02-15,34
Retail,S004,ST0013_XL,2026-02-15,43
Retail,S004,ST0034_M,2026-02-15,36
Retail,S004,ST0047_L,2026-02-15,46
Retail,S004,ST0021_XL,2026-02-15,5
Retail,S005,ST0024_M,2026-02-15,36
Retail,S005,ST0018_L,2026-02-15,20
Retail,S005,ST0049_M,2026-02-15,28
Retail,S005,ST0002_S,2026-02-15,36
Retail,S005,ST0032_S,2026-02-15,41
Retail,S005,ST0049_S,2026-02-15,41
Retail,S005,ST0019_XL,2026-02-15,33
Retail,S005,ST0019_L,2026-02-15,9
Retail,S005,ST0038_M,2026-02-15,15
Retail,S005,ST0019_M,2026-02-15,41
Retail,S005,ST0043_M,2026-02-15,26
Retail,S005,ST0032_L,2026-02-15,3
Retail,S005,ST0034_XL,2026-02-15,33
Retail,S005,ST0030_XL,2026-02-15,10
Retail,S005,ST0009_S,2026-02-15,38
Retail,S005,ST0011_S,2026-02-15,24
Retail,S005,ST0037_S,2026-02-15,11
Retail,S005,ST0021_M,2026-02-15,17
Retail,S005,ST0044_S,2026-02-15,36
Retail,S005,ST0025_L,2026-02-15,12
Retail,S006,ST0027_XL,2026-02-15,6
Retail,S006,ST0036_XL,2026-02-15,23
Retail,S006,ST0041_M,2026-02-15,40
Retail,S006,ST0001_M,2026-02-15,20
Retail,S006,ST0015_L,2026-02-15,15
Retail,S006,ST0016_M,2026-02-15,46
Retail,S006,ST0032_XL,2026-02-15,7
Retail,S006,ST0004_L,2026-02-15,45
Retail,S006,ST0043_S,2026-02-15,10
Retail,S006,ST0038_XL,2026-02-15,41
Retail,S006,ST0029_XL,2026-02-15,10
Retail,S006,ST0026_XL,2026-02-15,34
Retail,S006,ST0045_M,2026-02-15,5
Retail,S006,ST0015_XL,2026-02-15,32
Retail,S006,ST0003_S,2026-02-15,0
Retail,S006,ST0001_L,2026-02-15,26
Retail,S006,ST0050_S,2026-02-15,45
Retail,S006,ST0028_L,2026-02-15,27
Retail,S006,ST0049_L,2026-02-15,31
Retail,S006,ST0030_M,2026-02-15,11
Retail,S007,ST0017_M,2026-02-15,34
Retail,S007,ST0047_L,2026-02-15,22
Retail,S007,ST0019_L,2026-02-15,31
Retail,S007,ST0035_L,2026-02-15,13
Retail,S007,ST0015_XL,2026-02-15,32
Retail,S007,ST0032_XL,2026-02-15,4
Retail,S007,ST0019_XL,2026-02-15,34
Retail,S007,ST0002_XL,2026-02-15,40
Retail,S007,ST0006_XL,2026-02-15,21
Retail,S007,ST0028_XL,2026-02-15,3
Retail,S007,ST0041_XL,2026-02-15,8
Retail,S007,ST0009_L,2026-02-15,18
Retail,S007,ST0017_S,2026-02-15,8
Retail,S007,ST0015_M,2026-02-15,15
Retail,S007,ST0026_S,2026-02-15,6
Retail,S007,ST0008_L,2026-02-15,13
Retail,S007,ST0006_L,2026-02-15,39
Retail,S007,ST0043_S,2026-02-15,30
Retail,S007,ST0018_M,2026-02-15,5
Retail,S007,ST0047_S,2026-02-15,45
Retail,S008,ST0006_L,2026-02-15,42
Retail,S008,ST0015_S,2026-02-15,35
Retail,S008,ST0012_XL,2026-02-15,27
Retail,S008,ST0047_XL,2026-02-15,4
Retail,S008,ST0020_XL,2026-02-15,2
Retail,S008,ST0026_XL,2026-02-15,2
Retail,S008,ST0032_L,2026-02-15,22
Retail,S008,ST0018_M,2026-02-15,21
Retail,S008,ST0030_M,2026-02-15,0
Retail,S008,ST0002_M,2026-02-15,35
Retail,S008,ST0011_L,2026-02-15,8
Retail,S008,ST0019_M,2026-02-15,24
Retail,S008,ST0046_S,2026-02-15,48
Retail,S008,ST0026_M,2026-02-15,48
Retail,S008,ST0022_S,2026-02-15,8
Retail,S008,ST0007_S,2026-02-15,46
Retail,S008,ST0014_XL,2026-02-15,48
Retail,S008,ST0042_L,2026-02-15,19
Retail,S008,ST0010_L,2026-02-15,33
Retail,S008,ST0011_XL,2026-02-15,29
Retail,S009,ST0044_S,2026-02-15,37
Retail,S009,ST0029_S,2026-02-15,43
Retail,S009,ST0031_L,2026-02-15,8
Retail,S009,ST0048_S,2026-02-15,12
Retail,S009,ST0038_M,2026-02-15,38
Retail,S009,ST0038_XL,2026-02-15,1
Retail,S009,ST0035_S,2026-02-15,29
Retail,S009,ST0017_L,2026-02-15,0
Retail,S009,ST0036_XL,2026-02-15,6
Retail,S009,ST0042_S,2026-02-15,22
Retail,S009,ST0031_M,2026-02-15,28
Retail,S009,ST0031_S,2026-02-15,42
Retail,S009,ST0024_L,2026-02-15,10
Retail,S009,ST0020_XL,2026-02-15,32
Retail,S009,ST0024_XL,2026-02-15,5
Retail,S009,ST0048_M,2026-02-15,9
Retail,S009,ST0019_M,2026-02-15,19
Retail,S009,ST0011_S,2026-02-15,16
Retail,S009,ST0014_S,2026-02-15,45
Retail,S009,ST0012_S,2026-02-15,10
Retail,S010,ST0046_XL,2026-02-15,15
Retail,S010,ST0044_M,2026-02-15,28
Retail,S010,ST0015_L,2026-02-15,27
Retail,S010,ST0026_XL,2026-02-15,20
Retail,S010,ST0005_XL,2026-02-15,34
Retail,S010,ST0036_M,2026-02-15,6
Retail,S010,ST0013_S,2026-02-15,45
Retail,S010,ST0050_M,2026-02-15,3
Retail,S010,ST0039_M,2026-02-15,35
Retail,S010,ST0027_L,2026-02-15,28
Retail,S010,ST0019_M,2026-02-15,49
Retail,S010,ST0034_L,2026-02-15,9
Retail,S010,ST0043_S,2026-02-15,47
Retail,S010,ST0050_L,2026-02-15,42
Retail,S010,ST0011_XL,2026-02-15,15
Retail,S010,ST0031_S,2026-02-15,33
Retail,S010,ST0011_S,2026-02-15,5
Retail,S010,ST0012_L,2026-02-15,18
Retail,S010,ST0009_M,2026-02-15,5
Retail,S010,ST0044_XL,2026-02-15,3
Retail,S001,ST0047_M,2026-02-16,0
Retail,S001,ST0003_M,2026-02-16,10
Retail,S001,ST0010_S,2026-02-16,46
Retail,S001,ST0041_L,2026-02-16,48
Retail,S001,ST0005_S,2026-02-16,45
Retail,S001,ST0021_M,2026-02-16,11
Retail,S001,ST0006_XL,2026-02-16,11
Retail,S001,ST0018_L,2026-02-16,36
Retail,S001,ST0045_S,2026-02-16,22
Retail,S001,ST0022_S,2026-02-16,33
Retail,S001,ST0036_S,2026-02-16,5
Retail,S001,ST0013_XL,2026-02-16,25
Retail,S001,ST0005_M,2026-02-16,17
Retail,S001,ST0047_L,2026-02-16,41
Retail,S001,ST0024_S,2026-02-16,48
Retail,S001,ST0033_XL,2026-02-16,22
Retail,S001,ST0041_M,2026-02-16,39
Retail,S001,ST0042_XL,2026-02-16,38
Retail,S001,ST0019_M,2026-02-16,7
Retail,S001,ST0034_XL,2026-02-16,23
Retail,S002,ST0038_XL,2026-02-16,36
Retail,S002,ST0022_L,2026-02-16,23
Retail,S002,ST0022_XL,2026-02-16,15
Retail,S002,ST0042_L,2026-02-16,15
Retail,S002,ST0007_S,2026-02-16,15
Retail,S002,ST0020_XL,2026-02-16,48
Retail,S002,ST0025_L,2026-02-16,23
Retail,S002,ST0045_XL,2026-02-16,23
Retail,S002,ST0011_XL,2026-02-16,23
Retail,S002,ST0017_XL,2026-02-16,31
Retail,S002,ST0010_S,2026-02-16,33
Retail,S002,ST0040_XL,2026-02-16,16
Retail,S002,ST0019_L,2026-02-16,41
Retail,S002,ST0009_M,2026-02-16,38
Retail,S002,ST0032_M,2026-02-16,5
Retail,S002,ST0001_M,2026-02-16,30
Retail,S002,ST0019_M,2026-02-16,24
Retail,S002,ST0018_XL,2026-02-16,27
Retail,S002,ST0049_XL,2026-02-16,25
Retail,S002,ST0019_XL,2026-02-16,28
Retail,S003,ST0044_S,2026-02-16,16
Retail,S003,ST0030_M,2026-02-16,41
Retail,S003,ST0031_M,2026-02-16,19
Retail,S003,ST0043_S,2026-02-16,42
Retail,S003,ST0021_M,2026-02-16,44
Retail,S003,ST0025_XL,2026-02-16,34
Retail,S003,ST0027_L,2026-02-16,39
Retail,S003,ST0002_L,2026-02-16,6
Retail,S003,ST0033_M,2026-02-16,9
Retail,S003,ST0046_XL,2026-02-16,47
Retail,S003,ST0022_XL,2026-02-16,3
Retail,S003,ST0004_S,2026-02-16,49
Retail,S003,ST0015_L,2026-02-16,47
Retail,S003,ST0021_XL,2026-02-16,27
Retail,S003,ST0043_L,2026-02-16,22
Retail,S003,ST0041_L,2026-02-16,39
Retail,S003,ST0022_S,2026-02-16,43
Retail,S003,ST0017_L,2026-02-16,4
Retail,S003,ST0028_XL,2026-02-16,28
Retail,S003,ST0007_L,2026-02-16,17
Retail,S004,ST0020_L,2026-02-16,17
Retail,S004,ST0031_L,2026-02-16,33
Retail,S004,ST0034_XL,2026-02-16,8
Retail,S004,ST0008_XL,2026-02-16,36
Retail,S004,ST0001_L,2026-02-16,15
Retail,S004,ST0004_S,2026-02-16,11
Retail,S004,ST0044_S,2026-02-16,0
Retail,S004,ST0050_L,2026-02-16,18
Retail,S004,ST0025_XL,2026-02-16,43
Retail,S004,ST0044_L,2026-02-16,40
Retail,S004,ST0041_M,2026-02-16,1
Retail,S004,ST0046_L,2026-02-16,12
Retail,S004,ST0022_M,2026-02-16,18
Retail,S004,ST0035_XL,2026-02-16,32
Retail,S004,ST0031_S,2026-02-16,16
Retail,S004,ST0029_M,2026-02-16,7
Retail,S004,ST0032_L,2026-02-16,36
Retail,S004,ST0044_M,2026-02-16,24
Retail,S004,ST0042_XL,2026-02-16,40
Retail,S004,ST0011_XL,2026-02-16,18
Retail,S005,ST0038_M,2026-02-16,26
Retail,S005,ST0046_L,2026-02-16,41
Retail,S005,ST0015_XL,2026-02-16,10
Retail,S005,ST0042_M,2026-02-16,49
Retail,S005,ST0035_XL,2026-02-16,31
Retail,S005,ST0012_M,2026-02-16,17
Retail,S005,ST0023_L,2026-02-16,48
Retail,S005,ST0050_L,2026-02-16,14
Retail,S005,ST0046_M,2026-02-16,31
Retail,S005,ST0040_S,2026-02-16,42
Retail,S005,ST0018_M,2026-02-16,35
Retail,S005,ST0011_L,2026-02-16,22
Retail,S005,ST0049_XL,2026-02-16,19
Retail,S005,ST0036_M,2026-02-16,15
Retail,S005,ST0018_XL,2026-02-16,48
Retail,S005,ST0036_S,2026-02-16,41
Retail,S005,ST0002_S,2026-02-16,12
Retail,S005,ST0001_M,2026-02-16,23
Retail,S005,ST0019_XL,2026-02-16,32
Retail,S005,ST0019_M,2026-02-16,23
Retail,S006,ST0016_L,2026-02-16,4
Retail,S006,ST0007_L,2026-02-16,37
Retail,S006,ST0031_S,2026-02-16,21
Retail,S006,ST0014_L,2026-02-16,5
Retail,S006,ST0017_M,2026-02-16,44
Retail,S006,ST0007_S,2026-02-16,33
Retail,S006,ST0037_L,2026-02-16,8
Retail,S006,ST0027_XL,2026-02-16,19
Retail,S006,ST0007_M,2026-02-16,20
Retail,S006,ST0006_S,2026-02-16,10
Retail,S006,ST0019_L,2026-02-16,39
Retail,S006,ST0005_S,2026-02-16,17
Retail,S006,ST0044_L,2026-02-16,35
Retail,S006,ST0034_L,2026-02-16,49
Retail,S006,ST0024_M,2026-02-16,30
Retail,S006,ST0033_XL,2026-02-16,6
Retail,S006,ST0010_XL,2026-02-16,36
Retail,S006,ST0030_M,2026-02-16,26
Retail,S006,ST0023_S,2026-02-16,40
Retail,S006,ST0007_XL,2026-02-16,48
Retail,S007,ST0050_M,2026-02-16,11
Retail,S007,ST0019_XL,2026-02-16,7
Retail,S007,ST0030_L,2026-02-16,48
Retail,S007,ST0042_S,2026-02-16,18
Retail,S007,ST0012_M,2026-02-16,16
Retail,S007,ST0044_M,2026-02-16,23
Retail,S007,ST0007_XL,2026-02-16,30
Retail,S007,ST0038_S,2026-02-16,11
Retail,S007,ST0005_S,2026-02-16,39
Retail,S007,ST0042_M,2026-02-16,46
Retail,S007,ST0044_S,2026-02-16,37
Retail,S007,ST0043_M,2026-02-16,39
Retail,S007,ST0047_S,2026-02-16,44
Retail,S007,ST0035_XL,2026-02-16,48
Retail,S007,ST0018_XL,2026-02-16,28
Retail,S007,ST0015_XL,2026-02-16,28
Retail,S007,ST0008_L,2026-02-16,15
Retail,S007,ST0010_M,2026-02-16,37
Retail,S007,ST0040_XL,2026-02-16,29
Retail,S007,ST0004_S,2026-02-16,38
Retail,S008,ST0036_L,2026-02-16,41
Retail,S008,ST0015_L,2026-02-16,27
Retail,S008,ST0034_L,2026-02-16,19
Retail,S008,ST0009_M,2026-02-16,30
Retail,S008,ST0015_M,2026-02-16,16
Retail,S008,ST0010_M,2026-02-16,32
Retail,S008,ST0006_S,2026-02-16,36
Retail,S008,ST0002_S,2026-02-16,41
Retail,S008,ST0016_XL,2026-02-16,8
Retail,S008,ST0036_S,2026-02-16,4
Retail,S008,ST0031_XL,2026-02-16,47
Retail,S008,ST0020_XL,2026-02-16,1
Retail,S008,ST0017_L,2026-02-16,20
Retail,S008,ST0019_S,2026-02-16,34
Retail,S008,ST0032_S,2026-02-16,33
Retail,S008,ST0016_M,2026-02-16,19
Retail,S008,ST0019_L,2026-02-16,44
Retail,S008,ST0030_L,2026-02-16,22
Retail,S008,ST0045_XL,2026-02-16,32
Retail,S008,ST0009_XL,2026-02-16,44
Retail,S009,ST0007_M,2026-02-16,26
Retail,S009,ST0005_L,2026-02-16,33
Retail,S009,ST0005_S,2026-02-16,8
Retail,S009,ST0008_M,2026-02-16,35
Retail,S009,ST0045_XL,2026-02-16,0
Retail,S009,ST0003_S,2026-02-16,21
Retail,S009,ST0049_S,2026-02-16,32
Retail,S009,ST0016_L,2026-02-16,16
Retail,S009,ST0012_S,2026-02-16,34
Retail,S009,ST0047_L,2026-02-16,43
Retail,S009,ST0036_S,2026-02-16,26
Retail,S009,ST0014_M,2026-02-16,41
Retail,S009,ST0033_L,2026-02-16,9
Retail,S009,ST0002_XL,2026-02-16,17
Retail,S009,ST0046_M,2026-02-16,5
Retail,S009,ST0031_S,2026-02-16,44
Retail,S009,ST0018_L,2026-02-16,3
Retail,S009,ST0023_L,2026-02-16,41
Retail,S009,ST0044_S,2026-02-16,42
Retail,S009,ST0024_S,2026-02-16,7
Retail,S010,ST0014_L,2026-02-16,37
Retail,S010,ST0030_M,2026-02-16,14
Retail,S010,ST0012_XL,2026-02-16,30
Retail,S010,ST0016_XL,2026-02-16,42
Retail,S010,ST0006_XL,2026-02-16,21
Retail,S010,ST0038_M,2026-02-16,45
Retail,S010,ST0035_M,2026-02-16,16
Retail,S010,ST0044_L,2026-02-16,11
Retail,S010,ST0005_S,2026-02-16,30
Retail,S010,ST0032_M,2026-02-16,7
Retail,S010,ST0003_M,2026-02-16,47
Retail,S010,ST0006_M,2026-02-16,26
Retail,S010,ST0034_XL,2026-02-16,42
Retail,S010,ST0042_XL,2026-02-16,28
Retail,S010,ST0026_XL,2026-02-16,44
Retail,S010,ST0035_XL,2026-02-16,45
Retail,S010,ST0029_L,2026-02-16,35
Retail,S010,ST0017_M,2026-02-16,26
Retail,S010,ST0003_XL,2026-02-16,40
Retail,S010,ST0030_L,2026-02-16,12
Retail,S001,ST0038_S,2026-02-17,10
Retail,S001,ST0004_M,2026-02-17,1
Retail,S001,ST0038_L,2026-02-17,0
Retail,S001,ST0045_M,2026-02-17,0
Retail,S001,ST0009_S,2026-02-17,19
Retail,S001,ST0008_L,2026-02-17,30
Retail,S001,ST0022_M,2026-02-17,15
Retail,S001,ST0047_L,2026-02-17,47
Retail,S001,ST0043_M,2026-02-17,38
Retail,S001,ST0045_XL,2026-02-17,36
Retail,S001,ST0046_M,2026-02-17,35
Retail,S001,ST0046_S,2026-02-17,9
Retail,S001,ST0017_L,2026-02-17,38
Retail,S001,ST0021_XL,2026-02-17,30
Retail,S001,ST0013_S,2026-02-17,14
Retail,S001,ST0024_L,2026-02-17,1
Retail,S001,ST0024_S,2026-02-17,26
Retail,S001,ST0013_XL,2026-02-17,23
Retail,S001,ST0007_M,2026-02-17,30
Retail,S001,ST0011_XL,2026-02-17,21
Retail,S002,ST0021_L,2026-02-17,45
Retail,S002,ST0006_XL,2026-02-17,30
Retail,S002,ST0017_XL,2026-02-17,13
Retail,S002,ST0044_M,2026-02-17,11
Retail,S002,ST0047_M,2026-02-17,31
Retail,S002,ST0021_S,2026-02-17,15
Retail,S002,ST0023_XL,2026-02-17,10
Retail,S002,ST0034_S,2026-02-17,1
Retail,S002,ST0042_M,2026-02-17,15
Retail,S002,ST0020_S,2026-02-17,35
Retail,S002,ST0045_XL,2026-02-17,25
Retail,S002,ST0020_L,2026-02-17,6
Retail,S002,ST0016_XL,2026-02-17,49
Retail,S002,ST0005_S,2026-02-17,27
Retail,S002,ST0010_M,2026-02-17,2
Retail,S002,ST0028_S,2026-02-17,5
Retail,S002,ST0006_S,2026-02-17,0
Retail,S002,ST0047_XL,2026-02-17,14
Retail,S002,ST0021_XL,2026-02-17,14
Retail,S002,ST0017_M,2026-02-17,5
Retail,S003,ST0017_S,2026-02-17,35
Retail,S003,ST0011_L,2026-02-17,33
Retail,S003,ST0025_S,2026-02-17,3
Retail,S003,ST0039_L,2026-02-17,41
Retail,S003,ST0020_XL,2026-02-17,38
Retail,S003,ST0045_L,2026-02-17,4
Retail,S003,ST0031_L,2026-02-17,10
Retail,S003,ST0048_L,2026-02-17,2
Retail,S003,ST0012_L,2026-02-17,44
Retail,S003,ST0020_L,2026-02-17,34
Retail,S003,ST0040_M,2026-02-17,13
Retail,S003,ST0038_XL,2026-02-17,36
Retail,S003,ST0043_S,2026-02-17,13
Retail,S003,ST0013_S,2026-02-17,37
Retail,S003,ST0012_XL,2026-02-17,17
Retail,S003,ST0038_M,2026-02-17,14
Retail,S003,ST0003_S,2026-02-17,3
Retail,S003,ST0016_XL,2026-02-17,40
Retail,S003,ST0046_L,2026-02-17,18
Retail,S003,ST0014_M,2026-02-17,48
Retail,S004,ST0022_M,2026-02-17,32
Retail,S004,ST0038_XL,2026-02-17,18
Retail,S004,ST0031_L,2026-02-17,26
Retail,S004,ST0039_L,2026-02-17,41
Retail,S004,ST0012_XL,2026-02-17,15
Retail,S004,ST0009_XL,2026-02-17,17
Retail,S004,ST0037_L,2026-02-17,6
Retail,S004,ST0033_S,2026-02-17,8
Retail,S004,ST0021_S,2026-02-17,41
Retail,S004,ST0035_XL,2026-02-17,21
Retail,S004,ST0003_XL,2026-02-17,27
Retail,S004,ST0020_S,2026-02-17,24
Retail,S004,ST0036_S,2026-02-17,28
Retail,S004,ST0025_S,2026-02-17,0
Retail,S004,ST0046_XL,2026-02-17,30
Retail,S004,ST0013_L,2026-02-17,17
Retail,S004,ST0014_S,2026-02-17,42
Retail,S004,ST0048_M,2026-02-17,8
Retail,S004,ST0038_S,2026-02-17,36
Retail,S004,ST0041_XL,2026-02-17,43
Retail,S005,ST0007_XL,2026-02-17,42
Retail,S005,ST0004_L,2026-02-17,14
Retail,S005,ST0008_S,2026-02-17,25
Retail,S005,ST0015_S,2026-02-17,22
Retail,S005,ST0035_S,2026-02-17,48
Retail,S005,ST0027_L,2026-02-17,41
Retail,S005,ST0020_L,2026-02-17,3
Retail,S005,ST0026_XL,2026-02-17,22
Retail,S005,ST0042_XL,2026-02-17,26
Retail,S005,ST0017_XL,2026-02-17,3
Retail,S005,ST0012_M,2026-02-17,22
Retail,S005,ST0036_M,2026-02-17,21
Retail,S005,ST0002_S,2026-02-17,41
Retail,S005,ST0028_S,2026-02-17,40
Retail,S005,ST0005_S,2026-02-17,23
Retail,S005,ST0028_L,2026-02-17,20
Retail,S005,ST0027_S,2026-02-17,7
Retail,S005,ST0009_L,2026-02-17,35
Retail,S005,ST0039_S,2026-02-17,15
Retail,S005,ST0037_L,2026-02-17,37
Retail,S006,ST0033_L,2026-02-17,32
Retail,S006,ST0039_XL,2026-02-17,20
Retail,S006,ST0030_XL,2026-02-17,26
Retail,S006,ST0004_M,2026-02-17,18
Retail,S006,ST0036_L,2026-02-17,9
Retail,S006,ST0027_XL,2026-02-17,14
Retail,S006,ST0016_S,2026-02-17,29
Retail,S006,ST0007_S,2026-02-17,13
Retail,S006,ST0028_S,2026-02-17,6
Retail,S006,ST0046_L,2026-02-17,28
Retail,S006,ST0024_S,2026-02-17,47
Retail,S006,ST0037_L,2026-02-17,46
Retail,S006,ST0005_L,2026-02-17,17
Retail,S006,ST0021_L,2026-02-17,2
Retail,S006,ST0032_XL,2026-02-17,9
Retail,S006,ST0026_M,2026-02-17,4
Retail,S006,ST0038_L,2026-02-17,4
Retail,S006,ST0044_XL,2026-02-17,25
Retail,S006,ST0020_S,2026-02-17,35
Retail,S006,ST0036_M,2026-02-17,25
Retail,S007,ST0001_L,2026-02-17,27
Retail,S007,ST0016_L,2026-02-17,47
Retail,S007,ST0049_M,2026-02-17,49
Retail,S007,ST0020_XL,2026-02-17,41
Retail,S007,ST0012_L,2026-02-17,42
Retail,S007,ST0019_S,2026-02-17,32
Retail,S007,ST0043_XL,2026-02-17,35
Retail,S007,ST0050_M,2026-02-17,33
Retail,S007,ST0012_S,2026-02-17,35
Retail,S007,ST0027_XL,2026-02-17,45
Retail,S007,ST0006_S,2026-02-17,28
Retail,S007,ST0033_XL,2026-02-17,9
Retail,S007,ST0023_M,2026-02-17,10
Retail,S007,ST0013_S,2026-02-17,5
Retail,S007,ST0038_M,2026-02-17,9
Retail,S007,ST0012_XL,2026-02-17,12
Retail,S007,ST0025_S,2026-02-17,34
Retail,S007,ST0007_S,2026-02-17,2
Retail,S007,ST0021_XL,2026-02-17,29
Retail,S007,ST0024_M,2026-02-17,26
Retail,S008,ST0022_M,2026-02-17,43
Retail,S008,ST0004_M,2026-02-17,22
Retail,S008,ST0017_XL,2026-02-17,46
Retail,S008,ST0010_M,2026-02-17,46
Retail,S008,ST0014_M,2026-02-17,31
Retail,S008,ST0008_XL,2026-02-17,44
Retail,S008,ST0011_S,2026-02-17,36
Retail,S008,ST0050_M,2026-02-17,34
Retail,S008,ST0030_M,2026-02-17,11
Retail,S008,ST0042_XL,2026-02-17,15
Retail,S008,ST0004_XL,2026-02-17,4
Retail,S008,ST0015_XL,2026-02-17,4
Retail,S008,ST0049_L,2026-02-17,47
Retail,S008,ST0018_XL,2026-02-17,31
Retail,S008,ST0002_S,2026-02-17,10
Retail,S008,ST0048_XL,2026-02-17,48
Retail,S008,ST0017_S,2026-02-17,11
Retail,S008,ST0033_S,2026-02-17,26
Retail,S008,ST0040_M,2026-02-17,49
Retail,S008,ST0019_XL,2026-02-17,34
Retail,S009,ST0025_S,2026-02-17,41
Retail,S009,ST0005_L,2026-02-17,10
Retail,S009,ST0041_M,2026-02-17,30
Retail,S009,ST0049_XL,2026-02-17,7
Retail,S009,ST0013_XL,2026-02-17,28
Retail,S009,ST0009_S,2026-02-17,17
Retail,S009,ST0038_L,2026-02-17,35
Retail,S009,ST0016_S,2026-02-17,39
Retail,S009,ST0032_L,2026-02-17,23
Retail,S009,ST0015_L,2026-02-17,38
Retail,S009,ST0011_L,2026-02-17,30
Retail,S009,ST0007_M,2026-02-17,35
Retail,S009,ST0006_S,2026-02-17,3
Retail,S009,ST0016_XL,2026-02-17,41
Retail,S009,ST0026_S,2026-02-17,40
Retail,S009,ST0047_XL,2026-02-17,4
Retail,S009,ST0022_M,2026-02-17,31
Retail,S009,ST0048_S,2026-02-17,34
Retail,S009,ST0005_M,2026-02-17,11
Retail,S009,ST0012_S,2026-02-17,39
Retail,S010,ST0007_S,2026-02-17,1
Retail,S010,ST0050_M,2026-02-17,40
Retail,S010,ST0044_S,2026-02-17,11
Retail,S010,ST0042_XL,2026-02-17,34
Retail,S010,ST0031_M,2026-02-17,12
Retail,S010,ST0046_S,2026-02-17,0
Retail,S010,ST0001_XL,2026-02-17,32
Retail,S010,ST0034_L,2026-02-17,3
Retail,S010,ST0033_S,2026-02-17,7
Retail,S010,ST0037_S,2026-02-17,8
Retail,S010,ST0043_L,2026-02-17,6
Retail,S010,ST0029_M,2026-02-17,16
Retail,S010,ST0024_S,2026-02-17,42
Retail,S010,ST0041_XL,2026-02-17,2
Retail,S010,ST0038_M,2026-02-17,26
Retail,S010,ST0015_S,2026-02-17,15
Retail,S010,ST0029_S,2026-02-17,21
Retail,S010,ST0031_L,2026-02-17,19
Retail,S010,ST0039_XL,2026-02-17,28
Retail,S010,ST0008_M,2026-02-17,30
Retail,S001,ST0035_M,2026-02-18,34
Retail,S001,ST0014_S,2026-02-18,27
Retail,S001,ST0026_L,2026-02-18,16
Retail,S001,ST0004_XL,2026-02-18,28
Retail,S001,ST0027_L,2026-02-18,25
Retail,S001,ST0043_S,2026-02-18,24
Retail,S001,ST0021_XL,2026-02-18,0
Retail,S001,ST0015_L,2026-02-18,2
Retail,S001,ST0027_XL,2026-02-18,10
Retail,S001,ST0025_L,2026-02-18,17
Retail,S001,ST0002_L,2026-02-18,45
Retail,S001,ST0036_L,2026-02-18,18
Retail,S001,ST0047_XL,2026-02-18,31
Retail,S001,ST0028_XL,2026-02-18,32
Retail,S001,ST0038_S,2026-02-18,29
Retail,S001,ST0026_S,2026-02-18,5
Retail,S001,ST0008_L,2026-02-18,5
Retail,S001,ST0020_XL,2026-02-18,16
Retail,S001,ST0002_M,2026-02-18,1
Retail,S001,ST0020_M,2026-02-18,9
Retail,S002,ST0045_M,2026-02-18,8
Retail,S002,ST0039_L,2026-02-18,34
Retail,S002,ST0015_M,2026-02-18,16
Retail,S002,ST0035_L,2026-02-18,6
Retail,S002,ST0040_S,2026-02-18,40
Retail,S002,ST0021_S,2026-02-18,13
Retail,S002,ST0047_M,2026-02-18,26
Retail,S002,ST0050_XL,2026-02-18,45
Retail,S002,ST0019_M,2026-02-18,20
Retail,S002,ST0040_XL,2026-02-18,2
Retail,S002,ST0020_XL,2026-02-18,10
Retail,S002,ST0032_L,2026-02-18,8
Retail,S002,ST0046_XL,2026-02-18,1
Retail,S002,ST0011_M,2026-02-18,23
Retail,S002,ST0047_L,2026-02-18,23
Retail,S002,ST0023_M,2026-02-18,33
Retail,S002,ST0049_M,2026-02-18,13
Retail,S002,ST0013_XL,2026-02-18,0
Retail,S002,ST0027_L,2026-02-18,28
Retail,S002,ST0009_L,2026-02-18,4
Retail,S003,ST0039_S,2026-02-18,43
Retail,S003,ST0029_S,2026-02-18,39
Retail,S003,ST0021_XL,2026-02-18,35
Retail,S003,ST0027_S,2026-02-18,33
Retail,S003,ST0005_XL,2026-02-18,30
Retail,S003,ST0022_S,2026-02-18,12
Retail,S003,ST0017_M,2026-02-18,8
Retail,S003,ST0024_S,2026-02-18,2
Retail,S003,ST0008_S,2026-02-18,17
Retail,S003,ST0032_XL,2026-02-18,26
Retail,S003,ST0009_S,2026-02-18,17
Retail,S003,ST0034_L,2026-02-18,15
Retail,S003,ST0042_S,2026-02-18,45
Retail,S003,ST0044_M,2026-02-18,44
Retail,S003,ST0029_L,2026-02-18,3
Retail,S003,ST0040_S,2026-02-18,29
Retail,S003,ST0036_S,2026-02-18,5
Retail,S003,ST0046_M,2026-02-18,31
Retail,S003,ST0016_L,2026-02-18,37
Retail,S003,ST0022_L,2026-02-18,20
Retail,S004,ST0042_M,2026-02-18,19
Retail,S004,ST0045_M,2026-02-18,7
Retail,S004,ST0010_M,2026-02-18,46
Retail,S004,ST0047_XL,2026-02-18,13
Retail,S004,ST0012_S,2026-02-18,32
Retail,S004,ST0038_M,2026-02-18,44
Retail,S004,ST0033_XL,2026-02-18,5
Retail,S004,ST0036_M,2026-02-18,24
Retail,S004,ST0029_S,2026-02-18,38
Retail,S004,ST0025_M,2026-02-18,30
Retail,S004,ST0013_M,2026-02-18,27
Retail,S004,ST0009_S,2026-02-18,17
Retail,S004,ST0035_M,2026-02-18,19
Retail,S004,ST0034_L,2026-02-18,22
Retail,S004,ST0003_L,2026-02-18,24
Retail,S004,ST0021_M,2026-02-18,39
Retail,S004,ST0026_S,2026-02-18,8
Retail,S004,ST0022_L,2026-02-18,13
Retail,S004,ST0050_M,2026-02-18,14
Retail,S004,ST0038_S,2026-02-18,44
Retail,S005,ST0025_XL,2026-02-18,1
Retail,S005,ST0020_M,2026-02-18,49
Retail,S005,ST0042_M,2026-02-18,10
Retail,S005,ST0046_S,2026-02-18,14
Retail,S005,ST0001_M,2026-02-18,22
Retail,S005,ST0049_M,2026-02-18,26
Retail,S005,ST0031_S,2026-02-18,45
Retail,S005,ST0028_S,2026-02-18,5
Retail,S005,ST0015_XL,2026-02-18,49
Retail,S005,ST0048_S,2026-02-18,8
Retail,S005,ST0012_S,2026-02-18,9
Retail,S005,ST0011_L,2026-02-18,48
Retail,S005,ST0047_M,2026-02-18,4
Retail,S005,ST0021_L,2026-02-18,30
Retail,S005,ST0005_XL,2026-02-18,13
Retail,S005,ST0019_S,2026-02-18,28
Retail,S005,ST0012_XL,2026-02-18,32
Retail,S005,ST0012_M,2026-02-18,39
Retail,S005,ST0035_S,2026-02-18,37
Retail,S005,ST0034_XL,2026-02-18,19
Retail,S006,ST0006_L,2026-02-18,12
Retail,S006,ST0005_M,2026-02-18,19
Retail,S006,ST0011_M,2026-02-18,27
Retail,S006,ST0002_M,2026-02-18,12
Retail,S006,ST0022_XL,2026-02-18,45
Retail,S006,ST0030_S,2026-02-18,7
Retail,S006,ST0043_M,2026-02-18,19
Retail,S006,ST0039_S,2026-02-18,17
Retail,S006,ST0040_S,2026-02-18,1
Retail,S006,ST0032_L,2026-02-18,42
Retail,S006,ST0036_M,2026-02-18,48
Retail,S006,ST0018_L,2026-02-18,23
Retail,S006,ST0035_L,2026-02-18,7
Retail,S006,ST0042_L,2026-02-18,31
Retail,S006,ST0009_S,2026-02-18,24
Retail,S006,ST0038_XL,2026-02-18,28
Retail,S006,ST0042_M,2026-02-18,36
Retail,S006,ST0044_XL,2026-02-18,16
Retail,S006,ST0002_S,2026-02-18,24
Retail,S006,ST0015_M,2026-02-18,2
Retail,S007,ST0034_S,2026-02-18,20
Retail,S007,ST0009_XL,2026-02-18,12
Retail,S007,ST0018_S,2026-02-18,35
Retail,S007,ST0046_L,2026-02-18,35
Retail,S007,ST0016_L,2026-02-18,30
Retail,S007,ST0031_M,2026-02-18,39
Retail,S007,ST0045_XL,2026-02-18,30
Retail,S007,ST0017_S,2026-02-18,15
Retail,S007,ST0008_M,2026-02-18,47
Retail,S007,ST0009_L,2026-02-18,42
Retail,S007,ST0047_XL,2026-02-18,28
Retail,S007,ST0049_XL,2026-02-18,11
Retail,S007,ST0011_XL,2026-02-18,41
Retail,S007,ST0029_L,2026-02-18,11
Retail,S007,ST0015_L,2026-02-18,46
Retail,S007,ST0038_XL,2026-02-18,16
Retail,S007,ST0040_M,2026-02-18,8
Retail,S007,ST0006_XL,2026-02-18,6
Retail,S007,ST0014_M,2026-02-18,11
Retail,S007,ST0011_L,2026-02-18,28
Retail,S008,ST0025_S,2026-02-18,48
Retail,S008,ST0046_S,2026-02-18,30
Retail,S008,ST0005_L,2026-02-18,35
Retail,S008,ST0027_S,2026-02-18,16
Retail,S008,ST0001_S,2026-02-18,47
Retail,S008,ST0011_XL,2026-02-18,19
Retail,S008,ST0026_XL,2026-02-18,42
Retail,S008,ST0019_M,2026-02-18,18
Retail,S008,ST0002_L,2026-02-18,39
Retail,S008,ST0014_S,2026-02-18,22
Retail,S008,ST0004_M,2026-02-18,13
Retail,S008,ST0048_S,2026-02-18,30
Retail,S008,ST0040_XL,2026-02-18,7
Retail,S008,ST0050_XL,2026-02-18,37
Retail,S008,ST0039_L,2026-02-18,18
Retail,S008,ST0021_L,2026-02-18,24
Retail,S008,ST0034_L,2026-02-18,29
Retail,S008,ST0005_S,2026-02-18,29
Retail,S008,ST0022_M,2026-02-18,34
Retail,S008,ST0017_M,2026-02-18,38
Retail,S009,ST0019_M,2026-02-18,6
Retail,S009,ST0007_S,2026-02-18,29
Retail,S009,ST0047_M,2026-02-18,22
Retail,S009,ST0045_M,2026-02-18,37
Retail,S009,ST0026_M,2026-02-18,0
Retail,S009,ST0016_XL,2026-02-18,23
Retail,S009,ST0018_L,2026-02-18,47
Retail,S009,ST0036_S,2026-02-18,33
Retail,S009,ST0031_XL,2026-02-18,23
Retail,S009,ST0040_S,2026-02-18,28
Retail,S009,ST0037_M,2026-02-18,13
Retail,S009,ST0012_S,2026-02-18,25
Retail,S009,ST0002_S,2026-02-18,43
Retail,S009,ST0002_M,2026-02-18,15
Retail,S009,ST0041_L,2026-02-18,28
Retail,S009,ST0021_XL,2026-02-18,28
Retail,S009,ST0005_M,2026-02-18,31
Retail,S009,ST0050_XL,2026-02-18,10
Retail,S009,ST0025_M,2026-02-18,7
Retail,S009,ST0049_L,2026-02-18,42
Retail,S010,ST0049_M,2026-02-18,30
Retail,S010,ST0001_M,2026-02-18,6
Retail,S010,ST0012_M,2026-02-18,2
Retail,S010,ST0013_S,2026-02-18,26
Retail,S010,ST0029_XL,2026-02-18,31
Retail,S010,ST0017_S,2026-02-18,11
Retail,S010,ST0034_L,2026-02-18,11
Retail,S010,ST0050_L,2026-02-18,19
Retail,S010,ST0024_L,2026-02-18,2
Retail,S010,ST0046_S,2026-02-18,4
Retail,S010,ST0041_XL,2026-02-18,39
Retail,S010,ST0001_L,2026-02-18,46
Retail,S010,ST0031_L,2026-02-18,0
Retail,S010,ST0016_S,2026-02-18,10
Retail,S010,ST0024_M,2026-02-18,40
Retail,S010,ST0023_XL,2026-02-18,30
Retail,S010,ST0033_L,2026-02-18,14
Retail,S010,ST0026_L,2026-02-18,1
Retail,S010,ST0028_S,2026-02-18,28
Retail,S010,ST0033_M,2026-02-18,40
Retail,S001,ST0021_L,2026-02-19,35
Retail,S001,ST0031_M,2026-02-19,15
Retail,S001,ST0007_L,2026-02-19,33
Retail,S001,ST0023_L,2026-02-19,13
Retail,S001,ST0002_M,2026-02-19,17
Retail,S001,ST0012_L,2026-02-19,7
Retail,S001,ST0018_L,2026-02-19,17
Retail,S001,ST0016_M,2026-02-19,36
Retail,S001,ST0042_S,2026-02-19,2
Retail,S001,ST0041_M,2026-02-19,7
Retail,S001,ST0036_XL,2026-02-19,37
Retail,S001,ST0032_L,2026-02-19,48
Retail,S001,ST0043_XL,2026-02-19,44
Retail,S001,ST0004_XL,2026-02-19,41
Retail,S001,ST0019_S,2026-02-19,0
Retail,S001,ST0041_S,2026-02-19,12
Retail,S001,ST0043_S,2026-02-19,48
Retail,S001,ST0048_M,2026-02-19,1
Retail,S001,ST0025_XL,2026-02-19,21
Retail,S001,ST0039_L,2026-02-19,24
Retail,S002,ST0046_S,2026-02-19,27
Retail,S002,ST0008_S,2026-02-19,13
Retail,S002,ST0044_L,2026-02-19,10
Retail,S002,ST0038_XL,2026-02-19,49
Retail,S002,ST0037_M,2026-02-19,49
Retail,S002,ST0006_M,2026-02-19,33
Retail,S002,ST0025_S,2026-02-19,6
Retail,S002,ST0040_XL,2026-02-19,22
Retail,S002,ST0001_XL,2026-02-19,19
Retail,S002,ST0041_XL,2026-02-19,49
Retail,S002,ST0016_XL,2026-02-19,13
Retail,S002,ST0041_L,2026-02-19,23
Retail,S002,ST0002_M,2026-02-19,11
Retail,S002,ST0003_XL,2026-02-19,9
Retail,S002,ST0026_XL,2026-02-19,30
Retail,S002,ST0017_L,2026-02-19,32
Retail,S002,ST0049_L,2026-02-19,23
Retail,S002,ST0025_M,2026-02-19,8
Retail,S002,ST0010_XL,2026-02-19,23
Retail,S002,ST0020_L,2026-02-19,25
Retail,S003,ST0022_M,2026-02-19,41
Retail,S003,ST0016_S,2026-02-19,32
Retail,S003,ST0001_M,2026-02-19,0
Retail,S003,ST0043_L,2026-02-19,38
Retail,S003,ST0016_XL,2026-02-19,18
Retail,S003,ST0031_S,2026-02-19,3
Retail,S003,ST0026_XL,2026-02-19,28
Retail,S003,ST0048_L,2026-02-19,28
Retail,S003,ST0042_XL,2026-02-19,7
Retail,S003,ST0021_L,2026-02-19,8
Retail,S003,ST0004_L,2026-02-19,30
Retail,S003,ST0042_S,2026-02-19,42
Retail,S003,ST0009_M,2026-02-19,46
Retail,S003,ST0018_L,2026-02-19,33
Retail,S003,ST0034_S,2026-02-19,43
Retail,S003,ST0050_XL,2026-02-19,7
Retail,S003,ST0036_XL,2026-02-19,34
Retail,S003,ST0025_M,2026-02-19,3
Retail,S003,ST0049_XL,2026-02-19,38
Retail,S003,ST0027_L,2026-02-19,24
Retail,S004,ST0018_L,2026-02-19,18
Retail,S004,ST0018_M,2026-02-19,3
Retail,S004,ST0050_L,2026-02-19,36
Retail,S004,ST0048_S,2026-02-19,30
Retail,S004,ST0040_L,2026-02-19,19
Retail,S004,ST0044_S,2026-02-19,49
Retail,S004,ST0017_S,2026-02-19,4
Retail,S004,ST0024_XL,2026-02-19,7
Retail,S004,ST0049_XL,2026-02-19,26
Retail,S004,ST0003_M,2026-02-19,39
Retail,S004,ST0014_M,2026-02-19,17
Retail,S004,ST0031_M,2026-02-19,9
Retail,S004,ST0048_M,2026-02-19,36
Retail,S004,ST0014_S,2026-02-19,42
Retail,S004,ST0025_L,2026-02-19,22
Retail,S004,ST0003_L,2026-02-19,18
Retail,S004,ST0048_L,2026-02-19,15
Retail,S004,ST0024_M,2026-02-19,35
Retail,S004,ST0038_XL,2026-02-19,11
Retail,S004,ST0039_XL,2026-02-19,13
Retail,S005,ST0044_M,2026-02-19,2
Retail,S005,ST0016_M,2026-02-19,0
Retail,S005,ST0029_S,2026-02-19,23
Retail,S005,ST0006_L,2026-02-19,17
Retail,S005,ST0016_XL,2026-02-19,5
Retail,S005,ST0042_M,2026-02-19,11
Retail,S005,ST0021_XL,2026-02-19,35
Retail,S005,ST0023_L,2026-02-19,19
Retail,S005,ST0039_S,2026-02-19,46
Retail,S005,ST0017_S,2026-02-19,31
Retail,S005,ST0020_XL,2026-02-19,25
Retail,S005,ST0033_XL,2026-02-19,11
Retail,S005,ST0021_M,2026-02-19,2
Retail,S005,ST0031_L,2026-02-19,8
Retail,S005,ST0028_XL,2026-02-19,5
Retail,S005,ST0011_L,2026-02-19,8
Retail,S005,ST0008_S,2026-02-19,27
Retail,S005,ST0037_S,2026-02-19,34
Retail,S005,ST0021_S,2026-02-19,3
Retail,S005,ST0042_S,2026-02-19,12
Retail,S006,ST0016_S,2026-02-19,6
Retail,S006,ST0008_L,2026-02-19,24
Retail,S006,ST0047_M,2026-02-19,24
Retail,S006,ST0012_L,2026-02-19,20
Retail,S006,ST0013_S,2026-02-19,41
Retail,S006,ST0034_S,2026-02-19,21
Retail,S006,ST0023_M,2026-02-19,28
Retail,S006,ST0029_S,2026-02-19,45
Retail,S006,ST0042_L,2026-02-19,0
Retail,S006,ST0041_M,2026-02-19,25
Retail,S006,ST0005_M,2026-02-19,24
Retail,S006,ST0048_S,2026-02-19,42
Retail,S006,ST0008_M,2026-02-19,17
Retail,S006,ST0035_M,2026-02-19,42
Retail,S006,ST0001_XL,2026-02-19,5
Retail,S006,ST0025_XL,2026-02-19,43
Retail,S006,ST0005_S,2026-02-19,1
Retail,S006,ST0030_XL,2026-02-19,12
Retail,S006,ST0007_M,2026-02-19,28
Retail,S006,ST0019_XL,2026-02-19,25
Retail,S007,ST0028_L,2026-02-19,29
Retail,S007,ST0002_S,2026-02-19,29
Retail,S007,ST0021_S,2026-02-19,34
Retail,S007,ST0039_L,2026-02-19,17
Retail,S007,ST0048_S,2026-02-19,4
Retail,S007,ST0043_L,2026-02-19,15
Retail,S007,ST0042_L,2026-02-19,40
Retail,S007,ST0017_XL,2026-02-19,21
Retail,S007,ST0038_S,2026-02-19,26
Retail,S007,ST0045_XL,2026-02-19,32
Retail,S007,ST0046_S,2026-02-19,37
Retail,S007,ST0030_XL,2026-02-19,12
Retail,S007,ST0024_S,2026-02-19,19
Retail,S007,ST0028_S,2026-02-19,15
Retail,S007,ST0041_XL,2026-02-19,31
Retail,S007,ST0023_M,2026-02-19,15
Retail,S007,ST0007_S,2026-02-19,30
Retail,S007,ST0005_XL,2026-02-19,42
Retail,S007,ST0045_L,2026-02-19,15
Retail,S007,ST0002_M,2026-02-19,6
Retail,S008,ST0005_L,2026-02-19,1
Retail,S008,ST0048_M,2026-02-19,11
Retail,S008,ST0027_S,2026-02-19,7
Retail,S008,ST0020_XL,2026-02-19,40
Retail,S008,ST0037_XL,2026-02-19,30
Retail,S008,ST0042_M,2026-02-19,30
Retail,S008,ST0005_M,2026-02-19,46
Retail,S008,ST0001_S,2026-02-19,46
Retail,S008,ST0035_S,2026-02-19,8
Retail,S008,ST0042_S,2026-02-19,17
Retail,S008,ST0036_XL,2026-02-19,29
Retail,S008,ST0024_L,2026-02-19,29
Retail,S008,ST0004_M,2026-02-19,3
Retail,S008,ST0030_XL,2026-02-19,45
Retail,S008,ST0040_L,2026-02-19,30
Retail,S008,ST0025_S,2026-02-19,32
Retail,S008,ST0020_L,2026-02-19,0
Retail,S008,ST0041_L,2026-02-19,18
Retail,S008,ST0003_S,2026-02-19,3
Retail,S008,ST0034_XL,2026-02-19,22
Retail,S009,ST0043_XL,2026-02-19,37
Retail,S009,ST0014_M,2026-02-19,6
Retail,S009,ST0004_S,2026-02-19,32
Retail,S009,ST0041_S,2026-02-19,5
Retail,S009,ST0030_XL,2026-02-19,10
Retail,S009,ST0039_XL,2026-02-19,29
Retail,S009,ST0035_XL,2026-02-19,6
Retail,S009,ST0050_M,2026-02-19,17
Retail,S009,ST0010_M,2026-02-19,28
Retail,S009,ST0037_S,2026-02-19,13
Retail,S009,ST0001_XL,2026-02-19,30
Retail,S009,ST0008_L,2026-02-19,10
Retail,S009,ST0005_M,2026-02-19,32
Retail,S009,ST0019_S,2026-02-19,36
Retail,S009,ST0045_L,2026-02-19,19
Retail,S009,ST0046_M,2026-02-19,33
Retail,S009,ST0020_L,2026-02-19,32
Retail,S009,ST0048_L,2026-02-19,42
Retail,S009,ST0004_M,2026-02-19,7
Retail,S009,ST0002_S,2026-02-19,49
Retail,S010,ST0006_XL,2026-02-19,32
Retail,S010,ST0017_XL,2026-02-19,16
Retail,S010,ST0010_M,2026-02-19,9
Retail,S010,ST0006_S,2026-02-19,41
Retail,S010,ST0015_S,2026-02-19,6
Retail,S010,ST0010_XL,2026-02-19,31
Retail,S010,ST0044_M,2026-02-19,27
Retail,S010,ST0039_XL,2026-02-19,3
Retail,S010,ST0005_M,2026-02-19,16
Retail,S010,ST0001_L,2026-02-19,18
Retail,S010,ST0043_L,2026-02-19,28
Retail,S010,ST0007_L,2026-02-19,4
Retail,S010,ST0046_S,2026-02-19,48
Retail,S010,ST0014_L,2026-02-19,4
Retail,S010,ST0028_M,2026-02-19,30
Retail,S010,ST0027_S,2026-02-19,6
Retail,S010,ST0009_S,2026-02-19,28
Retail,S010,ST0042_XL,2026-02-19,20
Retail,S010,ST0007_M,2026-02-19,34
Retail,S010,ST0034_S,2026-02-19,4
Retail,S001,ST0002_XL,2026-02-20,39
Retail,S001,ST0021_XL,2026-02-20,3
Retail,S001,ST0037_L,2026-02-20,20
Retail,S001,ST0031_L,2026-02-20,29
Retail,S001,ST0022_XL,2026-02-20,22
Retail,S001,ST0006_S,2026-02-20,29
Retail,S001,ST0022_M,2026-02-20,4
Retail,S001,ST0028_L,2026-02-20,8
Retail,S001,ST0016_XL,2026-02-20,40
Retail,S001,ST0040_S,2026-02-20,6
Retail,S001,ST0015_M,2026-02-20,25
Retail,S001,ST0011_S,2026-02-20,1
Retail,S001,ST0038_S,2026-02-20,37
Retail,S001,ST0049_XL,2026-02-20,5
Retail,S001,ST0004_S,2026-02-20,27
Retail,S001,ST0027_XL,2026-02-20,29
Retail,S001,ST0025_S,2026-02-20,43
Retail,S001,ST0015_XL,2026-02-20,25
Retail,S001,ST0031_M,2026-02-20,47
Retail,S001,ST0026_M,2026-02-20,6
Retail,S002,ST0032_XL,2026-02-20,49
Retail,S002,ST0040_XL,2026-02-20,38
Retail,S002,ST0026_S,2026-02-20,32
Retail,S002,ST0007_S,2026-02-20,17
Retail,S002,ST0035_S,2026-02-20,3
Retail,S002,ST0040_S,2026-02-20,37
Retail,S002,ST0005_S,2026-02-20,47
Retail,S002,ST0024_XL,2026-02-20,39
Retail,S002,ST0037_L,2026-02-20,12
Retail,S002,ST0015_S,2026-02-20,35
Retail,S002,ST0037_M,2026-02-20,26
Retail,S002,ST0001_M,2026-02-20,34
Retail,S002,ST0013_L,2026-02-20,43
Retail,S002,ST0016_M,2026-02-20,2
Retail,S002,ST0041_M,2026-02-20,42
Retail,S002,ST0035_M,2026-02-20,38
Retail,S002,ST0041_S,2026-02-20,26
Retail,S002,ST0023_XL,2026-02-20,2
Retail,S002,ST0036_M,2026-02-20,25
Retail,S002,ST0043_L,2026-02-20,5
Retail,S003,ST0038_S,2026-02-20,18
Retail,S003,ST0026_M,2026-02-20,37
Retail,S003,ST0008_M,2026-02-20,1
Retail,S003,ST0025_S,2026-02-20,6
Retail,S003,ST0009_S,2026-02-20,24
Retail,S003,ST0038_M,2026-02-20,12
Retail,S003,ST0043_XL,2026-02-20,4
Retail,S003,ST0033_L,2026-02-20,17
Retail,S003,ST0036_XL,2026-02-20,3
Retail,S003,ST0015_L,2026-02-20,18
Retail,S003,ST0007_M,2026-02-20,24
Retail,S003,ST0050_L,2026-02-20,6
Retail,S003,ST0014_M,2026-02-20,3
Retail,S003,ST0017_S,2026-02-20,22
Retail,S003,ST0047_L,2026-02-20,18
Retail,S003,ST0050_M,2026-02-20,3
Retail,S003,ST0041_S,2026-02-20,41
Retail,S003,ST0004_XL,2026-02-20,20
Retail,S003,ST0015_S,2026-02-20,9
Retail,S003,ST0020_L,2026-02-20,0
Retail,S004,ST0009_XL,2026-02-20,5
Retail,S004,ST0045_L,2026-02-20,39
Retail,S004,ST0014_XL,2026-02-20,39
Retail,S004,ST0029_S,2026-02-20,44
Retail,S004,ST0024_XL,2026-02-20,25
Retail,S004,ST0025_M,2026-02-20,10
Retail,S004,ST0029_L,2026-02-20,35
Retail,S004,ST0031_XL,2026-02-20,47
Retail,S004,ST0026_M,2026-02-20,40
Retail,S004,ST0021_S,2026-02-20,0
Retail,S004,ST0011_M,2026-02-20,5
Retail,S004,ST0022_S,2026-02-20,0
Retail,S004,ST0021_L,2026-02-20,48
Retail,S004,ST0039_L,2026-02-20,18
Retail,S004,ST0036_S,2026-02-20,13
Retail,S004,ST0047_L,2026-02-20,10
Retail,S004,ST0016_S,2026-02-20,3
Retail,S004,ST0004_S,2026-02-20,39
Retail,S004,ST0006_S,2026-02-20,22
Retail,S004,ST0012_M,2026-02-20,29
Retail,S005,ST0018_XL,2026-02-20,4
Retail,S005,ST0048_S,2026-02-20,42
Retail,S005,ST0043_S,2026-02-20,32
Retail,S005,ST0023_M,2026-02-20,30
Retail,S005,ST0032_L,2026-02-20,18
Retail,S005,ST0020_XL,2026-02-20,42
Retail,S005,ST0035_L,2026-02-20,36
Retail,S005,ST0001_XL,2026-02-20,42
Retail,S005,ST0050_XL,2026-02-20,46
Retail,S005,ST0033_L,2026-02-20,41
Retail,S005,ST0031_XL,2026-02-20,6
Retail,S005,ST0032_M,2026-02-20,23
Retail,S005,ST0017_S,2026-02-20,22
Retail,S005,ST0050_M,2026-02-20,43
Retail,S005,ST0014_M,2026-02-20,17
Retail,S005,ST0015_M,2026-02-20,5
Retail,S005,ST0034_M,2026-02-20,5
Retail,S005,ST0003_M,2026-02-20,16
Retail,S005,ST0016_L,2026-02-20,35
Retail,S005,ST0030_L,2026-02-20,14
Retail,S006,ST0025_M,2026-02-20,1
Retail,S006,ST0011_S,2026-02-20,12
Retail,S006,ST0013_S,2026-02-20,26
Retail,S006,ST0008_M,2026-02-20,29
Retail,S006,ST0010_M,2026-02-20,34
Retail,S006,ST0038_XL,2026-02-20,25
Retail,S006,ST0040_L,2026-02-20,34
Retail,S006,ST0020_L,2026-02-20,19
Retail,S006,ST0037_L,2026-02-20,9
Retail,S006,ST0003_XL,2026-02-20,15
Retail,S006,ST0018_S,2026-02-20,44
Retail,S006,ST0001_XL,2026-02-20,3
Retail,S006,ST0021_XL,2026-02-20,16
Retail,S006,ST0010_L,2026-02-20,10
Retail,S006,ST0020_M,2026-02-20,18
Retail,S006,ST0001_L,2026-02-20,32
Retail,S006,ST0002_L,2026-02-20,1
Retail,S006,ST0016_L,2026-02-20,19
Retail,S006,ST0003_M,2026-02-20,22
Retail,S006,ST0046_L,2026-02-20,29
Retail,S007,ST0031_L,2026-02-20,22
Retail,S007,ST0011_XL,2026-02-20,0
Retail,S007,ST0005_XL,2026-02-20,43
Retail,S007,ST0001_S,2026-02-20,19
Retail,S007,ST0042_L,2026-02-20,44
Retail,S007,ST0049_XL,2026-02-20,36
Retail,S007,ST0047_L,2026-02-20,46
Retail,S007,ST0024_M,2026-02-20,20
Retail,S007,ST0013_XL,2026-02-20,13
Retail,S007,ST0029_S,2026-02-20,23
Retail,S007,ST0047_XL,2026-02-20,0
Retail,S007,ST0016_L,2026-02-20,46
Retail,S007,ST0026_S,2026-02-20,15
Retail,S007,ST0010_M,2026-02-20,45
Retail,S007,ST0048_L,2026-02-20,23
Retail,S007,ST0048_M,2026-02-20,46
Retail,S007,ST0023_XL,2026-02-20,38
Retail,S007,ST0033_M,2026-02-20,40
Retail,S007,ST0045_L,2026-02-20,27
Retail,S007,ST0011_M,2026-02-20,38
Retail,S008,ST0027_L,2026-02-20,12
Retail,S008,ST0002_L,2026-02-20,37
Retail,S008,ST0021_S,2026-02-20,6
Retail,S008,ST0002_S,2026-02-20,8
Retail,S008,ST0039_L,2026-02-20,29
Retail,S008,ST0026_XL,2026-02-20,21
Retail,S008,ST0016_S,2026-02-20,35
Retail,S008,ST0044_S,2026-02-20,2
Retail,S008,ST0046_L,2026-02-20,29
Retail,S008,ST0010_M,2026-02-20,15
Retail,S008,ST0036_M,2026-02-20,1
Retail,S008,ST0042_S,2026-02-20,40
Retail,S008,ST0030_M,2026-02-20,46
Retail,S008,ST0001_XL,2026-02-20,28
Retail,S008,ST0035_M,2026-02-20,44
Retail,S008,ST0034_S,2026-02-20,39
Retail,S008,ST0020_S,2026-02-20,9
Retail,S008,ST0010_S,2026-02-20,23
Retail,S008,ST0005_M,2026-02-20,6
Retail,S008,ST0009_L,2026-02-20,11
Retail,S009,ST0001_M,2026-02-20,24
Retail,S009,ST0045_XL,2026-02-20,9
Retail,S009,ST0010_L,2026-02-20,39
Retail,S009,ST0021_M,2026-02-20,10
Retail,S009,ST0042_M,2026-02-20,46
Retail,S009,ST0044_L,2026-02-20,29
Retail,S009,ST0030_XL,2026-02-20,43
Retail,S009,ST0010_XL,2026-02-20,13
Retail,S009,ST0004_M,2026-02-20,38
Retail,S009,ST0039_S,2026-02-20,20
Retail,S009,ST0033_S,2026-02-20,22
Retail,S009,ST0048_XL,2026-02-20,3
Retail,S009,ST0005_S,2026-02-20,5
Retail,S009,ST0011_M,2026-02-20,24
Retail,S009,ST0010_M,2026-02-20,1
Retail,S009,ST0049_M,2026-02-20,32
Retail,S009,ST0039_L,2026-02-20,33
Retail,S009,ST0018_L,2026-02-20,14
Retail,S009,ST0006_M,2026-02-20,16
Retail,S009,ST0028_XL,2026-02-20,47
Retail,S010,ST0047_M,2026-02-20,38
Retail,S010,ST0018_M,2026-02-20,17
Retail,S010,ST0032_L,2026-02-20,30
Retail,S010,ST0013_S,2026-02-20,14
Retail,S010,ST0032_M,2026-02-20,38
Retail,S010,ST0021_L,2026-02-20,19
Retail,S010,ST0008_XL,2026-02-20,27
Retail,S010,ST0018_S,2026-02-20,38
Retail,S010,ST0044_XL,2026-02-20,45
Retail,S010,ST0026_XL,2026-02-20,42
Retail,S010,ST0035_M,2026-02-20,1
Retail,S010,ST0022_L,2026-02-20,34
Retail,S010,ST0042_L,2026-02-20,32
Retail,S010,ST0014_S,2026-02-20,6
Retail,S010,ST0046_XL,2026-02-20,6
Retail,S010,ST0009_L,2026-02-20,19
Retail,S010,ST0050_M,2026-02-20,45
Retail,S010,ST0049_S,2026-02-20,37
Retail,S010,ST0023_M,2026-02-20,46
Retail,S010,ST0041_S,2026-02-20,4
Retail,S001,ST0019_S,2026-02-21,10
Retail,S001,ST0016_S,2026-02-21,35
Retail,S001,ST0044_XL,2026-02-21,34
Retail,S001,ST0012_S,2026-02-21,12
Retail,S001,ST0030_L,2026-02-21,5
Retail,S001,ST0011_L,2026-02-21,42
Retail,S001,ST0020_S,2026-02-21,47
Retail,S001,ST0002_S,2026-02-21,35
Retail,S001,ST0022_S,2026-02-21,2
Retail,S001,ST0017_S,2026-02-21,46
Retail,S001,ST0045_S,2026-02-21,17
Retail,S001,ST0043_M,2026-02-21,4
Retail,S001,ST0014_M,2026-02-21,20
Retail,S001,ST0007_XL,2026-02-21,0
Retail,S001,ST0026_M,2026-02-21,43
Retail,S001,ST0031_L,2026-02-21,42
Retail,S001,ST0039_M,2026-02-21,41
Retail,S001,ST0029_L,2026-02-21,46
Retail,S001,ST0013_S,2026-02-21,18
Retail,S001,ST0019_M,2026-02-21,43
Retail,S002,ST0040_L,2026-02-21,23
Retail,S002,ST0015_M,2026-02-21,43
Retail,S002,ST0022_L,2026-02-21,39
Retail,S002,ST0017_S,2026-02-21,22
Retail,S002,ST0050_XL,2026-02-21,16
Retail,S002,ST0021_XL,2026-02-21,26
Retail,S002,ST0030_M,2026-02-21,11
Retail,S002,ST0025_S,2026-02-21,38
Retail,S002,ST0027_M,2026-02-21,30
Retail,S002,ST0023_S,2026-02-21,29
Retail,S002,ST0009_L,2026-02-21,35
Retail,S002,ST0020_M,2026-02-21,40
Retail,S002,ST0010_M,2026-02-21,42
Retail,S002,ST0046_XL,2026-02-21,19
Retail,S002,ST0036_S,2026-02-21,41
Retail,S002,ST0031_M,2026-02-21,27
Retail,S002,ST0034_L,2026-02-21,31
Retail,S002,ST0002_XL,2026-02-21,33
Retail,S002,ST0030_XL,2026-02-21,10
Retail,S002,ST0044_M,2026-02-21,34
Retail,S003,ST0046_M,2026-02-21,40
Retail,S003,ST0003_S,2026-02-21,6
Retail,S003,ST0022_L,2026-02-21,35
Retail,S003,ST0026_S,2026-02-21,41
Retail,S003,ST0041_L,2026-02-21,44
Retail,S003,ST0008_M,2026-02-21,28
Retail,S003,ST0049_XL,2026-02-21,34
Retail,S003,ST0036_M,2026-02-21,8
Retail,S003,ST0009_S,2026-02-21,27
Retail,S003,ST0019_L,2026-02-21,19
Retail,S003,ST0050_S,2026-02-21,14
Retail,S003,ST0001_M,2026-02-21,13
Retail,S003,ST0016_S,2026-02-21,47
Retail,S003,ST0030_L,2026-02-21,10
Retail,S003,ST0009_L,2026-02-21,5
Retail,S003,ST0033_XL,2026-02-21,7
Retail,S003,ST0031_L,2026-02-21,27
Retail,S003,ST0023_L,2026-02-21,15
Retail,S003,ST0033_S,2026-02-21,39
Retail,S003,ST0044_L,2026-02-21,8
Retail,S004,ST0025_S,2026-02-21,32
Retail,S004,ST0046_S,2026-02-21,13
Retail,S004,ST0038_M,2026-02-21,17
Retail,S004,ST0031_M,2026-02-21,21
Retail,S004,ST0024_L,2026-02-21,31
Retail,S004,ST0032_XL,2026-02-21,44
Retail,S004,ST0037_XL,2026-02-21,32
Retail,S004,ST0048_L,2026-02-21,9
Retail,S004,ST0016_L,2026-02-21,6
Retail,S004,ST0040_M,2026-02-21,10
Retail,S004,ST0029_S,2026-02-21,48
Retail,S004,ST0033_XL,2026-02-21,17
Retail,S004,ST0018_XL,2026-02-21,41
Retail,S004,ST0005_XL,2026-02-21,3
Retail,S004,ST0050_M,2026-02-21,1
Retail,S004,ST0045_M,2026-02-21,29
Retail,S004,ST0019_M,2026-02-21,10
Retail,S004,ST0018_M,2026-02-21,30
Retail,S004,ST0002_L,2026-02-21,36
Retail,S004,ST0029_L,2026-02-21,5
Retail,S005,ST0037_M,2026-02-21,2
Retail,S005,ST0005_S,2026-02-21,1
Retail,S005,ST0042_S,2026-02-21,45
Retail,S005,ST0036_S,2026-02-21,27
Retail,S005,ST0027_L,2026-02-21,29
Retail,S005,ST0034_M,2026-02-21,14
Retail,S005,ST0018_XL,2026-02-21,46
Retail,S005,ST0039_L,2026-02-21,38
Retail,S005,ST0025_S,2026-02-21,29
Retail,S005,ST0016_L,2026-02-21,46
Retail,S005,ST0032_S,2026-02-21,0
Retail,S005,ST0002_XL,2026-02-21,35
Retail,S005,ST0050_XL,2026-02-21,24
Retail,S005,ST0035_L,2026-02-21,48
Retail,S005,ST0001_S,2026-02-21,49
Retail,S005,ST0007_M,2026-02-21,5
Retail,S005,ST0038_L,2026-02-21,29
Retail,S005,ST0002_S,2026-02-21,46
Retail,S005,ST0050_L,2026-02-21,10
Retail,S005,ST0003_M,2026-02-21,21
Retail,S006,ST0014_XL,2026-02-21,9
Retail,S006,ST0001_M,2026-02-21,3
Retail,S006,ST0001_S,2026-02-21,16
Retail,S006,ST0042_L,2026-02-21,4
Retail,S006,ST0050_S,2026-02-21,37
Retail,S006,ST0015_XL,2026-02-21,3
Retail,S006,ST0025_XL,2026-02-21,26
Retail,S006,ST0034_L,2026-02-21,0
Retail,S006,ST0032_M,2026-02-21,15
Retail,S006,ST0040_XL,2026-02-21,39
Retail,S006,ST0046_S,2026-02-21,35
Retail,S006,ST0047_S,2026-02-21,10
Retail,S006,ST0029_M,2026-02-21,17
Retail,S006,ST0032_XL,2026-02-21,22
Retail,S006,ST0018_M,2026-02-21,4
Retail,S006,ST0011_L,2026-02-21,46
Retail,S006,ST0024_M,2026-02-21,47
Retail,S006,ST0036_M,2026-02-21,12
Retail,S006,ST0015_L,2026-02-21,42
Retail,S006,ST0031_XL,2026-02-21,25
Retail,S007,ST0045_M,2026-02-21,31
Retail,S007,ST0022_M,2026-02-21,16
Retail,S007,ST0019_XL,2026-02-21,2
Retail,S007,ST0003_XL,2026-02-21,32
Retail,S007,ST0012_M,2026-02-21,45
Retail,S007,ST0029_S,2026-02-21,18
Retail,S007,ST0050_XL,2026-02-21,39
Retail,S007,ST0040_M,2026-02-21,31
Retail,S007,ST0045_L,2026-02-21,45
Retail,S007,ST0027_XL,2026-02-21,43
Retail,S007,ST0001_L,2026-02-21,34
Retail,S007,ST0016_M,2026-02-21,48
Retail,S007,ST0044_XL,2026-02-21,33
Retail,S007,ST0036_XL,2026-02-21,27
Retail,S007,ST0041_S,2026-02-21,26
Retail,S007,ST0006_M,2026-02-21,20
Retail,S007,ST0002_XL,2026-02-21,23
Retail,S007,ST0037_XL,2026-02-21,1
Retail,S007,ST0049_M,2026-02-21,6
Retail,S007,ST0018_M,2026-02-21,29
Retail,S008,ST0001_M,2026-02-21,29
Retail,S008,ST0013_S,2026-02-21,19
Retail,S008,ST0038_L,2026-02-21,0
Retail,S008,ST0047_M,2026-02-21,45
Retail,S008,ST0016_M,2026-02-21,24
Retail,S008,ST0001_S,2026-02-21,18
Retail,S008,ST0007_L,2026-02-21,39
Retail,S008,ST0024_S,2026-02-21,48
Retail,S008,ST0029_L,2026-02-21,27
Retail,S008,ST0037_XL,2026-02-21,40
Retail,S008,ST0018_M,2026-02-21,43
Retail,S008,ST0022_S,2026-02-21,11
Retail,S008,ST0041_M,2026-02-21,7
Retail,S008,ST0002_L,2026-02-21,5
Retail,S008,ST0017_S,2026-02-21,20
Retail,S008,ST0037_S,2026-02-21,32
Retail,S008,ST0011_M,2026-02-21,42
Retail,S008,ST0045_L,2026-02-21,22
Retail,S008,ST0036_M,2026-02-21,43
Retail,S008,ST0021_S,2026-02-21,28
Retail,S009,ST0034_M,2026-02-21,21
Retail,S009,ST0004_L,2026-02-21,45
Retail,S009,ST0040_XL,2026-02-21,19
Retail,S009,ST0032_M,2026-02-21,11
Retail,S009,ST0033_S,2026-02-21,33
Retail,S009,ST0050_L,2026-02-21,38
Retail,S009,ST0020_S,2026-02-21,1
Retail,S009,ST0030_S,2026-02-21,27
Retail,S009,ST0025_L,2026-02-21,10
Retail,S009,ST0042_L,2026-02-21,47
Retail,S009,ST0043_XL,2026-02-21,13
Retail,S009,ST0011_S,2026-02-21,1
Retail,S009,ST0030_M,2026-02-21,41
Retail,S009,ST0001_M,2026-02-21,37
Retail,S009,ST0035_XL,2026-02-21,32
Retail,S009,ST0007_S,2026-02-21,3
Retail,S009,ST0010_XL,2026-02-21,7
Retail,S009,ST0012_L,2026-02-21,39
Retail,S009,ST0001_XL,2026-02-21,11
Retail,S009,ST0033_M,2026-02-21,48
Retail,S010,ST0049_L,2026-02-21,11
Retail,S010,ST0001_XL,2026-02-21,0
Retail,S010,ST0034_XL,2026-02-21,7
Retail,S010,ST0038_S,2026-02-21,36
Retail,S010,ST0008_S,2026-02-21,1
Retail,S010,ST0041_L,2026-02-21,32
Retail,S010,ST0021_M,2026-02-21,34
Retail,S010,ST0015_XL,2026-02-21,7
Retail,S010,ST0032_XL,2026-02-21,33
Retail,S010,ST0045_L,2026-02-21,19
Retail,S010,ST0036_L,2026-02-21,38
Retail,S010,ST0003_XL,2026-02-21,18
Retail,S010,ST0048_L,2026-02-21,19
Retail,S010,ST0047_S,2026-02-21,6
Retail,S010,ST0037_S,2026-02-21,44
Retail,S010,ST0044_S,2026-02-21,29
Retail,S010,ST0046_L,2026-02-21,26
Retail,S010,ST0027_S,2026-02-21,1
Retail,S010,ST0045_S,2026-02-21,28
Retail,S010,ST0045_M,2026-02-21,14
Retail,S001,ST0008_M,2026-02-22,10
Retail,S001,ST0026_L,2026-02-22,9
Retail,S001,ST0010_S,2026-02-22,28
Retail,S001,ST0047_XL,2026-02-22,33
Retail,S001,ST0049_M,2026-02-22,7
Retail,S001,ST0021_M,2026-02-22,19
Retail,S001,ST0027_L,2026-02-22,38
Retail,S001,ST0011_S,2026-02-22,27
Retail,S001,ST0043_M,2026-02-22,5
Retail,S001,ST0048_L,2026-02-22,30
Retail,S001,ST0045_XL,2026-02-22,31
Retail,S001,ST0034_XL,2026-02-22,1
Retail,S001,ST0017_S,2026-02-22,30
Retail,S001,ST0046_L,2026-02-22,19
Retail,S001,ST0048_S,2026-02-22,2
Retail,S001,ST0032_S,2026-02-22,33
Retail,S001,ST0041_S,2026-02-22,14
Retail,S001,ST0002_S,2026-02-22,5
Retail,S001,ST0012_L,2026-02-22,34
Retail,S001,ST0018_L,2026-02-22,43
Retail,S002,ST0045_S,2026-02-22,34
Retail,S002,ST0015_S,2026-02-22,18
Retail,S002,ST0010_L,2026-02-22,3
Retail,S002,ST0034_S,2026-02-22,46
Retail,S002,ST0013_M,2026-02-22,42
Retail,S002,ST0029_L,2026-02-22,9
Retail,S002,ST0001_XL,2026-02-22,41
Retail,S002,ST0034_M,2026-02-22,43
Retail,S002,ST0008_L,2026-02-22,34
Retail,S002,ST0044_L,2026-02-22,41
Retail,S002,ST0008_M,2026-02-22,37
Retail,S002,ST0048_M,2026-02-22,16
Retail,S002,ST0008_XL,2026-02-22,6
Retail,S002,ST0025_XL,2026-02-22,19
Retail,S002,ST0045_XL,2026-02-22,31
Retail,S002,ST0047_S,2026-02-22,9
Retail,S002,ST0019_XL,2026-02-22,17
Retail,S002,ST0027_S,2026-02-22,42
Retail,S002,ST0001_S,2026-02-22,35
Retail,S002,ST0012_M,2026-02-22,45
Retail,S003,ST0040_M,2026-02-22,27
Retail,S003,ST0035_L,2026-02-22,5
Retail,S003,ST0042_M,2026-02-22,32
Retail,S003,ST0023_S,2026-02-22,30
Retail,S003,ST0018_L,2026-02-22,26
Retail,S003,ST0021_XL,2026-02-22,40
Retail,S003,ST0013_S,2026-02-22,35
Retail,S003,ST0049_S,2026-02-22,34
Retail,S003,ST0039_L,2026-02-22,46
Retail,S003,ST0007_S,2026-02-22,2
Retail,S003,ST0031_S,2026-02-22,19
Retail,S003,ST0034_M,2026-02-22,41
Retail,S003,ST0008_XL,2026-02-22,29
Retail,S003,ST0050_S,2026-02-22,37
Retail,S003,ST0045_L,2026-02-22,29
Retail,S003,ST0015_XL,2026-02-22,5
Retail,S003,ST0002_L,2026-02-22,43
Retail,S003,ST0037_XL,2026-02-22,10
Retail,S003,ST0033_XL,2026-02-22,49
Retail,S003,ST0022_XL,2026-02-22,29
Retail,S004,ST0043_XL,2026-02-22,14
Retail,S004,ST0050_XL,2026-02-22,8
Retail,S004,ST0047_XL,2026-02-22,18
Retail,S004,ST0020_S,2026-02-22,45
Retail,S004,ST0021_L,2026-02-22,33
Retail,S004,ST0033_M,2026-02-22,18
Retail,S004,ST0043_L,2026-02-22,27
Retail,S004,ST0037_S,2026-02-22,24
Retail,S004,ST0022_XL,2026-02-22,18
Retail,S004,ST0038_XL,2026-02-22,20
Retail,S004,ST0009_L,2026-02-22,36
Retail,S004,ST0023_M,2026-02-22,47
Retail,S004,ST0042_M,2026-02-22,5
Retail,S004,ST0013_M,2026-02-22,36
Retail,S004,ST0036_XL,2026-02-22,4
Retail,S004,ST0018_L,2026-02-22,49
Retail,S004,ST0048_S,2026-02-22,29
Retail,S004,ST0014_XL,2026-02-22,39
Retail,S004,ST0015_L,2026-02-22,19
Retail,S004,ST0026_S,2026-02-22,31
Retail,S005,ST0001_M,2026-02-22,26
Retail,S005,ST0048_XL,2026-02-22,17
Retail,S005,ST0019_M,2026-02-22,36
Retail,S005,ST0047_XL,2026-02-22,45
Retail,S005,ST0031_M,2026-02-22,24
Retail,S005,ST0005_M,2026-02-22,0
Retail,S005,ST0010_XL,2026-02-22,5
Retail,S005,ST0033_L,2026-02-22,36
Retail,S005,ST0029_M,2026-02-22,17
Retail,S005,ST0014_L,2026-02-22,21
Retail,S005,ST0038_M,2026-02-22,12
Retail,S005,ST0032_L,2026-02-22,44
Retail,S005,ST0016_S,2026-02-22,32
Retail,S005,ST0011_L,2026-02-22,30
Retail,S005,ST0034_XL,2026-02-22,43
Retail,S005,ST0018_XL,2026-02-22,17
Retail,S005,ST0016_M,2026-02-22,18
Retail,S005,ST0038_L,2026-02-22,13
Retail,S005,ST0042_S,2026-02-22,48
Retail,S005,ST0048_L,2026-02-22,3
Retail,S006,ST0031_XL,2026-02-22,8
Retail,S006,ST0043_L,2026-02-22,26
Retail,S006,ST0021_S,2026-02-22,31
Retail,S006,ST0034_S,2026-02-22,31
Retail,S006,ST0039_M,2026-02-22,34
Retail,S006,ST0031_L,2026-02-22,36
Retail,S006,ST0024_M,2026-02-22,23
Retail,S006,ST0047_S,2026-02-22,29
Retail,S006,ST0049_XL,2026-02-22,26
Retail,S006,ST0035_XL,2026-02-22,2
Retail,S006,ST0035_M,2026-02-22,5
Retail,S006,ST0035_L,2026-02-22,6
Retail,S006,ST0020_XL,2026-02-22,8
Retail,S006,ST0048_M,2026-02-22,47
Retail,S006,ST0028_S,2026-02-22,34
Retail,S006,ST0029_XL,2026-02-22,16
Retail,S006,ST0022_XL,2026-02-22,32
Retail,S006,ST0014_L,2026-02-22,9
Retail,S006,ST0017_L,2026-02-22,32
Retail,S006,ST0029_L,2026-02-22,1
Retail,S007,ST0005_XL,2026-02-22,8
Retail,S007,ST0021_M,2026-02-22,44
Retail,S007,ST0033_L,2026-02-22,36
Retail,S007,ST0001_L,2026-02-22,20
Retail,S007,ST0039_S,2026-02-22,6
Retail,S007,ST0004_S,2026-02-22,39
Retail,S007,ST0014_S,2026-02-22,8
Retail,S007,ST0041_L,2026-02-22,40
Retail,S007,ST0026_XL,2026-02-22,33
Retail,S007,ST0012_M,2026-02-22,8
Retail,S007,ST0035_L,2026-02-22,21
Retail,S007,ST0005_L,2026-02-22,41
Retail,S007,ST0019_M,2026-02-22,34
Retail,S007,ST0014_M,2026-02-22,34
Retail,S007,ST0042_XL,2026-02-22,9
Retail,S007,ST0027_L,2026-02-22,5
Retail,S007,ST0032_M,2026-02-22,37
Retail,S007,ST0048_L,2026-02-22,6
Retail,S007,ST0033_XL,2026-02-22,19
Retail,S007,ST0049_XL,2026-02-22,14
Retail,S008,ST0037_S,2026-02-22,12
Retail,S008,ST0014_M,2026-02-22,45
Retail,S008,ST0005_XL,2026-02-22,46
Retail,S008,ST0003_L,2026-02-22,40
Retail,S008,ST0041_M,2026-02-22,37
Retail,S008,ST0008_M,2026-02-22,43
Retail,S008,ST0028_XL,2026-02-22,31
Retail,S008,ST0002_S,2026-02-22,43
Retail,S008,ST0002_M,2026-02-22,48
Retail,S008,ST0031_L,2026-02-22,40
Retail,S008,ST0016_M,2026-02-22,6
Retail,S008,ST0005_S,2026-02-22,14
Retail,S008,ST0017_XL,2026-02-22,5
Retail,S008,ST0050_M,2026-02-22,33
Retail,S008,ST0010_L,2026-02-22,33
Retail,S008,ST0001_XL,2026-02-22,6
Retail,S008,ST0048_M,2026-02-22,32
Retail,S008,ST0049_XL,2026-02-22,6
Retail,S008,ST0010_S,2026-02-22,8
Retail,S008,ST0031_M,2026-02-22,6
Retail,S009,ST0003_S,2026-02-22,47
Retail,S009,ST0008_L,2026-02-22,30
Retail,S009,ST0035_S,2026-02-22,29
Retail,S009,ST0040_M,2026-02-22,19
Retail,S009,ST0020_S,2026-02-22,35
Retail,S009,ST0018_M,2026-02-22,21
Retail,S009,ST0042_S,2026-02-22,2
Retail,S009,ST0044_L,2026-02-22,4
Retail,S009,ST0042_L,2026-02-22,42
Retail,S009,ST0010_L,2026-02-22,48
Retail,S009,ST0041_M,2026-02-22,34
Retail,S009,ST0018_S,2026-02-22,16
Retail,S009,ST0044_M,2026-02-22,33
Retail,S009,ST0014_L,2026-02-22,39
Retail,S009,ST0045_XL,2026-02-22,5
Retail,S009,ST0039_M,2026-02-22,26
Retail,S009,ST0030_XL,2026-02-22,17
Retail,S009,ST0032_L,2026-02-22,33
Retail,S009,ST0007_M,2026-02-22,27
Retail,S009,ST0002_S,2026-02-22,41
Retail,S010,ST0045_XL,2026-02-22,19
Retail,S010,ST0037_L,2026-02-22,47
Retail,S010,ST0033_M,2026-02-22,27
Retail,S010,ST0042_L,2026-02-22,41
Retail,S010,ST0032_XL,2026-02-22,3
Retail,S010,ST0016_M,2026-02-22,20
Retail,S010,ST0017_S,2026-02-22,25
Retail,S010,ST0028_S,2026-02-22,46
Retail,S010,ST0031_S,2026-02-22,25
Retail,S010,ST0003_XL,2026-02-22,9
Retail,S010,ST0019_XL,2026-02-22,47
Retail,S010,ST0034_S,2026-02-22,0
Retail,S010,ST0047_S,2026-02-22,11
Retail,S010,ST0035_S,2026-02-22,23
Retail,S010,ST0020_S,2026-02-22,42
Retail,S010,ST0030_M,2026-02-22,1
Retail,S010,ST0046_S,2026-02-22,19
Retail,S010,ST0009_M,2026-02-22,24
Retail,S010,ST0032_M,2026-02-22,30
Retail,S010,ST0005_L,2026-02-22,3
Retail,S001,ST0016_M,2026-02-23,15
Retail,S001,ST0046_M,2026-02-23,22
Retail,S001,ST0023_M,2026-02-23,9
Retail,S001,ST0041_L,2026-02-23,12
Retail,S001,ST0044_L,2026-02-23,31
Retail,S001,ST0017_L,2026-02-23,46
Retail,S001,ST0042_L,2026-02-23,11
Retail,S001,ST0038_M,2026-02-23,19
Retail,S001,ST0029_L,2026-02-23,19
Retail,S001,ST0022_S,2026-02-23,7
Retail,S001,ST0042_M,2026-02-23,8
Retail,S001,ST0048_L,2026-02-23,3
Retail,S001,ST0046_L,2026-02-23,7
Retail,S001,ST0009_M,2026-02-23,20
Retail,S001,ST0036_XL,2026-02-23,25
Retail,S001,ST0050_XL,2026-02-23,5
Retail,S001,ST0014_L,2026-02-23,25
Retail,S001,ST0040_S,2026-02-23,17
Retail,S001,ST0004_S,2026-02-23,36
Retail,S001,ST0015_XL,2026-02-23,15
Retail,S002,ST0030_M,2026-02-23,24
Retail,S002,ST0027_S,2026-02-23,16
Retail,S002,ST0050_XL,2026-02-23,45
Retail,S002,ST0015_S,2026-02-23,16
Retail,S002,ST0013_XL,2026-02-23,10
Retail,S002,ST0048_XL,2026-02-23,38
Retail,S002,ST0001_M,2026-02-23,45
Retail,S002,ST0043_M,2026-02-23,46
Retail,S002,ST0035_S,2026-02-23,26
Retail,S002,ST0001_S,2026-02-23,45
Retail,S002,ST0023_L,2026-02-23,40
Retail,S002,ST0004_L,2026-02-23,37
Retail,S002,ST0048_S,2026-02-23,35
Retail,S002,ST0025_XL,2026-02-23,20
Retail,S002,ST0039_S,2026-02-23,10
Retail,S002,ST0009_M,2026-02-23,38
Retail,S002,ST0045_S,2026-02-23,36
Retail,S002,ST0005_M,2026-02-23,44
Retail,S002,ST0009_XL,2026-02-23,49
Retail,S002,ST0032_S,2026-02-23,4
Retail,S003,ST0036_XL,2026-02-23,48
Retail,S003,ST0018_L,2026-02-23,1
Retail,S003,ST0014_S,2026-02-23,32
Retail,S003,ST0042_M,2026-02-23,7
Retail,S003,ST0006_S,2026-02-23,8
Retail,S003,ST0009_XL,2026-02-23,9
Retail,S003,ST0029_S,2026-02-23,37
Retail,S003,ST0004_S,2026-02-23,18
Retail,S003,ST0021_XL,2026-02-23,27
Retail,S003,ST0031_L,2026-02-23,24
Retail,S003,ST0017_L,2026-02-23,9
Retail,S003,ST0006_M,2026-02-23,13
Retail,S003,ST0047_S,2026-02-23,8
Retail,S003,ST0029_M,2026-02-23,7
Retail,S003,ST0008_XL,2026-02-23,12
Retail,S003,ST0038_L,2026-02-23,3
Retail,S003,ST0025_XL,2026-02-23,16
Retail,S003,ST0023_S,2026-02-23,1
Retail,S003,ST0044_M,2026-02-23,32
Retail,S003,ST0047_L,2026-02-23,33
Retail,S004,ST0002_S,2026-02-23,2
Retail,S004,ST0023_S,2026-02-23,42
Retail,S004,ST0037_S,2026-02-23,7
Retail,S004,ST0045_M,2026-02-23,46
Retail,S004,ST0041_S,2026-02-23,23
Retail,S004,ST0043_M,2026-02-23,18
Retail,S004,ST0024_XL,2026-02-23,1
Retail,S004,ST0016_XL,2026-02-23,11
Retail,S004,ST0039_L,2026-02-23,40
Retail,S004,ST0026_S,2026-02-23,37
Retail,S004,ST0040_XL,2026-02-23,25
Retail,S004,ST0008_M,2026-02-23,13
Retail,S004,ST0031_M,2026-02-23,42
Retail,S004,ST0034_L,2026-02-23,4
Retail,S004,ST0019_S,2026-02-23,19
Retail,S004,ST0007_L,2026-02-23,4
Retail,S004,ST0048_XL,2026-02-23,46
Retail,S004,ST0018_S,2026-02-23,22
Retail,S004,ST0022_XL,2026-02-23,40
Retail,S004,ST0014_XL,2026-02-23,28
Retail,S005,ST0003_M,2026-02-23,23
Retail,S005,ST0006_S,2026-02-23,20
Retail,S005,ST0016_L,2026-02-23,37
Retail,S005,ST0005_L,2026-02-23,15
Retail,S005,ST0030_XL,2026-02-23,27
Retail,S005,ST0023_XL,2026-02-23,42
Retail,S005,ST0005_XL,2026-02-23,6
Retail,S005,ST0022_S,2026-02-23,18
Retail,S005,ST0033_M,2026-02-23,49
Retail,S005,ST0048_L,2026-02-23,28
Retail,S005,ST0005_M,2026-02-23,19
Retail,S005,ST0035_M,2026-02-23,30
Retail,S005,ST0041_M,2026-02-23,41
Retail,S005,ST0033_L,2026-02-23,37
Retail,S005,ST0011_M,2026-02-23,20
Retail,S005,ST0040_S,2026-02-23,40
Retail,S005,ST0025_L,2026-02-23,36
Retail,S005,ST0041_L,2026-02-23,32
Retail,S005,ST0042_XL,2026-02-23,17
Retail,S005,ST0045_M,2026-02-23,1
Retail,S006,ST0029_M,2026-02-23,18
Retail,S006,ST0041_L,2026-02-23,28
Retail,S006,ST0017_XL,2026-02-23,44
Retail,S006,ST0024_M,2026-02-23,16
Retail,S006,ST0046_XL,2026-02-23,29
Retail,S006,ST0043_L,2026-02-23,32
Retail,S006,ST0026_XL,2026-02-23,40
Retail,S006,ST0019_XL,2026-02-23,25
Retail,S006,ST0014_XL,2026-02-23,19
Retail,S006,ST0031_M,2026-02-23,28
Retail,S006,ST0041_XL,2026-02-23,1
Retail,S006,ST0044_M,2026-02-23,11
Retail,S006,ST0033_M,2026-02-23,9
Retail,S006,ST0043_M,2026-02-23,37
Retail,S006,ST0022_M,2026-02-23,5
Retail,S006,ST0042_L,2026-02-23,20
Retail,S006,ST0045_L,2026-02-23,27
Retail,S006,ST0018_S,2026-02-23,8
Retail,S006,ST0017_M,2026-02-23,41
Retail,S006,ST0013_XL,2026-02-23,28
Retail,S007,ST0014_L,2026-02-23,39
Retail,S007,ST0050_L,2026-02-23,12
Retail,S007,ST0035_XL,2026-02-23,40
Retail,S007,ST0002_M,2026-02-23,40
Retail,S007,ST0003_M,2026-02-23,17
Retail,S007,ST0047_L,2026-02-23,5
Retail,S007,ST0041_S,2026-02-23,24
Retail,S007,ST0019_XL,2026-02-23,4
Retail,S007,ST0017_XL,2026-02-23,10
Retail,S007,ST0009_L,2026-02-23,34
Retail,S007,ST0028_XL,2026-02-23,17
Retail,S007,ST0004_M,2026-02-23,23
Retail,S007,ST0050_S,2026-02-23,40
Retail,S007,ST0048_M,2026-02-23,37
Retail,S007,ST0012_M,2026-02-23,14
Retail,S007,ST0041_XL,2026-02-23,39
Retail,S007,ST0041_L,2026-02-23,3
Retail,S007,ST0015_S,2026-02-23,13
Retail,S007,ST0046_S,2026-02-23,41
Retail,S007,ST0008_L,2026-02-23,12
Retail,S008,ST0045_S,2026-02-23,4
Retail,S008,ST0049_S,2026-02-23,1
Retail,S008,ST0010_M,2026-02-23,22
Retail,S008,ST0034_XL,2026-02-23,31
Retail,S008,ST0043_S,2026-02-23,15
Retail,S008,ST0028_L,2026-02-23,23
Retail,S008,ST0028_M,2026-02-23,39
Retail,S008,ST0040_M,2026-02-23,10
Retail,S008,ST0027_XL,2026-02-23,39
Retail,S008,ST0012_S,2026-02-23,4
Retail,S008,ST0042_XL,2026-02-23,19
Retail,S008,ST0039_S,2026-02-23,17
Retail,S008,ST0047_M,2026-02-23,22
Retail,S008,ST0026_XL,2026-02-23,9
Retail,S008,ST0033_M,2026-02-23,47
Retail,S008,ST0037_S,2026-02-23,44
Retail,S008,ST0036_XL,2026-02-23,42
Retail,S008,ST0038_S,2026-02-23,20
Retail,S008,ST0014_S,2026-02-23,46
Retail,S008,ST0015_L,2026-02-23,41
Retail,S009,ST0030_L,2026-02-23,46
Retail,S009,ST0008_M,2026-02-23,45
Retail,S009,ST0031_XL,2026-02-23,9
Retail,S009,ST0025_XL,2026-02-23,49
Retail,S009,ST0028_L,2026-02-23,20
Retail,S009,ST0039_M,2026-02-23,48
Retail,S009,ST0001_XL,2026-02-23,10
Retail,S009,ST0038_XL,2026-02-23,29
Retail,S009,ST0035_L,2026-02-23,14
Retail,S009,ST0017_L,2026-02-23,37
Retail,S009,ST0027_M,2026-02-23,4
Retail,S009,ST0047_S,2026-02-23,40
Retail,S009,ST0019_M,2026-02-23,7
Retail,S009,ST0004_S,2026-02-23,21
Retail,S009,ST0049_S,2026-02-23,45
Retail,S009,ST0006_L,2026-02-23,29
Retail,S009,ST0001_S,2026-02-23,1
Retail,S009,ST0049_L,2026-02-23,20
Retail,S009,ST0002_M,2026-02-23,32
Retail,S009,ST0036_XL,2026-02-23,15
Retail,S010,ST0038_M,2026-02-23,15
Retail,S010,ST0033_XL,2026-02-23,46
Retail,S010,ST0014_L,2026-02-23,42
Retail,S010,ST0047_M,2026-02-23,46
Retail,S010,ST0017_M,2026-02-23,31
Retail,S010,ST0038_XL,2026-02-23,7
Retail,S010,ST0021_XL,2026-02-23,25
Retail,S010,ST0050_XL,2026-02-23,20
Retail,S010,ST0008_M,2026-02-23,21
Retail,S010,ST0020_L,2026-02-23,6
Retail,S010,ST0026_S,2026-02-23,31
Retail,S010,ST0021_L,2026-02-23,30
Retail,S010,ST0024_XL,2026-02-23,16
Retail,S010,ST0036_L,2026-02-23,25
Retail,S010,ST0027_M,2026-02-23,44
Retail,S010,ST0006_L,2026-02-23,46
Retail,S010,ST0002_S,2026-02-23,10
Retail,S010,ST0032_XL,2026-02-23,41
Retail,S010,ST0001_L,2026-02-23,29
Retail,S010,ST0040_S,2026-02-23,33
Retail,S001,ST0043_S,2026-02-24,44
Retail,S001,ST0025_L,2026-02-24,40
Retail,S001,ST0029_M,2026-02-24,33
Retail,S001,ST0005_M,2026-02-24,1
Retail,S001,ST0050_L,2026-02-24,27
Retail,S001,ST0047_M,2026-02-24,22
Retail,S001,ST0011_L,2026-02-24,18
Retail,S001,ST0027_S,2026-02-24,26
Retail,S001,ST0050_XL,2026-02-24,11
Retail,S001,ST0019_L,2026-02-24,12
Retail,S001,ST0003_L,2026-02-24,44
Retail,S001,ST0035_XL,2026-02-24,13
Retail,S001,ST0043_L,2026-02-24,19
Retail,S001,ST0020_S,2026-02-24,46
Retail,S001,ST0009_XL,2026-02-24,27
Retail,S001,ST0026_M,2026-02-24,15
Retail,S001,ST0007_L,2026-02-24,17
Retail,S001,ST0009_M,2026-02-24,5
Retail,S001,ST0024_S,2026-02-24,48
Retail,S001,ST0005_XL,2026-02-24,34
Retail,S002,ST0048_XL,2026-02-24,19
Retail,S002,ST0016_S,2026-02-24,42
Retail,S002,ST0014_XL,2026-02-24,3
Retail,S002,ST0043_L,2026-02-24,3
Retail,S002,ST0035_S,2026-02-24,6
Retail,S002,ST0042_L,2026-02-24,27
Retail,S002,ST0042_XL,2026-02-24,30
Retail,S002,ST0047_M,2026-02-24,13
Retail,S002,ST0038_XL,2026-02-24,6
Retail,S002,ST0021_L,2026-02-24,46
Retail,S002,ST0049_M,2026-02-24,11
Retail,S002,ST0026_M,2026-02-24,10
Retail,S002,ST0004_S,2026-02-24,34
Retail,S002,ST0026_L,2026-02-24,27
Retail,S002,ST0008_M,2026-02-24,31
Retail,S002,ST0012_XL,2026-02-24,1
Retail,S002,ST0017_S,2026-02-24,21
Retail,S002,ST0043_M,2026-02-24,1
Retail,S002,ST0016_M,2026-02-24,27
Retail,S002,ST0004_XL,2026-02-24,10
Retail,S003,ST0025_M,2026-02-24,47
Retail,S003,ST0036_S,2026-02-24,45
Retail,S003,ST0037_M,2026-02-24,39
Retail,S003,ST0008_XL,2026-02-24,6
Retail,S003,ST0042_M,2026-02-24,4
Retail,S003,ST0002_S,2026-02-24,11
Retail,S003,ST0044_XL,2026-02-24,13
Retail,S003,ST0035_S,2026-02-24,30
Retail,S003,ST0017_M,2026-02-24,47
Retail,S003,ST0048_L,2026-02-24,2
Retail,S003,ST0030_S,2026-02-24,44
Retail,S003,ST0023_S,2026-02-24,32
Retail,S003,ST0039_XL,2026-02-24,48
Retail,S003,ST0047_S,2026-02-24,14
Retail,S003,ST0046_S,2026-02-24,2
Retail,S003,ST0009_M,2026-02-24,10
Retail,S003,ST0018_S,2026-02-24,16
Retail,S003,ST0024_S,2026-02-24,29
Retail,S003,ST0008_M,2026-02-24,12
Retail,S003,ST0026_S,2026-02-24,20
Retail,S004,ST0038_M,2026-02-24,38
Retail,S004,ST0035_L,2026-02-24,47
Retail,S004,ST0005_M,2026-02-24,3
Retail,S004,ST0006_M,2026-02-24,9
Retail,S004,ST0012_M,2026-02-24,8
Retail,S004,ST0035_M,2026-02-24,0
Retail,S004,ST0021_M,2026-02-24,30
Retail,S004,ST0024_M,2026-02-24,49
Retail,S004,ST0033_M,2026-02-24,46
Retail,S004,ST0025_S,2026-02-24,6
Retail,S004,ST0009_XL,2026-02-24,25
Retail,S004,ST0010_L,2026-02-24,25
Retail,S004,ST0014_L,2026-02-24,23
Retail,S004,ST0039_M,2026-02-24,27
Retail,S004,ST0023_XL,2026-02-24,40
Retail,S004,ST0018_XL,2026-02-24,14
Retail,S004,ST0044_L,2026-02-24,30
Retail,S004,ST0001_M,2026-02-24,40
Retail,S004,ST0030_M,2026-02-24,3
Retail,S004,ST0039_L,2026-02-24,20
Retail,S005,ST0037_M,2026-02-24,24
Retail,S005,ST0025_XL,2026-02-24,10
Retail,S005,ST0007_L,2026-02-24,27
Retail,S005,ST0010_M,2026-02-24,37
Retail,S005,ST0036_M,2026-02-24,24
Retail,S005,ST0023_L,2026-02-24,32
Retail,S005,ST0034_S,2026-02-24,12
Retail,S005,ST0020_XL,2026-02-24,44
Retail,S005,ST0018_XL,2026-02-24,23
Retail,S005,ST0008_S,2026-02-24,19
Retail,S005,ST0040_S,2026-02-24,42
Retail,S005,ST0001_M,2026-02-24,36
Retail,S005,ST0046_L,2026-02-24,48
Retail,S005,ST0045_S,2026-02-24,7
Retail,S005,ST0007_M,2026-02-24,47
Retail,S005,ST0003_M,2026-02-24,30
Retail,S005,ST0029_S,2026-02-24,17
Retail,S005,ST0034_XL,2026-02-24,43
Retail,S005,ST0017_XL,2026-02-24,45
Retail,S005,ST0005_M,2026-02-24,23
Retail,S006,ST0031_S,2026-02-24,19
Retail,S006,ST0046_L,2026-02-24,36
Retail,S006,ST0013_XL,2026-02-24,10
Retail,S006,ST0013_M,2026-02-24,32
Retail,S006,ST0010_L,2026-02-24,27
Retail,S006,ST0003_XL,2026-02-24,15
Retail,S006,ST0003_L,2026-02-24,3
Retail,S006,ST0034_S,2026-02-24,26
Retail,S006,ST0012_S,2026-02-24,1
Retail,S006,ST0040_S,2026-02-24,5
Retail,S006,ST0041_S,2026-02-24,34
Retail,S006,ST0028_S,2026-02-24,28
Retail,S006,ST0038_L,2026-02-24,37
Retail,S006,ST0028_L,2026-02-24,20
Retail,S006,ST0008_XL,2026-02-24,7
Retail,S006,ST0016_L,2026-02-24,14
Retail,S006,ST0044_M,2026-02-24,16
Retail,S006,ST0009_M,2026-02-24,27
Retail,S006,ST0030_M,2026-02-24,35
Retail,S006,ST0025_S,2026-02-24,40
Retail,S007,ST0036_XL,2026-02-24,12
Retail,S007,ST0014_L,2026-02-24,12
Retail,S007,ST0046_XL,2026-02-24,27
Retail,S007,ST0046_M,2026-02-24,46
Retail,S007,ST0013_S,2026-02-24,39
Retail,S007,ST0040_M,2026-02-24,5
Retail,S007,ST0038_M,2026-02-24,30
Retail,S007,ST0036_L,2026-02-24,46
Retail,S007,ST0018_XL,2026-02-24,44
Retail,S007,ST0023_M,2026-02-24,12
Retail,S007,ST0009_L,2026-02-24,24
Retail,S007,ST0045_XL,2026-02-24,34
Retail,S007,ST0024_S,2026-02-24,18
Retail,S007,ST0018_S,2026-02-24,6
Retail,S007,ST0008_S,2026-02-24,18
Retail,S007,ST0032_S,2026-02-24,7
Retail,S007,ST0024_XL,2026-02-24,35
Retail,S007,ST0001_S,2026-02-24,28
Retail,S007,ST0033_XL,2026-02-24,2
Retail,S007,ST0011_S,2026-02-24,49
Retail,S008,ST0028_L,2026-02-24,42
Retail,S008,ST0037_S,2026-02-24,45
Retail,S008,ST0019_L,2026-02-24,18
Retail,S008,ST0047_XL,2026-02-24,31
Retail,S008,ST0041_M,2026-02-24,15
Retail,S008,ST0016_S,2026-02-24,31
Retail,S008,ST0002_M,2026-02-24,35
Retail,S008,ST0006_S,2026-02-24,18
Retail,S008,ST0044_L,2026-02-24,13
Retail,S008,ST0050_L,2026-02-24,10
Retail,S008,ST0031_S,2026-02-24,38
Retail,S008,ST0024_L,2026-02-24,6
Retail,S008,ST0048_S,2026-02-24,48
Retail,S008,ST0007_L,2026-02-24,22
Retail,S008,ST0025_S,2026-02-24,48
Retail,S008,ST0006_M,2026-02-24,28
Retail,S008,ST0018_M,2026-02-24,34
Retail,S008,ST0029_XL,2026-02-24,36
Retail,S008,ST0011_L,2026-02-24,32
Retail,S008,ST0014_XL,2026-02-24,27
Retail,S009,ST0008_S,2026-02-24,30
Retail,S009,ST0035_S,2026-02-24,12
Retail,S009,ST0022_S,2026-02-24,43
Retail,S009,ST0047_M,2026-02-24,2
Retail,S009,ST0017_S,2026-02-24,14
Retail,S009,ST0016_L,2026-02-24,2
Retail,S009,ST0046_L,2026-02-24,28
Retail,S009,ST0008_L,2026-02-24,30
Retail,S009,ST0021_XL,2026-02-24,21
Retail,S009,ST0010_XL,2026-02-24,1
Retail,S009,ST0002_L,2026-02-24,43
Retail,S009,ST0050_M,2026-02-24,34
Retail,S009,ST0024_S,2026-02-24,21
Retail,S009,ST0050_L,2026-02-24,40
Retail,S009,ST0029_XL,2026-02-24,24
Retail,S009,ST0012_S,2026-02-24,37
Retail,S009,ST0043_L,2026-02-24,9
Retail,S009,ST0016_XL,2026-02-24,47
Retail,S009,ST0024_L,2026-02-24,31
Retail,S009,ST0041_M,2026-02-24,40
Retail,S010,ST0037_S,2026-02-24,48
Retail,S010,ST0009_XL,2026-02-24,38
Retail,S010,ST0016_M,2026-02-24,12
Retail,S010,ST0002_S,2026-02-24,29
Retail,S010,ST0008_M,2026-02-24,44
Retail,S010,ST0003_M,2026-02-24,14
Retail,S010,ST0031_S,2026-02-24,49
Retail,S010,ST0033_M,2026-02-24,44
Retail,S010,ST0037_M,2026-02-24,19
Retail,S010,ST0012_M,2026-02-24,11
Retail,S010,ST0047_M,2026-02-24,43
Retail,S010,ST0021_M,2026-02-24,18
Retail,S010,ST0006_L,2026-02-24,36
Retail,S010,ST0048_XL,2026-02-24,32
Retail,S010,ST0046_XL,2026-02-24,9
Retail,S010,ST0006_XL,2026-02-24,16
Retail,S010,ST0030_M,2026-02-24,35
Retail,S010,ST0041_S,2026-02-24,15
Retail,S010,ST0024_L,2026-02-24,28
Retail,S010,ST0049_M,2026-02-24,38
Retail,S001,ST0047_S,2026-02-25,27
Retail,S001,ST0039_XL,2026-02-25,18
Retail,S001,ST0022_XL,2026-02-25,41
Retail,S001,ST0048_XL,2026-02-25,25
Retail,S001,ST0029_S,2026-02-25,7
Retail,S001,ST0009_XL,2026-02-25,7
Retail,S001,ST0011_S,2026-02-25,9
Retail,S001,ST0008_XL,2026-02-25,40
Retail,S001,ST0028_M,2026-02-25,37
Retail,S001,ST0048_S,2026-02-25,43
Retail,S001,ST0039_M,2026-02-25,45
Retail,S001,ST0031_L,2026-02-25,48
Retail,S001,ST0006_M,2026-02-25,34
Retail,S001,ST0035_S,2026-02-25,37
Retail,S001,ST0044_S,2026-02-25,7
Retail,S001,ST0026_S,2026-02-25,31
Retail,S001,ST0007_L,2026-02-25,43
Retail,S001,ST0041_M,2026-02-25,24
Retail,S001,ST0007_M,2026-02-25,47
Retail,S001,ST0030_M,2026-02-25,44
Retail,S002,ST0040_XL,2026-02-25,3
Retail,S002,ST0041_XL,2026-02-25,6
Retail,S002,ST0013_M,2026-02-25,2
Retail,S002,ST0026_XL,2026-02-25,31
Retail,S002,ST0008_L,2026-02-25,42
Retail,S002,ST0045_M,2026-02-25,0
Retail,S002,ST0026_S,2026-02-25,17
Retail,S002,ST0005_XL,2026-02-25,27
Retail,S002,ST0023_S,2026-02-25,15
Retail,S002,ST0023_XL,2026-02-25,29
Retail,S002,ST0016_XL,2026-02-25,38
Retail,S002,ST0046_L,2026-02-25,9
Retail,S002,ST0007_L,2026-02-25,10
Retail,S002,ST0005_S,2026-02-25,22
Retail,S002,ST0038_L,2026-02-25,4
Retail,S002,ST0048_L,2026-02-25,21
Retail,S002,ST0007_S,2026-02-25,17
Retail,S002,ST0036_L,2026-02-25,1
Retail,S002,ST0011_L,2026-02-25,38
Retail,S002,ST0044_XL,2026-02-25,43
Retail,S003,ST0043_L,2026-02-25,20
Retail,S003,ST0008_L,2026-02-25,8
Retail,S003,ST0013_S,2026-02-25,33
Retail,S003,ST0015_XL,2026-02-25,5
Retail,S003,ST0019_L,2026-02-25,14
Retail,S003,ST0021_M,2026-02-25,22
Retail,S003,ST0043_M,2026-02-25,6
Retail,S003,ST0034_M,2026-02-25,19
Retail,S003,ST0003_S,2026-02-25,29
Retail,S003,ST0031_XL,2026-02-25,28
Retail,S003,ST0022_M,2026-02-25,29
Retail,S003,ST0045_M,2026-02-25,4
Retail,S003,ST0046_L,2026-02-25,29
Retail,S003,ST0048_XL,2026-02-25,45
Retail,S003,ST0018_S,2026-02-25,18
Retail,S003,ST0045_XL,2026-02-25,29
Retail,S003,ST0033_M,2026-02-25,22
Retail,S003,ST0003_M,2026-02-25,23
Retail,S003,ST0005_S,2026-02-25,43
Retail,S003,ST0036_XL,2026-02-25,45
Retail,S004,ST0003_M,2026-02-25,39
Retail,S004,ST0036_S,2026-02-25,17
Retail,S004,ST0037_M,2026-02-25,10
Retail,S004,ST0024_S,2026-02-25,11
Retail,S004,ST0028_L,2026-02-25,34
Retail,S004,ST0048_M,2026-02-25,31
Retail,S004,ST0038_M,2026-02-25,11
Retail,S004,ST0028_XL,2026-02-25,0
Retail,S004,ST0048_L,2026-02-25,32
Retail,S004,ST0020_XL,2026-02-25,22
Retail,S004,ST0010_M,2026-02-25,48
Retail,S004,ST0042_L,2026-02-25,2
Retail,S004,ST0040_L,2026-02-25,47
Retail,S004,ST0012_S,2026-02-25,23
Retail,S004,ST0010_XL,2026-02-25,14
Retail,S004,ST0039_L,2026-02-25,0
Retail,S004,ST0006_S,2026-02-25,10
Retail,S004,ST0041_XL,2026-02-25,38
Retail,S004,ST0030_XL,2026-02-25,5
Retail,S004,ST0028_M,2026-02-25,43
Retail,S005,ST0031_S,2026-02-25,42
Retail,S005,ST0034_S,2026-02-25,6
Retail,S005,ST0034_M,2026-02-25,2
Retail,S005,ST0043_L,2026-02-25,40
Retail,S005,ST0044_S,2026-02-25,12
Retail,S005,ST0045_XL,2026-02-25,40
Retail,S005,ST0002_L,2026-02-25,45
Retail,S005,ST0018_S,2026-02-25,2
Retail,S005,ST0008_S,2026-02-25,38
Retail,S005,ST0016_XL,2026-02-25,8
Retail,S005,ST0018_XL,2026-02-25,3
Retail,S005,ST0008_L,2026-02-25,20
Retail,S005,ST0047_L,2026-02-25,40
Retail,S005,ST0030_XL,2026-02-25,18
Retail,S005,ST0037_XL,2026-02-25,15
Retail,S005,ST0031_L,2026-02-25,9
Retail,S005,ST0002_S,2026-02-25,0
Retail,S005,ST0049_M,2026-02-25,7
Retail,S005,ST0019_M,2026-02-25,38
Retail,S005,ST0013_L,2026-02-25,41
Retail,S006,ST0044_L,2026-02-25,29
Retail,S006,ST0036_S,2026-02-25,6
Retail,S006,ST0034_XL,2026-02-25,5
Retail,S006,ST0023_S,2026-02-25,6
Retail,S006,ST0032_S,2026-02-25,10
Retail,S006,ST0037_S,2026-02-25,23
Retail,S006,ST0046_XL,2026-02-25,44
Retail,S006,ST0025_XL,2026-02-25,37
Retail,S006,ST0021_L,2026-02-25,37
Retail,S006,ST0023_L,2026-02-25,40
Retail,S006,ST0023_M,2026-02-25,1
Retail,S006,ST0001_M,2026-02-25,31
Retail,S006,ST0041_S,2026-02-25,30
Retail,S006,ST0047_L,2026-02-25,28
Retail,S006,ST0029_S,2026-02-25,48
Retail,S006,ST0047_S,2026-02-25,33
Retail,S006,ST0033_M,2026-02-25,38
Retail,S006,ST0041_M,2026-02-25,47
Retail,S006,ST0015_S,2026-02-25,13
Retail,S006,ST0033_S,2026-02-25,34
Retail,S007,ST0045_M,2026-02-25,35
Retail,S007,ST0028_S,2026-02-25,35
Retail,S007,ST0048_L,2026-02-25,31
Retail,S007,ST0043_M,2026-02-25,15
Retail,S007,ST0008_XL,2026-02-25,42
Retail,S007,ST0049_XL,2026-02-25,42
Retail,S007,ST0010_L,2026-02-25,5
Retail,S007,ST0032_M,2026-02-25,32
Retail,S007,ST0009_M,2026-02-25,13
Retail,S007,ST0017_L,2026-02-25,27
Retail,S007,ST0050_L,2026-02-25,39
Retail,S007,ST0044_L,2026-02-25,42
Retail,S007,ST0009_L,2026-02-25,4
Retail,S007,ST0026_S,2026-02-25,47
Retail,S007,ST0010_M,2026-02-25,39
Retail,S007,ST0014_XL,2026-02-25,13
Retail,S007,ST0013_L,2026-02-25,28
Retail,S007,ST0043_XL,2026-02-25,6
Retail,S007,ST0014_M,2026-02-25,19
Retail,S007,ST0005_XL,2026-02-25,48
Retail,S008,ST0020_XL,2026-02-25,27
Retail,S008,ST0047_S,2026-02-25,48
Retail,S008,ST0033_L,2026-02-25,38
Retail,S008,ST0017_XL,2026-02-25,38
Retail,S008,ST0030_XL,2026-02-25,24
Retail,S008,ST0008_M,2026-02-25,47
Retail,S008,ST0026_S,2026-02-25,49
Retail,S008,ST0042_S,2026-02-25,10
Retail,S008,ST0005_L,2026-02-25,17
Retail,S008,ST0010_S,2026-02-25,15
Retail,S008,ST0007_M,2026-02-25,45
Retail,S008,ST0043_M,2026-02-25,36
Retail,S008,ST0048_S,2026-02-25,27
Retail,S008,ST0014_S,2026-02-25,20
Retail,S008,ST0038_S,2026-02-25,10
Retail,S008,ST0050_M,2026-02-25,26
Retail,S008,ST0047_L,2026-02-25,15
Retail,S008,ST0040_XL,2026-02-25,10
Retail,S008,ST0050_S,2026-02-25,14
Retail,S008,ST0012_L,2026-02-25,41
Retail,S009,ST0018_L,2026-02-25,22
Retail,S009,ST0014_XL,2026-02-25,5
Retail,S009,ST0009_L,2026-02-25,40
Retail,S009,ST0050_S,2026-02-25,1
Retail,S009,ST0009_M,2026-02-25,19
Retail,S009,ST0025_M,2026-02-25,25
Retail,S009,ST0023_M,2026-02-25,1
Retail,S009,ST0013_XL,2026-02-25,1
Retail,S009,ST0030_L,2026-02-25,32
Retail,S009,ST0010_S,2026-02-25,27
Retail,S009,ST0033_XL,2026-02-25,38
Retail,S009,ST0001_M,2026-02-25,36
Retail,S009,ST0040_S,2026-02-25,38
Retail,S009,ST0022_L,2026-02-25,11
Retail,S009,ST0013_L,2026-02-25,45
Retail,S009,ST0015_XL,2026-02-25,25
Retail,S009,ST0031_M,2026-02-25,15
Retail,S009,ST0032_L,2026-02-25,16
Retail,S009,ST0005_L,2026-02-25,31
Retail,S009,ST0004_M,2026-02-25,2
Retail,S010,ST0012_L,2026-02-25,9
Retail,S010,ST0047_M,2026-02-25,49
Retail,S010,ST0043_M,2026-02-25,22
Retail,S010,ST0003_XL,2026-02-25,41
Retail,S010,ST0047_S,2026-02-25,8
Retail,S010,ST0043_S,2026-02-25,0
Retail,S010,ST0003_M,2026-02-25,9
Retail,S010,ST0039_M,2026-02-25,46
Retail,S010,ST0012_M,2026-02-25,23
Retail,S010,ST0023_XL,2026-02-25,3
Retail,S010,ST0048_XL,2026-02-25,4
Retail,S010,ST0005_L,2026-02-25,31
Retail,S010,ST0046_XL,2026-02-25,33
Retail,S010,ST0027_S,2026-02-25,36
Retail,S010,ST0035_L,2026-02-25,49
Retail,S010,ST0037_M,2026-02-25,27
Retail,S010,ST0031_L,2026-02-25,35
Retail,S010,ST0049_M,2026-02-25,21
Retail,S010,ST0014_M,2026-02-25,27
Retail,S010,ST0016_XL,2026-02-25,43
Retail,S001,ST0049_S,2026-02-26,24
Retail,S001,ST0028_S,2026-02-26,10
Retail,S001,ST0038_S,2026-02-26,43
Retail,S001,ST0042_L,2026-02-26,35
Retail,S001,ST0010_S,2026-02-26,21
Retail,S001,ST0027_XL,2026-02-26,4
Retail,S001,ST0012_XL,2026-02-26,18
Retail,S001,ST0018_M,2026-02-26,21
Retail,S001,ST0046_L,2026-02-26,30
Retail,S001,ST0033_M,2026-02-26,2
Retail,S001,ST0039_L,2026-02-26,10
Retail,S001,ST0031_M,2026-02-26,41
Retail,S001,ST0013_XL,2026-02-26,47
Retail,S001,ST0021_L,2026-02-26,6
Retail,S001,ST0033_L,2026-02-26,0
Retail,S001,ST0043_XL,2026-02-26,13
Retail,S001,ST0040_XL,2026-02-26,42
Retail,S001,ST0049_L,2026-02-26,39
Retail,S001,ST0028_L,2026-02-26,1
Retail,S001,ST0046_S,2026-02-26,37
Retail,S002,ST0041_S,2026-02-26,12
Retail,S002,ST0033_L,2026-02-26,28
Retail,S002,ST0008_XL,2026-02-26,5
Retail,S002,ST0013_XL,2026-02-26,25
Retail,S002,ST0049_M,2026-02-26,37
Retail,S002,ST0036_XL,2026-02-26,27
Retail,S002,ST0045_XL,2026-02-26,5
Retail,S002,ST0013_S,2026-02-26,43
Retail,S002,ST0037_XL,2026-02-26,7
Retail,S002,ST0001_L,2026-02-26,30
Retail,S002,ST0027_L,2026-02-26,27
Retail,S002,ST0004_M,2026-02-26,2
Retail,S002,ST0048_S,2026-02-26,32
Retail,S002,ST0016_L,2026-02-26,18
Retail,S002,ST0020_S,2026-02-26,5
Retail,S002,ST0019_S,2026-02-26,49
Retail,S002,ST0033_XL,2026-02-26,13
Retail,S002,ST0018_S,2026-02-26,33
Retail,S002,ST0041_M,2026-02-26,32
Retail,S002,ST0011_L,2026-02-26,18
Retail,S003,ST0037_M,2026-02-26,25
Retail,S003,ST0009_L,2026-02-26,43
Retail,S003,ST0046_L,2026-02-26,35
Retail,S003,ST0039_S,2026-02-26,8
Retail,S003,ST0003_S,2026-02-26,23
Retail,S003,ST0034_XL,2026-02-26,23
Retail,S003,ST0011_M,2026-02-26,7
Retail,S003,ST0020_L,2026-02-26,19
Retail,S003,ST0036_S,2026-02-26,14
Retail,S003,ST0043_L,2026-02-26,10
Retail,S003,ST0008_L,2026-02-26,2
Retail,S003,ST0013_L,2026-02-26,48
Retail,S003,ST0029_M,2026-02-26,2
Retail,S003,ST0030_XL,2026-02-26,10
Retail,S003,ST0014_L,2026-02-26,44
Retail,S003,ST0024_M,2026-02-26,31
Retail,S003,ST0017_L,2026-02-26,14
Retail,S003,ST0033_XL,2026-02-26,31
Retail,S003,ST0017_S,2026-02-26,42
Retail,S003,ST0005_XL,2026-02-26,9
Retail,S004,ST0034_M,2026-02-26,5
Retail,S004,ST0040_M,2026-02-26,18
Retail,S004,ST0007_L,2026-02-26,44
Retail,S004,ST0007_M,2026-02-26,26
Retail,S004,ST0012_M,2026-02-26,46
Retail,S004,ST0035_S,2026-02-26,48
Retail,S004,ST0014_XL,2026-02-26,10
Retail,S004,ST0007_XL,2026-02-26,30
Retail,S004,ST0020_M,2026-02-26,10
Retail,S004,ST0014_L,2026-02-26,5
Retail,S004,ST0047_M,2026-02-26,11
Retail,S004,ST0044_M,2026-02-26,35
Retail,S004,ST0015_XL,2026-02-26,15
Retail,S004,ST0028_S,2026-02-26,41
Retail,S004,ST0013_L,2026-02-26,0
Retail,S004,ST0021_M,2026-02-26,32
Retail,S004,ST0039_L,2026-02-26,28
Retail,S004,ST0017_M,2026-02-26,8
Retail,S004,ST0010_M,2026-02-26,2
Retail,S004,ST0012_XL,2026-02-26,10
Retail,S005,ST0048_L,2026-02-26,8
Retail,S005,ST0028_M,2026-02-26,39
Retail,S005,ST0042_L,2026-02-26,0
Retail,S005,ST0041_S,2026-02-26,8
Retail,S005,ST0003_S,2026-02-26,13
Retail,S005,ST0047_L,2026-02-26,30
Retail,S005,ST0021_XL,2026-02-26,29
Retail,S005,ST0026_L,2026-02-26,16
Retail,S005,ST0020_XL,2026-02-26,16
Retail,S005,ST0006_L,2026-02-26,49
Retail,S005,ST0019_M,2026-02-26,23
Retail,S005,ST0046_XL,2026-02-26,34
Retail,S005,ST0019_L,2026-02-26,13
Retail,S005,ST0045_S,2026-02-26,34
Retail,S005,ST0006_S,2026-02-26,49
Retail,S005,ST0009_XL,2026-02-26,20
Retail,S005,ST0033_S,2026-02-26,8
Retail,S005,ST0035_M,2026-02-26,15
Retail,S005,ST0027_S,2026-02-26,48
Retail,S005,ST0050_XL,2026-02-26,44
Retail,S006,ST0001_S,2026-02-26,22
Retail,S006,ST0008_XL,2026-02-26,40
Retail,S006,ST0016_XL,2026-02-26,20
Retail,S006,ST0016_M,2026-02-26,30
Retail,S006,ST0047_S,2026-02-26,6
Retail,S006,ST0041_M,2026-02-26,49
Retail,S006,ST0010_XL,2026-02-26,41
Retail,S006,ST0046_S,2026-02-26,27
Retail,S006,ST0010_L,2026-02-26,31
Retail,S006,ST0043_S,2026-02-26,12
Retail,S006,ST0012_M,2026-02-26,1
Retail,S006,ST0029_S,2026-02-26,42
Retail,S006,ST0027_S,2026-02-26,48
Retail,S006,ST0018_M,2026-02-26,11
Retail,S006,ST0040_S,2026-02-26,27
Retail,S006,ST0010_M,2026-02-26,3
Retail,S006,ST0006_M,2026-02-26,43
Retail,S006,ST0024_XL,2026-02-26,11
Retail,S006,ST0005_M,2026-02-26,21
Retail,S006,ST0023_M,2026-02-26,24
Retail,S007,ST0003_XL,2026-02-26,35
Retail,S007,ST0031_M,2026-02-26,29
Retail,S007,ST0005_S,2026-02-26,2
Retail,S007,ST0021_XL,2026-02-26,48
Retail,S007,ST0046_XL,2026-02-26,7
Retail,S007,ST0036_L,2026-02-26,38
Retail,S007,ST0016_L,2026-02-26,48
Retail,S007,ST0039_L,2026-02-26,25
Retail,S007,ST0033_S,2026-02-26,37
Retail,S007,ST0038_M,2026-02-26,13
Retail,S007,ST0029_L,2026-02-26,9
Retail,S007,ST0027_L,2026-02-26,24
Retail,S007,ST0048_M,2026-02-26,10
Retail,S007,ST0005_L,2026-02-26,33
Retail,S007,ST0010_L,2026-02-26,35
Retail,S007,ST0007_L,2026-02-26,27
Retail,S007,ST0027_XL,2026-02-26,23
Retail,S007,ST0026_S,2026-02-26,5
Retail,S007,ST0022_S,2026-02-26,9
Retail,S007,ST0019_L,2026-02-26,30
Retail,S008,ST0022_M,2026-02-26,36
Retail,S008,ST0035_S,2026-02-26,31
Retail,S008,ST0050_XL,2026-02-26,17
Retail,S008,ST0001_L,2026-02-26,40
Retail,S008,ST0005_L,2026-02-26,41
Retail,S008,ST0048_L,2026-02-26,37
Retail,S008,ST0037_L,2026-02-26,26
Retail,S008,ST0024_M,2026-02-26,33
Retail,S008,ST0044_L,2026-02-26,14
Retail,S008,ST0046_XL,2026-02-26,42
Retail,S008,ST0027_M,2026-02-26,2
Retail,S008,ST0045_S,2026-02-26,1
Retail,S008,ST0038_XL,2026-02-26,11
Retail,S008,ST0010_S,2026-02-26,33
Retail,S008,ST0024_S,2026-02-26,45
Retail,S008,ST0038_S,2026-02-26,8
Retail,S008,ST0003_M,2026-02-26,36
Retail,S008,ST0033_M,2026-02-26,20
Retail,S008,ST0016_L,2026-02-26,49
Retail,S008,ST0047_S,2026-02-26,40
Retail,S009,ST0011_XL,2026-02-26,17
Retail,S009,ST0014_M,2026-02-26,43
Retail,S009,ST0021_M,2026-02-26,31
Retail,S009,ST0005_XL,2026-02-26,35
Retail,S009,ST0024_M,2026-02-26,46
Retail,S009,ST0022_M,2026-02-26,19
Retail,S009,ST0048_XL,2026-02-26,22
Retail,S009,ST0038_L,2026-02-26,13
Retail,S009,ST0027_XL,2026-02-26,42
Retail,S009,ST0018_M,2026-02-26,21
Retail,S009,ST0040_M,2026-02-26,30
Retail,S009,ST0008_XL,2026-02-26,17
Retail,S009,ST0010_M,2026-02-26,45
Retail,S009,ST0020_XL,2026-02-26,13
Retail,S009,ST0034_XL,2026-02-26,24
Retail,S009,ST0025_XL,2026-02-26,21
Retail,S009,ST0003_M,2026-02-26,41
Retail,S009,ST0005_L,2026-02-26,42
Retail,S009,ST0011_S,2026-02-26,16
Retail,S009,ST0047_L,2026-02-26,44
Retail,S010,ST0031_S,2026-02-26,34
Retail,S010,ST0010_XL,2026-02-26,37
Retail,S010,ST0044_S,2026-02-26,42
Retail,S010,ST0026_S,2026-02-26,45
Retail,S010,ST0001_L,2026-02-26,23
Retail,S010,ST0007_M,2026-02-26,41
Retail,S010,ST0011_S,2026-02-26,8
Retail,S010,ST0040_XL,2026-02-26,26
Retail,S010,ST0045_XL,2026-02-26,10
Retail,S010,ST0043_M,2026-02-26,46
Retail,S010,ST0033_L,2026-02-26,32
Retail,S010,ST0021_XL,2026-02-26,38
Retail,S010,ST0014_L,2026-02-26,6
Retail,S010,ST0024_M,2026-02-26,35
Retail,S010,ST0043_XL,2026-02-26,25
Retail,S010,ST0041_M,2026-02-26,9
Retail,S010,ST0003_XL,2026-02-26,14
Retail,S010,ST0035_M,2026-02-26,26
Retail,S010,ST0031_XL,2026-02-26,35
Retail,S010,ST0016_XL,2026-02-26,27
Retail,S001,ST0020_L,2026-02-27,15
Retail,S001,ST0019_M,2026-02-27,12
Retail,S001,ST0006_S,2026-02-27,13
Retail,S001,ST0025_L,2026-02-27,3
Retail,S001,ST0033_L,2026-02-27,9
Retail,S001,ST0006_M,2026-02-27,10
Retail,S001,ST0040_L,2026-02-27,21
Retail,S001,ST0005_L,2026-02-27,49
Retail,S001,ST0038_M,2026-02-27,10
Retail,S001,ST0043_L,2026-02-27,33
Retail,S001,ST0010_S,2026-02-27,10
Retail,S001,ST0017_M,2026-02-27,6
Retail,S001,ST0015_L,2026-02-27,15
Retail,S001,ST0039_M,2026-02-27,4
Retail,S001,ST0040_XL,2026-02-27,14
Retail,S001,ST0032_XL,2026-02-27,22
Retail,S001,ST0035_M,2026-02-27,41
Retail,S001,ST0044_L,2026-02-27,28
Retail,S001,ST0050_S,2026-02-27,4
Retail,S001,ST0005_M,2026-02-27,14
Retail,S002,ST0030_XL,2026-02-27,39
Retail,S002,ST0043_M,2026-02-27,30
Retail,S002,ST0045_M,2026-02-27,28
Retail,S002,ST0035_M,2026-02-27,16
Retail,S002,ST0049_XL,2026-02-27,18
Retail,S002,ST0009_L,2026-02-27,47
Retail,S002,ST0032_L,2026-02-27,32
Retail,S002,ST0033_M,2026-02-27,41
Retail,S002,ST0021_M,2026-02-27,17
Retail,S002,ST0018_L,2026-02-27,23
Retail,S002,ST0043_XL,2026-02-27,15
Retail,S002,ST0030_L,2026-02-27,2
Retail,S002,ST0042_M,2026-02-27,32
Retail,S002,ST0021_XL,2026-02-27,6
Retail,S002,ST0048_XL,2026-02-27,4
Retail,S002,ST0029_M,2026-02-27,29
Retail,S002,ST0022_S,2026-02-27,13
Retail,S002,ST0031_XL,2026-02-27,45
Retail,S002,ST0042_S,2026-02-27,3
Retail,S002,ST0035_S,2026-02-27,14
Retail,S003,ST0037_M,2026-02-27,36
Retail,S003,ST0002_L,2026-02-27,38
Retail,S003,ST0034_L,2026-02-27,39
Retail,S003,ST0023_M,2026-02-27,41
Retail,S003,ST0026_S,2026-02-27,7
Retail,S003,ST0016_XL,2026-02-27,22
Retail,S003,ST0001_S,2026-02-27,34
Retail,S003,ST0044_S,2026-02-27,2
Retail,S003,ST0009_M,2026-02-27,36
Retail,S003,ST0007_M,2026-02-27,19
Retail,S003,ST0047_M,2026-02-27,23
Retail,S003,ST0003_S,2026-02-27,24
Retail,S003,ST0044_XL,2026-02-27,26
Retail,S003,ST0021_XL,2026-02-27,21
Retail,S003,ST0043_L,2026-02-27,22
Retail,S003,ST0009_S,2026-02-27,29
Retail,S003,ST0048_M,2026-02-27,18
Retail,S003,ST0030_L,2026-02-27,38
Retail,S003,ST0026_XL,2026-02-27,1
Retail,S003,ST0014_XL,2026-02-27,39
Retail,S004,ST0007_L,2026-02-27,20
Retail,S004,ST0016_M,2026-02-27,35
Retail,S004,ST0038_XL,2026-02-27,43
Retail,S004,ST0042_S,2026-02-27,9
Retail,S004,ST0042_M,2026-02-27,10
Retail,S004,ST0009_S,2026-02-27,15
Retail,S004,ST0050_XL,2026-02-27,18
Retail,S004,ST0029_S,2026-02-27,43
Retail,S004,ST0043_S,2026-02-27,28
Retail,S004,ST0044_L,2026-02-27,41
Retail,S004,ST0049_S,2026-02-27,27
Retail,S004,ST0014_XL,2026-02-27,44
Retail,S004,ST0050_L,2026-02-27,31
Retail,S004,ST0026_XL,2026-02-27,25
Retail,S004,ST0036_M,2026-02-27,23
Retail,S004,ST0030_M,2026-02-27,5
Retail,S004,ST0013_XL,2026-02-27,13
Retail,S004,ST0010_M,2026-02-27,25
Retail,S004,ST0035_L,2026-02-27,43
Retail,S004,ST0015_L,2026-02-27,23
Retail,S005,ST0043_S,2026-02-27,11
Retail,S005,ST0050_XL,2026-02-27,27
Retail,S005,ST0047_M,2026-02-27,21
Retail,S005,ST0009_L,2026-02-27,40
Retail,S005,ST0030_M,2026-02-27,32
Retail,S005,ST0015_S,2026-02-27,23
Retail,S005,ST0033_XL,2026-02-27,37
Retail,S005,ST0026_M,2026-02-27,40
Retail,S005,ST0037_M,2026-02-27,7
Retail,S005,ST0012_L,2026-02-27,3
Retail,S005,ST0046_S,2026-02-27,24
Retail,S005,ST0043_XL,2026-02-27,1
Retail,S005,ST0018_M,2026-02-27,6
Retail,S005,ST0001_M,2026-02-27,46
Retail,S005,ST0011_L,2026-02-27,38
Retail,S005,ST0045_M,2026-02-27,20
Retail,S005,ST0010_L,2026-02-27,30
Retail,S005,ST0039_L,2026-02-27,32
Retail,S005,ST0017_M,2026-02-27,30
Retail,S005,ST0047_S,2026-02-27,5
Retail,S006,ST0021_XL,2026-02-27,15
Retail,S006,ST0049_M,2026-02-27,0
Retail,S006,ST0009_XL,2026-02-27,5
Retail,S006,ST0016_XL,2026-02-27,2
Retail,S006,ST0040_XL,2026-02-27,9
Retail,S006,ST0030_L,2026-02-27,41
Retail,S006,ST0003_M,2026-02-27,7
Retail,S006,ST0021_L,2026-02-27,37
Retail,S006,ST0003_S,2026-02-27,40
Retail,S006,ST0027_M,2026-02-27,3
Retail,S006,ST0018_L,2026-02-27,7
Retail,S006,ST0026_M,2026-02-27,22
Retail,S006,ST0007_XL,2026-02-27,3
Retail,S006,ST0030_S,2026-02-27,11
Retail,S006,ST0039_L,2026-02-27,0
Retail,S006,ST0047_M,2026-02-27,13
Retail,S006,ST0032_S,2026-02-27,10
Retail,S006,ST0011_L,2026-02-27,1
Retail,S006,ST0011_XL,2026-02-27,5
Retail,S006,ST0043_M,2026-02-27,1
Retail,S007,ST0049_S,2026-02-27,49
Retail,S007,ST0016_L,2026-02-27,42
Retail,S007,ST0050_S,2026-02-27,33
Retail,S007,ST0022_M,2026-02-27,48
Retail,S007,ST0022_S,2026-02-27,1
Retail,S007,ST0017_S,2026-02-27,25
Retail,S007,ST0011_M,2026-02-27,45
Retail,S007,ST0004_M,2026-02-27,19
Retail,S007,ST0027_L,2026-02-27,1
Retail,S007,ST0023_XL,2026-02-27,36
Retail,S007,ST0016_XL,2026-02-27,25
Retail,S007,ST0041_L,2026-02-27,35
Retail,S007,ST0004_S,2026-02-27,42
Retail,S007,ST0037_M,2026-02-27,24
Retail,S007,ST0026_S,2026-02-27,2
Retail,S007,ST0031_XL,2026-02-27,30
Retail,S007,ST0025_S,2026-02-27,39
Retail,S007,ST0001_S,2026-02-27,6
Retail,S007,ST0035_L,2026-02-27,48
Retail,S007,ST0031_L,2026-02-27,6
Retail,S008,ST0043_L,2026-02-27,25
Retail,S008,ST0025_M,2026-02-27,45
Retail,S008,ST0030_M,2026-02-27,13
Retail,S008,ST0004_XL,2026-02-27,0
Retail,S008,ST0015_XL,2026-02-27,27
Retail,S008,ST0042_M,2026-02-27,18
Retail,S008,ST0036_XL,2026-02-27,32
Retail,S008,ST0001_M,2026-02-27,35
Retail,S008,ST0045_XL,2026-02-27,48
Retail,S008,ST0048_XL,2026-02-27,43
Retail,S008,ST0040_S,2026-02-27,48
Retail,S008,ST0015_S,2026-02-27,34
Retail,S008,ST0005_L,2026-02-27,4
Retail,S008,ST0003_S,2026-02-27,25
Retail,S008,ST0007_L,2026-02-27,11
Retail,S008,ST0008_XL,2026-02-27,36
Retail,S008,ST0030_XL,2026-02-27,8
Retail,S008,ST0027_S,2026-02-27,30
Retail,S008,ST0033_S,2026-02-27,19
Retail,S008,ST0035_M,2026-02-27,3
Retail,S009,ST0027_L,2026-02-27,33
Retail,S009,ST0010_L,2026-02-27,45
Retail,S009,ST0031_L,2026-02-27,30
Retail,S009,ST0032_M,2026-02-27,32
Retail,S009,ST0037_L,2026-02-27,10
Retail,S009,ST0012_XL,2026-02-27,28
Retail,S009,ST0003_M,2026-02-27,26
Retail,S009,ST0008_M,2026-02-27,19
Retail,S009,ST0045_XL,2026-02-27,10
Retail,S009,ST0022_M,2026-02-27,39
Retail,S009,ST0024_M,2026-02-27,49
Retail,S009,ST0013_XL,2026-02-27,26
Retail,S009,ST0022_S,2026-02-27,41
Retail,S009,ST0036_L,2026-02-27,4
Retail,S009,ST0038_S,2026-02-27,12
Retail,S009,ST0016_XL,2026-02-27,4
Retail,S009,ST0047_L,2026-02-27,47
Retail,S009,ST0050_M,2026-02-27,33
Retail,S009,ST0045_S,2026-02-27,27
Retail,S009,ST0042_S,2026-02-27,1
Retail,S010,ST0030_L,2026-02-27,31
Retail,S010,ST0041_M,2026-02-27,24
Retail,S010,ST0018_M,2026-02-27,0
Retail,S010,ST0032_L,2026-02-27,40
Retail,S010,ST0050_XL,2026-02-27,38
Retail,S010,ST0029_L,2026-02-27,41
Retail,S010,ST0025_L,2026-02-27,43
Retail,S010,ST0015_XL,2026-02-27,27
Retail,S010,ST0015_S,2026-02-27,17
Retail,S010,ST0041_XL,2026-02-27,30
Retail,S010,ST0028_XL,2026-02-27,48
Retail,S010,ST0008_M,2026-02-27,11
Retail,S010,ST0043_L,2026-02-27,14
Retail,S010,ST0038_L,2026-02-27,36
Retail,S010,ST0036_S,2026-02-27,7
Retail,S010,ST0023_M,2026-02-27,2
Retail,S010,ST0048_L,2026-02-27,4
Retail,S010,ST0044_M,2026-02-27,15
Retail,S010,ST0047_S,2026-02-27,36
Retail,S010,ST0016_XL,2026-02-27,42
Retail,S001,ST0045_L,2026-02-28,41
Retail,S001,ST0011_M,2026-02-28,35
Retail,S001,ST0012_M,2026-02-28,14
Retail,S001,ST0035_S,2026-02-28,10
Retail,S001,ST0030_S,2026-02-28,16
Retail,S001,ST0031_XL,2026-02-28,43
Retail,S001,ST0044_S,2026-02-28,49
Retail,S001,ST0007_XL,2026-02-28,34
Retail,S001,ST0017_S,2026-02-28,13
Retail,S001,ST0040_M,2026-02-28,2
Retail,S001,ST0036_S,2026-02-28,30
Retail,S001,ST0034_M,2026-02-28,38
Retail,S001,ST0029_L,2026-02-28,31
Retail,S001,ST0026_S,2026-02-28,24
Retail,S001,ST0020_XL,2026-02-28,16
Retail,S001,ST0042_XL,2026-02-28,15
Retail,S001,ST0036_XL,2026-02-28,49
Retail,S001,ST0011_S,2026-02-28,41
Retail,S001,ST0013_L,2026-02-28,6
Retail,S001,ST0019_M,2026-02-28,2
Retail,S002,ST0043_S,2026-02-28,8
Retail,S002,ST0012_L,2026-02-28,8
Retail,S002,ST0016_XL,2026-02-28,37
Retail,S002,ST0049_M,2026-02-28,2
Retail,S002,ST0040_S,2026-02-28,48
Retail,S002,ST0013_XL,2026-02-28,32
Retail,S002,ST0017_M,2026-02-28,47
Retail,S002,ST0025_S,2026-02-28,2
Retail,S002,ST0019_L,2026-02-28,30
Retail,S002,ST0008_M,2026-02-28,12
Retail,S002,ST0035_XL,2026-02-28,0
Retail,S002,ST0044_L,2026-02-28,45
Retail,S002,ST0007_S,2026-02-28,8
Retail,S002,ST0031_M,2026-02-28,46
Retail,S002,ST0035_S,2026-02-28,33
Retail,S002,ST0014_XL,2026-02-28,0
Retail,S002,ST0003_L,2026-02-28,36
Retail,S002,ST0023_M,2026-02-28,22
Retail,S002,ST0033_S,2026-02-28,17
Retail,S002,ST0042_XL,2026-02-28,45
Retail,S003,ST0008_L,2026-02-28,20
Retail,S003,ST0001_L,2026-02-28,37
Retail,S003,ST0047_L,2026-02-28,13
Retail,S003,ST0049_S,2026-02-28,33
Retail,S003,ST0015_L,2026-02-28,4
Retail,S003,ST0039_M,2026-02-28,44
Retail,S003,ST0002_S,2026-02-28,7
Retail,S003,ST0048_XL,2026-02-28,23
Retail,S003,ST0039_L,2026-02-28,45
Retail,S003,ST0009_M,2026-02-28,31
Retail,S003,ST0046_XL,2026-02-28,11
Retail,S003,ST0042_L,2026-02-28,44
Retail,S003,ST0032_S,2026-02-28,27
Retail,S003,ST0026_XL,2026-02-28,47
Retail,S003,ST0049_L,2026-02-28,26
Retail,S003,ST0042_XL,2026-02-28,42
Retail,S003,ST0003_XL,2026-02-28,0
Retail,S003,ST0036_L,2026-02-28,20
Retail,S003,ST0017_XL,2026-02-28,22
Retail,S003,ST0006_S,2026-02-28,3
Retail,S004,ST0025_XL,2026-02-28,26
Retail,S004,ST0037_XL,2026-02-28,41
Retail,S004,ST0043_S,2026-02-28,19
Retail,S004,ST0044_XL,2026-02-28,0
Retail,S004,ST0016_L,2026-02-28,49
Retail,S004,ST0008_XL,2026-02-28,42
Retail,S004,ST0048_XL,2026-02-28,9
Retail,S004,ST0028_L,2026-02-28,16
Retail,S004,ST0020_M,2026-02-28,34
Retail,S004,ST0012_L,2026-02-28,6
Retail,S004,ST0007_S,2026-02-28,11
Retail,S004,ST0036_XL,2026-02-28,23
Retail,S004,ST0015_S,2026-02-28,13
Retail,S004,ST0014_XL,2026-02-28,36
Retail,S004,ST0023_S,2026-02-28,30
Retail,S004,ST0008_S,2026-02-28,11
Retail,S004,ST0007_M,2026-02-28,12
Retail,S004,ST0024_L,2026-02-28,21
Retail,S004,ST0038_M,2026-02-28,49
Retail,S004,ST0016_XL,2026-02-28,43
Retail,S005,ST0008_M,2026-02-28,27
Retail,S005,ST0037_XL,2026-02-28,48
Retail,S005,ST0020_L,2026-02-28,39
Retail,S005,ST0005_XL,2026-02-28,25
Retail,S005,ST0002_S,2026-02-28,10
Retail,S005,ST0025_S,2026-02-28,44
Retail,S005,ST0010_S,2026-02-28,0
Retail,S005,ST0001_L,2026-02-28,13
Retail,S005,ST0042_M,2026-02-28,25
Retail,S005,ST0040_L,2026-02-28,19
Retail,S005,ST0049_L,2026-02-28,24
Retail,S005,ST0029_XL,2026-02-28,23
Retail,S005,ST0020_S,2026-02-28,5
Retail,S005,ST0036_M,2026-02-28,1
Retail,S005,ST0037_M,2026-02-28,29
Retail,S005,ST0002_XL,2026-02-28,3
Retail,S005,ST0047_S,2026-02-28,19
Retail,S005,ST0013_XL,2026-02-28,49
Retail,S005,ST0023_XL,2026-02-28,17
Retail,S005,ST0019_L,2026-02-28,4
Retail,S006,ST0017_S,2026-02-28,49
Retail,S006,ST0003_S,2026-02-28,15
Retail,S006,ST0020_XL,2026-02-28,33
Retail,S006,ST0003_XL,2026-02-28,36
Retail,S006,ST0030_M,2026-02-28,42
Retail,S006,ST0033_XL,2026-02-28,49
Retail,S006,ST0007_XL,2026-02-28,48
Retail,S006,ST0036_S,2026-02-28,23
Retail,S006,ST0049_L,2026-02-28,15
Retail,S006,ST0039_L,2026-02-28,26
Retail,S006,ST0048_XL,2026-02-28,10
Retail,S006,ST0050_L,2026-02-28,8
Retail,S006,ST0044_XL,2026-02-28,38
Retail,S006,ST0039_XL,2026-02-28,34
Retail,S006,ST0041_M,2026-02-28,9
Retail,S006,ST0019_XL,2026-02-28,32
Retail,S006,ST0011_L,2026-02-28,8
Retail,S006,ST0021_S,2026-02-28,26
Retail,S006,ST0029_L,2026-02-28,44
Retail,S006,ST0034_M,2026-02-28,31
Retail,S007,ST0046_M,2026-02-28,35
Retail,S007,ST0006_L,2026-02-28,29
Retail,S007,ST0024_L,2026-02-28,25
Retail,S007,ST0010_L,2026-02-28,28
Retail,S007,ST0042_L,2026-02-28,46
Retail,S007,ST0025_XL,2026-02-28,20
Retail,S007,ST0018_L,2026-02-28,35
Retail,S007,ST0030_XL,2026-02-28,18
Retail,S007,ST0040_M,2026-02-28,9
Retail,S007,ST0029_S,2026-02-28,25
Retail,S007,ST0032_M,2026-02-28,31
Retail,S007,ST0013_L,2026-02-28,15
Retail,S007,ST0020_XL,2026-02-28,23
Retail,S007,ST0031_L,2026-02-28,23
Retail,S007,ST0022_M,2026-02-28,1
Retail,S007,ST0045_M,2026-02-28,3
Retail,S007,ST0042_M,2026-02-28,25
Retail,S007,ST0032_S,2026-02-28,32
Retail,S007,ST0023_XL,2026-02-28,15
Retail,S007,ST0009_L,2026-02-28,4
Retail,S008,ST0040_XL,2026-02-28,1
Retail,S008,ST0046_M,2026-02-28,21
Retail,S008,ST0027_S,2026-02-28,16
Retail,S008,ST0013_S,2026-02-28,23
Retail,S008,ST0021_M,2026-02-28,16
Retail,S008,ST0015_L,2026-02-28,21
Retail,S008,ST0022_XL,2026-02-28,5
Retail,S008,ST0013_XL,2026-02-28,39
Retail,S008,ST0006_M,2026-02-28,16
Retail,S008,ST0036_XL,2026-02-28,38
Retail,S008,ST0019_L,2026-02-28,47
Retail,S008,ST0050_L,2026-02-28,24
Retail,S008,ST0022_S,2026-02-28,31
Retail,S008,ST0045_L,2026-02-28,11
Retail,S008,ST0035_S,2026-02-28,37
Retail,S008,ST0038_L,2026-02-28,45
Retail,S008,ST0017_XL,2026-02-28,8
Retail,S008,ST0043_M,2026-02-28,39
Retail,S008,ST0049_M,2026-02-28,12
Retail,S008,ST0014_XL,2026-02-28,45
Retail,S009,ST0044_S,2026-02-28,47
Retail,S009,ST0044_M,2026-02-28,0
Retail,S009,ST0047_L,2026-02-28,5
Retail,S009,ST0036_M,2026-02-28,36
Retail,S009,ST0020_S,2026-02-28,33
Retail,S009,ST0049_L,2026-02-28,14
Retail,S009,ST0008_S,2026-02-28,40
Retail,S009,ST0026_M,2026-02-28,45
Retail,S009,ST0037_L,2026-02-28,1
Retail,S009,ST0034_XL,2026-02-28,5
Retail,S009,ST0027_XL,2026-02-28,11
Retail,S009,ST0037_S,2026-02-28,0
Retail,S009,ST0019_XL,2026-02-28,34
Retail,S009,ST0001_S,2026-02-28,18
Retail,S009,ST0037_M,2026-02-28,5
Retail,S009,ST0018_S,2026-02-28,22
Retail,S009,ST0042_M,2026-02-28,49
Retail,S009,ST0009_S,2026-02-28,21
Retail,S009,ST0002_S,2026-02-28,1
Retail,S009,ST0044_L,2026-02-28,16
Retail,S010,ST0034_M,2026-02-28,14
Retail,S010,ST0049_M,2026-02-28,23
Retail,S010,ST0018_S,2026-02-28,4
Retail,S010,ST0005_M,2026-02-28,11
Retail,S010,ST0048_M,2026-02-28,1
Retail,S010,ST0040_M,2026-02-28,37
Retail,S010,ST0002_M,2026-02-28,38
Retail,S010,ST0018_XL,2026-02-28,42
Retail,S010,ST0024_S,2026-02-28,40
Retail,S010,ST0028_XL,2026-02-28,7
Retail,S010,ST0030_M,2026-02-28,32
Retail,S010,ST0022_S,2026-02-28,41
Retail,S010,ST0030_XL,2026-02-28,27
Retail,S010,ST0002_S,2026-02-28,45
Retail,S010,ST0002_XL,2026-02-28,16
Retail,S010,ST0038_L,2026-02-28,36
Retail,S010,ST0035_S,2026-02-28,6
Retail,S010,ST0010_XL,2026-02-28,21
Retail,S010,ST0023_S,2026-02-28,24
Retail,S010,ST0025_L,2026-02-28,31
Retail,S001,ST0045_XL,2026-03-01,32
Retail,S001,ST0002_S,2026-03-01,9
Retail,S001,ST0017_S,2026-03-01,39
Retail,S001,ST0042_M,2026-03-01,28
Retail,S001,ST0020_L,2026-03-01,48
Retail,S001,ST0044_M,2026-03-01,15
Retail,S001,ST0006_M,2026-03-01,48
Retail,S001,ST0010_S,2026-03-01,25
Retail,S001,ST0014_XL,2026-03-01,33
Retail,S001,ST0031_M,2026-03-01,46
Retail,S001,ST0025_XL,2026-03-01,36
Retail,S001,ST0018_L,2026-03-01,49
Retail,S001,ST0033_M,2026-03-01,15
Retail,S001,ST0045_S,2026-03-01,35
Retail,S001,ST0033_XL,2026-03-01,35
Retail,S001,ST0048_S,2026-03-01,18
Retail,S001,ST0015_S,2026-03-01,20
Retail,S001,ST0038_M,2026-03-01,20
Retail,S001,ST0014_M,2026-03-01,16
Retail,S001,ST0035_L,2026-03-01,39
Retail,S002,ST0008_XL,2026-03-01,42
Retail,S002,ST0045_XL,2026-03-01,1
Retail,S002,ST0021_L,2026-03-01,25
Retail,S002,ST0035_M,2026-03-01,48
Retail,S002,ST0046_XL,2026-03-01,1
Retail,S002,ST0013_S,2026-03-01,40
Retail,S002,ST0050_M,2026-03-01,43
Retail,S002,ST0032_S,2026-03-01,14
Retail,S002,ST0037_L,2026-03-01,0
Retail,S002,ST0002_S,2026-03-01,34
Retail,S002,ST0019_S,2026-03-01,21
Retail,S002,ST0049_L,2026-03-01,21
Retail,S002,ST0005_M,2026-03-01,20
Retail,S002,ST0009_S,2026-03-01,44
Retail,S002,ST0022_S,2026-03-01,21
Retail,S002,ST0001_XL,2026-03-01,45
Retail,S002,ST0031_S,2026-03-01,8
Retail,S002,ST0027_S,2026-03-01,34
Retail,S002,ST0026_XL,2026-03-01,41
Retail,S002,ST0006_XL,2026-03-01,36
Retail,S003,ST0032_M,2026-03-01,36
Retail,S003,ST0005_L,2026-03-01,5
Retail,S003,ST0040_L,2026-03-01,1
Retail,S003,ST0041_S,2026-03-01,21
Retail,S003,ST0019_L,2026-03-01,46
Retail,S003,ST0019_S,2026-03-01,35
Retail,S003,ST0021_L,2026-03-01,6
Retail,S003,ST0006_XL,2026-03-01,48
Retail,S003,ST0021_S,2026-03-01,16
Retail,S003,ST0038_XL,2026-03-01,20
Retail,S003,ST0048_XL,2026-03-01,44
Retail,S003,ST0031_XL,2026-03-01,20
Retail,S003,ST0036_S,2026-03-01,21
Retail,S003,ST0043_XL,2026-03-01,27
Retail,S003,ST0044_L,2026-03-01,10
Retail,S003,ST0042_XL,2026-03-01,3
Retail,S003,ST0041_M,2026-03-01,6
Retail,S003,ST0030_S,2026-03-01,37
Retail,S003,ST0040_S,2026-03-01,46
Retail,S003,ST0028_L,2026-03-01,32
Retail,S004,ST0045_S,2026-03-01,18
Retail,S004,ST0045_L,2026-03-01,9
Retail,S004,ST0017_S,2026-03-01,33
Retail,S004,ST0048_XL,2026-03-01,17
Retail,S004,ST0027_M,2026-03-01,48
Retail,S004,ST0008_XL,2026-03-01,47
Retail,S004,ST0028_XL,2026-03-01,30
Retail,S004,ST0026_L,2026-03-01,34
Retail,S004,ST0012_L,2026-03-01,25
Retail,S004,ST0042_L,2026-03-01,48
Retail,S004,ST0028_M,2026-03-01,8
Retail,S004,ST0021_S,2026-03-01,12
Retail,S004,ST0005_S,2026-03-01,11
Retail,S004,ST0032_L,2026-03-01,14
Retail,S004,ST0046_S,2026-03-01,40
Retail,S004,ST0024_M,2026-03-01,49
Retail,S004,ST0002_XL,2026-03-01,13
Retail,S004,ST0049_L,2026-03-01,47
Retail,S004,ST0009_S,2026-03-01,33
Retail,S004,ST0018_M,2026-03-01,46
Retail,S005,ST0044_L,2026-03-01,41
Retail,S005,ST0009_L,2026-03-01,4
Retail,S005,ST0049_S,2026-03-01,34
Retail,S005,ST0024_XL,2026-03-01,16
Retail,S005,ST0008_M,2026-03-01,40
Retail,S005,ST0042_S,2026-03-01,27
Retail,S005,ST0040_M,2026-03-01,44
Retail,S005,ST0050_XL,2026-03-01,7
Retail,S005,ST0047_XL,2026-03-01,17
Retail,S005,ST0043_L,2026-03-01,2
Retail,S005,ST0037_L,2026-03-01,26
Retail,S005,ST0038_L,2026-03-01,15
Retail,S005,ST0048_XL,2026-03-01,35
Retail,S005,ST0009_XL,2026-03-01,35
Retail,S005,ST0048_L,2026-03-01,44
Retail,S005,ST0033_M,2026-03-01,30
Retail,S005,ST0038_S,2026-03-01,4
Retail,S005,ST0018_XL,2026-03-01,24
Retail,S005,ST0030_S,2026-03-01,23
Retail,S005,ST0002_M,2026-03-01,10
Retail,S006,ST0008_L,2026-03-01,48
Retail,S006,ST0033_XL,2026-03-01,15
Retail,S006,ST0011_L,2026-03-01,9
Retail,S006,ST0036_L,2026-03-01,11
Retail,S006,ST0021_L,2026-03-01,38
Retail,S006,ST0010_L,2026-03-01,18
Retail,S006,ST0030_XL,2026-03-01,18
Retail,S006,ST0016_M,2026-03-01,1
Retail,S006,ST0043_XL,2026-03-01,21
Retail,S006,ST0042_XL,2026-03-01,39
Retail,S006,ST0045_S,2026-03-01,13
Retail,S006,ST0027_M,2026-03-01,19
Retail,S006,ST0048_M,2026-03-01,4
Retail,S006,ST0005_S,2026-03-01,25
Retail,S006,ST0047_S,2026-03-01,7
Retail,S006,ST0008_S,2026-03-01,39
Retail,S006,ST0018_M,2026-03-01,29
Retail,S006,ST0022_L,2026-03-01,42
Retail,S006,ST0032_S,2026-03-01,43
Retail,S006,ST0023_M,2026-03-01,24
Retail,S007,ST0043_L,2026-03-01,37
Retail,S007,ST0049_XL,2026-03-01,37
Retail,S007,ST0008_L,2026-03-01,8
Retail,S007,ST0036_XL,2026-03-01,16
Retail,S007,ST0021_L,2026-03-01,38
Retail,S007,ST0026_S,2026-03-01,16
Retail,S007,ST0001_L,2026-03-01,41
Retail,S007,ST0042_L,2026-03-01,25
Retail,S007,ST0034_M,2026-03-01,32
Retail,S007,ST0031_XL,2026-03-01,14
Retail,S007,ST0029_M,2026-03-01,2
Retail,S007,ST0003_L,2026-03-01,26
Retail,S007,ST0018_M,2026-03-01,40
Retail,S007,ST0030_S,2026-03-01,4
Retail,S007,ST0047_M,2026-03-01,38
Retail,S007,ST0040_S,2026-03-01,42
Retail,S007,ST0044_L,2026-03-01,20
Retail,S007,ST0048_XL,2026-03-01,5
Retail,S007,ST0048_L,2026-03-01,10
Retail,S007,ST0008_S,2026-03-01,7
Retail,S008,ST0006_M,2026-03-01,37
Retail,S008,ST0029_L,2026-03-01,11
Retail,S008,ST0024_L,2026-03-01,43
Retail,S008,ST0017_XL,2026-03-01,45
Retail,S008,ST0001_L,2026-03-01,15
Retail,S008,ST0013_M,2026-03-01,43
Retail,S008,ST0028_S,2026-03-01,9
Retail,S008,ST0016_S,2026-03-01,4
Retail,S008,ST0034_M,2026-03-01,43
Retail,S008,ST0009_S,2026-03-01,4
Retail,S008,ST0037_XL,2026-03-01,47
Retail,S008,ST0029_XL,2026-03-01,19
Retail,S008,ST0017_L,2026-03-01,7
Retail,S008,ST0031_M,2026-03-01,18
Retail,S008,ST0013_S,2026-03-01,14
Retail,S008,ST0044_XL,2026-03-01,48
Retail,S008,ST0014_M,2026-03-01,24
Retail,S008,ST0037_S,2026-03-01,27
Retail,S008,ST0050_L,2026-03-01,22
Retail,S008,ST0039_XL,2026-03-01,32
Retail,S009,ST0045_S,2026-03-01,16
Retail,S009,ST0016_L,2026-03-01,15
Retail,S009,ST0004_M,2026-03-01,1
Retail,S009,ST0009_XL,2026-03-01,3
Retail,S009,ST0046_XL,2026-03-01,37
Retail,S009,ST0048_M,2026-03-01,39
Retail,S009,ST0008_S,2026-03-01,20
Retail,S009,ST0029_L,2026-03-01,25
Retail,S009,ST0037_L,2026-03-01,43
Retail,S009,ST0008_M,2026-03-01,12
Retail,S009,ST0020_M,2026-03-01,0
Retail,S009,ST0037_M,2026-03-01,38
Retail,S009,ST0026_L,2026-03-01,8
Retail,S009,ST0003_XL,2026-03-01,0
Retail,S009,ST0003_L,2026-03-01,7
Retail,S009,ST0039_S,2026-03-01,27
Retail,S009,ST0005_S,2026-03-01,20
Retail,S009,ST0013_L,2026-03-01,17
Retail,S009,ST0028_M,2026-03-01,28
Retail,S009,ST0005_M,2026-03-01,45
Retail,S010,ST0036_S,2026-03-01,6
Retail,S010,ST0035_S,2026-03-01,1
Retail,S010,ST0015_XL,2026-03-01,39
Retail,S010,ST0026_L,2026-03-01,29
Retail,S010,ST0009_M,2026-03-01,28
Retail,S010,ST0020_M,2026-03-01,10
Retail,S010,ST0022_S,2026-03-01,29
Retail,S010,ST0025_XL,2026-03-01,37
Retail,S010,ST0016_S,2026-03-01,13
Retail,S010,ST0034_S,2026-03-01,10
Retail,S010,ST0033_S,2026-03-01,25
Retail,S010,ST0007_XL,2026-03-01,8
Retail,S010,ST0045_S,2026-03-01,7
Retail,S010,ST0025_L,2026-03-01,28
Retail,S010,ST0038_XL,2026-03-01,44
Retail,S010,ST0042_M,2026-03-01,21
Retail,S010,ST0018_S,2026-03-01,0
Retail,S010,ST0033_L,2026-03-01,32
Retail,S010,ST0020_S,2026-03-01,36
Retail,S010,ST0007_S,2026-03-01,32
Retail,S001,ST0024_M,2026-03-02,13
Retail,S001,ST0031_S,2026-03-02,14
Retail,S001,ST0020_L,2026-03-02,26
Retail,S001,ST0008_M,2026-03-02,20
Retail,S001,ST0046_XL,2026-03-02,47
Retail,S001,ST0014_XL,2026-03-02,41
Retail,S001,ST0035_XL,2026-03-02,23
Retail,S001,ST0001_M,2026-03-02,46
Retail,S001,ST0012_S,2026-03-02,41
Retail,S001,ST0032_M,2026-03-02,40
Retail,S001,ST0009_S,2026-03-02,18
Retail,S001,ST0002_L,2026-03-02,17
Retail,S001,ST0032_L,2026-03-02,19
Retail,S001,ST0042_XL,2026-03-02,30
Retail,S001,ST0032_XL,2026-03-02,47
Retail,S001,ST0007_XL,2026-03-02,39
Retail,S001,ST0010_M,2026-03-02,31
Retail,S001,ST0047_L,2026-03-02,33
Retail,S001,ST0016_XL,2026-03-02,17
Retail,S001,ST0022_S,2026-03-02,0
Retail,S002,ST0029_M,2026-03-02,3
Retail,S002,ST0016_S,2026-03-02,1
Retail,S002,ST0016_XL,2026-03-02,3
Retail,S002,ST0045_S,2026-03-02,14
Retail,S002,ST0004_XL,2026-03-02,43
Retail,S002,ST0033_S,2026-03-02,1
Retail,S002,ST0032_S,2026-03-02,28
Retail,S002,ST0011_S,2026-03-02,23
Retail,S002,ST0015_L,2026-03-02,29
Retail,S002,ST0046_S,2026-03-02,2
Retail,S002,ST0030_XL,2026-03-02,33
Retail,S002,ST0037_S,2026-03-02,33
Retail,S002,ST0034_S,2026-03-02,46
Retail,S002,ST0004_L,2026-03-02,14
Retail,S002,ST0002_S,2026-03-02,24
Retail,S002,ST0032_M,2026-03-02,23
Retail,S002,ST0018_M,2026-03-02,3
Retail,S002,ST0008_M,2026-03-02,6
Retail,S002,ST0031_M,2026-03-02,4
Retail,S002,ST0011_XL,2026-03-02,2
Retail,S003,ST0044_M,2026-03-02,14
Retail,S003,ST0046_M,2026-03-02,30
Retail,S003,ST0023_L,2026-03-02,21
Retail,S003,ST0006_S,2026-03-02,17
Retail,S003,ST0018_XL,2026-03-02,25
Retail,S003,ST0039_XL,2026-03-02,23
Retail,S003,ST0028_XL,2026-03-02,35
Retail,S003,ST0033_M,2026-03-02,47
Retail,S003,ST0024_L,2026-03-02,6
Retail,S003,ST0020_L,2026-03-02,30
Retail,S003,ST0011_M,2026-03-02,46
Retail,S003,ST0005_XL,2026-03-02,17
Retail,S003,ST0042_L,2026-03-02,45
Retail,S003,ST0009_M,2026-03-02,9
Retail,S003,ST0030_M,2026-03-02,39
Retail,S003,ST0004_M,2026-03-02,46
Retail,S003,ST0042_M,2026-03-02,20
Retail,S003,ST0036_M,2026-03-02,27
Retail,S003,ST0004_S,2026-03-02,36
Retail,S003,ST0042_S,2026-03-02,27
Retail,S004,ST0009_S,2026-03-02,47
Retail,S004,ST0041_XL,2026-03-02,39
Retail,S004,ST0018_XL,2026-03-02,41
Retail,S004,ST0011_L,2026-03-02,44
Retail,S004,ST0027_M,2026-03-02,11
Retail,S004,ST0020_S,2026-03-02,7
Retail,S004,ST0035_L,2026-03-02,43
Retail,S004,ST0035_S,2026-03-02,35
Retail,S004,ST0004_M,2026-03-02,18
Retail,S004,ST0042_XL,2026-03-02,34
Retail,S004,ST0023_S,2026-03-02,12
Retail,S004,ST0017_S,2026-03-02,14
Retail,S004,ST0012_XL,2026-03-02,2
Retail,S004,ST0006_L,2026-03-02,26
Retail,S004,ST0043_M,2026-03-02,46
Retail,S004,ST0028_S,2026-03-02,21
Retail,S004,ST0044_S,2026-03-02,33
Retail,S004,ST0005_S,2026-03-02,9
Retail,S004,ST0013_XL,2026-03-02,47
Retail,S004,ST0018_L,2026-03-02,39
Retail,S005,ST0010_S,2026-03-02,4
Retail,S005,ST0028_M,2026-03-02,19
Retail,S005,ST0025_L,2026-03-02,2
Retail,S005,ST0024_XL,2026-03-02,24
Retail,S005,ST0027_L,2026-03-02,49
Retail,S005,ST0025_S,2026-03-02,1
Retail,S005,ST0009_L,2026-03-02,9
Retail,S005,ST0017_L,2026-03-02,12
Retail,S005,ST0032_L,2026-03-02,42
Retail,S005,ST0020_L,2026-03-02,48
Retail,S005,ST0046_XL,2026-03-02,46
Retail,S005,ST0028_XL,2026-03-02,7
Retail,S005,ST0027_XL,2026-03-02,1
Retail,S005,ST0030_M,2026-03-02,3
Retail,S005,ST0020_M,2026-03-02,43
Retail,S005,ST0002_L,2026-03-02,16
Retail,S005,ST0018_M,2026-03-02,27
Retail,S005,ST0046_L,2026-03-02,24
Retail,S005,ST0006_M,2026-03-02,42
Retail,S005,ST0022_M,2026-03-02,26
Retail,S006,ST0001_XL,2026-03-02,21
Retail,S006,ST0012_S,2026-03-02,18
Retail,S006,ST0018_S,2026-03-02,26
Retail,S006,ST0036_XL,2026-03-02,33
Retail,S006,ST0013_L,2026-03-02,34
Retail,S006,ST0022_M,2026-03-02,40
Retail,S006,ST0020_M,2026-03-02,39
Retail,S006,ST0028_XL,2026-03-02,0
Retail,S006,ST0023_M,2026-03-02,34
Retail,S006,ST0008_M,2026-03-02,10
Retail,S006,ST0043_S,2026-03-02,7
Retail,S006,ST0024_M,2026-03-02,14
Retail,S006,ST0045_XL,2026-03-02,27
Retail,S006,ST0040_XL,2026-03-02,12
Retail,S006,ST0013_S,2026-03-02,5
Retail,S006,ST0016_L,2026-03-02,36
Retail,S006,ST0012_XL,2026-03-02,4
Retail,S006,ST0040_L,2026-03-02,29
Retail,S006,ST0031_L,2026-03-02,47
Retail,S006,ST0008_XL,2026-03-02,30
Retail,S007,ST0009_S,2026-03-02,42
Retail,S007,ST0046_L,2026-03-02,36
Retail,S007,ST0050_M,2026-03-02,11
Retail,S007,ST0028_S,2026-03-02,0
Retail,S007,ST0035_XL,2026-03-02,0
Retail,S007,ST0048_S,2026-03-02,28
Retail,S007,ST0029_S,2026-03-02,8
Retail,S007,ST0011_XL,2026-03-02,11
Retail,S007,ST0014_M,2026-03-02,11
Retail,S007,ST0007_XL,2026-03-02,21
Retail,S007,ST0036_L,2026-03-02,42
Retail,S007,ST0016_M,2026-03-02,38
Retail,S007,ST0010_XL,2026-03-02,49
Retail,S007,ST0033_L,2026-03-02,45
Retail,S007,ST0002_S,2026-03-02,35
Retail,S007,ST0032_S,2026-03-02,23
Retail,S007,ST0038_XL,2026-03-02,39
Retail,S007,ST0012_M,2026-03-02,34
Retail,S007,ST0031_XL,2026-03-02,22
Retail,S007,ST0020_L,2026-03-02,15
Retail,S008,ST0050_M,2026-03-02,9
Retail,S008,ST0032_L,2026-03-02,29
Retail,S008,ST0008_M,2026-03-02,38
Retail,S008,ST0027_XL,2026-03-02,31
Retail,S008,ST0027_S,2026-03-02,48
Retail,S008,ST0047_S,2026-03-02,30
Retail,S008,ST0015_S,2026-03-02,28
Retail,S008,ST0049_S,2026-03-02,34
Retail,S008,ST0026_S,2026-03-02,38
Retail,S008,ST0047_L,2026-03-02,12
Retail,S008,ST0024_S,2026-03-02,7
Retail,S008,ST0006_M,2026-03-02,34
Retail,S008,ST0002_L,2026-03-02,10
Retail,S008,ST0003_XL,2026-03-02,37
Retail,S008,ST0031_S,2026-03-02,12
Retail,S008,ST0049_XL,2026-03-02,21
Retail,S008,ST0002_S,2026-03-02,35
Retail,S008,ST0041_L,2026-03-02,27
Retail,S008,ST0018_M,2026-03-02,33
Retail,S008,ST0037_L,2026-03-02,49
Retail,S009,ST0039_S,2026-03-02,3
Retail,S009,ST0048_S,2026-03-02,25
Retail,S009,ST0023_M,2026-03-02,18
Retail,S009,ST0030_S,2026-03-02,41
Retail,S009,ST0025_L,2026-03-02,27
Retail,S009,ST0048_XL,2026-03-02,12
Retail,S009,ST0044_XL,2026-03-02,44
Retail,S009,ST0004_L,2026-03-02,4
Retail,S009,ST0049_M,2026-03-02,8
Retail,S009,ST0005_S,2026-03-02,1
Retail,S009,ST0037_L,2026-03-02,13
Retail,S009,ST0034_S,2026-03-02,3
Retail,S009,ST0007_S,2026-03-02,6
Retail,S009,ST0003_XL,2026-03-02,27
Retail,S009,ST0025_XL,2026-03-02,47
Retail,S009,ST0019_XL,2026-03-02,16
Retail,S009,ST0004_S,2026-03-02,5
Retail,S009,ST0021_L,2026-03-02,43
Retail,S009,ST0024_L,2026-03-02,11
Retail,S009,ST0013_S,2026-03-02,33
Retail,S010,ST0022_XL,2026-03-02,31
Retail,S010,ST0035_XL,2026-03-02,27
Retail,S010,ST0038_M,2026-03-02,35
Retail,S010,ST0038_XL,2026-03-02,1
Retail,S010,ST0019_XL,2026-03-02,6
Retail,S010,ST0048_M,2026-03-02,24
Retail,S010,ST0022_S,2026-03-02,35
Retail,S010,ST0006_L,2026-03-02,20
Retail,S010,ST0014_XL,2026-03-02,12
Retail,S010,ST0028_S,2026-03-02,22
Retail,S010,ST0005_XL,2026-03-02,35
Retail,S010,ST0012_S,2026-03-02,8
Retail,S010,ST0031_M,2026-03-02,20
Retail,S010,ST0034_L,2026-03-02,7
Retail,S010,ST0016_L,2026-03-02,37
Retail,S010,ST0026_M,2026-03-02,22
Retail,S010,ST0044_M,2026-03-02,7
Retail,S010,ST0025_S,2026-03-02,14
Retail,S010,ST0046_XL,2026-03-02,30
Retail,S010,ST0040_S,2026-03-02,22
Retail,S001,ST0047_XL,2026-03-03,12
Retail,S001,ST0030_XL,2026-03-03,13
Retail,S001,ST0037_XL,2026-03-03,46
Retail,S001,ST0044_S,2026-03-03,37
Retail,S001,ST0003_S,2026-03-03,42
Retail,S001,ST0050_XL,2026-03-03,16
Retail,S001,ST0005_L,2026-03-03,41
Retail,S001,ST0025_XL,2026-03-03,2
Retail,S001,ST0018_XL,2026-03-03,45
Retail,S001,ST0046_S,2026-03-03,0
Retail,S001,ST0010_L,2026-03-03,39
Retail,S001,ST0010_S,2026-03-03,26
Retail,S001,ST0009_M,2026-03-03,5
Retail,S001,ST0010_M,2026-03-03,3
Retail,S001,ST0046_M,2026-03-03,43
Retail,S001,ST0028_L,2026-03-03,22
Retail,S001,ST0035_S,2026-03-03,37
Retail,S001,ST0026_S,2026-03-03,23
Retail,S001,ST0011_XL,2026-03-03,8
Retail,S001,ST0033_XL,2026-03-03,19
Retail,S002,ST0009_M,2026-03-03,13
Retail,S002,ST0023_S,2026-03-03,38
Retail,S002,ST0014_XL,2026-03-03,20
Retail,S002,ST0042_L,2026-03-03,46
Retail,S002,ST0025_XL,2026-03-03,38
Retail,S002,ST0028_S,2026-03-03,24
Retail,S002,ST0028_M,2026-03-03,1
Retail,S002,ST0037_L,2026-03-03,34
Retail,S002,ST0037_XL,2026-03-03,9
Retail,S002,ST0006_L,2026-03-03,32
Retail,S002,ST0004_XL,2026-03-03,48
Retail,S002,ST0012_S,2026-03-03,21
Retail,S002,ST0031_L,2026-03-03,13
Retail,S002,ST0039_S,2026-03-03,43
Retail,S002,ST0032_S,2026-03-03,22
Retail,S002,ST0031_M,2026-03-03,42
Retail,S002,ST0043_S,2026-03-03,41
Retail,S002,ST0025_M,2026-03-03,29
Retail,S002,ST0021_L,2026-03-03,30
Retail,S002,ST0031_XL,2026-03-03,16
Retail,S003,ST0046_XL,2026-03-03,46
Retail,S003,ST0013_S,2026-03-03,19
Retail,S003,ST0029_S,2026-03-03,31
Retail,S003,ST0030_XL,2026-03-03,38
Retail,S003,ST0041_L,2026-03-03,7
Retail,S003,ST0050_M,2026-03-03,32
Retail,S003,ST0005_L,2026-03-03,13
Retail,S003,ST0029_M,2026-03-03,39
Retail,S003,ST0036_S,2026-03-03,15
Retail,S003,ST0014_M,2026-03-03,37
Retail,S003,ST0016_XL,2026-03-03,37
Retail,S003,ST0020_M,2026-03-03,44
Retail,S003,ST0022_L,2026-03-03,15
Retail,S003,ST0047_L,2026-03-03,44
Retail,S003,ST0047_XL,2026-03-03,13
Retail,S003,ST0018_M,2026-03-03,42
Retail,S003,ST0028_XL,2026-03-03,7
Retail,S003,ST0042_S,2026-03-03,12
Retail,S003,ST0021_S,2026-03-03,4
Retail,S003,ST0050_XL,2026-03-03,38
Retail,S004,ST0045_XL,2026-03-03,22
Retail,S004,ST0035_L,2026-03-03,46
Retail,S004,ST0032_L,2026-03-03,41
Retail,S004,ST0029_S,2026-03-03,33
Retail,S004,ST0004_M,2026-03-03,0
Retail,S004,ST0026_XL,2026-03-03,43
Retail,S004,ST0030_L,2026-03-03,39
Retail,S004,ST0031_XL,2026-03-03,27
Retail,S004,ST0048_S,2026-03-03,35
Retail,S004,ST0036_S,2026-03-03,39
Retail,S004,ST0021_M,2026-03-03,42
Retail,S004,ST0032_M,2026-03-03,15
Retail,S004,ST0019_XL,2026-03-03,0
Retail,S004,ST0050_M,2026-03-03,14
Retail,S004,ST0007_XL,2026-03-03,31
Retail,S004,ST0016_L,2026-03-03,46
Retail,S004,ST0017_XL,2026-03-03,38
Retail,S004,ST0007_L,2026-03-03,20
Retail,S004,ST0046_M,2026-03-03,11
Retail,S004,ST0023_L,2026-03-03,26
Retail,S005,ST0036_L,2026-03-03,44
Retail,S005,ST0040_L,2026-03-03,37
Retail,S005,ST0045_S,2026-03-03,48
Retail,S005,ST0019_M,2026-03-03,9
Retail,S005,ST0031_S,2026-03-03,43
Retail,S005,ST0027_XL,2026-03-03,38
Retail,S005,ST0023_S,2026-03-03,31
Retail,S005,ST0011_M,2026-03-03,20
Retail,S005,ST0035_XL,2026-03-03,22
Retail,S005,ST0050_L,2026-03-03,35
Retail,S005,ST0040_S,2026-03-03,28
Retail,S005,ST0029_S,2026-03-03,18
Retail,S005,ST0007_L,2026-03-03,23
Retail,S005,ST0009_L,2026-03-03,45
Retail,S005,ST0049_XL,2026-03-03,6
Retail,S005,ST0015_S,2026-03-03,27
Retail,S005,ST0006_L,2026-03-03,38
Retail,S005,ST0016_M,2026-03-03,41
Retail,S005,ST0047_XL,2026-03-03,26
Retail,S005,ST0037_L,2026-03-03,48
Retail,S006,ST0021_M,2026-03-03,49
Retail,S006,ST0047_XL,2026-03-03,25
Retail,S006,ST0011_M,2026-03-03,38
Retail,S006,ST0005_S,2026-03-03,3
Retail,S006,ST0008_L,2026-03-03,46
Retail,S006,ST0037_L,2026-03-03,2
Retail,S006,ST0003_L,2026-03-03,22
Retail,S006,ST0032_S,2026-03-03,25
Retail,S006,ST0030_S,2026-03-03,21
Retail,S006,ST0047_S,2026-03-03,2
Retail,S006,ST0015_S,2026-03-03,29
Retail,S006,ST0028_XL,2026-03-03,2
Retail,S006,ST0012_L,2026-03-03,12
Retail,S006,ST0038_XL,2026-03-03,10
Retail,S006,ST0028_M,2026-03-03,6
Retail,S006,ST0001_M,2026-03-03,2
Retail,S006,ST0032_XL,2026-03-03,16
Retail,S006,ST0017_S,2026-03-03,48
Retail,S006,ST0046_M,2026-03-03,16
Retail,S006,ST0038_S,2026-03-03,22
Retail,S007,ST0020_M,2026-03-03,19
Retail,S007,ST0017_S,2026-03-03,31
Retail,S007,ST0001_XL,2026-03-03,1
Retail,S007,ST0030_L,2026-03-03,11
Retail,S007,ST0012_XL,2026-03-03,38
Retail,S007,ST0014_M,2026-03-03,11
Retail,S007,ST0037_S,2026-03-03,40
Retail,S007,ST0026_XL,2026-03-03,11
Retail,S007,ST0042_S,2026-03-03,5
Retail,S007,ST0033_M,2026-03-03,22
Retail,S007,ST0007_M,2026-03-03,25
Retail,S007,ST0019_XL,2026-03-03,2
Retail,S007,ST0026_S,2026-03-03,26
Retail,S007,ST0022_L,2026-03-03,36
Retail,S007,ST0050_L,2026-03-03,16
Retail,S007,ST0003_L,2026-03-03,39
Retail,S007,ST0023_XL,2026-03-03,29
Retail,S007,ST0030_XL,2026-03-03,40
Retail,S007,ST0044_M,2026-03-03,17
Retail,S007,ST0045_S,2026-03-03,30
Retail,S008,ST0026_S,2026-03-03,7
Retail,S008,ST0011_XL,2026-03-03,19
Retail,S008,ST0001_M,2026-03-03,16
Retail,S008,ST0035_S,2026-03-03,11
Retail,S008,ST0024_M,2026-03-03,9
Retail,S008,ST0014_L,2026-03-03,2
Retail,S008,ST0015_XL,2026-03-03,23
Retail,S008,ST0010_M,2026-03-03,26
Retail,S008,ST0009_XL,2026-03-03,9
Retail,S008,ST0014_XL,2026-03-03,11
Retail,S008,ST0009_M,2026-03-03,33
Retail,S008,ST0024_S,2026-03-03,44
Retail,S008,ST0046_M,2026-03-03,8
Retail,S008,ST0025_S,2026-03-03,33
Retail,S008,ST0038_S,2026-03-03,29
Retail,S008,ST0032_S,2026-03-03,23
Retail,S008,ST0005_S,2026-03-03,45
Retail,S008,ST0023_S,2026-03-03,25
Retail,S008,ST0050_L,2026-03-03,44
Retail,S008,ST0002_M,2026-03-03,44
Retail,S009,ST0020_L,2026-03-03,47
Retail,S009,ST0022_XL,2026-03-03,14
Retail,S009,ST0032_S,2026-03-03,44
Retail,S009,ST0038_M,2026-03-03,2
Retail,S009,ST0037_L,2026-03-03,33
Retail,S009,ST0044_L,2026-03-03,20
Retail,S009,ST0016_XL,2026-03-03,24
Retail,S009,ST0024_S,2026-03-03,17
Retail,S009,ST0003_L,2026-03-03,44
Retail,S009,ST0008_M,2026-03-03,2
Retail,S009,ST0029_S,2026-03-03,31
Retail,S009,ST0008_XL,2026-03-03,31
Retail,S009,ST0020_S,2026-03-03,43
Retail,S009,ST0024_L,2026-03-03,38
Retail,S009,ST0014_L,2026-03-03,34
Retail,S009,ST0006_L,2026-03-03,39
Retail,S009,ST0024_XL,2026-03-03,34
Retail,S009,ST0005_L,2026-03-03,26
Retail,S009,ST0047_S,2026-03-03,43
Retail,S009,ST0039_L,2026-03-03,38
Retail,S010,ST0010_S,2026-03-03,32
Retail,S010,ST0029_M,2026-03-03,9
Retail,S010,ST0019_L,2026-03-03,23
Retail,S010,ST0010_M,2026-03-03,22
Retail,S010,ST0049_L,2026-03-03,41
Retail,S010,ST0013_L,2026-03-03,7
Retail,S010,ST0023_M,2026-03-03,17
Retail,S010,ST0022_M,2026-03-03,47
Retail,S010,ST0012_XL,2026-03-03,39
Retail,S010,ST0023_XL,2026-03-03,8
Retail,S010,ST0011_S,2026-03-03,10
Retail,S010,ST0031_XL,2026-03-03,40
Retail,S010,ST0041_XL,2026-03-03,39
Retail,S010,ST0004_M,2026-03-03,25
Retail,S010,ST0045_M,2026-03-03,32
Retail,S010,ST0012_L,2026-03-03,1
Retail,S010,ST0044_S,2026-03-03,13
Retail,S010,ST0005_S,2026-03-03,22
Retail,S010,ST0021_S,2026-03-03,0
Retail,S010,ST0049_XL,2026-03-03,31
Retail,S001,ST0009_L,2026-03-04,11
Retail,S001,ST0035_S,2026-03-04,33
Retail,S001,ST0046_L,2026-03-04,29
Retail,S001,ST0005_M,2026-03-04,15
Retail,S001,ST0028_S,2026-03-04,17
Retail,S001,ST0046_S,2026-03-04,12
Retail,S001,ST0038_XL,2026-03-04,34
Retail,S001,ST0016_L,2026-03-04,26
Retail,S001,ST0021_S,2026-03-04,9
Retail,S001,ST0006_S,2026-03-04,46
Retail,S001,ST0028_L,2026-03-04,6
Retail,S001,ST0048_L,2026-03-04,42
Retail,S001,ST0043_M,2026-03-04,41
Retail,S001,ST0037_S,2026-03-04,25
Retail,S001,ST0008_L,2026-03-04,17
Retail,S001,ST0042_M,2026-03-04,27
Retail,S001,ST0017_S,2026-03-04,35
Retail,S001,ST0011_L,2026-03-04,9
Retail,S001,ST0043_S,2026-03-04,30
Retail,S001,ST0024_M,2026-03-04,7
Retail,S002,ST0024_L,2026-03-04,44
Retail,S002,ST0002_S,2026-03-04,16
Retail,S002,ST0026_L,2026-03-04,11
Retail,S002,ST0046_XL,2026-03-04,15
Retail,S002,ST0014_L,2026-03-04,49
Retail,S002,ST0035_M,2026-03-04,21
Retail,S002,ST0019_M,2026-03-04,12
Retail,S002,ST0011_XL,2026-03-04,4
Retail,S002,ST0009_XL,2026-03-04,33
Retail,S002,ST0041_S,2026-03-04,6
Retail,S002,ST0018_S,2026-03-04,14
Retail,S002,ST0020_L,2026-03-04,28
Retail,S002,ST0034_M,2026-03-04,26
Retail,S002,ST0037_S,2026-03-04,48
Retail,S002,ST0007_S,2026-03-04,7
Retail,S002,ST0029_L,2026-03-04,14
Retail,S002,ST0025_L,2026-03-04,8
Retail,S002,ST0039_XL,2026-03-04,12
Retail,S002,ST0046_L,2026-03-04,10
Retail,S002,ST0019_S,2026-03-04,34
Retail,S003,ST0008_M,2026-03-04,0
Retail,S003,ST0013_XL,2026-03-04,44
Retail,S003,ST0022_S,2026-03-04,40
Retail,S003,ST0043_M,2026-03-04,10
Retail,S003,ST0001_L,2026-03-04,24
Retail,S003,ST0032_M,2026-03-04,10
Retail,S003,ST0020_L,2026-03-04,47
Retail,S003,ST0006_L,2026-03-04,45
Retail,S003,ST0045_S,2026-03-04,49
Retail,S003,ST0049_L,2026-03-04,46
Retail,S003,ST0019_S,2026-03-04,22
Retail,S003,ST0049_M,2026-03-04,9
Retail,S003,ST0015_M,2026-03-04,14
Retail,S003,ST0016_S,2026-03-04,33
Retail,S003,ST0032_XL,2026-03-04,38
Retail,S003,ST0037_XL,2026-03-04,41
Retail,S003,ST0025_S,2026-03-04,22
Retail,S003,ST0011_M,2026-03-04,21
Retail,S003,ST0036_M,2026-03-04,26
Retail,S003,ST0044_XL,2026-03-04,4
Retail,S004,ST0031_XL,2026-03-04,12
Retail,S004,ST0029_S,2026-03-04,21
Retail,S004,ST0001_S,2026-03-04,20
Retail,S004,ST0017_XL,2026-03-04,11
Retail,S004,ST0010_L,2026-03-04,38
Retail,S004,ST0036_XL,2026-03-04,33
Retail,S004,ST0020_XL,2026-03-04,21
Retail,S004,ST0043_XL,2026-03-04,44
Retail,S004,ST0003_M,2026-03-04,16
Retail,S004,ST0015_S,2026-03-04,26
Retail,S004,ST0036_M,2026-03-04,39
Retail,S004,ST0040_L,2026-03-04,0
Retail,S004,ST0006_XL,2026-03-04,36
Retail,S004,ST0041_S,2026-03-04,42
Retail,S004,ST0035_S,2026-03-04,2
Retail,S004,ST0034_L,2026-03-04,21
Retail,S004,ST0019_S,2026-03-04,24
Retail,S004,ST0020_L,2026-03-04,49
Retail,S004,ST0016_L,2026-03-04,19
Retail,S004,ST0025_S,2026-03-04,14
Retail,S005,ST0032_L,2026-03-04,16
Retail,S005,ST0011_XL,2026-03-04,15
Retail,S005,ST0022_XL,2026-03-04,15
Retail,S005,ST0017_S,2026-03-04,6
Retail,S005,ST0009_XL,2026-03-04,40
Retail,S005,ST0001_M,2026-03-04,16
Retail,S005,ST0040_M,2026-03-04,2
Retail,S005,ST0027_L,2026-03-04,33
Retail,S005,ST0023_L,2026-03-04,3
Retail,S005,ST0045_S,2026-03-04,19
Retail,S005,ST0032_S,2026-03-04,34
Retail,S005,ST0012_M,2026-03-04,13
Retail,S005,ST0048_L,2026-03-04,23
Retail,S005,ST0011_S,2026-03-04,10
Retail,S005,ST0009_S,2026-03-04,7
Retail,S005,ST0045_L,2026-03-04,8
Retail,S005,ST0019_XL,2026-03-04,25
Retail,S005,ST0024_M,2026-03-04,44
Retail,S005,ST0002_L,2026-03-04,24
Retail,S005,ST0018_S,2026-03-04,5
Retail,S006,ST0008_XL,2026-03-04,31
Retail,S006,ST0031_L,2026-03-04,37
Retail,S006,ST0026_M,2026-03-04,47
Retail,S006,ST0034_S,2026-03-04,27
Retail,S006,ST0026_XL,2026-03-04,18
Retail,S006,ST0033_M,2026-03-04,43
Retail,S006,ST0046_S,2026-03-04,9
Retail,S006,ST0037_L,2026-03-04,39
Retail,S006,ST0041_S,2026-03-04,38
Retail,S006,ST0005_XL,2026-03-04,37
Retail,S006,ST0028_L,2026-03-04,48
Retail,S006,ST0006_XL,2026-03-04,5
Retail,S006,ST0038_XL,2026-03-04,23
Retail,S006,ST0035_XL,2026-03-04,7
Retail,S006,ST0002_S,2026-03-04,3
Retail,S006,ST0010_S,2026-03-04,16
Retail,S006,ST0025_S,2026-03-04,21
Retail,S006,ST0030_XL,2026-03-04,35
Retail,S006,ST0012_XL,2026-03-04,20
Retail,S006,ST0018_L,2026-03-04,24
Retail,S007,ST0041_S,2026-03-04,24
Retail,S007,ST0024_S,2026-03-04,14
Retail,S007,ST0011_XL,2026-03-04,20
Retail,S007,ST0010_M,2026-03-04,24
Retail,S007,ST0020_XL,2026-03-04,4
Retail,S007,ST0036_M,2026-03-04,48
Retail,S007,ST0003_XL,2026-03-04,41
Retail,S007,ST0026_M,2026-03-04,39
Retail,S007,ST0024_XL,2026-03-04,46
Retail,S007,ST0028_XL,2026-03-04,45
Retail,S007,ST0045_S,2026-03-04,15
Retail,S007,ST0045_L,2026-03-04,39
Retail,S007,ST0001_S,2026-03-04,38
Retail,S007,ST0029_XL,2026-03-04,5
Retail,S007,ST0026_S,2026-03-04,9
Retail,S007,ST0019_XL,2026-03-04,5
Retail,S007,ST0010_S,2026-03-04,46
Retail,S007,ST0011_L,2026-03-04,32
Retail,S007,ST0021_L,2026-03-04,27
Retail,S007,ST0034_M,2026-03-04,0
Retail,S008,ST0009_M,2026-03-04,45
Retail,S008,ST0009_XL,2026-03-04,0
Retail,S008,ST0036_L,2026-03-04,21
Retail,S008,ST0027_XL,2026-03-04,27
Retail,S008,ST0001_M,2026-03-04,24
Retail,S008,ST0007_S,2026-03-04,43
Retail,S008,ST0015_S,2026-03-04,40
Retail,S008,ST0023_XL,2026-03-04,3
Retail,S008,ST0009_S,2026-03-04,35
Retail,S008,ST0035_XL,2026-03-04,44
Retail,S008,ST0050_XL,2026-03-04,48
Retail,S008,ST0044_S,2026-03-04,10
Retail,S008,ST0033_XL,2026-03-04,46
Retail,S008,ST0032_S,2026-03-04,43
Retail,S008,ST0016_L,2026-03-04,23
Retail,S008,ST0040_S,2026-03-04,32
Retail,S008,ST0042_XL,2026-03-04,20
Retail,S008,ST0050_L,2026-03-04,45
Retail,S008,ST0013_XL,2026-03-04,8
Retail,S008,ST0028_S,2026-03-04,29
Retail,S009,ST0046_XL,2026-03-04,19
Retail,S009,ST0011_L,2026-03-04,21
Retail,S009,ST0031_XL,2026-03-04,1
Retail,S009,ST0027_L,2026-03-04,34
Retail,S009,ST0009_XL,2026-03-04,26
Retail,S009,ST0024_XL,2026-03-04,29
Retail,S009,ST0005_L,2026-03-04,23
Retail,S009,ST0017_S,2026-03-04,0
Retail,S009,ST0047_L,2026-03-04,37
Retail,S009,ST0003_S,2026-03-04,45
Retail,S009,ST0006_M,2026-03-04,41
Retail,S009,ST0043_S,2026-03-04,18
Retail,S009,ST0024_L,2026-03-04,10
Retail,S009,ST0021_XL,2026-03-04,46
Retail,S009,ST0016_M,2026-03-04,43
Retail,S009,ST0044_S,2026-03-04,17
Retail,S009,ST0015_M,2026-03-04,48
Retail,S009,ST0011_M,2026-03-04,31
Retail,S009,ST0026_S,2026-03-04,22
Retail,S009,ST0010_XL,2026-03-04,33
Retail,S010,ST0024_XL,2026-03-04,0
Retail,S010,ST0029_L,2026-03-04,9
Retail,S010,ST0006_L,2026-03-04,38
Retail,S010,ST0011_M,2026-03-04,47
Retail,S010,ST0007_M,2026-03-04,37
Retail,S010,ST0019_XL,2026-03-04,6
Retail,S010,ST0035_M,2026-03-04,34
Retail,S010,ST0013_M,2026-03-04,48
Retail,S010,ST0010_M,2026-03-04,18
Retail,S010,ST0050_L,2026-03-04,0
Retail,S010,ST0016_XL,2026-03-04,21
Retail,S010,ST0031_S,2026-03-04,31
Retail,S010,ST0023_M,2026-03-04,16
Retail,S010,ST0041_M,2026-03-04,33
Retail,S010,ST0038_S,2026-03-04,5
Retail,S010,ST0037_S,2026-03-04,8
Retail,S010,ST0030_M,2026-03-04,8
Retail,S010,ST0014_M,2026-03-04,9
Retail,S010,ST0015_L,2026-03-04,2
Retail,S010,ST0028_L,2026-03-04,38
Retail,S001,ST0012_L,2026-03-05,33
Retail,S001,ST0011_M,2026-03-05,46
Retail,S001,ST0029_S,2026-03-05,12
Retail,S001,ST0006_S,2026-03-05,39
Retail,S001,ST0016_XL,2026-03-05,32
Retail,S001,ST0046_L,2026-03-05,24
Retail,S001,ST0045_L,2026-03-05,29
Retail,S001,ST0026_XL,2026-03-05,0
Retail,S001,ST0034_S,2026-03-05,26
Retail,S001,ST0023_S,2026-03-05,36
Retail,S001,ST0017_M,2026-03-05,23
Retail,S001,ST0007_S,2026-03-05,28
Retail,S001,ST0022_M,2026-03-05,27
Retail,S001,ST0030_S,2026-03-05,16
Retail,S001,ST0010_S,2026-03-05,12
Retail,S001,ST0024_L,2026-03-05,40
Retail,S001,ST0045_M,2026-03-05,16
Retail,S001,ST0050_L,2026-03-05,27
Retail,S001,ST0003_M,2026-03-05,41
Retail,S001,ST0048_XL,2026-03-05,31
Retail,S002,ST0044_XL,2026-03-05,37
Retail,S002,ST0040_XL,2026-03-05,15
Retail,S002,ST0048_S,2026-03-05,42
Retail,S002,ST0009_S,2026-03-05,35
Retail,S002,ST0024_L,2026-03-05,35
Retail,S002,ST0016_S,2026-03-05,18
Retail,S002,ST0048_L,2026-03-05,23
Retail,S002,ST0001_XL,2026-03-05,34
Retail,S002,ST0015_S,2026-03-05,27
Retail,S002,ST0006_M,2026-03-05,37
Retail,S002,ST0016_M,2026-03-05,14
Retail,S002,ST0019_S,2026-03-05,7
Retail,S002,ST0042_L,2026-03-05,36
Retail,S002,ST0041_M,2026-03-05,0
Retail,S002,ST0045_S,2026-03-05,23
Retail,S002,ST0012_S,2026-03-05,9
Retail,S002,ST0018_L,2026-03-05,13
Retail,S002,ST0010_XL,2026-03-05,10
Retail,S002,ST0001_M,2026-03-05,41
Retail,S002,ST0047_M,2026-03-05,16
Retail,S003,ST0001_S,2026-03-05,0
Retail,S003,ST0013_S,2026-03-05,14
Retail,S003,ST0033_XL,2026-03-05,45
Retail,S003,ST0007_S,2026-03-05,32
Retail,S003,ST0017_M,2026-03-05,42
Retail,S003,ST0028_L,2026-03-05,4
Retail,S003,ST0038_L,2026-03-05,46
Retail,S003,ST0031_XL,2026-03-05,4
Retail,S003,ST0004_M,2026-03-05,20
Retail,S003,ST0011_M,2026-03-05,27
Retail,S003,ST0022_S,2026-03-05,1
Retail,S003,ST0036_M,2026-03-05,47
Retail,S003,ST0040_S,2026-03-05,13
Retail,S003,ST0017_L,2026-03-05,38
Retail,S003,ST0030_M,2026-03-05,0
Retail,S003,ST0037_S,2026-03-05,30
Retail,S003,ST0024_M,2026-03-05,7
Retail,S003,ST0012_M,2026-03-05,34
Retail,S003,ST0021_XL,2026-03-05,30
Retail,S003,ST0016_L,2026-03-05,31
Retail,S004,ST0009_XL,2026-03-05,45
Retail,S004,ST0002_S,2026-03-05,14
Retail,S004,ST0026_M,2026-03-05,19
Retail,S004,ST0044_S,2026-03-05,5
Retail,S004,ST0023_M,2026-03-05,45
Retail,S004,ST0026_S,2026-03-05,41
Retail,S004,ST0023_S,2026-03-05,17
Retail,S004,ST0029_XL,2026-03-05,35
Retail,S004,ST0034_L,2026-03-05,25
Retail,S004,ST0011_XL,2026-03-05,35
Retail,S004,ST0021_S,2026-03-05,16
Retail,S004,ST0022_L,2026-03-05,27
Retail,S004,ST0012_XL,2026-03-05,26
Retail,S004,ST0020_L,2026-03-05,19
Retail,S004,ST0048_M,2026-03-05,39
Retail,S004,ST0042_S,2026-03-05,9
Retail,S004,ST0038_L,2026-03-05,31
Retail,S004,ST0048_L,2026-03-05,25
Retail,S004,ST0018_L,2026-03-05,49
Retail,S004,ST0019_M,2026-03-05,31
Retail,S005,ST0004_L,2026-03-05,34
Retail,S005,ST0041_XL,2026-03-05,47
Retail,S005,ST0028_S,2026-03-05,11
Retail,S005,ST0002_L,2026-03-05,13
Retail,S005,ST0001_L,2026-03-05,12
Retail,S005,ST0048_M,2026-03-05,48
Retail,S005,ST0018_L,2026-03-05,40
Retail,S005,ST0032_L,2026-03-05,33
Retail,S005,ST0048_L,2026-03-05,49
Retail,S005,ST0019_S,2026-03-05,49
Retail,S005,ST0023_L,2026-03-05,14
Retail,S005,ST0027_XL,2026-03-05,46
Retail,S005,ST0043_L,2026-03-05,12
Retail,S005,ST0013_XL,2026-03-05,33
Retail,S005,ST0020_XL,2026-03-05,20
Retail,S005,ST0035_S,2026-03-05,3
Retail,S005,ST0049_S,2026-03-05,47
Retail,S005,ST0039_M,2026-03-05,6
Retail,S005,ST0043_M,2026-03-05,30
Retail,S005,ST0012_M,2026-03-05,20
Retail,S006,ST0021_XL,2026-03-05,30
Retail,S006,ST0017_L,2026-03-05,22
Retail,S006,ST0002_L,2026-03-05,28
Retail,S006,ST0010_S,2026-03-05,17
Retail,S006,ST0008_S,2026-03-05,43
Retail,S006,ST0016_XL,2026-03-05,35
Retail,S006,ST0041_XL,2026-03-05,12
Retail,S006,ST0014_XL,2026-03-05,38
Retail,S006,ST0046_M,2026-03-05,29
Retail,S006,ST0041_S,2026-03-05,30
Retail,S006,ST0001_S,2026-03-05,48
Retail,S006,ST0043_XL,2026-03-05,12
Retail,S006,ST0038_XL,2026-03-05,49
Retail,S006,ST0018_L,2026-03-05,38
Retail,S006,ST0045_XL,2026-03-05,3
Retail,S006,ST0027_M,2026-03-05,4
Retail,S006,ST0025_XL,2026-03-05,20
Retail,S006,ST0036_L,2026-03-05,9
Retail,S006,ST0017_S,2026-03-05,39
Retail,S006,ST0018_M,2026-03-05,39
Retail,S007,ST0028_M,2026-03-05,18
Retail,S007,ST0033_XL,2026-03-05,28
Retail,S007,ST0035_S,2026-03-05,21
Retail,S007,ST0005_M,2026-03-05,2
Retail,S007,ST0027_XL,2026-03-05,13
Retail,S007,ST0007_M,2026-03-05,17
Retail,S007,ST0024_M,2026-03-05,29
Retail,S007,ST0004_M,2026-03-05,5
Retail,S007,ST0012_L,2026-03-05,24
Retail,S007,ST0045_S,2026-03-05,7
Retail,S007,ST0026_S,2026-03-05,6
Retail,S007,ST0025_XL,2026-03-05,24
Retail,S007,ST0041_M,2026-03-05,42
Retail,S007,ST0016_XL,2026-03-05,1
Retail,S007,ST0033_M,2026-03-05,33
Retail,S007,ST0003_L,2026-03-05,43
Retail,S007,ST0012_XL,2026-03-05,21
Retail,S007,ST0031_XL,2026-03-05,30
Retail,S007,ST0041_S,2026-03-05,21
Retail,S007,ST0003_XL,2026-03-05,13
Retail,S008,ST0024_S,2026-03-05,8
Retail,S008,ST0018_L,2026-03-05,45
Retail,S008,ST0023_XL,2026-03-05,5
Retail,S008,ST0043_S,2026-03-05,2
Retail,S008,ST0039_M,2026-03-05,18
Retail,S008,ST0013_M,2026-03-05,8
Retail,S008,ST0004_XL,2026-03-05,39
Retail,S008,ST0003_S,2026-03-05,46
Retail,S008,ST0019_XL,2026-03-05,23
Retail,S008,ST0049_L,2026-03-05,43
Retail,S008,ST0050_L,2026-03-05,10
Retail,S008,ST0040_L,2026-03-05,41
Retail,S008,ST0020_M,2026-03-05,2
Retail,S008,ST0008_M,2026-03-05,4
Retail,S008,ST0002_L,2026-03-05,34
Retail,S008,ST0026_XL,2026-03-05,26
Retail,S008,ST0014_L,2026-03-05,30
Retail,S008,ST0038_L,2026-03-05,15
Retail,S008,ST0048_L,2026-03-05,21
Retail,S008,ST0010_XL,2026-03-05,32
Retail,S009,ST0023_XL,2026-03-05,31
Retail,S009,ST0016_XL,2026-03-05,21
Retail,S009,ST0046_XL,2026-03-05,10
Retail,S009,ST0003_M,2026-03-05,29
Retail,S009,ST0041_S,2026-03-05,19
Retail,S009,ST0049_M,2026-03-05,38
Retail,S009,ST0015_S,2026-03-05,34
Retail,S009,ST0021_S,2026-03-05,30
Retail,S009,ST0027_L,2026-03-05,4
Retail,S009,ST0031_XL,2026-03-05,33
Retail,S009,ST0039_L,2026-03-05,28
Retail,S009,ST0036_M,2026-03-05,42
Retail,S009,ST0030_L,2026-03-05,32
Retail,S009,ST0022_L,2026-03-05,29
Retail,S009,ST0040_XL,2026-03-05,49
Retail,S009,ST0013_S,2026-03-05,25
Retail,S009,ST0019_M,2026-03-05,4
Retail,S009,ST0029_XL,2026-03-05,38
Retail,S009,ST0047_S,2026-03-05,39
Retail,S009,ST0027_S,2026-03-05,38
Retail,S010,ST0032_XL,2026-03-05,2
Retail,S010,ST0026_M,2026-03-05,49
Retail,S010,ST0049_L,2026-03-05,42
Retail,S010,ST0032_L,2026-03-05,9
Retail,S010,ST0011_S,2026-03-05,19
Retail,S010,ST0041_M,2026-03-05,47
Retail,S010,ST0020_XL,2026-03-05,33
Retail,S010,ST0007_L,2026-03-05,9
Retail,S010,ST0026_S,2026-03-05,43
Retail,S010,ST0024_L,2026-03-05,44
Retail,S010,ST0016_M,2026-03-05,8
Retail,S010,ST0033_XL,2026-03-05,28
Retail,S010,ST0049_XL,2026-03-05,19
Retail,S010,ST0026_L,2026-03-05,38
Retail,S010,ST0006_XL,2026-03-05,27
Retail,S010,ST0036_S,2026-03-05,5
Retail,S010,ST0012_M,2026-03-05,1
Retail,S010,ST0021_S,2026-03-05,36
Retail,S010,ST0021_L,2026-03-05,21
Retail,S010,ST0004_XL,2026-03-05,48
Retail,S001,ST0022_XL,2026-03-06,29
Retail,S001,ST0041_L,2026-03-06,43
Retail,S001,ST0031_XL,2026-03-06,15
Retail,S001,ST0035_S,2026-03-06,9
Retail,S001,ST0002_L,2026-03-06,34
Retail,S001,ST0028_L,2026-03-06,20
Retail,S001,ST0008_S,2026-03-06,5
Retail,S001,ST0023_XL,2026-03-06,11
Retail,S001,ST0009_M,2026-03-06,10
Retail,S001,ST0024_L,2026-03-06,22
Retail,S001,ST0047_S,2026-03-06,32
Retail,S001,ST0027_M,2026-03-06,2
Retail,S001,ST0032_S,2026-03-06,43
Retail,S001,ST0046_M,2026-03-06,34
Retail,S001,ST0033_XL,2026-03-06,3
Retail,S001,ST0032_M,2026-03-06,36
Retail,S001,ST0034_M,2026-03-06,25
Retail,S001,ST0011_S,2026-03-06,49
Retail,S001,ST0050_S,2026-03-06,4
Retail,S001,ST0038_XL,2026-03-06,49
Retail,S002,ST0014_XL,2026-03-06,22
Retail,S002,ST0014_S,2026-03-06,27
Retail,S002,ST0028_L,2026-03-06,32
Retail,S002,ST0019_M,2026-03-06,49
Retail,S002,ST0017_S,2026-03-06,20
Retail,S002,ST0046_M,2026-03-06,48
Retail,S002,ST0003_S,2026-03-06,23
Retail,S002,ST0008_S,2026-03-06,30
Retail,S002,ST0003_XL,2026-03-06,33
Retail,S002,ST0020_L,2026-03-06,40
Retail,S002,ST0026_XL,2026-03-06,29
Retail,S002,ST0009_M,2026-03-06,30
Retail,S002,ST0013_XL,2026-03-06,25
Retail,S002,ST0008_M,2026-03-06,36
Retail,S002,ST0036_S,2026-03-06,19
Retail,S002,ST0049_XL,2026-03-06,12
Retail,S002,ST0032_XL,2026-03-06,39
Retail,S002,ST0010_S,2026-03-06,25
Retail,S002,ST0014_L,2026-03-06,1
Retail,S002,ST0035_M,2026-03-06,16
Retail,S003,ST0037_S,2026-03-06,43
Retail,S003,ST0026_L,2026-03-06,43
Retail,S003,ST0040_S,2026-03-06,17
Retail,S003,ST0021_M,2026-03-06,42
Retail,S003,ST0046_M,2026-03-06,7
Retail,S003,ST0043_M,2026-03-06,22
Retail,S003,ST0017_XL,2026-03-06,37
Retail,S003,ST0034_XL,2026-03-06,26
Retail,S003,ST0033_XL,2026-03-06,21
Retail,S003,ST0038_L,2026-03-06,20
Retail,S003,ST0030_XL,2026-03-06,8
Retail,S003,ST0015_S,2026-03-06,28
Retail,S003,ST0031_L,2026-03-06,14
Retail,S003,ST0037_XL,2026-03-06,32
Retail,S003,ST0039_M,2026-03-06,13
Retail,S003,ST0013_M,2026-03-06,22
Retail,S003,ST0013_S,2026-03-06,28
Retail,S003,ST0008_M,2026-03-06,26
Retail,S003,ST0043_XL,2026-03-06,38
Retail,S003,ST0035_L,2026-03-06,6
Retail,S004,ST0033_XL,2026-03-06,17
Retail,S004,ST0029_L,2026-03-06,43
Retail,S004,ST0011_XL,2026-03-06,16
Retail,S004,ST0034_XL,2026-03-06,39
Retail,S004,ST0039_M,2026-03-06,4
Retail,S004,ST0026_S,2026-03-06,26
Retail,S004,ST0047_L,2026-03-06,14
Retail,S004,ST0003_XL,2026-03-06,42
Retail,S004,ST0038_S,2026-03-06,20
Retail,S004,ST0038_L,2026-03-06,22
Retail,S004,ST0027_M,2026-03-06,13
Retail,S004,ST0019_S,2026-03-06,40
Retail,S004,ST0025_M,2026-03-06,25
Retail,S004,ST0021_S,2026-03-06,33
Retail,S004,ST0026_XL,2026-03-06,13
Retail,S004,ST0008_XL,2026-03-06,27
Retail,S004,ST0010_S,2026-03-06,33
Retail,S004,ST0001_S,2026-03-06,28
Retail,S004,ST0024_XL,2026-03-06,5
Retail,S004,ST0007_M,2026-03-06,44
Retail,S005,ST0040_S,2026-03-06,14
Retail,S005,ST0008_XL,2026-03-06,11
Retail,S005,ST0041_XL,2026-03-06,45
Retail,S005,ST0010_M,2026-03-06,24
Retail,S005,ST0014_M,2026-03-06,49
Retail,S005,ST0041_M,2026-03-06,13
Retail,S005,ST0042_S,2026-03-06,43
Retail,S005,ST0020_S,2026-03-06,8
Retail,S005,ST0001_L,2026-03-06,6
Retail,S005,ST0022_S,2026-03-06,9
Retail,S005,ST0026_L,2026-03-06,10
Retail,S005,ST0007_L,2026-03-06,5
Retail,S005,ST0024_M,2026-03-06,5
Retail,S005,ST0005_XL,2026-03-06,41
Retail,S005,ST0005_S,2026-03-06,28
Retail,S005,ST0004_L,2026-03-06,32
Retail,S005,ST0014_S,2026-03-06,33
Retail,S005,ST0015_M,2026-03-06,14
Retail,S005,ST0012_M,2026-03-06,27
Retail,S005,ST0019_M,2026-03-06,12
Retail,S006,ST0009_M,2026-03-06,16
Retail,S006,ST0038_L,2026-03-06,9
Retail,S006,ST0033_M,2026-03-06,5
Retail,S006,ST0011_XL,2026-03-06,45
Retail,S006,ST0014_M,2026-03-06,42
Retail,S006,ST0003_S,2026-03-06,42
Retail,S006,ST0023_S,2026-03-06,37
Retail,S006,ST0009_XL,2026-03-06,31
Retail,S006,ST0016_L,2026-03-06,49
Retail,S006,ST0037_L,2026-03-06,27
Retail,S006,ST0043_M,2026-03-06,3
Retail,S006,ST0044_L,2026-03-06,45
Retail,S006,ST0004_XL,2026-03-06,12
Retail,S006,ST0028_L,2026-03-06,14
Retail,S006,ST0007_S,2026-03-06,49
Retail,S006,ST0019_L,2026-03-06,19
Retail,S006,ST0011_M,2026-03-06,3
Retail,S006,ST0032_M,2026-03-06,12
Retail,S006,ST0042_S,2026-03-06,8
Retail,S006,ST0027_M,2026-03-06,23
Retail,S007,ST0001_S,2026-03-06,41
Retail,S007,ST0021_XL,2026-03-06,46
Retail,S007,ST0032_M,2026-03-06,35
Retail,S007,ST0006_S,2026-03-06,14
Retail,S007,ST0031_M,2026-03-06,8
Retail,S007,ST0039_XL,2026-03-06,9
Retail,S007,ST0035_L,2026-03-06,33
Retail,S007,ST0015_L,2026-03-06,29
Retail,S007,ST0016_L,2026-03-06,47
Retail,S007,ST0016_S,2026-03-06,49
Retail,S007,ST0025_L,2026-03-06,45
Retail,S007,ST0049_L,2026-03-06,24
Retail,S007,ST0003_M,2026-03-06,47
Retail,S007,ST0027_L,2026-03-06,37
Retail,S007,ST0013_L,2026-03-06,32
Retail,S007,ST0025_M,2026-03-06,8
Retail,S007,ST0046_M,2026-03-06,23
Retail,S007,ST0007_S,2026-03-06,32
Retail,S007,ST0033_L,2026-03-06,14
Retail,S007,ST0036_S,2026-03-06,19
Retail,S008,ST0035_XL,2026-03-06,12
Retail,S008,ST0022_S,2026-03-06,32
Retail,S008,ST0049_XL,2026-03-06,49
Retail,S008,ST0012_XL,2026-03-06,39
Retail,S008,ST0036_L,2026-03-06,15
Retail,S008,ST0022_XL,2026-03-06,15
Retail,S008,ST0017_M,2026-03-06,0
Retail,S008,ST0035_M,2026-03-06,20
Retail,S008,ST0012_S,2026-03-06,23
Retail,S008,ST0002_XL,2026-03-06,41
Retail,S008,ST0020_S,2026-03-06,13
Retail,S008,ST0005_M,2026-03-06,21
Retail,S008,ST0011_L,2026-03-06,6
Retail,S008,ST0021_S,2026-03-06,31
Retail,S008,ST0028_L,2026-03-06,15
Retail,S008,ST0038_XL,2026-03-06,16
Retail,S008,ST0011_XL,2026-03-06,39
Retail,S008,ST0008_S,2026-03-06,32
Retail,S008,ST0033_S,2026-03-06,11
Retail,S008,ST0031_S,2026-03-06,14
Retail,S009,ST0035_S,2026-03-06,16
Retail,S009,ST0034_S,2026-03-06,36
Retail,S009,ST0021_XL,2026-03-06,40
Retail,S009,ST0032_M,2026-03-06,7
Retail,S009,ST0019_L,2026-03-06,36
Retail,S009,ST0049_S,2026-03-06,8
Retail,S009,ST0002_M,2026-03-06,13
Retail,S009,ST0049_M,2026-03-06,17
Retail,S009,ST0008_L,2026-03-06,41
Retail,S009,ST0020_L,2026-03-06,12
Retail,S009,ST0013_M,2026-03-06,45
Retail,S009,ST0028_XL,2026-03-06,2
Retail,S009,ST0038_S,2026-03-06,2
Retail,S009,ST0009_L,2026-03-06,9
Retail,S009,ST0024_XL,2026-03-06,36
Retail,S009,ST0042_S,2026-03-06,15
Retail,S009,ST0042_XL,2026-03-06,3
Retail,S009,ST0045_M,2026-03-06,36
Retail,S009,ST0013_L,2026-03-06,32
Retail,S009,ST0046_L,2026-03-06,33
Retail,S010,ST0049_L,2026-03-06,26
Retail,S010,ST0043_M,2026-03-06,14
Retail,S010,ST0023_XL,2026-03-06,45
Retail,S010,ST0040_S,2026-03-06,23
Retail,S010,ST0035_S,2026-03-06,48
Retail,S010,ST0011_XL,2026-03-06,40
Retail,S010,ST0041_L,2026-03-06,49
Retail,S010,ST0023_L,2026-03-06,9
Retail,S010,ST0010_M,2026-03-06,1
Retail,S010,ST0004_S,2026-03-06,17
Retail,S010,ST0026_M,2026-03-06,21
Retail,S010,ST0013_XL,2026-03-06,46
Retail,S010,ST0034_M,2026-03-06,46
Retail,S010,ST0031_M,2026-03-06,37
Retail,S010,ST0010_L,2026-03-06,0
Retail,S010,ST0018_M,2026-03-06,12
Retail,S010,ST0003_M,2026-03-06,34
Retail,S010,ST0021_M,2026-03-06,6
Retail,S010,ST0047_S,2026-03-06,31
Retail,S010,ST0050_L,2026-03-06,9
Retail,S001,ST0004_XL,2026-03-07,31
Retail,S001,ST0016_L,2026-03-07,35
Retail,S001,ST0040_L,2026-03-07,22
Retail,S001,ST0029_L,2026-03-07,2
Retail,S001,ST0024_L,2026-03-07,15
Retail,S001,ST0049_M,2026-03-07,10
Retail,S001,ST0029_S,2026-03-07,41
Retail,S001,ST0007_S,2026-03-07,25
Retail,S001,ST0035_M,2026-03-07,25
Retail,S001,ST0039_XL,2026-03-07,20
Retail,S001,ST0037_XL,2026-03-07,31
Retail,S001,ST0043_L,2026-03-07,49
Retail,S001,ST0011_XL,2026-03-07,17
Retail,S001,ST0043_S,2026-03-07,2
Retail,S001,ST0003_S,2026-03-07,36
Retail,S001,ST0031_XL,2026-03-07,29
Retail,S001,ST0022_XL,2026-03-07,34
Retail,S001,ST0047_XL,2026-03-07,6
Retail,S001,ST0041_L,2026-03-07,40
Retail,S001,ST0025_L,2026-03-07,25
Retail,S002,ST0046_S,2026-03-07,34
Retail,S002,ST0013_M,2026-03-07,11
Retail,S002,ST0026_S,2026-03-07,5
Retail,S002,ST0033_L,2026-03-07,20
Retail,S002,ST0006_L,2026-03-07,14
Retail,S002,ST0028_L,2026-03-07,13
Retail,S002,ST0042_L,2026-03-07,0
Retail,S002,ST0008_M,2026-03-07,2
Retail,S002,ST0005_M,2026-03-07,17
Retail,S002,ST0014_M,2026-03-07,31
Retail,S002,ST0019_L,2026-03-07,5
Retail,S002,ST0037_S,2026-03-07,16
Retail,S002,ST0004_S,2026-03-07,31
Retail,S002,ST0019_S,2026-03-07,46
Retail,S002,ST0041_S,2026-03-07,7
Retail,S002,ST0032_S,2026-03-07,14
Retail,S002,ST0046_XL,2026-03-07,13
Retail,S002,ST0018_M,2026-03-07,37
Retail,S002,ST0006_S,2026-03-07,25
Retail,S002,ST0021_XL,2026-03-07,0
Retail,S003,ST0027_L,2026-03-07,42
Retail,S003,ST0034_M,2026-03-07,39
Retail,S003,ST0047_L,2026-03-07,42
Retail,S003,ST0007_S,2026-03-07,24
Retail,S003,ST0027_XL,2026-03-07,36
Retail,S003,ST0022_M,2026-03-07,31
Retail,S003,ST0049_S,2026-03-07,32
Retail,S003,ST0012_L,2026-03-07,5
Retail,S003,ST0041_S,2026-03-07,40
Retail,S003,ST0044_XL,2026-03-07,2
Retail,S003,ST0030_S,2026-03-07,37
Retail,S003,ST0044_M,2026-03-07,42
Retail,S003,ST0050_XL,2026-03-07,27
Retail,S003,ST0010_XL,2026-03-07,29
Retail,S003,ST0019_XL,2026-03-07,15
Retail,S003,ST0010_S,2026-03-07,9
Retail,S003,ST0035_L,2026-03-07,25
Retail,S003,ST0047_S,2026-03-07,18
Retail,S003,ST0043_S,2026-03-07,47
Retail,S003,ST0031_L,2026-03-07,35
Retail,S004,ST0047_L,2026-03-07,18
Retail,S004,ST0008_L,2026-03-07,46
Retail,S004,ST0046_XL,2026-03-07,18
Retail,S004,ST0005_XL,2026-03-07,8
Retail,S004,ST0002_S,2026-03-07,43
Retail,S004,ST0032_XL,2026-03-07,21
Retail,S004,ST0030_XL,2026-03-07,37
Retail,S004,ST0031_XL,2026-03-07,40
Retail,S004,ST0029_S,2026-03-07,5
Retail,S004,ST0033_XL,2026-03-07,12
Retail,S004,ST0035_XL,2026-03-07,8
Retail,S004,ST0024_L,2026-03-07,15
Retail,S004,ST0028_S,2026-03-07,16
Retail,S004,ST0049_M,2026-03-07,4
Retail,S004,ST0036_XL,2026-03-07,5
Retail,S004,ST0050_S,2026-03-07,19
Retail,S004,ST0002_M,2026-03-07,48
Retail,S004,ST0016_M,2026-03-07,22
Retail,S004,ST0004_M,2026-03-07,7
Retail,S004,ST0020_XL,2026-03-07,5
Retail,S005,ST0043_XL,2026-03-07,47
Retail,S005,ST0029_L,2026-03-07,39
Retail,S005,ST0044_L,2026-03-07,18
Retail,S005,ST0028_XL,2026-03-07,10
Retail,S005,ST0040_XL,2026-03-07,7
Retail,S005,ST0015_S,2026-03-07,4
Retail,S005,ST0031_XL,2026-03-07,46
Retail,S005,ST0039_L,2026-03-07,43
Retail,S005,ST0019_L,2026-03-07,37
Retail,S005,ST0044_M,2026-03-07,30
Retail,S005,ST0027_S,2026-03-07,1
Retail,S005,ST0043_M,2026-03-07,26
Retail,S005,ST0030_M,2026-03-07,11
Retail,S005,ST0026_XL,2026-03-07,46
Retail,S005,ST0003_L,2026-03-07,28
Retail,S005,ST0012_M,2026-03-07,24
Retail,S005,ST0012_L,2026-03-07,30
Retail,S005,ST0027_L,2026-03-07,25
Retail,S005,ST0019_XL,2026-03-07,11
Retail,S005,ST0006_S,2026-03-07,36
Retail,S006,ST0022_S,2026-03-07,12
Retail,S006,ST0038_XL,2026-03-07,25
Retail,S006,ST0010_L,2026-03-07,17
Retail,S006,ST0006_S,2026-03-07,36
Retail,S006,ST0030_XL,2026-03-07,1
Retail,S006,ST0007_M,2026-03-07,24
Retail,S006,ST0013_L,2026-03-07,49
Retail,S006,ST0048_L,2026-03-07,26
Retail,S006,ST0032_S,2026-03-07,16
Retail,S006,ST0043_XL,2026-03-07,41
Retail,S006,ST0048_S,2026-03-07,8
Retail,S006,ST0044_S,2026-03-07,22
Retail,S006,ST0047_XL,2026-03-07,32
Retail,S006,ST0045_M,2026-03-07,5
Retail,S006,ST0036_XL,2026-03-07,40
Retail,S006,ST0048_XL,2026-03-07,7
Retail,S006,ST0020_XL,2026-03-07,37
Retail,S006,ST0022_L,2026-03-07,44
Retail,S006,ST0033_XL,2026-03-07,42
Retail,S006,ST0049_L,2026-03-07,42
Retail,S007,ST0014_L,2026-03-07,29
Retail,S007,ST0022_S,2026-03-07,24
Retail,S007,ST0009_M,2026-03-07,28
Retail,S007,ST0042_M,2026-03-07,12
Retail,S007,ST0010_L,2026-03-07,40
Retail,S007,ST0038_M,2026-03-07,18
Retail,S007,ST0031_L,2026-03-07,0
Retail,S007,ST0003_XL,2026-03-07,29
Retail,S007,ST0032_L,2026-03-07,41
Retail,S007,ST0013_S,2026-03-07,16
Retail,S007,ST0021_L,2026-03-07,27
Retail,S007,ST0007_M,2026-03-07,20
Retail,S007,ST0037_XL,2026-03-07,28
Retail,S007,ST0036_M,2026-03-07,22
Retail,S007,ST0024_L,2026-03-07,6
Retail,S007,ST0003_L,2026-03-07,30
Retail,S007,ST0011_XL,2026-03-07,9
Retail,S007,ST0025_S,2026-03-07,15
Retail,S007,ST0034_XL,2026-03-07,26
Retail,S007,ST0030_S,2026-03-07,11
Retail,S008,ST0007_S,2026-03-07,19
Retail,S008,ST0001_L,2026-03-07,15
Retail,S008,ST0033_L,2026-03-07,14
Retail,S008,ST0027_L,2026-03-07,9
Retail,S008,ST0004_L,2026-03-07,19
Retail,S008,ST0005_S,2026-03-07,7
Retail,S008,ST0039_S,2026-03-07,14
Retail,S008,ST0043_XL,2026-03-07,20
Retail,S008,ST0032_S,2026-03-07,49
Retail,S008,ST0027_XL,2026-03-07,41
Retail,S008,ST0009_S,2026-03-07,36
Retail,S008,ST0004_S,2026-03-07,48
Retail,S008,ST0014_S,2026-03-07,7
Retail,S008,ST0006_L,2026-03-07,22
Retail,S008,ST0040_M,2026-03-07,3
Retail,S008,ST0035_S,2026-03-07,29
Retail,S008,ST0049_L,2026-03-07,41
Retail,S008,ST0042_L,2026-03-07,30
Retail,S008,ST0022_L,2026-03-07,41
Retail,S008,ST0024_S,2026-03-07,45
Retail,S009,ST0032_S,2026-03-07,33
Retail,S009,ST0026_S,2026-03-07,33
Retail,S009,ST0007_L,2026-03-07,11
Retail,S009,ST0032_XL,2026-03-07,25
Retail,S009,ST0017_XL,2026-03-07,8
Retail,S009,ST0023_S,2026-03-07,10
Retail,S009,ST0031_L,2026-03-07,31
Retail,S009,ST0041_L,2026-03-07,43
Retail,S009,ST0014_M,2026-03-07,47
Retail,S009,ST0008_M,2026-03-07,41
Retail,S009,ST0041_M,2026-03-07,38
Retail,S009,ST0031_XL,2026-03-07,45
Retail,S009,ST0040_XL,2026-03-07,48
Retail,S009,ST0045_L,2026-03-07,48
Retail,S009,ST0011_XL,2026-03-07,34
Retail,S009,ST0004_S,2026-03-07,39
Retail,S009,ST0043_M,2026-03-07,48
Retail,S009,ST0033_S,2026-03-07,0
Retail,S009,ST0046_S,2026-03-07,37
Retail,S009,ST0041_XL,2026-03-07,49
Retail,S010,ST0005_M,2026-03-07,15
Retail,S010,ST0025_M,2026-03-07,2
Retail,S010,ST0012_S,2026-03-07,16
Retail,S010,ST0014_M,2026-03-07,47
Retail,S010,ST0024_M,2026-03-07,3
Retail,S010,ST0040_XL,2026-03-07,7
Retail,S010,ST0036_S,2026-03-07,38
Retail,S010,ST0021_XL,2026-03-07,1
Retail,S010,ST0017_M,2026-03-07,3
Retail,S010,ST0023_S,2026-03-07,5
Retail,S010,ST0016_XL,2026-03-07,25
Retail,S010,ST0006_L,2026-03-07,25
Retail,S010,ST0046_M,2026-03-07,0
Retail,S010,ST0026_L,2026-03-07,11
Retail,S010,ST0037_M,2026-03-07,39
Retail,S010,ST0038_S,2026-03-07,43
Retail,S010,ST0002_M,2026-03-07,16
Retail,S010,ST0008_L,2026-03-07,3
Retail,S010,ST0013_S,2026-03-07,27
Retail,S010,ST0049_M,2026-03-07,17
Retail,S001,ST0043_L,2026-03-08,45
Retail,S001,ST0049_L,2026-03-08,29
Retail,S001,ST0037_S,2026-03-08,10
Retail,S001,ST0021_S,2026-03-08,38
Retail,S001,ST0011_S,2026-03-08,48
Retail,S001,ST0032_M,2026-03-08,28
Retail,S001,ST0022_L,2026-03-08,7
Retail,S001,ST0006_S,2026-03-08,37
Retail,S001,ST0041_XL,2026-03-08,44
Retail,S001,ST0014_XL,2026-03-08,15
Retail,S001,ST0014_S,2026-03-08,19
Retail,S001,ST0034_XL,2026-03-08,21
Retail,S001,ST0026_L,2026-03-08,43
Retail,S001,ST0003_XL,2026-03-08,18
Retail,S001,ST0045_M,2026-03-08,44
Retail,S001,ST0038_M,2026-03-08,39
Retail,S001,ST0047_XL,2026-03-08,21
Retail,S001,ST0025_M,2026-03-08,26
Retail,S001,ST0024_S,2026-03-08,36
Retail,S001,ST0006_M,2026-03-08,25
Retail,S002,ST0015_XL,2026-03-08,48
Retail,S002,ST0015_L,2026-03-08,33
Retail,S002,ST0046_XL,2026-03-08,36
Retail,S002,ST0002_L,2026-03-08,8
Retail,S002,ST0012_L,2026-03-08,25
Retail,S002,ST0050_XL,2026-03-08,18
Retail,S002,ST0032_XL,2026-03-08,0
Retail,S002,ST0032_L,2026-03-08,9
Retail,S002,ST0005_M,2026-03-08,36
Retail,S002,ST0003_XL,2026-03-08,10
Retail,S002,ST0020_M,2026-03-08,34
Retail,S002,ST0028_M,2026-03-08,40
Retail,S002,ST0026_M,2026-03-08,40
Retail,S002,ST0042_L,2026-03-08,49
Retail,S002,ST0019_S,2026-03-08,0
Retail,S002,ST0031_L,2026-03-08,40
Retail,S002,ST0031_M,2026-03-08,2
Retail,S002,ST0009_S,2026-03-08,40
Retail,S002,ST0010_S,2026-03-08,25
Retail,S002,ST0022_M,2026-03-08,47
Retail,S003,ST0009_L,2026-03-08,43
Retail,S003,ST0045_M,2026-03-08,45
Retail,S003,ST0012_XL,2026-03-08,11
Retail,S003,ST0037_M,2026-03-08,49
Retail,S003,ST0043_XL,2026-03-08,17
Retail,S003,ST0019_S,2026-03-08,37
Retail,S003,ST0015_L,2026-03-08,5
Retail,S003,ST0050_S,2026-03-08,6
Retail,S003,ST0049_L,2026-03-08,6
Retail,S003,ST0003_S,2026-03-08,47
Retail,S003,ST0036_L,2026-03-08,34
Retail,S003,ST0047_L,2026-03-08,2
Retail,S003,ST0010_M,2026-03-08,20
Retail,S003,ST0022_S,2026-03-08,26
Retail,S003,ST0040_L,2026-03-08,17
Retail,S003,ST0050_L,2026-03-08,25
Retail,S003,ST0048_XL,2026-03-08,0
Retail,S003,ST0015_S,2026-03-08,47
Retail,S003,ST0008_XL,2026-03-08,17
Retail,S003,ST0028_L,2026-03-08,36
Retail,S004,ST0015_S,2026-03-08,15
Retail,S004,ST0041_M,2026-03-08,17
Retail,S004,ST0007_S,2026-03-08,26
Retail,S004,ST0020_M,2026-03-08,31
Retail,S004,ST0049_S,2026-03-08,9
Retail,S004,ST0009_L,2026-03-08,38
Retail,S004,ST0031_M,2026-03-08,8
Retail,S004,ST0023_S,2026-03-08,10
Retail,S004,ST0038_M,2026-03-08,48
Retail,S004,ST0005_S,2026-03-08,42
Retail,S004,ST0012_XL,2026-03-08,49
Retail,S004,ST0036_XL,2026-03-08,39
Retail,S004,ST0029_XL,2026-03-08,22
Retail,S004,ST0043_S,2026-03-08,33
Retail,S004,ST0036_L,2026-03-08,7
Retail,S004,ST0037_S,2026-03-08,25
Retail,S004,ST0028_M,2026-03-08,31
Retail,S004,ST0007_M,2026-03-08,12
Retail,S004,ST0034_M,2026-03-08,46
Retail,S004,ST0022_M,2026-03-08,46
Retail,S005,ST0012_S,2026-03-08,15
Retail,S005,ST0022_XL,2026-03-08,34
Retail,S005,ST0023_L,2026-03-08,21
Retail,S005,ST0009_S,2026-03-08,43
Retail,S005,ST0001_S,2026-03-08,18
Retail,S005,ST0041_S,2026-03-08,18
Retail,S005,ST0016_L,2026-03-08,27
Retail,S005,ST0013_S,2026-03-08,25
Retail,S005,ST0011_L,2026-03-08,47
Retail,S005,ST0040_S,2026-03-08,38
Retail,S005,ST0036_L,2026-03-08,1
Retail,S005,ST0024_L,2026-03-08,0
Retail,S005,ST0007_M,2026-03-08,12
Retail,S005,ST0002_XL,2026-03-08,19
Retail,S005,ST0024_M,2026-03-08,35
Retail,S005,ST0033_XL,2026-03-08,35
Retail,S005,ST0048_S,2026-03-08,44
Retail,S005,ST0028_L,2026-03-08,48
Retail,S005,ST0017_S,2026-03-08,14
Retail,S005,ST0020_XL,2026-03-08,12
Retail,S006,ST0038_M,2026-03-08,13
Retail,S006,ST0033_S,2026-03-08,33
Retail,S006,ST0010_M,2026-03-08,5
Retail,S006,ST0049_S,2026-03-08,1
Retail,S006,ST0029_S,2026-03-08,29
Retail,S006,ST0020_M,2026-03-08,3
Retail,S006,ST0040_M,2026-03-08,15
Retail,S006,ST0011_S,2026-03-08,47
Retail,S006,ST0001_L,2026-03-08,3
Retail,S006,ST0006_XL,2026-03-08,42
Retail,S006,ST0013_XL,2026-03-08,28
Retail,S006,ST0035_M,2026-03-08,37
Retail,S006,ST0006_M,2026-03-08,12
Retail,S006,ST0030_S,2026-03-08,0
Retail,S006,ST0027_S,2026-03-08,5
Retail,S006,ST0015_M,2026-03-08,10
Retail,S006,ST0027_L,2026-03-08,19
Retail,S006,ST0046_M,2026-03-08,19
Retail,S006,ST0016_L,2026-03-08,13
Retail,S006,ST0024_S,2026-03-08,2
Retail,S007,ST0015_L,2026-03-08,30
Retail,S007,ST0044_L,2026-03-08,9
Retail,S007,ST0027_S,2026-03-08,33
Retail,S007,ST0041_S,2026-03-08,16
Retail,S007,ST0006_L,2026-03-08,28
Retail,S007,ST0012_S,2026-03-08,18
Retail,S007,ST0048_L,2026-03-08,40
Retail,S007,ST0024_XL,2026-03-08,30
Retail,S007,ST0008_XL,2026-03-08,35
Retail,S007,ST0021_M,2026-03-08,34
Retail,S007,ST0046_S,2026-03-08,24
Retail,S007,ST0009_S,2026-03-08,2
Retail,S007,ST0019_XL,2026-03-08,1
Retail,S007,ST0043_M,2026-03-08,38
Retail,S007,ST0043_XL,2026-03-08,3
Retail,S007,ST0019_M,2026-03-08,25
Retail,S007,ST0006_M,2026-03-08,40
Retail,S007,ST0020_M,2026-03-08,48
Retail,S007,ST0003_M,2026-03-08,13
Retail,S007,ST0004_S,2026-03-08,47
Retail,S008,ST0026_L,2026-03-08,8
Retail,S008,ST0010_M,2026-03-08,23
Retail,S008,ST0007_M,2026-03-08,45
Retail,S008,ST0038_XL,2026-03-08,0
Retail,S008,ST0025_S,2026-03-08,26
Retail,S008,ST0020_XL,2026-03-08,29
Retail,S008,ST0017_XL,2026-03-08,30
Retail,S008,ST0013_S,2026-03-08,26
Retail,S008,ST0039_M,2026-03-08,7
Retail,S008,ST0021_S,2026-03-08,15
Retail,S008,ST0035_S,2026-03-08,25
Retail,S008,ST0020_L,2026-03-08,29
Retail,S008,ST0030_XL,2026-03-08,17
Retail,S008,ST0018_L,2026-03-08,37
Retail,S008,ST0033_XL,2026-03-08,36
Retail,S008,ST0011_XL,2026-03-08,26
Retail,S008,ST0025_M,2026-03-08,46
Retail,S008,ST0023_XL,2026-03-08,20
Retail,S008,ST0010_XL,2026-03-08,8
Retail,S008,ST0037_XL,2026-03-08,48
Retail,S009,ST0001_M,2026-03-08,25
Retail,S009,ST0042_S,2026-03-08,35
Retail,S009,ST0023_L,2026-03-08,38
Retail,S009,ST0029_XL,2026-03-08,37
Retail,S009,ST0026_M,2026-03-08,31
Retail,S009,ST0015_M,2026-03-08,49
Retail,S009,ST0046_S,2026-03-08,36
Retail,S009,ST0041_M,2026-03-08,11
Retail,S009,ST0030_S,2026-03-08,46
Retail,S009,ST0014_M,2026-03-08,14
Retail,S009,ST0002_XL,2026-03-08,28
Retail,S009,ST0050_XL,2026-03-08,48
Retail,S009,ST0036_L,2026-03-08,27
Retail,S009,ST0043_M,2026-03-08,13
Retail,S009,ST0037_M,2026-03-08,14
Retail,S009,ST0019_M,2026-03-08,18
Retail,S009,ST0048_L,2026-03-08,11
Retail,S009,ST0032_L,2026-03-08,42
Retail,S009,ST0046_XL,2026-03-08,44
Retail,S009,ST0026_S,2026-03-08,0
Retail,S010,ST0045_XL,2026-03-08,25
Retail,S010,ST0020_M,2026-03-08,36
Retail,S010,ST0022_L,2026-03-08,49
Retail,S010,ST0041_S,2026-03-08,14
Retail,S010,ST0034_L,2026-03-08,2
Retail,S010,ST0011_M,2026-03-08,33
Retail,S010,ST0004_M,2026-03-08,38
Retail,S010,ST0008_S,2026-03-08,25
Retail,S010,ST0048_XL,2026-03-08,43
Retail,S010,ST0034_M,2026-03-08,39
Retail,S010,ST0023_S,2026-03-08,48
Retail,S010,ST0036_L,2026-03-08,49
Retail,S010,ST0039_M,2026-03-08,0
Retail,S010,ST0018_XL,2026-03-08,25
Retail,S010,ST0040_L,2026-03-08,14
Retail,S010,ST0019_S,2026-03-08,30
Retail,S010,ST0005_XL,2026-03-08,44
Retail,S010,ST0009_M,2026-03-08,8
Retail,S010,ST0046_S,2026-03-08,12
Retail,S010,ST0018_L,2026-03-08,22
Retail,S001,ST0040_M,2026-03-09,17
Retail,S001,ST0050_S,2026-03-09,49
Retail,S001,ST0048_M,2026-03-09,32
Retail,S001,ST0040_L,2026-03-09,19
Retail,S001,ST0049_S,2026-03-09,12
Retail,S001,ST0024_M,2026-03-09,9
Retail,S001,ST0035_M,2026-03-09,23
Retail,S001,ST0039_S,2026-03-09,29
Retail,S001,ST0006_S,2026-03-09,7
Retail,S001,ST0019_S,2026-03-09,30
Retail,S001,ST0049_L,2026-03-09,16
Retail,S001,ST0003_XL,2026-03-09,16
Retail,S001,ST0010_S,2026-03-09,6
Retail,S001,ST0049_XL,2026-03-09,42
Retail,S001,ST0025_M,2026-03-09,18
Retail,S001,ST0002_M,2026-03-09,7
Retail,S001,ST0018_S,2026-03-09,38
Retail,S001,ST0028_M,2026-03-09,49
Retail,S001,ST0024_XL,2026-03-09,40
Retail,S001,ST0015_M,2026-03-09,18
Retail,S002,ST0020_M,2026-03-09,42
Retail,S002,ST0039_XL,2026-03-09,12
Retail,S002,ST0030_S,2026-03-09,1
Retail,S002,ST0002_S,2026-03-09,47
Retail,S002,ST0033_S,2026-03-09,6
Retail,S002,ST0001_XL,2026-03-09,41
Retail,S002,ST0012_L,2026-03-09,24
Retail,S002,ST0045_L,2026-03-09,2
Retail,S002,ST0042_XL,2026-03-09,27
Retail,S002,ST0023_M,2026-03-09,39
Retail,S002,ST0022_M,2026-03-09,8
Retail,S002,ST0035_XL,2026-03-09,36
Retail,S002,ST0030_L,2026-03-09,20
Retail,S002,ST0020_L,2026-03-09,42
Retail,S002,ST0037_S,2026-03-09,17
Retail,S002,ST0046_S,2026-03-09,4
Retail,S002,ST0026_L,2026-03-09,43
Retail,S002,ST0018_XL,2026-03-09,33
Retail,S002,ST0018_S,2026-03-09,40
Retail,S002,ST0005_L,2026-03-09,32
Retail,S003,ST0033_M,2026-03-09,27
Retail,S003,ST0009_XL,2026-03-09,22
Retail,S003,ST0048_XL,2026-03-09,40
Retail,S003,ST0040_S,2026-03-09,48
Retail,S003,ST0046_S,2026-03-09,18
Retail,S003,ST0014_L,2026-03-09,5
Retail,S003,ST0007_L,2026-03-09,19
Retail,S003,ST0006_M,2026-03-09,11
Retail,S003,ST0038_S,2026-03-09,7
Retail,S003,ST0003_S,2026-03-09,26
Retail,S003,ST0042_M,2026-03-09,32
Retail,S003,ST0032_S,2026-03-09,16
Retail,S003,ST0040_M,2026-03-09,9
Retail,S003,ST0012_M,2026-03-09,32
Retail,S003,ST0013_S,2026-03-09,17
Retail,S003,ST0041_M,2026-03-09,49
Retail,S003,ST0007_M,2026-03-09,48
Retail,S003,ST0044_XL,2026-03-09,39
Retail,S003,ST0038_M,2026-03-09,40
Retail,S003,ST0001_L,2026-03-09,15
Retail,S004,ST0050_M,2026-03-09,16
Retail,S004,ST0048_M,2026-03-09,22
Retail,S004,ST0021_M,2026-03-09,29
Retail,S004,ST0011_M,2026-03-09,9
Retail,S004,ST0032_L,2026-03-09,0
Retail,S004,ST0017_XL,2026-03-09,15
Retail,S004,ST0049_XL,2026-03-09,46
Retail,S004,ST0014_L,2026-03-09,0
Retail,S004,ST0003_L,2026-03-09,16
Retail,S004,ST0024_S,2026-03-09,20
Retail,S004,ST0038_M,2026-03-09,14
Retail,S004,ST0001_M,2026-03-09,8
Retail,S004,ST0030_M,2026-03-09,44
Retail,S004,ST0007_M,2026-03-09,36
Retail,S004,ST0041_M,2026-03-09,18
Retail,S004,ST0050_S,2026-03-09,15
Retail,S004,ST0035_M,2026-03-09,41
Retail,S004,ST0020_L,2026-03-09,1
Retail,S004,ST0007_S,2026-03-09,32
Retail,S004,ST0006_L,2026-03-09,12
Retail,S005,ST0046_XL,2026-03-09,49
Retail,S005,ST0045_L,2026-03-09,31
Retail,S005,ST0021_S,2026-03-09,40
Retail,S005,ST0001_S,2026-03-09,11
Retail,S005,ST0032_L,2026-03-09,34
Retail,S005,ST0014_L,2026-03-09,46
Retail,S005,ST0002_L,2026-03-09,34
Retail,S005,ST0032_S,2026-03-09,17
Retail,S005,ST0011_M,2026-03-09,40
Retail,S005,ST0012_XL,2026-03-09,14
Retail,S005,ST0027_L,2026-03-09,3
Retail,S005,ST0027_M,2026-03-09,8
Retail,S005,ST0036_XL,2026-03-09,14
Retail,S005,ST0039_L,2026-03-09,24
Retail,S005,ST0015_XL,2026-03-09,0
Retail,S005,ST0031_XL,2026-03-09,26
Retail,S005,ST0030_XL,2026-03-09,25
Retail,S005,ST0032_XL,2026-03-09,43
Retail,S005,ST0004_S,2026-03-09,43
Retail,S005,ST0009_L,2026-03-09,47
Retail,S006,ST0006_M,2026-03-09,25
Retail,S006,ST0031_L,2026-03-09,41
Retail,S006,ST0004_S,2026-03-09,25
Retail,S006,ST0032_S,2026-03-09,18
Retail,S006,ST0004_L,2026-03-09,36
Retail,S006,ST0031_S,2026-03-09,41
Retail,S006,ST0049_S,2026-03-09,22
Retail,S006,ST0026_L,2026-03-09,21
Retail,S006,ST0034_XL,2026-03-09,32
Retail,S006,ST0010_L,2026-03-09,8
Retail,S006,ST0009_M,2026-03-09,46
Retail,S006,ST0044_M,2026-03-09,42
Retail,S006,ST0017_M,2026-03-09,40
Retail,S006,ST0039_L,2026-03-09,24
Retail,S006,ST0050_M,2026-03-09,10
Retail,S006,ST0036_XL,2026-03-09,19
Retail,S006,ST0001_M,2026-03-09,10
Retail,S006,ST0048_M,2026-03-09,37
Retail,S006,ST0005_XL,2026-03-09,28
Retail,S006,ST0023_S,2026-03-09,0
Retail,S007,ST0010_M,2026-03-09,0
Retail,S007,ST0030_L,2026-03-09,10
Retail,S007,ST0038_M,2026-03-09,11
Retail,S007,ST0005_L,2026-03-09,0
Retail,S007,ST0038_XL,2026-03-09,8
Retail,S007,ST0030_XL,2026-03-09,43
Retail,S007,ST0049_S,2026-03-09,22
Retail,S007,ST0005_M,2026-03-09,33
Retail,S007,ST0036_L,2026-03-09,9
Retail,S007,ST0025_L,2026-03-09,21
Retail,S007,ST0031_XL,2026-03-09,42
Retail,S007,ST0045_XL,2026-03-09,7
Retail,S007,ST0016_L,2026-03-09,1
Retail,S007,ST0018_M,2026-03-09,18
Retail,S007,ST0049_XL,2026-03-09,9
Retail,S007,ST0013_M,2026-03-09,32
Retail,S007,ST0026_L,2026-03-09,8
Retail,S007,ST0038_S,2026-03-09,5
Retail,S007,ST0024_S,2026-03-09,43
Retail,S007,ST0009_M,2026-03-09,33
Retail,S008,ST0029_L,2026-03-09,43
Retail,S008,ST0010_L,2026-03-09,38
Retail,S008,ST0015_XL,2026-03-09,3
Retail,S008,ST0003_L,2026-03-09,15
Retail,S008,ST0030_S,2026-03-09,32
Retail,S008,ST0017_S,2026-03-09,22
Retail,S008,ST0040_XL,2026-03-09,32
Retail,S008,ST0009_M,2026-03-09,20
Retail,S008,ST0040_L,2026-03-09,31
Retail,S008,ST0006_L,2026-03-09,48
Retail,S008,ST0031_XL,2026-03-09,19
Retail,S008,ST0046_S,2026-03-09,8
Retail,S008,ST0012_M,2026-03-09,17
Retail,S008,ST0035_L,2026-03-09,33
Retail,S008,ST0030_XL,2026-03-09,36
Retail,S008,ST0026_M,2026-03-09,37
Retail,S008,ST0013_XL,2026-03-09,42
Retail,S008,ST0046_M,2026-03-09,15
Retail,S008,ST0034_XL,2026-03-09,14
Retail,S008,ST0026_XL,2026-03-09,46
Retail,S009,ST0013_XL,2026-03-09,49
Retail,S009,ST0038_S,2026-03-09,49
Retail,S009,ST0020_L,2026-03-09,24
Retail,S009,ST0020_S,2026-03-09,21
Retail,S009,ST0022_S,2026-03-09,19
Retail,S009,ST0042_XL,2026-03-09,10
Retail,S009,ST0005_S,2026-03-09,33
Retail,S009,ST0040_XL,2026-03-09,26
Retail,S009,ST0035_S,2026-03-09,16
Retail,S009,ST0039_XL,2026-03-09,48
Retail,S009,ST0036_XL,2026-03-09,36
Retail,S009,ST0008_M,2026-03-09,24
Retail,S009,ST0015_L,2026-03-09,29
Retail,S009,ST0026_S,2026-03-09,41
Retail,S009,ST0034_M,2026-03-09,26
Retail,S009,ST0023_M,2026-03-09,3
Retail,S009,ST0041_L,2026-03-09,4
Retail,S009,ST0021_XL,2026-03-09,41
Retail,S009,ST0030_M,2026-03-09,18
Retail,S009,ST0016_XL,2026-03-09,18
Retail,S010,ST0006_M,2026-03-09,37
Retail,S010,ST0016_L,2026-03-09,34
Retail,S010,ST0027_XL,2026-03-09,43
Retail,S010,ST0030_L,2026-03-09,0
Retail,S010,ST0022_S,2026-03-09,40
Retail,S010,ST0017_XL,2026-03-09,20
Retail,S010,ST0022_L,2026-03-09,37
Retail,S010,ST0046_M,2026-03-09,19
Retail,S010,ST0005_M,2026-03-09,12
Retail,S010,ST0040_L,2026-03-09,8
Retail,S010,ST0040_M,2026-03-09,4
Retail,S010,ST0043_XL,2026-03-09,11
Retail,S010,ST0025_XL,2026-03-09,13
Retail,S010,ST0044_M,2026-03-09,43
Retail,S010,ST0016_S,2026-03-09,48
Retail,S010,ST0021_L,2026-03-09,5
Retail,S010,ST0030_M,2026-03-09,46
Retail,S010,ST0021_M,2026-03-09,23
Retail,S010,ST0028_S,2026-03-09,4
Retail,S010,ST0003_XL,2026-03-09,8
Retail,S001,ST0048_XL,2026-03-10,30
Retail,S001,ST0030_XL,2026-03-10,3
Retail,S001,ST0042_XL,2026-03-10,45
Retail,S001,ST0035_XL,2026-03-10,39
Retail,S001,ST0021_L,2026-03-10,23
Retail,S001,ST0033_S,2026-03-10,1
Retail,S001,ST0007_M,2026-03-10,29
Retail,S001,ST0031_S,2026-03-10,17
Retail,S001,ST0016_M,2026-03-10,38
Retail,S001,ST0008_M,2026-03-10,8
Retail,S001,ST0012_M,2026-03-10,36
Retail,S001,ST0017_S,2026-03-10,19
Retail,S001,ST0019_L,2026-03-10,36
Retail,S001,ST0042_L,2026-03-10,22
Retail,S001,ST0041_L,2026-03-10,10
Retail,S001,ST0016_L,2026-03-10,28
Retail,S001,ST0035_S,2026-03-10,42
Retail,S001,ST0033_M,2026-03-10,31
Retail,S001,ST0038_M,2026-03-10,24
Retail,S001,ST0013_L,2026-03-10,18
Retail,S002,ST0028_M,2026-03-10,45
Retail,S002,ST0023_M,2026-03-10,43
Retail,S002,ST0024_L,2026-03-10,49
Retail,S002,ST0001_L,2026-03-10,27
Retail,S002,ST0040_S,2026-03-10,4
Retail,S002,ST0010_L,2026-03-10,37
Retail,S002,ST0031_S,2026-03-10,16
Retail,S002,ST0033_XL,2026-03-10,26
Retail,S002,ST0018_M,2026-03-10,40
Retail,S002,ST0049_L,2026-03-10,17
Retail,S002,ST0007_L,2026-03-10,21
Retail,S002,ST0038_M,2026-03-10,44
Retail,S002,ST0016_L,2026-03-10,34
Retail,S002,ST0013_M,2026-03-10,15
Retail,S002,ST0034_L,2026-03-10,21
Retail,S002,ST0023_S,2026-03-10,16
Retail,S002,ST0006_M,2026-03-10,34
Retail,S002,ST0046_XL,2026-03-10,48
Retail,S002,ST0041_XL,2026-03-10,25
Retail,S002,ST0015_L,2026-03-10,17
Retail,S003,ST0032_XL,2026-03-10,43
Retail,S003,ST0049_S,2026-03-10,21
Retail,S003,ST0024_M,2026-03-10,29
Retail,S003,ST0043_L,2026-03-10,32
Retail,S003,ST0011_S,2026-03-10,26
Retail,S003,ST0047_L,2026-03-10,13
Retail,S003,ST0047_XL,2026-03-10,9
Retail,S003,ST0013_M,2026-03-10,39
Retail,S003,ST0030_M,2026-03-10,0
Retail,S003,ST0007_S,2026-03-10,13
Retail,S003,ST0003_M,2026-03-10,26
Retail,S003,ST0015_M,2026-03-10,0
Retail,S003,ST0034_L,2026-03-10,14
Retail,S003,ST0019_L,2026-03-10,8
Retail,S003,ST0002_S,2026-03-10,22
Retail,S003,ST0043_M,2026-03-10,7
Retail,S003,ST0029_L,2026-03-10,13
Retail,S003,ST0046_M,2026-03-10,5
Retail,S003,ST0011_L,2026-03-10,11
Retail,S003,ST0006_L,2026-03-10,12
Retail,S004,ST0027_L,2026-03-10,9
Retail,S004,ST0039_XL,2026-03-10,13
Retail,S004,ST0025_XL,2026-03-10,32
Retail,S004,ST0029_L,2026-03-10,19
Retail,S004,ST0012_XL,2026-03-10,44
Retail,S004,ST0031_S,2026-03-10,32
Retail,S004,ST0021_XL,2026-03-10,44
Retail,S004,ST0045_S,2026-03-10,14
Retail,S004,ST0038_M,2026-03-10,28
Retail,S004,ST0019_S,2026-03-10,44
Retail,S004,ST0014_M,2026-03-10,33
Retail,S004,ST0037_S,2026-03-10,19
Retail,S004,ST0035_L,2026-03-10,10
Retail,S004,ST0003_S,2026-03-10,18
Retail,S004,ST0016_M,2026-03-10,14
Retail,S004,ST0021_S,2026-03-10,36
Retail,S004,ST0033_XL,2026-03-10,8
Retail,S004,ST0046_XL,2026-03-10,8
Retail,S004,ST0032_XL,2026-03-10,14
Retail,S004,ST0004_L,2026-03-10,31
Retail,S005,ST0019_L,2026-03-10,26
Retail,S005,ST0050_L,2026-03-10,43
Retail,S005,ST0043_S,2026-03-10,30
Retail,S005,ST0009_M,2026-03-10,7
Retail,S005,ST0008_XL,2026-03-10,26
Retail,S005,ST0040_M,2026-03-10,1
Retail,S005,ST0036_S,2026-03-10,12
Retail,S005,ST0045_L,2026-03-10,32
Retail,S005,ST0005_L,2026-03-10,22
Retail,S005,ST0033_L,2026-03-10,22
Retail,S005,ST0024_S,2026-03-10,6
Retail,S005,ST0013_S,2026-03-10,1
Retail,S005,ST0031_S,2026-03-10,24
Retail,S005,ST0035_XL,2026-03-10,35
Retail,S005,ST0001_L,2026-03-10,17
Retail,S005,ST0017_L,2026-03-10,13
Retail,S005,ST0029_XL,2026-03-10,30
Retail,S005,ST0024_XL,2026-03-10,21
Retail,S005,ST0007_XL,2026-03-10,16
Retail,S005,ST0034_XL,2026-03-10,8
Retail,S006,ST0009_XL,2026-03-10,13
Retail,S006,ST0037_M,2026-03-10,28
Retail,S006,ST0005_XL,2026-03-10,17
Retail,S006,ST0011_M,2026-03-10,30
Retail,S006,ST0019_M,2026-03-10,43
Retail,S006,ST0029_XL,2026-03-10,19
Retail,S006,ST0049_M,2026-03-10,15
Retail,S006,ST0048_XL,2026-03-10,22
Retail,S006,ST0026_M,2026-03-10,36
Retail,S006,ST0035_S,2026-03-10,18
Retail,S006,ST0013_L,2026-03-10,37
Retail,S006,ST0014_M,2026-03-10,1
Retail,S006,ST0047_XL,2026-03-10,6
Retail,S006,ST0027_L,2026-03-10,3
Retail,S006,ST0029_S,2026-03-10,10
Retail,S006,ST0040_S,2026-03-10,16
Retail,S006,ST0020_L,2026-03-10,42
Retail,S006,ST0041_M,2026-03-10,39
Retail,S006,ST0010_L,2026-03-10,49
Retail,S006,ST0011_L,2026-03-10,40
Retail,S007,ST0030_M,2026-03-10,44
Retail,S007,ST0002_XL,2026-03-10,36
Retail,S007,ST0038_S,2026-03-10,33
Retail,S007,ST0041_S,2026-03-10,45
Retail,S007,ST0027_XL,2026-03-10,9
Retail,S007,ST0039_L,2026-03-10,25
Retail,S007,ST0003_S,2026-03-10,10
Retail,S007,ST0035_M,2026-03-10,27
Retail,S007,ST0019_S,2026-03-10,48
Retail,S007,ST0012_M,2026-03-10,12
Retail,S007,ST0048_S,2026-03-10,35
Retail,S007,ST0002_M,2026-03-10,12
Retail,S007,ST0034_XL,2026-03-10,49
Retail,S007,ST0003_XL,2026-03-10,49
Retail,S007,ST0009_XL,2026-03-10,46
Retail,S007,ST0029_L,2026-03-10,22
Retail,S007,ST0009_L,2026-03-10,41
Retail,S007,ST0012_XL,2026-03-10,47
Retail,S007,ST0004_S,2026-03-10,13
Retail,S007,ST0007_L,2026-03-10,40
Retail,S008,ST0001_L,2026-03-10,13
Retail,S008,ST0035_S,2026-03-10,30
Retail,S008,ST0044_XL,2026-03-10,26
Retail,S008,ST0006_XL,2026-03-10,31
Retail,S008,ST0037_S,2026-03-10,38
Retail,S008,ST0041_M,2026-03-10,2
Retail,S008,ST0019_S,2026-03-10,26
Retail,S008,ST0016_S,2026-03-10,29
Retail,S008,ST0028_M,2026-03-10,19
Retail,S008,ST0009_M,2026-03-10,11
Retail,S008,ST0012_M,2026-03-10,12
Retail,S008,ST0031_S,2026-03-10,45
Retail,S008,ST0003_L,2026-03-10,18
Retail,S008,ST0001_S,2026-03-10,6
Retail,S008,ST0007_M,2026-03-10,26
Retail,S008,ST0011_XL,2026-03-10,9
Retail,S008,ST0005_S,2026-03-10,11
Retail,S008,ST0010_XL,2026-03-10,7
Retail,S008,ST0005_M,2026-03-10,20
Retail,S008,ST0031_XL,2026-03-10,8
Retail,S009,ST0049_S,2026-03-10,41
Retail,S009,ST0018_S,2026-03-10,6
Retail,S009,ST0020_S,2026-03-10,38
Retail,S009,ST0023_M,2026-03-10,19
Retail,S009,ST0046_S,2026-03-10,4
Retail,S009,ST0043_L,2026-03-10,38
Retail,S009,ST0029_M,2026-03-10,13
Retail,S009,ST0040_L,2026-03-10,44
Retail,S009,ST0045_L,2026-03-10,41
Retail,S009,ST0016_S,2026-03-10,1
Retail,S009,ST0034_L,2026-03-10,3
Retail,S009,ST0020_M,2026-03-10,17
Retail,S009,ST0050_M,2026-03-10,5
Retail,S009,ST0049_L,2026-03-10,5
Retail,S009,ST0016_L,2026-03-10,22
Retail,S009,ST0044_L,2026-03-10,18
Retail,S009,ST0023_S,2026-03-10,31
Retail,S009,ST0014_L,2026-03-10,25
Retail,S009,ST0028_M,2026-03-10,41
Retail,S009,ST0036_S,2026-03-10,39
Retail,S010,ST0018_M,2026-03-10,21
Retail,S010,ST0025_S,2026-03-10,1
Retail,S010,ST0040_XL,2026-03-10,5
Retail,S010,ST0002_S,2026-03-10,5
Retail,S010,ST0012_L,2026-03-10,30
Retail,S010,ST0037_L,2026-03-10,35
Retail,S010,ST0024_M,2026-03-10,5
Retail,S010,ST0050_L,2026-03-10,39
Retail,S010,ST0044_XL,2026-03-10,9
Retail,S010,ST0042_M,2026-03-10,29
Retail,S010,ST0040_L,2026-03-10,3
Retail,S010,ST0021_L,2026-03-10,3
Retail,S010,ST0045_S,2026-03-10,35
Retail,S010,ST0015_L,2026-03-10,14
Retail,S010,ST0028_XL,2026-03-10,5
Retail,S010,ST0048_XL,2026-03-10,11
Retail,S010,ST0012_XL,2026-03-10,26
Retail,S010,ST0046_S,2026-03-10,14
Retail,S010,ST0021_S,2026-03-10,9
Retail,S010,ST0009_S,2026-03-10,19
Retail,S001,ST0012_XL,2026-03-11,42
Retail,S001,ST0047_M,2026-03-11,1
Retail,S001,ST0025_L,2026-03-11,47
Retail,S001,ST0011_XL,2026-03-11,13
Retail,S001,ST0017_L,2026-03-11,49
Retail,S001,ST0010_L,2026-03-11,43
Retail,S001,ST0031_XL,2026-03-11,23
Retail,S001,ST0022_M,2026-03-11,8
Retail,S001,ST0023_M,2026-03-11,47
Retail,S001,ST0006_XL,2026-03-11,44
Retail,S001,ST0004_L,2026-03-11,9
Retail,S001,ST0035_L,2026-03-11,44
Retail,S001,ST0029_M,2026-03-11,45
Retail,S001,ST0035_S,2026-03-11,12
Retail,S001,ST0045_XL,2026-03-11,35
Retail,S001,ST0028_S,2026-03-11,39
Retail,S001,ST0026_S,2026-03-11,39
Retail,S001,ST0020_M,2026-03-11,12
Retail,S001,ST0006_L,2026-03-11,29
Retail,S001,ST0041_XL,2026-03-11,30
Retail,S002,ST0030_M,2026-03-11,39
Retail,S002,ST0008_L,2026-03-11,14
Retail,S002,ST0011_S,2026-03-11,44
Retail,S002,ST0048_L,2026-03-11,48
Retail,S002,ST0023_XL,2026-03-11,22
Retail,S002,ST0002_M,2026-03-11,48
Retail,S002,ST0036_S,2026-03-11,7
Retail,S002,ST0014_XL,2026-03-11,32
Retail,S002,ST0029_L,2026-03-11,43
Retail,S002,ST0029_XL,2026-03-11,30
Retail,S002,ST0049_M,2026-03-11,48
Retail,S002,ST0047_L,2026-03-11,1
Retail,S002,ST0026_M,2026-03-11,39
Retail,S002,ST0015_L,2026-03-11,15
Retail,S002,ST0039_S,2026-03-11,11
Retail,S002,ST0019_L,2026-03-11,36
Retail,S002,ST0009_XL,2026-03-11,4
Retail,S002,ST0012_XL,2026-03-11,8
Retail,S002,ST0029_S,2026-03-11,17
Retail,S002,ST0016_L,2026-03-11,18
Retail,S003,ST0007_M,2026-03-11,9
Retail,S003,ST0033_M,2026-03-11,28
Retail,S003,ST0031_XL,2026-03-11,21
Retail,S003,ST0010_S,2026-03-11,40
Retail,S003,ST0042_M,2026-03-11,29
Retail,S003,ST0024_L,2026-03-11,47
Retail,S003,ST0007_S,2026-03-11,6
Retail,S003,ST0019_XL,2026-03-11,14
Retail,S003,ST0010_L,2026-03-11,34
Retail,S003,ST0018_M,2026-03-11,49
Retail,S003,ST0006_M,2026-03-11,12
Retail,S003,ST0021_XL,2026-03-11,19
Retail,S003,ST0026_XL,2026-03-11,46
Retail,S003,ST0039_S,2026-03-11,4
Retail,S003,ST0030_M,2026-03-11,30
Retail,S003,ST0024_XL,2026-03-11,7
Retail,S003,ST0016_S,2026-03-11,0
Retail,S003,ST0010_XL,2026-03-11,25
Retail,S003,ST0021_M,2026-03-11,13
Retail,S003,ST0045_L,2026-03-11,24
Retail,S004,ST0027_XL,2026-03-11,25
Retail,S004,ST0013_XL,2026-03-11,27
Retail,S004,ST0025_XL,2026-03-11,10
Retail,S004,ST0036_S,2026-03-11,10
Retail,S004,ST0004_S,2026-03-11,6
Retail,S004,ST0013_M,2026-03-11,48
Retail,S004,ST0034_XL,2026-03-11,5
Retail,S004,ST0016_M,2026-03-11,18
Retail,S004,ST0046_S,2026-03-11,42
Retail,S004,ST0046_L,2026-03-11,31
Retail,S004,ST0009_S,2026-03-11,34
Retail,S004,ST0031_L,2026-03-11,23
Retail,S004,ST0047_L,2026-03-11,22
Retail,S004,ST0022_XL,2026-03-11,9
Retail,S004,ST0035_S,2026-03-11,37
Retail,S004,ST0019_S,2026-03-11,41
Retail,S004,ST0041_L,2026-03-11,13
Retail,S004,ST0012_L,2026-03-11,36
Retail,S004,ST0050_S,2026-03-11,35
Retail,S004,ST0003_S,2026-03-11,16
Retail,S005,ST0005_S,2026-03-11,48
Retail,S005,ST0038_M,2026-03-11,7
Retail,S005,ST0025_M,2026-03-11,44
Retail,S005,ST0038_S,2026-03-11,2
Retail,S005,ST0043_L,2026-03-11,48
Retail,S005,ST0039_XL,2026-03-11,5
Retail,S005,ST0003_M,2026-03-11,3
Retail,S005,ST0008_XL,2026-03-11,36
Retail,S005,ST0007_M,2026-03-11,13
Retail,S005,ST0030_S,2026-03-11,20
Retail,S005,ST0048_M,2026-03-11,1
Retail,S005,ST0008_L,2026-03-11,18
Retail,S005,ST0024_S,2026-03-11,29
Retail,S005,ST0031_M,2026-03-11,2
Retail,S005,ST0032_XL,2026-03-11,11
Retail,S005,ST0046_S,2026-03-11,15
Retail,S005,ST0027_S,2026-03-11,0
Retail,S005,ST0014_XL,2026-03-11,25
Retail,S005,ST0035_S,2026-03-11,4
Retail,S005,ST0026_XL,2026-03-11,38
Retail,S006,ST0018_L,2026-03-11,26
Retail,S006,ST0012_XL,2026-03-11,27
Retail,S006,ST0019_XL,2026-03-11,39
Retail,S006,ST0036_S,2026-03-11,22
Retail,S006,ST0034_S,2026-03-11,9
Retail,S006,ST0035_M,2026-03-11,4
Retail,S006,ST0003_M,2026-03-11,13
Retail,S006,ST0020_L,2026-03-11,18
Retail,S006,ST0014_L,2026-03-11,24
Retail,S006,ST0050_M,2026-03-11,23
Retail,S006,ST0049_M,2026-03-11,19
Retail,S006,ST0039_XL,2026-03-11,24
Retail,S006,ST0050_L,2026-03-11,23
Retail,S006,ST0040_L,2026-03-11,31
Retail,S006,ST0001_XL,2026-03-11,44
Retail,S006,ST0038_S,2026-03-11,4
Retail,S006,ST0002_M,2026-03-11,38
Retail,S006,ST0022_M,2026-03-11,39
Retail,S006,ST0032_L,2026-03-11,14
Retail,S006,ST0031_XL,2026-03-11,26
Retail,S007,ST0025_M,2026-03-11,10
Retail,S007,ST0048_XL,2026-03-11,6
Retail,S007,ST0003_L,2026-03-11,4
Retail,S007,ST0001_L,2026-03-11,30
Retail,S007,ST0037_L,2026-03-11,19
Retail,S007,ST0007_L,2026-03-11,5
Retail,S007,ST0039_S,2026-03-11,46
Retail,S007,ST0034_M,2026-03-11,37
Retail,S007,ST0020_L,2026-03-11,31
Retail,S007,ST0020_M,2026-03-11,3
Retail,S007,ST0041_M,2026-03-11,16
Retail,S007,ST0032_L,2026-03-11,14
Retail,S007,ST0018_S,2026-03-11,38
Retail,S007,ST0041_S,2026-03-11,6
Retail,S007,ST0023_XL,2026-03-11,3
Retail,S007,ST0033_L,2026-03-11,23
Retail,S007,ST0020_XL,2026-03-11,46
Retail,S007,ST0038_M,2026-03-11,31
Retail,S007,ST0049_L,2026-03-11,27
Retail,S007,ST0030_M,2026-03-11,36
Retail,S008,ST0026_S,2026-03-11,25
Retail,S008,ST0025_L,2026-03-11,16
Retail,S008,ST0035_M,2026-03-11,28
Retail,S008,ST0002_M,2026-03-11,19
Retail,S008,ST0025_M,2026-03-11,27
Retail,S008,ST0033_M,2026-03-11,45
Retail,S008,ST0006_L,2026-03-11,13
Retail,S008,ST0015_M,2026-03-11,23
Retail,S008,ST0023_M,2026-03-11,24
Retail,S008,ST0050_XL,2026-03-11,44
Retail,S008,ST0004_L,2026-03-11,21
Retail,S008,ST0009_XL,2026-03-11,42
Retail,S008,ST0045_XL,2026-03-11,43
Retail,S008,ST0012_M,2026-03-11,48
Retail,S008,ST0034_L,2026-03-11,32
Retail,S008,ST0005_M,2026-03-11,49
Retail,S008,ST0024_M,2026-03-11,28
Retail,S008,ST0043_M,2026-03-11,10
Retail,S008,ST0032_XL,2026-03-11,12
Retail,S008,ST0010_M,2026-03-11,49
Retail,S009,ST0040_XL,2026-03-11,44
Retail,S009,ST0032_XL,2026-03-11,40
Retail,S009,ST0019_L,2026-03-11,4
Retail,S009,ST0039_XL,2026-03-11,49
Retail,S009,ST0043_L,2026-03-11,25
Retail,S009,ST0002_L,2026-03-11,48
Retail,S009,ST0010_L,2026-03-11,6
Retail,S009,ST0034_M,2026-03-11,14
Retail,S009,ST0005_XL,2026-03-11,30
Retail,S009,ST0028_L,2026-03-11,0
Retail,S009,ST0043_XL,2026-03-11,10
Retail,S009,ST0031_S,2026-03-11,38
Retail,S009,ST0023_L,2026-03-11,24
Retail,S009,ST0048_L,2026-03-11,2
Retail,S009,ST0017_L,2026-03-11,40
Retail,S009,ST0041_S,2026-03-11,33
Retail,S009,ST0001_XL,2026-03-11,47
Retail,S009,ST0046_L,2026-03-11,41
Retail,S009,ST0020_L,2026-03-11,35
Retail,S009,ST0007_S,2026-03-11,34
Retail,S010,ST0027_S,2026-03-11,18
Retail,S010,ST0012_S,2026-03-11,48
Retail,S010,ST0013_L,2026-03-11,17
Retail,S010,ST0007_M,2026-03-11,13
Retail,S010,ST0050_M,2026-03-11,39
Retail,S010,ST0047_S,2026-03-11,23
Retail,S010,ST0047_L,2026-03-11,33
Retail,S010,ST0036_XL,2026-03-11,30
Retail,S010,ST0045_M,2026-03-11,46
Retail,S010,ST0025_S,2026-03-11,0
Retail,S010,ST0049_L,2026-03-11,31
Retail,S010,ST0037_S,2026-03-11,27
Retail,S010,ST0034_S,2026-03-11,41
Retail,S010,ST0042_S,2026-03-11,38
Retail,S010,ST0009_XL,2026-03-11,49
Retail,S010,ST0050_S,2026-03-11,17
Retail,S010,ST0008_S,2026-03-11,44
Retail,S010,ST0045_L,2026-03-11,12
Retail,S010,ST0038_L,2026-03-11,1
Retail,S010,ST0045_S,2026-03-11,44
Retail,S001,ST0036_XL,2026-03-12,8
Retail,S001,ST0018_S,2026-03-12,25
Retail,S001,ST0025_M,2026-03-12,3
Retail,S001,ST0045_XL,2026-03-12,35
Retail,S001,ST0045_M,2026-03-12,36
Retail,S001,ST0022_XL,2026-03-12,7
Retail,S001,ST0042_M,2026-03-12,32
Retail,S001,ST0047_L,2026-03-12,16
Retail,S001,ST0033_XL,2026-03-12,34
Retail,S001,ST0018_M,2026-03-12,47
Retail,S001,ST0010_S,2026-03-12,8
Retail,S001,ST0020_L,2026-03-12,2
Retail,S001,ST0029_S,2026-03-12,37
Retail,S001,ST0041_XL,2026-03-12,6
Retail,S001,ST0037_XL,2026-03-12,44
Retail,S001,ST0035_S,2026-03-12,17
Retail,S001,ST0041_S,2026-03-12,29
Retail,S001,ST0024_XL,2026-03-12,30
Retail,S001,ST0039_L,2026-03-12,14
Retail,S001,ST0011_S,2026-03-12,12
Retail,S002,ST0026_L,2026-03-12,19
Retail,S002,ST0007_M,2026-03-12,24
Retail,S002,ST0013_XL,2026-03-12,13
Retail,S002,ST0017_L,2026-03-12,19
Retail,S002,ST0049_XL,2026-03-12,34
Retail,S002,ST0007_L,2026-03-12,3
Retail,S002,ST0047_L,2026-03-12,49
Retail,S002,ST0009_L,2026-03-12,49
Retail,S002,ST0022_XL,2026-03-12,38
Retail,S002,ST0011_XL,2026-03-12,16
Retail,S002,ST0044_S,2026-03-12,34
Retail,S002,ST0013_S,2026-03-12,16
Retail,S002,ST0036_XL,2026-03-12,2
Retail,S002,ST0007_S,2026-03-12,18
Retail,S002,ST0049_L,2026-03-12,36
Retail,S002,ST0001_L,2026-03-12,2
Retail,S002,ST0005_XL,2026-03-12,18
Retail,S002,ST0013_L,2026-03-12,14
Retail,S002,ST0030_M,2026-03-12,31
Retail,S002,ST0035_M,2026-03-12,30
Retail,S003,ST0047_S,2026-03-12,18
Retail,S003,ST0028_XL,2026-03-12,13
Retail,S003,ST0035_XL,2026-03-12,11
Retail,S003,ST0049_XL,2026-03-12,48
Retail,S003,ST0030_M,2026-03-12,32
Retail,S003,ST0003_L,2026-03-12,44
Retail,S003,ST0006_XL,2026-03-12,46
Retail,S003,ST0031_S,2026-03-12,12
Retail,S003,ST0002_S,2026-03-12,36
Retail,S003,ST0011_L,2026-03-12,3
Retail,S003,ST0033_L,2026-03-12,9
Retail,S003,ST0012_S,2026-03-12,14
Retail,S003,ST0026_XL,2026-03-12,21
Retail,S003,ST0041_S,2026-03-12,17
Retail,S003,ST0025_M,2026-03-12,32
Retail,S003,ST0034_M,2026-03-12,0
Retail,S003,ST0031_L,2026-03-12,16
Retail,S003,ST0039_XL,2026-03-12,32
Retail,S003,ST0050_L,2026-03-12,30
Retail,S003,ST0042_XL,2026-03-12,49
Retail,S004,ST0008_S,2026-03-12,33
Retail,S004,ST0035_XL,2026-03-12,9
Retail,S004,ST0029_M,2026-03-12,22
Retail,S004,ST0020_L,2026-03-12,18
Retail,S004,ST0014_S,2026-03-12,31
Retail,S004,ST0018_L,2026-03-12,28
Retail,S004,ST0025_L,2026-03-12,38
Retail,S004,ST0007_L,2026-03-12,20
Retail,S004,ST0020_S,2026-03-12,34
Retail,S004,ST0040_XL,2026-03-12,17
Retail,S004,ST0045_L,2026-03-12,45
Retail,S004,ST0048_S,2026-03-12,33
Retail,S004,ST0049_M,2026-03-12,18
Retail,S004,ST0040_S,2026-03-12,33
Retail,S004,ST0008_L,2026-03-12,36
Retail,S004,ST0019_S,2026-03-12,18
Retail,S004,ST0009_S,2026-03-12,19
Retail,S004,ST0021_L,2026-03-12,48
Retail,S004,ST0031_XL,2026-03-12,12
Retail,S004,ST0035_M,2026-03-12,39
Retail,S005,ST0013_L,2026-03-12,8
Retail,S005,ST0027_L,2026-03-12,20
Retail,S005,ST0028_XL,2026-03-12,33
Retail,S005,ST0021_L,2026-03-12,0
Retail,S005,ST0022_S,2026-03-12,32
Retail,S005,ST0007_M,2026-03-12,7
Retail,S005,ST0021_S,2026-03-12,37
Retail,S005,ST0018_M,2026-03-12,10
Retail,S005,ST0012_L,2026-03-12,24
Retail,S005,ST0012_S,2026-03-12,33
Retail,S005,ST0047_M,2026-03-12,17
Retail,S005,ST0022_L,2026-03-12,9
Retail,S005,ST0042_XL,2026-03-12,22
Retail,S005,ST0027_M,2026-03-12,30
Retail,S005,ST0032_XL,2026-03-12,29
Retail,S005,ST0040_M,2026-03-12,5
Retail,S005,ST0035_L,2026-03-12,40
Retail,S005,ST0038_S,2026-03-12,15
Retail,S005,ST0006_L,2026-03-12,46
Retail,S005,ST0042_M,2026-03-12,8
Retail,S006,ST0014_XL,2026-03-12,8
Retail,S006,ST0022_M,2026-03-12,17
Retail,S006,ST0037_XL,2026-03-12,2
Retail,S006,ST0021_M,2026-03-12,27
Retail,S006,ST0012_S,2026-03-12,3
Retail,S006,ST0005_L,2026-03-12,0
Retail,S006,ST0039_L,2026-03-12,26
Retail,S006,ST0002_M,2026-03-12,36
Retail,S006,ST0031_L,2026-03-12,29
Retail,S006,ST0037_M,2026-03-12,4
Retail,S006,ST0002_XL,2026-03-12,16
Retail,S006,ST0046_XL,2026-03-12,37
Retail,S006,ST0007_L,2026-03-12,11
Retail,S006,ST0016_L,2026-03-12,10
Retail,S006,ST0016_S,2026-03-12,25
Retail,S006,ST0005_M,2026-03-12,27
Retail,S006,ST0007_S,2026-03-12,34
Retail,S006,ST0031_XL,2026-03-12,40
Retail,S006,ST0040_L,2026-03-12,32
Retail,S006,ST0009_S,2026-03-12,20
Retail,S007,ST0030_L,2026-03-12,4
Retail,S007,ST0001_M,2026-03-12,11
Retail,S007,ST0028_L,2026-03-12,0
Retail,S007,ST0039_M,2026-03-12,49
Retail,S007,ST0017_M,2026-03-12,10
Retail,S007,ST0026_M,2026-03-12,23
Retail,S007,ST0003_L,2026-03-12,27
Retail,S007,ST0033_S,2026-03-12,30
Retail,S007,ST0007_XL,2026-03-12,31
Retail,S007,ST0048_L,2026-03-12,27
Retail,S007,ST0040_XL,2026-03-12,11
Retail,S007,ST0014_L,2026-03-12,37
Retail,S007,ST0021_S,2026-03-12,7
Retail,S007,ST0042_S,2026-03-12,48
Retail,S007,ST0018_M,2026-03-12,7
Retail,S007,ST0020_L,2026-03-12,34
Retail,S007,ST0044_M,2026-03-12,24
Retail,S007,ST0024_L,2026-03-12,16
Retail,S007,ST0004_S,2026-03-12,21
Retail,S007,ST0003_M,2026-03-12,49
Retail,S008,ST0008_L,2026-03-12,2
Retail,S008,ST0027_XL,2026-03-12,32
Retail,S008,ST0033_XL,2026-03-12,33
Retail,S008,ST0022_XL,2026-03-12,11
Retail,S008,ST0009_XL,2026-03-12,9
Retail,S008,ST0050_L,2026-03-12,26
Retail,S008,ST0028_XL,2026-03-12,0
Retail,S008,ST0046_S,2026-03-12,19
Retail,S008,ST0008_S,2026-03-12,46
Retail,S008,ST0029_XL,2026-03-12,4
Retail,S008,ST0015_L,2026-03-12,43
Retail,S008,ST0009_S,2026-03-12,47
Retail,S008,ST0006_S,2026-03-12,19
Retail,S008,ST0043_L,2026-03-12,7
Retail,S008,ST0006_XL,2026-03-12,0
Retail,S008,ST0036_L,2026-03-12,37
Retail,S008,ST0013_M,2026-03-12,3
Retail,S008,ST0011_S,2026-03-12,8
Retail,S008,ST0003_M,2026-03-12,46
Retail,S008,ST0004_XL,2026-03-12,17
Retail,S009,ST0046_M,2026-03-12,35
Retail,S009,ST0016_S,2026-03-12,1
Retail,S009,ST0015_M,2026-03-12,39
Retail,S009,ST0020_L,2026-03-12,21
Retail,S009,ST0019_XL,2026-03-12,21
Retail,S009,ST0048_XL,2026-03-12,7
Retail,S009,ST0001_L,2026-03-12,36
Retail,S009,ST0044_M,2026-03-12,8
Retail,S009,ST0002_L,2026-03-12,28
Retail,S009,ST0024_XL,2026-03-12,9
Retail,S009,ST0009_M,2026-03-12,40
Retail,S009,ST0041_L,2026-03-12,46
Retail,S009,ST0014_L,2026-03-12,38
Retail,S009,ST0017_L,2026-03-12,35
Retail,S009,ST0024_L,2026-03-12,40
Retail,S009,ST0043_M,2026-03-12,20
Retail,S009,ST0013_M,2026-03-12,3
Retail,S009,ST0019_S,2026-03-12,9
Retail,S009,ST0016_M,2026-03-12,17
Retail,S009,ST0047_S,2026-03-12,1
Retail,S010,ST0024_M,2026-03-12,46
Retail,S010,ST0019_S,2026-03-12,13
Retail,S010,ST0016_S,2026-03-12,30
Retail,S010,ST0014_XL,2026-03-12,7
Retail,S010,ST0050_XL,2026-03-12,4
Retail,S010,ST0013_S,2026-03-12,31
Retail,S010,ST0042_M,2026-03-12,25
Retail,S010,ST0002_S,2026-03-12,32
Retail,S010,ST0036_L,2026-03-12,0
Retail,S010,ST0050_L,2026-03-12,14
Retail,S010,ST0040_L,2026-03-12,34
Retail,S010,ST0034_L,2026-03-12,7
Retail,S010,ST0047_S,2026-03-12,43
Retail,S010,ST0006_XL,2026-03-12,39
Retail,S010,ST0033_XL,2026-03-12,46
Retail,S010,ST0010_L,2026-03-12,10
Retail,S010,ST0041_M,2026-03-12,44
Retail,S010,ST0036_S,2026-03-12,6
Retail,S010,ST0026_S,2026-03-12,30
Retail,S010,ST0022_L,2026-03-12,47
Retail,S001,ST0044_XL,2026-03-13,13
Retail,S001,ST0006_S,2026-03-13,17
Retail,S001,ST0042_XL,2026-03-13,14
Retail,S001,ST0014_XL,2026-03-13,32
Retail,S001,ST0017_S,2026-03-13,31
Retail,S001,ST0029_XL,2026-03-13,37
Retail,S001,ST0046_M,2026-03-13,49
Retail,S001,ST0015_M,2026-03-13,13
Retail,S001,ST0026_XL,2026-03-13,34
Retail,S001,ST0034_XL,2026-03-13,45
Retail,S001,ST0050_S,2026-03-13,33
Retail,S001,ST0017_XL,2026-03-13,46
Retail,S001,ST0037_S,2026-03-13,11
Retail,S001,ST0033_S,2026-03-13,13
Retail,S001,ST0031_XL,2026-03-13,23
Retail,S001,ST0011_M,2026-03-13,0
Retail,S001,ST0002_XL,2026-03-13,35
Retail,S001,ST0048_S,2026-03-13,10
Retail,S001,ST0011_S,2026-03-13,12
Retail,S001,ST0031_L,2026-03-13,18
Retail,S002,ST0026_XL,2026-03-13,25
Retail,S002,ST0039_M,2026-03-13,9
Retail,S002,ST0038_L,2026-03-13,2
Retail,S002,ST0020_L,2026-03-13,21
Retail,S002,ST0019_M,2026-03-13,33
Retail,S002,ST0046_XL,2026-03-13,25
Retail,S002,ST0025_S,2026-03-13,43
Retail,S002,ST0045_XL,2026-03-13,16
Retail,S002,ST0006_XL,2026-03-13,42
Retail,S002,ST0016_M,2026-03-13,48
Retail,S002,ST0004_S,2026-03-13,42
Retail,S002,ST0002_XL,2026-03-13,24
Retail,S002,ST0010_XL,2026-03-13,48
Retail,S002,ST0035_XL,2026-03-13,27
Retail,S002,ST0030_S,2026-03-13,38
Retail,S002,ST0037_L,2026-03-13,35
Retail,S002,ST0032_M,2026-03-13,15
Retail,S002,ST0039_S,2026-03-13,12
Retail,S002,ST0014_M,2026-03-13,12
Retail,S002,ST0006_L,2026-03-13,40
Retail,S003,ST0025_L,2026-03-13,20
Retail,S003,ST0021_S,2026-03-13,35
Retail,S003,ST0039_S,2026-03-13,1
Retail,S003,ST0023_M,2026-03-13,17
Retail,S003,ST0024_M,2026-03-13,49
Retail,S003,ST0043_M,2026-03-13,19
Retail,S003,ST0008_XL,2026-03-13,22
Retail,S003,ST0027_M,2026-03-13,38
Retail,S003,ST0029_M,2026-03-13,46
Retail,S003,ST0004_L,2026-03-13,32
Retail,S003,ST0018_S,2026-03-13,4
Retail,S003,ST0050_M,2026-03-13,7
Retail,S003,ST0006_M,2026-03-13,18
Retail,S003,ST0001_XL,2026-03-13,41
Retail,S003,ST0036_XL,2026-03-13,29
Retail,S003,ST0016_M,2026-03-13,0
Retail,S003,ST0022_XL,2026-03-13,42
Retail,S003,ST0049_XL,2026-03-13,9
Retail,S003,ST0013_M,2026-03-13,35
Retail,S003,ST0023_S,2026-03-13,12
Retail,S004,ST0002_S,2026-03-13,31
Retail,S004,ST0039_L,2026-03-13,40
Retail,S004,ST0040_M,2026-03-13,27
Retail,S004,ST0002_L,2026-03-13,38
Retail,S004,ST0034_S,2026-03-13,34
Retail,S004,ST0022_XL,2026-03-13,26
Retail,S004,ST0028_XL,2026-03-13,48
Retail,S004,ST0043_M,2026-03-13,35
Retail,S004,ST0041_XL,2026-03-13,5
Retail,S004,ST0015_M,2026-03-13,10
Retail,S004,ST0042_S,2026-03-13,38
Retail,S004,ST0038_S,2026-03-13,35
Retail,S004,ST0034_M,2026-03-13,27
Retail,S004,ST0042_L,2026-03-13,27
Retail,S004,ST0035_M,2026-03-13,32
Retail,S004,ST0003_M,2026-03-13,9
Retail,S004,ST0016_XL,2026-03-13,24
Retail,S004,ST0037_L,2026-03-13,30
Retail,S004,ST0049_XL,2026-03-13,25
Retail,S004,ST0006_XL,2026-03-13,6
Retail,S005,ST0036_M,2026-03-13,41
Retail,S005,ST0007_M,2026-03-13,1
Retail,S005,ST0049_L,2026-03-13,1
Retail,S005,ST0019_L,2026-03-13,18
Retail,S005,ST0043_XL,2026-03-13,23
Retail,S005,ST0039_M,2026-03-13,15
Retail,S005,ST0045_M,2026-03-13,24
Retail,S005,ST0006_M,2026-03-13,39
Retail,S005,ST0026_M,2026-03-13,6
Retail,S005,ST0039_S,2026-03-13,17
Retail,S005,ST0016_M,2026-03-13,31
Retail,S005,ST0025_L,2026-03-13,20
Retail,S005,ST0026_L,2026-03-13,32
Retail,S005,ST0029_L,2026-03-13,5
Retail,S005,ST0008_L,2026-03-13,30
Retail,S005,ST0023_XL,2026-03-13,43
Retail,S005,ST0002_S,2026-03-13,8
Retail,S005,ST0012_L,2026-03-13,0
Retail,S005,ST0024_L,2026-03-13,18
Retail,S005,ST0022_M,2026-03-13,19
Retail,S006,ST0035_XL,2026-03-13,16
Retail,S006,ST0041_S,2026-03-13,13
Retail,S006,ST0050_L,2026-03-13,41
Retail,S006,ST0007_XL,2026-03-13,14
Retail,S006,ST0024_XL,2026-03-13,17
Retail,S006,ST0039_XL,2026-03-13,17
Retail,S006,ST0020_M,2026-03-13,0
Retail,S006,ST0027_M,2026-03-13,22
Retail,S006,ST0045_XL,2026-03-13,31
Retail,S006,ST0004_M,2026-03-13,43
Retail,S006,ST0004_S,2026-03-13,6
Retail,S006,ST0034_M,2026-03-13,20
Retail,S006,ST0019_XL,2026-03-13,8
Retail,S006,ST0015_S,2026-03-13,45
Retail,S006,ST0046_XL,2026-03-13,46
Retail,S006,ST0034_L,2026-03-13,25
Retail,S006,ST0031_M,2026-03-13,8
Retail,S006,ST0046_M,2026-03-13,17
Retail,S006,ST0018_L,2026-03-13,44
Retail,S006,ST0029_L,2026-03-13,10
Retail,S007,ST0021_M,2026-03-13,13
Retail,S007,ST0020_L,2026-03-13,33
Retail,S007,ST0025_S,2026-03-13,24
Retail,S007,ST0014_S,2026-03-13,49
Retail,S007,ST0042_XL,2026-03-13,27
Retail,S007,ST0045_L,2026-03-13,28
Retail,S007,ST0008_L,2026-03-13,32
Retail,S007,ST0042_M,2026-03-13,4
Retail,S007,ST0014_M,2026-03-13,41
Retail,S007,ST0024_XL,2026-03-13,36
Retail,S007,ST0010_S,2026-03-13,29
Retail,S007,ST0023_XL,2026-03-13,4
Retail,S007,ST0026_M,2026-03-13,5
Retail,S007,ST0026_S,2026-03-13,49
Retail,S007,ST0009_S,2026-03-13,44
Retail,S007,ST0039_XL,2026-03-13,17
Retail,S007,ST0023_S,2026-03-13,46
Retail,S007,ST0038_L,2026-03-13,18
Retail,S007,ST0040_XL,2026-03-13,9
Retail,S007,ST0041_L,2026-03-13,0
Retail,S008,ST0050_L,2026-03-13,23
Retail,S008,ST0019_L,2026-03-13,26
Retail,S008,ST0020_XL,2026-03-13,28
Retail,S008,ST0003_L,2026-03-13,17
Retail,S008,ST0031_XL,2026-03-13,29
Retail,S008,ST0018_XL,2026-03-13,40
Retail,S008,ST0008_L,2026-03-13,19
Retail,S008,ST0037_S,2026-03-13,25
Retail,S008,ST0043_L,2026-03-13,16
Retail,S008,ST0032_XL,2026-03-13,45
Retail,S008,ST0017_XL,2026-03-13,31
Retail,S008,ST0040_M,2026-03-13,35
Retail,S008,ST0022_S,2026-03-13,16
Retail,S008,ST0025_XL,2026-03-13,35
Retail,S008,ST0012_L,2026-03-13,5
Retail,S008,ST0009_XL,2026-03-13,8
Retail,S008,ST0050_M,2026-03-13,39
Retail,S008,ST0006_S,2026-03-13,48
Retail,S008,ST0030_L,2026-03-13,33
Retail,S008,ST0042_L,2026-03-13,29
Retail,S009,ST0043_S,2026-03-13,12
Retail,S009,ST0047_M,2026-03-13,28
Retail,S009,ST0041_XL,2026-03-13,41
Retail,S009,ST0029_XL,2026-03-13,21
Retail,S009,ST0002_M,2026-03-13,8
Retail,S009,ST0049_L,2026-03-13,28
Retail,S009,ST0032_XL,2026-03-13,31
Retail,S009,ST0035_M,2026-03-13,13
Retail,S009,ST0016_M,2026-03-13,30
Retail,S009,ST0018_M,2026-03-13,33
Retail,S009,ST0035_L,2026-03-13,49
Retail,S009,ST0034_S,2026-03-13,3
Retail,S009,ST0017_XL,2026-03-13,3
Retail,S009,ST0034_L,2026-03-13,21
Retail,S009,ST0016_XL,2026-03-13,17
Retail,S009,ST0027_S,2026-03-13,35
Retail,S009,ST0032_S,2026-03-13,12
Retail,S009,ST0001_M,2026-03-13,24
Retail,S009,ST0007_S,2026-03-13,19
Retail,S009,ST0036_S,2026-03-13,8
Retail,S010,ST0004_M,2026-03-13,36
Retail,S010,ST0049_L,2026-03-13,31
Retail,S010,ST0020_XL,2026-03-13,36
Retail,S010,ST0006_M,2026-03-13,5
Retail,S010,ST0009_XL,2026-03-13,25
Retail,S010,ST0024_M,2026-03-13,6
Retail,S010,ST0007_L,2026-03-13,5
Retail,S010,ST0036_L,2026-03-13,10
Retail,S010,ST0019_M,2026-03-13,3
Retail,S010,ST0013_M,2026-03-13,32
Retail,S010,ST0015_S,2026-03-13,28
Retail,S010,ST0026_XL,2026-03-13,14
Retail,S010,ST0005_XL,2026-03-13,20
Retail,S010,ST0022_S,2026-03-13,45
Retail,S010,ST0022_M,2026-03-13,24
Retail,S010,ST0046_XL,2026-03-13,29
Retail,S010,ST0018_XL,2026-03-13,0
Retail,S010,ST0021_XL,2026-03-13,48
Retail,S010,ST0032_XL,2026-03-13,31
Retail,S010,ST0034_M,2026-03-13,35
Retail,S001,ST0018_L,2026-03-14,47
Retail,S001,ST0034_XL,2026-03-14,30
Retail,S001,ST0027_XL,2026-03-14,15
Retail,S001,ST0001_S,2026-03-14,49
Retail,S001,ST0036_XL,2026-03-14,12
Retail,S001,ST0025_L,2026-03-14,4
Retail,S001,ST0028_XL,2026-03-14,45
Retail,S001,ST0009_XL,2026-03-14,0
Retail,S001,ST0011_L,2026-03-14,9
Retail,S001,ST0022_S,2026-03-14,13
Retail,S001,ST0040_XL,2026-03-14,5
Retail,S001,ST0019_XL,2026-03-14,41
Retail,S001,ST0042_XL,2026-03-14,1
Retail,S001,ST0046_XL,2026-03-14,16
Retail,S001,ST0025_M,2026-03-14,28
Retail,S001,ST0025_S,2026-03-14,10
Retail,S001,ST0050_XL,2026-03-14,14
Retail,S001,ST0044_S,2026-03-14,8
Retail,S001,ST0019_S,2026-03-14,33
Retail,S001,ST0030_M,2026-03-14,49
Retail,S002,ST0008_S,2026-03-14,49
Retail,S002,ST0042_S,2026-03-14,29
Retail,S002,ST0010_L,2026-03-14,20
Retail,S002,ST0025_M,2026-03-14,32
Retail,S002,ST0006_S,2026-03-14,45
Retail,S002,ST0001_XL,2026-03-14,32
Retail,S002,ST0013_M,2026-03-14,27
Retail,S002,ST0050_S,2026-03-14,20
Retail,S002,ST0004_L,2026-03-14,31
Retail,S002,ST0037_L,2026-03-14,24
Retail,S002,ST0049_S,2026-03-14,22
Retail,S002,ST0046_XL,2026-03-14,33
Retail,S002,ST0011_S,2026-03-14,6
Retail,S002,ST0031_XL,2026-03-14,31
Retail,S002,ST0026_XL,2026-03-14,4
Retail,S002,ST0039_L,2026-03-14,12
Retail,S002,ST0008_XL,2026-03-14,47
Retail,S002,ST0040_M,2026-03-14,18
Retail,S002,ST0036_XL,2026-03-14,37
Retail,S002,ST0034_M,2026-03-14,16
Retail,S003,ST0012_XL,2026-03-14,43
Retail,S003,ST0032_L,2026-03-14,18
Retail,S003,ST0014_M,2026-03-14,38
Retail,S003,ST0029_S,2026-03-14,44
Retail,S003,ST0039_S,2026-03-14,2
Retail,S003,ST0032_XL,2026-03-14,44
Retail,S003,ST0042_S,2026-03-14,28
Retail,S003,ST0011_S,2026-03-14,43
Retail,S003,ST0037_L,2026-03-14,33
Retail,S003,ST0049_S,2026-03-14,15
Retail,S003,ST0024_M,2026-03-14,39
Retail,S003,ST0004_S,2026-03-14,35
Retail,S003,ST0011_M,2026-03-14,21
Retail,S003,ST0033_S,2026-03-14,24
Retail,S003,ST0043_L,2026-03-14,33
Retail,S003,ST0042_L,2026-03-14,26
Retail,S003,ST0024_S,2026-03-14,28
Retail,S003,ST0002_L,2026-03-14,12
Retail,S003,ST0044_M,2026-03-14,35
Retail,S003,ST0039_M,2026-03-14,45
Retail,S004,ST0009_S,2026-03-14,27
Retail,S004,ST0007_M,2026-03-14,15
Retail,S004,ST0044_L,2026-03-14,19
Retail,S004,ST0004_XL,2026-03-14,31
Retail,S004,ST0010_S,2026-03-14,0
Retail,S004,ST0039_L,2026-03-14,0
Retail,S004,ST0025_M,2026-03-14,32
Retail,S004,ST0024_XL,2026-03-14,1
Retail,S004,ST0017_XL,2026-03-14,48
Retail,S004,ST0022_L,2026-03-14,17
Retail,S004,ST0013_XL,2026-03-14,27
Retail,S004,ST0014_XL,2026-03-14,13
Retail,S004,ST0002_S,2026-03-14,1
Retail,S004,ST0045_M,2026-03-14,1
Retail,S004,ST0001_L,2026-03-14,41
Retail,S004,ST0028_XL,2026-03-14,18
Retail,S004,ST0008_XL,2026-03-14,27
Retail,S004,ST0033_L,2026-03-14,11
Retail,S004,ST0046_XL,2026-03-14,38
Retail,S004,ST0013_M,2026-03-14,16
Retail,S005,ST0005_S,2026-03-14,30
Retail,S005,ST0002_XL,2026-03-14,34
Retail,S005,ST0028_L,2026-03-14,27
Retail,S005,ST0039_XL,2026-03-14,1
Retail,S005,ST0050_XL,2026-03-14,6
Retail,S005,ST0048_XL,2026-03-14,48
Retail,S005,ST0037_S,2026-03-14,9
Retail,S005,ST0034_M,2026-03-14,12
Retail,S005,ST0012_L,2026-03-14,47
Retail,S005,ST0045_XL,2026-03-14,28
Retail,S005,ST0006_XL,2026-03-14,15
Retail,S005,ST0017_M,2026-03-14,20
Retail,S005,ST0049_L,2026-03-14,10
Retail,S005,ST0021_XL,2026-03-14,11
Retail,S005,ST0028_XL,2026-03-14,19
Retail,S005,ST0007_S,2026-03-14,38
Retail,S005,ST0005_M,2026-03-14,28
Retail,S005,ST0018_L,2026-03-14,45
Retail,S005,ST0032_S,2026-03-14,1
Retail,S005,ST0014_L,2026-03-14,35
Retail,S006,ST0050_XL,2026-03-14,30
Retail,S006,ST0047_S,2026-03-14,11
Retail,S006,ST0013_S,2026-03-14,48
Retail,S006,ST0006_M,2026-03-14,45
Retail,S006,ST0035_M,2026-03-14,36
Retail,S006,ST0007_XL,2026-03-14,32
Retail,S006,ST0001_XL,2026-03-14,9
Retail,S006,ST0021_S,2026-03-14,39
Retail,S006,ST0029_M,2026-03-14,49
Retail,S006,ST0023_L,2026-03-14,3
Retail,S006,ST0030_XL,2026-03-14,3
Retail,S006,ST0029_S,2026-03-14,30
Retail,S006,ST0012_XL,2026-03-14,8
Retail,S006,ST0006_S,2026-03-14,4
Retail,S006,ST0016_S,2026-03-14,23
Retail,S006,ST0001_S,2026-03-14,42
Retail,S006,ST0015_L,2026-03-14,35
Retail,S006,ST0041_XL,2026-03-14,4
Retail,S006,ST0017_XL,2026-03-14,37
Retail,S006,ST0011_L,2026-03-14,11
Retail,S007,ST0047_S,2026-03-14,41
Retail,S007,ST0006_L,2026-03-14,3
Retail,S007,ST0012_M,2026-03-14,4
Retail,S007,ST0031_M,2026-03-14,49
Retail,S007,ST0018_XL,2026-03-14,2
Retail,S007,ST0025_S,2026-03-14,17
Retail,S007,ST0002_S,2026-03-14,35
Retail,S007,ST0016_S,2026-03-14,4
Retail,S007,ST0020_L,2026-03-14,20
Retail,S007,ST0017_XL,2026-03-14,22
Retail,S007,ST0024_L,2026-03-14,34
Retail,S007,ST0017_S,2026-03-14,42
Retail,S007,ST0016_M,2026-03-14,34
Retail,S007,ST0004_XL,2026-03-14,18
Retail,S007,ST0023_S,2026-03-14,29
Retail,S007,ST0025_XL,2026-03-14,5
Retail,S007,ST0031_XL,2026-03-14,30
Retail,S007,ST0019_S,2026-03-14,43
Retail,S007,ST0034_XL,2026-03-14,13
Retail,S007,ST0029_L,2026-03-14,28
Retail,S008,ST0037_M,2026-03-14,30
Retail,S008,ST0022_S,2026-03-14,21
Retail,S008,ST0039_S,2026-03-14,46
Retail,S008,ST0024_S,2026-03-14,36
Retail,S008,ST0035_L,2026-03-14,41
Retail,S008,ST0020_M,2026-03-14,2
Retail,S008,ST0019_L,2026-03-14,3
Retail,S008,ST0001_M,2026-03-14,44
Retail,S008,ST0023_XL,2026-03-14,36
Retail,S008,ST0033_S,2026-03-14,9
Retail,S008,ST0009_XL,2026-03-14,1
Retail,S008,ST0029_M,2026-03-14,8
Retail,S008,ST0043_XL,2026-03-14,30
Retail,S008,ST0006_M,2026-03-14,13
Retail,S008,ST0009_L,2026-03-14,7
Retail,S008,ST0044_XL,2026-03-14,36
Retail,S008,ST0026_XL,2026-03-14,8
Retail,S008,ST0008_M,2026-03-14,40
Retail,S008,ST0042_L,2026-03-14,15
Retail,S008,ST0005_XL,2026-03-14,24
Retail,S009,ST0033_M,2026-03-14,41
Retail,S009,ST0018_M,2026-03-14,33
Retail,S009,ST0030_XL,2026-03-14,18
Retail,S009,ST0017_M,2026-03-14,10
Retail,S009,ST0038_L,2026-03-14,29
Retail,S009,ST0003_S,2026-03-14,10
Retail,S009,ST0042_L,2026-03-14,18
Retail,S009,ST0006_S,2026-03-14,16
Retail,S009,ST0038_M,2026-03-14,43
Retail,S009,ST0037_XL,2026-03-14,38
Retail,S009,ST0006_M,2026-03-14,19
Retail,S009,ST0016_L,2026-03-14,16
Retail,S009,ST0028_XL,2026-03-14,7
Retail,S009,ST0022_S,2026-03-14,40
Retail,S009,ST0030_L,2026-03-14,30
Retail,S009,ST0047_S,2026-03-14,8
Retail,S009,ST0010_M,2026-03-14,43
Retail,S009,ST0032_M,2026-03-14,0
Retail,S009,ST0040_M,2026-03-14,35
Retail,S009,ST0004_M,2026-03-14,49
Retail,S010,ST0005_M,2026-03-14,28
Retail,S010,ST0034_L,2026-03-14,14
Retail,S010,ST0032_L,2026-03-14,2
Retail,S010,ST0035_S,2026-03-14,32
Retail,S010,ST0021_XL,2026-03-14,47
Retail,S010,ST0017_S,2026-03-14,38
Retail,S010,ST0023_S,2026-03-14,23
Retail,S010,ST0020_XL,2026-03-14,39
Retail,S010,ST0023_M,2026-03-14,26
Retail,S010,ST0040_L,2026-03-14,38
Retail,S010,ST0038_L,2026-03-14,3
Retail,S010,ST0003_XL,2026-03-14,36
Retail,S010,ST0021_S,2026-03-14,6
Retail,S010,ST0006_M,2026-03-14,8
Retail,S010,ST0019_L,2026-03-14,26
Retail,S010,ST0044_S,2026-03-14,20
Retail,S010,ST0029_L,2026-03-14,41
Retail,S010,ST0018_L,2026-03-14,12
Retail,S010,ST0047_S,2026-03-14,31
Retail,S010,ST0019_S,2026-03-14,4
Retail,S001,ST0003_M,2026-03-15,27
Retail,S001,ST0016_L,2026-03-15,41
Retail,S001,ST0008_XL,2026-03-15,8
Retail,S001,ST0013_S,2026-03-15,7
Retail,S001,ST0006_M,2026-03-15,38
Retail,S001,ST0050_L,2026-03-15,16
Retail,S001,ST0039_XL,2026-03-15,13
Retail,S001,ST0032_L,2026-03-15,0
Retail,S001,ST0035_M,2026-03-15,2
Retail,S001,ST0044_S,2026-03-15,22
Retail,S001,ST0006_L,2026-03-15,15
Retail,S001,ST0025_M,2026-03-15,32
Retail,S001,ST0004_XL,2026-03-15,45
Retail,S001,ST0011_S,2026-03-15,32
Retail,S001,ST0024_L,2026-03-15,41
Retail,S001,ST0043_M,2026-03-15,37
Retail,S001,ST0022_XL,2026-03-15,33
Retail,S001,ST0047_XL,2026-03-15,27
Retail,S001,ST0027_M,2026-03-15,8
Retail,S001,ST0038_L,2026-03-15,30
Retail,S002,ST0016_M,2026-03-15,16
Retail,S002,ST0022_M,2026-03-15,15
Retail,S002,ST0008_S,2026-03-15,26
Retail,S002,ST0035_XL,2026-03-15,48
Retail,S002,ST0034_XL,2026-03-15,47
Retail,S002,ST0019_S,2026-03-15,45
Retail,S002,ST0021_S,2026-03-15,35
Retail,S002,ST0003_XL,2026-03-15,33
Retail,S002,ST0044_S,2026-03-15,38
Retail,S002,ST0021_XL,2026-03-15,6
Retail,S002,ST0002_XL,2026-03-15,34
Retail,S002,ST0011_M,2026-03-15,26
Retail,S002,ST0026_XL,2026-03-15,16
Retail,S002,ST0033_XL,2026-03-15,0
Retail,S002,ST0007_S,2026-03-15,18
Retail,S002,ST0034_L,2026-03-15,9
Retail,S002,ST0020_L,2026-03-15,23
Retail,S002,ST0029_M,2026-03-15,1
Retail,S002,ST0042_XL,2026-03-15,10
Retail,S002,ST0016_L,2026-03-15,22
Retail,S003,ST0002_L,2026-03-15,30
Retail,S003,ST0020_S,2026-03-15,21
Retail,S003,ST0009_L,2026-03-15,48
Retail,S003,ST0038_XL,2026-03-15,39
Retail,S003,ST0043_L,2026-03-15,7
Retail,S003,ST0009_XL,2026-03-15,27
Retail,S003,ST0037_XL,2026-03-15,26
Retail,S003,ST0048_XL,2026-03-15,9
Retail,S003,ST0050_S,2026-03-15,33
Retail,S003,ST0013_L,2026-03-15,25
Retail,S003,ST0005_M,2026-03-15,26
Retail,S003,ST0028_M,2026-03-15,36
Retail,S003,ST0006_S,2026-03-15,0
Retail,S003,ST0022_XL,2026-03-15,12
Retail,S003,ST0031_M,2026-03-15,21
Retail,S003,ST0022_M,2026-03-15,14
Retail,S003,ST0030_XL,2026-03-15,1
Retail,S003,ST0025_XL,2026-03-15,19
Retail,S003,ST0033_XL,2026-03-15,28
Retail,S003,ST0047_L,2026-03-15,3
Retail,S004,ST0013_S,2026-03-15,2
Retail,S004,ST0005_M,2026-03-15,22
Retail,S004,ST0033_S,2026-03-15,31
Retail,S004,ST0009_M,2026-03-15,19
Retail,S004,ST0032_S,2026-03-15,36
Retail,S004,ST0006_L,2026-03-15,15
Retail,S004,ST0009_S,2026-03-15,45
Retail,S004,ST0016_XL,2026-03-15,30
Retail,S004,ST0028_M,2026-03-15,18
Retail,S004,ST0007_S,2026-03-15,20
Retail,S004,ST0024_XL,2026-03-15,10
Retail,S004,ST0045_XL,2026-03-15,14
Retail,S004,ST0042_M,2026-03-15,34
Retail,S004,ST0027_M,2026-03-15,0
Retail,S004,ST0044_XL,2026-03-15,20
Retail,S004,ST0029_L,2026-03-15,17
Retail,S004,ST0029_M,2026-03-15,0
Retail,S004,ST0025_L,2026-03-15,19
Retail,S004,ST0050_L,2026-03-15,12
Retail,S004,ST0020_S,2026-03-15,48
Retail,S005,ST0001_L,2026-03-15,47
Retail,S005,ST0007_M,2026-03-15,13
Retail,S005,ST0010_S,2026-03-15,34
Retail,S005,ST0022_S,2026-03-15,42
Retail,S005,ST0042_S,2026-03-15,41
Retail,S005,ST0005_M,2026-03-15,2
Retail,S005,ST0042_XL,2026-03-15,0
Retail,S005,ST0039_L,2026-03-15,8
Retail,S005,ST0013_XL,2026-03-15,26
Retail,S005,ST0016_L,2026-03-15,33
Retail,S005,ST0007_XL,2026-03-15,15
Retail,S005,ST0020_XL,2026-03-15,22
Retail,S005,ST0005_L,2026-03-15,3
Retail,S005,ST0048_XL,2026-03-15,14
Retail,S005,ST0012_S,2026-03-15,7
Retail,S005,ST0030_S,2026-03-15,13
Retail,S005,ST0038_S,2026-03-15,37
Retail,S005,ST0029_M,2026-03-15,27
Retail,S005,ST0014_XL,2026-03-15,0
Retail,S005,ST0019_M,2026-03-15,47
Retail,S006,ST0028_S,2026-03-15,32
Retail,S006,ST0009_L,2026-03-15,11
Retail,S006,ST0017_XL,2026-03-15,32
Retail,S006,ST0030_S,2026-03-15,46
Retail,S006,ST0047_L,2026-03-15,44
Retail,S006,ST0026_L,2026-03-15,39
Retail,S006,ST0050_S,2026-03-15,34
Retail,S006,ST0012_L,2026-03-15,22
Retail,S006,ST0016_M,2026-03-15,27
Retail,S006,ST0031_M,2026-03-15,21
Retail,S006,ST0031_XL,2026-03-15,7
Retail,S006,ST0046_M,2026-03-15,11
Retail,S006,ST0011_S,2026-03-15,10
Retail,S006,ST0018_S,2026-03-15,18
Retail,S006,ST0004_S,2026-03-15,44
Retail,S006,ST0044_L,2026-03-15,48
Retail,S006,ST0016_L,2026-03-15,25
Retail,S006,ST0014_S,2026-03-15,28
Retail,S006,ST0025_M,2026-03-15,49
Retail,S006,ST0013_M,2026-03-15,35
Retail,S007,ST0033_XL,2026-03-15,47
Retail,S007,ST0039_XL,2026-03-15,33
Retail,S007,ST0014_XL,2026-03-15,44
Retail,S007,ST0048_M,2026-03-15,32
Retail,S007,ST0007_XL,2026-03-15,49
Retail,S007,ST0008_M,2026-03-15,15
Retail,S007,ST0042_XL,2026-03-15,4
Retail,S007,ST0012_M,2026-03-15,13
Retail,S007,ST0031_S,2026-03-15,17
Retail,S007,ST0002_L,2026-03-15,10
Retail,S007,ST0041_L,2026-03-15,40
Retail,S007,ST0027_M,2026-03-15,23
Retail,S007,ST0024_L,2026-03-15,46
Retail,S007,ST0043_XL,2026-03-15,16
Retail,S007,ST0038_XL,2026-03-15,0
Retail,S007,ST0015_S,2026-03-15,23
Retail,S007,ST0040_M,2026-03-15,13
Retail,S007,ST0004_S,2026-03-15,10
Retail,S007,ST0008_L,2026-03-15,25
Retail,S007,ST0039_S,2026-03-15,27
Retail,S008,ST0048_M,2026-03-15,6
Retail,S008,ST0012_XL,2026-03-15,38
Retail,S008,ST0014_L,2026-03-15,29
Retail,S008,ST0040_S,2026-03-15,15
Retail,S008,ST0003_XL,2026-03-15,44
Retail,S008,ST0030_S,2026-03-15,35
Retail,S008,ST0038_L,2026-03-15,39
Retail,S008,ST0040_L,2026-03-15,2
Retail,S008,ST0009_XL,2026-03-15,35
Retail,S008,ST0028_L,2026-03-15,42
Retail,S008,ST0001_L,2026-03-15,17
Retail,S008,ST0050_M,2026-03-15,32
Retail,S008,ST0044_S,2026-03-15,11
Retail,S008,ST0049_M,2026-03-15,15
Retail,S008,ST0037_M,2026-03-15,34
Retail,S008,ST0008_S,2026-03-15,29
Retail,S008,ST0013_M,2026-03-15,15
Retail,S008,ST0027_L,2026-03-15,36
Retail,S008,ST0030_XL,2026-03-15,25
Retail,S008,ST0015_L,2026-03-15,34
Retail,S009,ST0010_L,2026-03-15,0
Retail,S009,ST0002_XL,2026-03-15,5
Retail,S009,ST0024_M,2026-03-15,38
Retail,S009,ST0019_XL,2026-03-15,15
Retail,S009,ST0031_M,2026-03-15,12
Retail,S009,ST0020_S,2026-03-15,35
Retail,S009,ST0014_L,2026-03-15,9
Retail,S009,ST0032_XL,2026-03-15,14
Retail,S009,ST0006_M,2026-03-15,25
Retail,S009,ST0030_M,2026-03-15,26
Retail,S009,ST0038_XL,2026-03-15,46
Retail,S009,ST0047_M,2026-03-15,41
Retail,S009,ST0043_L,2026-03-15,22
Retail,S009,ST0008_S,2026-03-15,29
Retail,S009,ST0042_S,2026-03-15,15
Retail,S009,ST0041_M,2026-03-15,27
Retail,S009,ST0035_XL,2026-03-15,22
Retail,S009,ST0044_L,2026-03-15,32
Retail,S009,ST0004_M,2026-03-15,6
Retail,S009,ST0033_M,2026-03-15,28
Retail,S010,ST0037_XL,2026-03-15,9
Retail,S010,ST0020_XL,2026-03-15,1
Retail,S010,ST0041_M,2026-03-15,49
Retail,S010,ST0030_L,2026-03-15,47
Retail,S010,ST0023_XL,2026-03-15,9
Retail,S010,ST0044_M,2026-03-15,4
Retail,S010,ST0030_S,2026-03-15,13
Retail,S010,ST0047_M,2026-03-15,4
Retail,S010,ST0031_S,2026-03-15,40
Retail,S010,ST0027_L,2026-03-15,35
Retail,S010,ST0041_S,2026-03-15,33
Retail,S010,ST0025_L,2026-03-15,39
Retail,S010,ST0014_L,2026-03-15,27
Retail,S010,ST0004_XL,2026-03-15,4
Retail,S010,ST0026_S,2026-03-15,4
Retail,S010,ST0009_S,2026-03-15,7
Retail,S010,ST0009_M,2026-03-15,49
Retail,S010,ST0021_L,2026-03-15,29
Retail,S010,ST0047_L,2026-03-15,42
Retail,S010,ST0039_M,2026-03-15,22
Retail,S001,ST0038_XL,2026-03-16,29
Retail,S001,ST0006_M,2026-03-16,37
Retail,S001,ST0042_S,2026-03-16,46
Retail,S001,ST0042_XL,2026-03-16,0
Retail,S001,ST0005_S,2026-03-16,32
Retail,S001,ST0009_L,2026-03-16,25
Retail,S001,ST0047_M,2026-03-16,27
Retail,S001,ST0026_S,2026-03-16,35
Retail,S001,ST0003_S,2026-03-16,38
Retail,S001,ST0050_S,2026-03-16,44
Retail,S001,ST0021_S,2026-03-16,43
Retail,S001,ST0024_XL,2026-03-16,8
Retail,S001,ST0020_XL,2026-03-16,1
Retail,S001,ST0027_L,2026-03-16,23
Retail,S001,ST0032_M,2026-03-16,4
Retail,S001,ST0043_S,2026-03-16,29
Retail,S001,ST0001_XL,2026-03-16,9
Retail,S001,ST0015_XL,2026-03-16,18
Retail,S001,ST0019_M,2026-03-16,19
Retail,S001,ST0013_S,2026-03-16,36
Retail,S002,ST0001_XL,2026-03-16,38
Retail,S002,ST0003_L,2026-03-16,13
Retail,S002,ST0043_XL,2026-03-16,32
Retail,S002,ST0005_L,2026-03-16,46
Retail,S002,ST0048_M,2026-03-16,19
Retail,S002,ST0031_S,2026-03-16,0
Retail,S002,ST0008_S,2026-03-16,25
Retail,S002,ST0023_L,2026-03-16,31
Retail,S002,ST0040_XL,2026-03-16,31
Retail,S002,ST0034_L,2026-03-16,35
Retail,S002,ST0010_S,2026-03-16,32
Retail,S002,ST0047_XL,2026-03-16,29
Retail,S002,ST0046_M,2026-03-16,46
Retail,S002,ST0022_L,2026-03-16,20
Retail,S002,ST0040_M,2026-03-16,44
Retail,S002,ST0001_L,2026-03-16,15
Retail,S002,ST0007_M,2026-03-16,0
Retail,S002,ST0049_S,2026-03-16,36
Retail,S002,ST0025_M,2026-03-16,4
Retail,S002,ST0042_S,2026-03-16,11
Retail,S003,ST0034_S,2026-03-16,36
Retail,S003,ST0018_XL,2026-03-16,4
Retail,S003,ST0002_S,2026-03-16,28
Retail,S003,ST0005_M,2026-03-16,41
Retail,S003,ST0037_M,2026-03-16,15
Retail,S003,ST0001_L,2026-03-16,2
Retail,S003,ST0035_M,2026-03-16,39
Retail,S003,ST0005_S,2026-03-16,39
Retail,S003,ST0035_S,2026-03-16,27
Retail,S003,ST0019_M,2026-03-16,28
Retail,S003,ST0009_L,2026-03-16,36
Retail,S003,ST0044_M,2026-03-16,15
Retail,S003,ST0032_S,2026-03-16,33
Retail,S003,ST0034_L,2026-03-16,48
Retail,S003,ST0004_S,2026-03-16,28
Retail,S003,ST0008_XL,2026-03-16,43
Retail,S003,ST0015_M,2026-03-16,45
Retail,S003,ST0004_M,2026-03-16,22
Retail,S003,ST0014_L,2026-03-16,48
Retail,S003,ST0015_S,2026-03-16,12
Retail,S004,ST0027_S,2026-03-16,43
Retail,S004,ST0041_M,2026-03-16,39
Retail,S004,ST0012_S,2026-03-16,40
Retail,S004,ST0007_S,2026-03-16,17
Retail,S004,ST0042_XL,2026-03-16,29
Retail,S004,ST0021_L,2026-03-16,41
Retail,S004,ST0030_L,2026-03-16,15
Retail,S004,ST0024_M,2026-03-16,5
Retail,S004,ST0042_M,2026-03-16,10
Retail,S004,ST0043_M,2026-03-16,6
Retail,S004,ST0016_S,2026-03-16,28
Retail,S004,ST0022_XL,2026-03-16,1
Retail,S004,ST0041_XL,2026-03-16,29
Retail,S004,ST0037_M,2026-03-16,43
Retail,S004,ST0043_L,2026-03-16,48
Retail,S004,ST0027_M,2026-03-16,0
Retail,S004,ST0013_XL,2026-03-16,49
Retail,S004,ST0041_L,2026-03-16,16
Retail,S004,ST0031_XL,2026-03-16,33
Retail,S004,ST0027_XL,2026-03-16,49
Retail,S005,ST0024_XL,2026-03-16,2
Retail,S005,ST0007_S,2026-03-16,28
Retail,S005,ST0043_L,2026-03-16,9
Retail,S005,ST0001_M,2026-03-16,26
Retail,S005,ST0030_M,2026-03-16,48
Retail,S005,ST0042_M,2026-03-16,32
Retail,S005,ST0048_XL,2026-03-16,28
Retail,S005,ST0008_S,2026-03-16,40
Retail,S005,ST0046_L,2026-03-16,27
Retail,S005,ST0006_XL,2026-03-16,7
Retail,S005,ST0039_M,2026-03-16,10
Retail,S005,ST0005_S,2026-03-16,12
Retail,S005,ST0043_M,2026-03-16,15
Retail,S005,ST0015_L,2026-03-16,41
Retail,S005,ST0041_L,2026-03-16,34
Retail,S005,ST0006_L,2026-03-16,30
Retail,S005,ST0007_L,2026-03-16,30
Retail,S005,ST0020_L,2026-03-16,37
Retail,S005,ST0003_M,2026-03-16,37
Retail,S005,ST0001_S,2026-03-16,16
Retail,S006,ST0041_S,2026-03-16,38
Retail,S006,ST0020_XL,2026-03-16,16
Retail,S006,ST0007_S,2026-03-16,44
Retail,S006,ST0036_L,2026-03-16,14
Retail,S006,ST0021_L,2026-03-16,19
Retail,S006,ST0038_L,2026-03-16,4
Retail,S006,ST0005_S,2026-03-16,15
Retail,S006,ST0022_L,2026-03-16,44
Retail,S006,ST0018_L,2026-03-16,47
Retail,S006,ST0048_M,2026-03-16,2
Retail,S006,ST0039_L,2026-03-16,44
Retail,S006,ST0016_L,2026-03-16,49
Retail,S006,ST0018_XL,2026-03-16,26
Retail,S006,ST0030_M,2026-03-16,45
Retail,S006,ST0018_M,2026-03-16,27
Retail,S006,ST0015_L,2026-03-16,21
Retail,S006,ST0012_L,2026-03-16,25
Retail,S006,ST0019_S,2026-03-16,0
Retail,S006,ST0046_L,2026-03-16,39
Retail,S006,ST0024_S,2026-03-16,41
Retail,S007,ST0048_M,2026-03-16,18
Retail,S007,ST0006_S,2026-03-16,29
Retail,S007,ST0041_L,2026-03-16,16
Retail,S007,ST0029_XL,2026-03-16,23
Retail,S007,ST0018_M,2026-03-16,28
Retail,S007,ST0035_M,2026-03-16,26
Retail,S007,ST0002_L,2026-03-16,27
Retail,S007,ST0008_XL,2026-03-16,39
Retail,S007,ST0024_S,2026-03-16,45
Retail,S007,ST0001_S,2026-03-16,41
Retail,S007,ST0001_L,2026-03-16,46
Retail,S007,ST0011_M,2026-03-16,49
Retail,S007,ST0024_XL,2026-03-16,27
Retail,S007,ST0045_L,2026-03-16,40
Retail,S007,ST0014_M,2026-03-16,26
Retail,S007,ST0011_L,2026-03-16,46
Retail,S007,ST0021_L,2026-03-16,39
Retail,S007,ST0021_XL,2026-03-16,36
Retail,S007,ST0028_XL,2026-03-16,12
Retail,S007,ST0027_M,2026-03-16,6
Retail,S008,ST0034_XL,2026-03-16,24
Retail,S008,ST0002_S,2026-03-16,39
Retail,S008,ST0038_XL,2026-03-16,5
Retail,S008,ST0008_L,2026-03-16,26
Retail,S008,ST0027_S,2026-03-16,14
Retail,S008,ST0023_XL,2026-03-16,17
Retail,S008,ST0006_XL,2026-03-16,24
Retail,S008,ST0033_S,2026-03-16,41
Retail,S008,ST0035_L,2026-03-16,1
Retail,S008,ST0013_S,2026-03-16,38
Retail,S008,ST0008_S,2026-03-16,7
Retail,S008,ST0015_S,2026-03-16,22
Retail,S008,ST0039_XL,2026-03-16,33
Retail,S008,ST0040_XL,2026-03-16,23
Retail,S008,ST0046_S,2026-03-16,15
Retail,S008,ST0030_XL,2026-03-16,25
Retail,S008,ST0050_XL,2026-03-16,43
Retail,S008,ST0028_XL,2026-03-16,44
Retail,S008,ST0009_S,2026-03-16,14
Retail,S008,ST0033_M,2026-03-16,25
Retail,S009,ST0001_XL,2026-03-16,16
Retail,S009,ST0001_S,2026-03-16,14
Retail,S009,ST0027_S,2026-03-16,2
Retail,S009,ST0042_S,2026-03-16,43
Retail,S009,ST0008_S,2026-03-16,4
Retail,S009,ST0021_L,2026-03-16,48
Retail,S009,ST0006_XL,2026-03-16,47
Retail,S009,ST0008_M,2026-03-16,19
Retail,S009,ST0026_S,2026-03-16,9
Retail,S009,ST0025_L,2026-03-16,5
Retail,S009,ST0043_M,2026-03-16,40
Retail,S009,ST0016_L,2026-03-16,16
Retail,S009,ST0012_L,2026-03-16,43
Retail,S009,ST0035_XL,2026-03-16,11
Retail,S009,ST0041_M,2026-03-16,2
Retail,S009,ST0025_M,2026-03-16,2
Retail,S009,ST0047_M,2026-03-16,4
Retail,S009,ST0039_L,2026-03-16,22
Retail,S009,ST0030_M,2026-03-16,39
Retail,S009,ST0050_M,2026-03-16,43
Retail,S010,ST0035_XL,2026-03-16,34
Retail,S010,ST0040_L,2026-03-16,24
Retail,S010,ST0013_M,2026-03-16,4
Retail,S010,ST0026_L,2026-03-16,28
Retail,S010,ST0023_XL,2026-03-16,11
Retail,S010,ST0043_XL,2026-03-16,46
Retail,S010,ST0033_L,2026-03-16,39
Retail,S010,ST0033_XL,2026-03-16,30
Retail,S010,ST0021_XL,2026-03-16,48
Retail,S010,ST0001_L,2026-03-16,20
Retail,S010,ST0039_M,2026-03-16,11
Retail,S010,ST0037_L,2026-03-16,2
Retail,S010,ST0013_XL,2026-03-16,23
Retail,S010,ST0036_S,2026-03-16,9
Retail,S010,ST0010_L,2026-03-16,32
Retail,S010,ST0043_M,2026-03-16,40
Retail,S010,ST0002_M,2026-03-16,3
Retail,S010,ST0049_S,2026-03-16,17
Retail,S010,ST0029_L,2026-03-16,4
Retail,S010,ST0044_L,2026-03-16,15
Retail,S001,ST0008_L,2026-03-17,24
Retail,S001,ST0015_S,2026-03-17,40
Retail,S001,ST0037_XL,2026-03-17,17
Retail,S001,ST0008_M,2026-03-17,35
Retail,S001,ST0046_S,2026-03-17,22
Retail,S001,ST0033_L,2026-03-17,10
Retail,S001,ST0012_L,2026-03-17,13
Retail,S001,ST0042_M,2026-03-17,49
Retail,S001,ST0019_L,2026-03-17,7
Retail,S001,ST0018_M,2026-03-17,44
Retail,S001,ST0039_L,2026-03-17,6
Retail,S001,ST0037_M,2026-03-17,44
Retail,S001,ST0012_M,2026-03-17,48
Retail,S001,ST0040_L,2026-03-17,15
Retail,S001,ST0023_XL,2026-03-17,42
Retail,S001,ST0003_XL,2026-03-17,6
Retail,S001,ST0021_M,2026-03-17,43
Retail,S001,ST0028_XL,2026-03-17,14
Retail,S001,ST0016_M,2026-03-17,0
Retail,S001,ST0009_XL,2026-03-17,9
Retail,S002,ST0016_M,2026-03-17,0
Retail,S002,ST0011_L,2026-03-17,16
Retail,S002,ST0008_L,2026-03-17,11
Retail,S002,ST0007_S,2026-03-17,18
Retail,S002,ST0024_M,2026-03-17,44
Retail,S002,ST0033_S,2026-03-17,37
Retail,S002,ST0027_S,2026-03-17,23
Retail,S002,ST0045_S,2026-03-17,2
Retail,S002,ST0032_M,2026-03-17,42
Retail,S002,ST0044_S,2026-03-17,7
Retail,S002,ST0032_XL,2026-03-17,31
Retail,S002,ST0005_S,2026-03-17,22
Retail,S002,ST0019_XL,2026-03-17,15
Retail,S002,ST0049_XL,2026-03-17,42
Retail,S002,ST0018_L,2026-03-17,17
Retail,S002,ST0026_L,2026-03-17,34
Retail,S002,ST0043_M,2026-03-17,13
Retail,S002,ST0036_S,2026-03-17,39
Retail,S002,ST0049_L,2026-03-17,1
Retail,S002,ST0005_M,2026-03-17,37
Retail,S003,ST0049_L,2026-03-17,11
Retail,S003,ST0036_M,2026-03-17,27
Retail,S003,ST0018_M,2026-03-17,19
Retail,S003,ST0049_M,2026-03-17,25
Retail,S003,ST0019_M,2026-03-17,39
Retail,S003,ST0030_L,2026-03-17,22
Retail,S003,ST0014_S,2026-03-17,14
Retail,S003,ST0044_L,2026-03-17,0
Retail,S003,ST0042_L,2026-03-17,17
Retail,S003,ST0028_L,2026-03-17,8
Retail,S003,ST0017_XL,2026-03-17,1
Retail,S003,ST0014_L,2026-03-17,49
Retail,S003,ST0006_S,2026-03-17,13
Retail,S003,ST0049_XL,2026-03-17,25
Retail,S003,ST0013_S,2026-03-17,17
Retail,S003,ST0024_XL,2026-03-17,30
Retail,S003,ST0050_XL,2026-03-17,41
Retail,S003,ST0012_L,2026-03-17,31
Retail,S003,ST0041_XL,2026-03-17,45
Retail,S003,ST0043_M,2026-03-17,32
Retail,S004,ST0005_XL,2026-03-17,5
Retail,S004,ST0015_L,2026-03-17,18
Retail,S004,ST0019_XL,2026-03-17,28
Retail,S004,ST0034_S,2026-03-17,48
Retail,S004,ST0004_S,2026-03-17,32
Retail,S004,ST0029_S,2026-03-17,0
Retail,S004,ST0035_M,2026-03-17,1
Retail,S004,ST0014_S,2026-03-17,45
Retail,S004,ST0034_M,2026-03-17,39
Retail,S004,ST0012_S,2026-03-17,26
Retail,S004,ST0008_M,2026-03-17,39
Retail,S004,ST0031_XL,2026-03-17,15
Retail,S004,ST0009_S,2026-03-17,39
Retail,S004,ST0038_L,2026-03-17,14
Retail,S004,ST0024_M,2026-03-17,23
Retail,S004,ST0001_L,2026-03-17,2
Retail,S004,ST0049_S,2026-03-17,33
Retail,S004,ST0040_L,2026-03-17,39
Retail,S004,ST0018_S,2026-03-17,40
Retail,S004,ST0037_L,2026-03-17,9
Retail,S005,ST0031_S,2026-03-17,34
Retail,S005,ST0006_XL,2026-03-17,23
Retail,S005,ST0017_XL,2026-03-17,26
Retail,S005,ST0038_L,2026-03-17,26
Retail,S005,ST0008_XL,2026-03-17,7
Retail,S005,ST0004_L,2026-03-17,20
Retail,S005,ST0042_M,2026-03-17,16
Retail,S005,ST0008_L,2026-03-17,22
Retail,S005,ST0050_M,2026-03-17,11
Retail,S005,ST0001_M,2026-03-17,41
Retail,S005,ST0034_XL,2026-03-17,43
Retail,S005,ST0045_XL,2026-03-17,3
Retail,S005,ST0018_S,2026-03-17,24
Retail,S005,ST0010_XL,2026-03-17,18
Retail,S005,ST0046_M,2026-03-17,21
Retail,S005,ST0028_XL,2026-03-17,34
Retail,S005,ST0030_M,2026-03-17,38
Retail,S005,ST0032_L,2026-03-17,45
Retail,S005,ST0043_S,2026-03-17,37
Retail,S005,ST0003_S,2026-03-17,36
Retail,S006,ST0034_XL,2026-03-17,28
Retail,S006,ST0046_XL,2026-03-17,7
Retail,S006,ST0023_M,2026-03-17,27
Retail,S006,ST0005_L,2026-03-17,29
Retail,S006,ST0019_XL,2026-03-17,33
Retail,S006,ST0019_M,2026-03-17,14
Retail,S006,ST0021_M,2026-03-17,4
Retail,S006,ST0029_L,2026-03-17,39
Retail,S006,ST0035_S,2026-03-17,37
Retail,S006,ST0050_L,2026-03-17,11
Retail,S006,ST0015_S,2026-03-17,41
Retail,S006,ST0004_XL,2026-03-17,0
Retail,S006,ST0003_L,2026-03-17,32
Retail,S006,ST0021_S,2026-03-17,3
Retail,S006,ST0008_L,2026-03-17,34
Retail,S006,ST0003_S,2026-03-17,23
Retail,S006,ST0006_XL,2026-03-17,20
Retail,S006,ST0036_S,2026-03-17,17
Retail,S006,ST0022_XL,2026-03-17,2
Retail,S006,ST0046_L,2026-03-17,1
Retail,S007,ST0033_S,2026-03-17,14
Retail,S007,ST0019_S,2026-03-17,11
Retail,S007,ST0024_XL,2026-03-17,17
Retail,S007,ST0040_S,2026-03-17,2
Retail,S007,ST0010_XL,2026-03-17,16
Retail,S007,ST0018_L,2026-03-17,22
Retail,S007,ST0008_M,2026-03-17,8
Retail,S007,ST0048_XL,2026-03-17,3
Retail,S007,ST0027_S,2026-03-17,38
Retail,S007,ST0018_XL,2026-03-17,49
Retail,S007,ST0002_M,2026-03-17,49
Retail,S007,ST0016_XL,2026-03-17,45
Retail,S007,ST0022_S,2026-03-17,15
Retail,S007,ST0018_S,2026-03-17,42
Retail,S007,ST0030_M,2026-03-17,21
Retail,S007,ST0008_S,2026-03-17,29
Retail,S007,ST0018_M,2026-03-17,44
Retail,S007,ST0030_XL,2026-03-17,28
Retail,S007,ST0021_S,2026-03-17,46
Retail,S007,ST0020_S,2026-03-17,8
Retail,S008,ST0012_XL,2026-03-17,7
Retail,S008,ST0028_XL,2026-03-17,21
Retail,S008,ST0013_L,2026-03-17,1
Retail,S008,ST0035_L,2026-03-17,42
Retail,S008,ST0032_L,2026-03-17,0
Retail,S008,ST0046_XL,2026-03-17,44
Retail,S008,ST0021_XL,2026-03-17,43
Retail,S008,ST0015_M,2026-03-17,42
Retail,S008,ST0030_S,2026-03-17,7
Retail,S008,ST0047_XL,2026-03-17,33
Retail,S008,ST0012_S,2026-03-17,28
Retail,S008,ST0008_XL,2026-03-17,7
Retail,S008,ST0047_L,2026-03-17,7
Retail,S008,ST0037_XL,2026-03-17,17
Retail,S008,ST0008_L,2026-03-17,1
Retail,S008,ST0019_S,2026-03-17,45
Retail,S008,ST0025_M,2026-03-17,22
Retail,S008,ST0022_M,2026-03-17,45
Retail,S008,ST0029_XL,2026-03-17,9
Retail,S008,ST0001_M,2026-03-17,45
Retail,S009,ST0046_L,2026-03-17,15
Retail,S009,ST0031_L,2026-03-17,17
Retail,S009,ST0035_S,2026-03-17,2
Retail,S009,ST0007_XL,2026-03-17,40
Retail,S009,ST0007_L,2026-03-17,11
Retail,S009,ST0027_M,2026-03-17,15
Retail,S009,ST0040_M,2026-03-17,34
Retail,S009,ST0010_L,2026-03-17,32
Retail,S009,ST0050_XL,2026-03-17,8
Retail,S009,ST0039_XL,2026-03-17,15
Retail,S009,ST0025_L,2026-03-17,41
Retail,S009,ST0045_XL,2026-03-17,6
Retail,S009,ST0004_L,2026-03-17,6
Retail,S009,ST0031_M,2026-03-17,39
Retail,S009,ST0010_M,2026-03-17,15
Retail,S009,ST0033_XL,2026-03-17,49
Retail,S009,ST0046_XL,2026-03-17,30
Retail,S009,ST0002_XL,2026-03-17,10
Retail,S009,ST0015_M,2026-03-17,10
Retail,S009,ST0043_XL,2026-03-17,37
Retail,S010,ST0037_M,2026-03-17,45
Retail,S010,ST0023_XL,2026-03-17,45
Retail,S010,ST0034_L,2026-03-17,14
Retail,S010,ST0050_XL,2026-03-17,32
Retail,S010,ST0041_M,2026-03-17,21
Retail,S010,ST0028_M,2026-03-17,4
Retail,S010,ST0030_XL,2026-03-17,1
Retail,S010,ST0008_M,2026-03-17,21
Retail,S010,ST0008_S,2026-03-17,48
Retail,S010,ST0009_XL,2026-03-17,2
Retail,S010,ST0046_M,2026-03-17,3
Retail,S010,ST0014_S,2026-03-17,47
Retail,S010,ST0044_M,2026-03-17,12
Retail,S010,ST0045_L,2026-03-17,18
Retail,S010,ST0048_S,2026-03-17,44
Retail,S010,ST0032_M,2026-03-17,43
Retail,S010,ST0010_M,2026-03-17,20
Retail,S010,ST0048_L,2026-03-17,49
Retail,S010,ST0025_L,2026-03-17,8
Retail,S010,ST0024_XL,2026-03-17,45
Retail,S001,ST0038_S,2026-03-18,31
Retail,S001,ST0033_M,2026-03-18,20
Retail,S001,ST0008_XL,2026-03-18,27
Retail,S001,ST0042_S,2026-03-18,47
Retail,S001,ST0050_L,2026-03-18,46
Retail,S001,ST0043_S,2026-03-18,12
Retail,S001,ST0042_L,2026-03-18,18
Retail,S001,ST0029_L,2026-03-18,5
Retail,S001,ST0010_XL,2026-03-18,25
Retail,S001,ST0002_L,2026-03-18,19
Retail,S001,ST0025_XL,2026-03-18,36
Retail,S001,ST0013_S,2026-03-18,49
Retail,S001,ST0030_S,2026-03-18,17
Retail,S001,ST0016_M,2026-03-18,8
Retail,S001,ST0029_S,2026-03-18,4
Retail,S001,ST0023_L,2026-03-18,38
Retail,S001,ST0020_M,2026-03-18,48
Retail,S001,ST0004_M,2026-03-18,37
Retail,S001,ST0044_XL,2026-03-18,48
Retail,S001,ST0019_L,2026-03-18,30
Retail,S002,ST0032_S,2026-03-18,40
Retail,S002,ST0034_L,2026-03-18,16
Retail,S002,ST0005_S,2026-03-18,28
Retail,S002,ST0044_L,2026-03-18,20
Retail,S002,ST0028_S,2026-03-18,1
Retail,S002,ST0032_L,2026-03-18,36
Retail,S002,ST0035_L,2026-03-18,0
Retail,S002,ST0029_L,2026-03-18,8
Retail,S002,ST0043_XL,2026-03-18,3
Retail,S002,ST0023_L,2026-03-18,6
Retail,S002,ST0021_S,2026-03-18,14
Retail,S002,ST0015_S,2026-03-18,33
Retail,S002,ST0036_XL,2026-03-18,27
Retail,S002,ST0027_S,2026-03-18,4
Retail,S002,ST0022_XL,2026-03-18,32
Retail,S002,ST0026_L,2026-03-18,2
Retail,S002,ST0010_S,2026-03-18,0
Retail,S002,ST0002_M,2026-03-18,12
Retail,S002,ST0039_M,2026-03-18,4
Retail,S002,ST0046_L,2026-03-18,48
Retail,S003,ST0011_XL,2026-03-18,5
Retail,S003,ST0024_XL,2026-03-18,38
Retail,S003,ST0044_M,2026-03-18,41
Retail,S003,ST0025_XL,2026-03-18,42
Retail,S003,ST0001_XL,2026-03-18,26
Retail,S003,ST0012_XL,2026-03-18,40
Retail,S003,ST0047_M,2026-03-18,22
Retail,S003,ST0024_L,2026-03-18,35
Retail,S003,ST0039_M,2026-03-18,38
Retail,S003,ST0028_S,2026-03-18,27
Retail,S003,ST0031_M,2026-03-18,1
Retail,S003,ST0024_M,2026-03-18,32
Retail,S003,ST0027_S,2026-03-18,41
Retail,S003,ST0022_S,2026-03-18,5
Retail,S003,ST0018_S,2026-03-18,2
Retail,S003,ST0010_M,2026-03-18,31
Retail,S003,ST0046_S,2026-03-18,25
Retail,S003,ST0023_L,2026-03-18,39
Retail,S003,ST0041_L,2026-03-18,14
Retail,S003,ST0029_S,2026-03-18,6
Retail,S004,ST0023_XL,2026-03-18,2
Retail,S004,ST0021_M,2026-03-18,14
Retail,S004,ST0016_M,2026-03-18,41
Retail,S004,ST0002_XL,2026-03-18,3
Retail,S004,ST0021_XL,2026-03-18,2
Retail,S004,ST0020_XL,2026-03-18,4
Retail,S004,ST0001_M,2026-03-18,37
Retail,S004,ST0034_XL,2026-03-18,43
Retail,S004,ST0014_XL,2026-03-18,32
Retail,S004,ST0001_S,2026-03-18,20
Retail,S004,ST0022_M,2026-03-18,29
Retail,S004,ST0007_L,2026-03-18,30
Retail,S004,ST0009_S,2026-03-18,36
Retail,S004,ST0049_S,2026-03-18,41
Retail,S004,ST0025_L,2026-03-18,8
Retail,S004,ST0042_L,2026-03-18,46
Retail,S004,ST0013_XL,2026-03-18,13
Retail,S004,ST0030_L,2026-03-18,17
Retail,S004,ST0047_XL,2026-03-18,40
Retail,S004,ST0005_XL,2026-03-18,43
Retail,S005,ST0030_XL,2026-03-18,23
Retail,S005,ST0029_M,2026-03-18,10
Retail,S005,ST0039_M,2026-03-18,23
Retail,S005,ST0009_M,2026-03-18,38
Retail,S005,ST0045_M,2026-03-18,45
Retail,S005,ST0022_S,2026-03-18,40
Retail,S005,ST0025_S,2026-03-18,4
Retail,S005,ST0022_L,2026-03-18,45
Retail,S005,ST0037_XL,2026-03-18,12
Retail,S005,ST0017_M,2026-03-18,10
Retail,S005,ST0037_L,2026-03-18,32
Retail,S005,ST0024_S,2026-03-18,38
Retail,S005,ST0008_L,2026-03-18,46
Retail,S005,ST0035_M,2026-03-18,32
Retail,S005,ST0035_S,2026-03-18,13
Retail,S005,ST0025_XL,2026-03-18,42
Retail,S005,ST0050_L,2026-03-18,35
Retail,S005,ST0016_XL,2026-03-18,31
Retail,S005,ST0043_L,2026-03-18,46
Retail,S005,ST0039_S,2026-03-18,1
Retail,S006,ST0041_S,2026-03-18,3
Retail,S006,ST0006_XL,2026-03-18,46
Retail,S006,ST0030_M,2026-03-18,0
Retail,S006,ST0012_L,2026-03-18,48
Retail,S006,ST0030_L,2026-03-18,35
Retail,S006,ST0041_L,2026-03-18,13
Retail,S006,ST0034_L,2026-03-18,14
Retail,S006,ST0015_S,2026-03-18,30
Retail,S006,ST0014_M,2026-03-18,23
Retail,S006,ST0010_M,2026-03-18,32
Retail,S006,ST0027_XL,2026-03-18,26
Retail,S006,ST0023_S,2026-03-18,38
Retail,S006,ST0024_M,2026-03-18,25
Retail,S006,ST0033_S,2026-03-18,20
Retail,S006,ST0008_L,2026-03-18,21
Retail,S006,ST0002_S,2026-03-18,39
Retail,S006,ST0034_XL,2026-03-18,37
Retail,S006,ST0009_L,2026-03-18,12
Retail,S006,ST0047_M,2026-03-18,22
Retail,S006,ST0014_L,2026-03-18,11
Retail,S007,ST0002_M,2026-03-18,5
Retail,S007,ST0047_XL,2026-03-18,44
Retail,S007,ST0043_XL,2026-03-18,40
Retail,S007,ST0044_XL,2026-03-18,28
Retail,S007,ST0045_XL,2026-03-18,14
Retail,S007,ST0037_M,2026-03-18,41
Retail,S007,ST0032_M,2026-03-18,39
Retail,S007,ST0002_S,2026-03-18,27
Retail,S007,ST0004_L,2026-03-18,7
Retail,S007,ST0011_M,2026-03-18,12
Retail,S007,ST0023_L,2026-03-18,23
Retail,S007,ST0012_M,2026-03-18,3
Retail,S007,ST0020_M,2026-03-18,19
Retail,S007,ST0025_M,2026-03-18,9
Retail,S007,ST0050_S,2026-03-18,16
Retail,S007,ST0004_S,2026-03-18,17
Retail,S007,ST0028_L,2026-03-18,19
Retail,S007,ST0003_XL,2026-03-18,7
Retail,S007,ST0030_L,2026-03-18,34
Retail,S007,ST0030_M,2026-03-18,18
Retail,S008,ST0026_XL,2026-03-18,45
Retail,S008,ST0011_M,2026-03-18,33
Retail,S008,ST0043_M,2026-03-18,23
Retail,S008,ST0049_L,2026-03-18,33
Retail,S008,ST0012_L,2026-03-18,38
Retail,S008,ST0027_L,2026-03-18,44
Retail,S008,ST0015_XL,2026-03-18,17
Retail,S008,ST0019_S,2026-03-18,4
Retail,S008,ST0044_XL,2026-03-18,21
Retail,S008,ST0002_M,2026-03-18,45
Retail,S008,ST0043_S,2026-03-18,47
Retail,S008,ST0041_M,2026-03-18,33
Retail,S008,ST0029_S,2026-03-18,4
Retail,S008,ST0046_L,2026-03-18,19
Retail,S008,ST0023_M,2026-03-18,15
Retail,S008,ST0037_XL,2026-03-18,46
Retail,S008,ST0001_XL,2026-03-18,31
Retail,S008,ST0005_S,2026-03-18,4
Retail,S008,ST0034_XL,2026-03-18,35
Retail,S008,ST0012_S,2026-03-18,4
Retail,S009,ST0050_M,2026-03-18,37
Retail,S009,ST0028_XL,2026-03-18,5
Retail,S009,ST0004_M,2026-03-18,45
Retail,S009,ST0040_M,2026-03-18,17
Retail,S009,ST0033_M,2026-03-18,16
Retail,S009,ST0011_S,2026-03-18,21
Retail,S009,ST0041_XL,2026-03-18,44
Retail,S009,ST0029_S,2026-03-18,34
Retail,S009,ST0011_L,2026-03-18,19
Retail,S009,ST0025_M,2026-03-18,27
Retail,S009,ST0012_XL,2026-03-18,46
Retail,S009,ST0050_XL,2026-03-18,6
Retail,S009,ST0028_L,2026-03-18,2
Retail,S009,ST0016_XL,2026-03-18,6
Retail,S009,ST0008_XL,2026-03-18,9
Retail,S009,ST0038_XL,2026-03-18,20
Retail,S009,ST0044_M,2026-03-18,13
Retail,S009,ST0023_M,2026-03-18,26
Retail,S009,ST0041_L,2026-03-18,25
Retail,S009,ST0027_S,2026-03-18,42
Retail,S010,ST0046_M,2026-03-18,3
Retail,S010,ST0027_L,2026-03-18,21
Retail,S010,ST0014_M,2026-03-18,11
Retail,S010,ST0013_XL,2026-03-18,7
Retail,S010,ST0043_XL,2026-03-18,39
Retail,S010,ST0036_M,2026-03-18,21
Retail,S010,ST0033_S,2026-03-18,7
Retail,S010,ST0002_L,2026-03-18,31
Retail,S010,ST0004_M,2026-03-18,25
Retail,S010,ST0037_XL,2026-03-18,12
Retail,S010,ST0012_XL,2026-03-18,13
Retail,S010,ST0017_S,2026-03-18,11
Retail,S010,ST0003_L,2026-03-18,32
Retail,S010,ST0017_L,2026-03-18,19
Retail,S010,ST0035_XL,2026-03-18,8
Retail,S010,ST0025_XL,2026-03-18,32
Retail,S010,ST0020_L,2026-03-18,9
Retail,S010,ST0050_L,2026-03-18,4
Retail,S010,ST0049_L,2026-03-18,35
Retail,S010,ST0032_L,2026-03-18,16
Retail,S001,ST0003_S,2026-03-19,45
Retail,S001,ST0017_L,2026-03-19,31
Retail,S001,ST0020_L,2026-03-19,42
Retail,S001,ST0011_S,2026-03-19,23
Retail,S001,ST0005_L,2026-03-19,27
Retail,S001,ST0042_L,2026-03-19,28
Retail,S001,ST0035_S,2026-03-19,40
Retail,S001,ST0011_M,2026-03-19,22
Retail,S001,ST0033_S,2026-03-19,10
Retail,S001,ST0001_L,2026-03-19,0
Retail,S001,ST0029_XL,2026-03-19,42
Retail,S001,ST0018_S,2026-03-19,12
Retail,S001,ST0025_L,2026-03-19,39
Retail,S001,ST0007_L,2026-03-19,13
Retail,S001,ST0034_XL,2026-03-19,16
Retail,S001,ST0042_M,2026-03-19,10
Retail,S001,ST0023_M,2026-03-19,6
Retail,S001,ST0049_S,2026-03-19,14
Retail,S001,ST0008_S,2026-03-19,47
Retail,S001,ST0014_XL,2026-03-19,3
Retail,S002,ST0037_S,2026-03-19,18
Retail,S002,ST0029_L,2026-03-19,43
Retail,S002,ST0017_XL,2026-03-19,34
Retail,S002,ST0009_M,2026-03-19,8
Retail,S002,ST0039_L,2026-03-19,47
Retail,S002,ST0016_S,2026-03-19,35
Retail,S002,ST0035_XL,2026-03-19,46
Retail,S002,ST0010_L,2026-03-19,8
Retail,S002,ST0001_M,2026-03-19,0
Retail,S002,ST0013_L,2026-03-19,33
Retail,S002,ST0003_S,2026-03-19,45
Retail,S002,ST0044_XL,2026-03-19,2
Retail,S002,ST0028_S,2026-03-19,9
Retail,S002,ST0022_M,2026-03-19,47
Retail,S002,ST0007_XL,2026-03-19,49
Retail,S002,ST0003_L,2026-03-19,40
Retail,S002,ST0024_L,2026-03-19,23
Retail,S002,ST0010_S,2026-03-19,28
Retail,S002,ST0007_M,2026-03-19,37
Retail,S002,ST0043_M,2026-03-19,14
Retail,S003,ST0019_XL,2026-03-19,35
Retail,S003,ST0030_S,2026-03-19,18
Retail,S003,ST0007_XL,2026-03-19,28
Retail,S003,ST0005_XL,2026-03-19,18
Retail,S003,ST0041_L,2026-03-19,47
Retail,S003,ST0020_XL,2026-03-19,13
Retail,S003,ST0001_S,2026-03-19,22
Retail,S003,ST0019_M,2026-03-19,8
Retail,S003,ST0035_L,2026-03-19,40
Retail,S003,ST0034_L,2026-03-19,23
Retail,S003,ST0045_S,2026-03-19,3
Retail,S003,ST0021_L,2026-03-19,13
Retail,S003,ST0031_M,2026-03-19,13
Retail,S003,ST0028_L,2026-03-19,25
Retail,S003,ST0004_M,2026-03-19,37
Retail,S003,ST0029_L,2026-03-19,4
Retail,S003,ST0010_L,2026-03-19,17
Retail,S003,ST0030_XL,2026-03-19,20
Retail,S003,ST0042_M,2026-03-19,24
Retail,S003,ST0010_M,2026-03-19,37
Retail,S004,ST0031_L,2026-03-19,43
Retail,S004,ST0017_XL,2026-03-19,23
Retail,S004,ST0048_L,2026-03-19,7
Retail,S004,ST0017_M,2026-03-19,23
Retail,S004,ST0008_XL,2026-03-19,19
Retail,S004,ST0015_L,2026-03-19,29
Retail,S004,ST0019_XL,2026-03-19,42
Retail,S004,ST0035_S,2026-03-19,45
Retail,S004,ST0034_L,2026-03-19,25
Retail,S004,ST0007_M,2026-03-19,37
Retail,S004,ST0042_L,2026-03-19,14
Retail,S004,ST0038_M,2026-03-19,32
Retail,S004,ST0039_L,2026-03-19,39
Retail,S004,ST0027_M,2026-03-19,33
Retail,S004,ST0030_S,2026-03-19,17
Retail,S004,ST0019_L,2026-03-19,48
Retail,S004,ST0046_M,2026-03-19,28
Retail,S004,ST0020_XL,2026-03-19,6
Retail,S004,ST0036_M,2026-03-19,39
Retail,S004,ST0011_XL,2026-03-19,19
Retail,S005,ST0017_M,2026-03-19,32
Retail,S005,ST0006_S,2026-03-19,3
Retail,S005,ST0006_XL,2026-03-19,30
Retail,S005,ST0048_L,2026-03-19,30
Retail,S005,ST0018_S,2026-03-19,9
Retail,S005,ST0033_L,2026-03-19,38
Retail,S005,ST0002_S,2026-03-19,45
Retail,S005,ST0023_XL,2026-03-19,48
Retail,S005,ST0015_XL,2026-03-19,48
Retail,S005,ST0042_L,2026-03-19,21
Retail,S005,ST0003_XL,2026-03-19,11
Retail,S005,ST0046_L,2026-03-19,17
Retail,S005,ST0014_L,2026-03-19,34
Retail,S005,ST0039_XL,2026-03-19,36
Retail,S005,ST0019_XL,2026-03-19,35
Retail,S005,ST0005_M,2026-03-19,23
Retail,S005,ST0007_S,2026-03-19,10
Retail,S005,ST0001_L,2026-03-19,12
Retail,S005,ST0049_S,2026-03-19,24
Retail,S005,ST0044_M,2026-03-19,6
Retail,S006,ST0048_S,2026-03-19,3
Retail,S006,ST0046_XL,2026-03-19,31
Retail,S006,ST0019_M,2026-03-19,25
Retail,S006,ST0025_S,2026-03-19,40
Retail,S006,ST0037_L,2026-03-19,13
Retail,S006,ST0042_M,2026-03-19,47
Retail,S006,ST0015_L,2026-03-19,33
Retail,S006,ST0003_L,2026-03-19,31
Retail,S006,ST0032_L,2026-03-19,32
Retail,S006,ST0008_L,2026-03-19,24
Retail,S006,ST0039_S,2026-03-19,49
Retail,S006,ST0025_L,2026-03-19,42
Retail,S006,ST0021_XL,2026-03-19,10
Retail,S006,ST0024_L,2026-03-19,20
Retail,S006,ST0038_XL,2026-03-19,13
Retail,S006,ST0011_M,2026-03-19,33
Retail,S006,ST0012_L,2026-03-19,16
Retail,S006,ST0028_L,2026-03-19,7
Retail,S006,ST0035_S,2026-03-19,16
Retail,S006,ST0018_XL,2026-03-19,4
Retail,S007,ST0042_M,2026-03-19,9
Retail,S007,ST0031_XL,2026-03-19,30
Retail,S007,ST0014_XL,2026-03-19,13
Retail,S007,ST0022_L,2026-03-19,35
Retail,S007,ST0049_S,2026-03-19,18
Retail,S007,ST0043_XL,2026-03-19,35
Retail,S007,ST0029_S,2026-03-19,37
Retail,S007,ST0040_XL,2026-03-19,20
Retail,S007,ST0008_M,2026-03-19,18
Retail,S007,ST0031_S,2026-03-19,26
Retail,S007,ST0012_S,2026-03-19,49
Retail,S007,ST0005_S,2026-03-19,6
Retail,S007,ST0030_S,2026-03-19,16
Retail,S007,ST0042_L,2026-03-19,16
Retail,S007,ST0035_XL,2026-03-19,10
Retail,S007,ST0019_L,2026-03-19,21
Retail,S007,ST0046_M,2026-03-19,49
Retail,S007,ST0037_XL,2026-03-19,22
Retail,S007,ST0011_XL,2026-03-19,16
Retail,S007,ST0048_L,2026-03-19,47
Retail,S008,ST0024_M,2026-03-19,8
Retail,S008,ST0025_S,2026-03-19,21
Retail,S008,ST0023_L,2026-03-19,39
Retail,S008,ST0017_M,2026-03-19,23
Retail,S008,ST0007_S,2026-03-19,39
Retail,S008,ST0006_S,2026-03-19,1
Retail,S008,ST0041_M,2026-03-19,13
Retail,S008,ST0018_S,2026-03-19,13
Retail,S008,ST0029_M,2026-03-19,21
Retail,S008,ST0004_S,2026-03-19,42
Retail,S008,ST0041_L,2026-03-19,9
Retail,S008,ST0023_M,2026-03-19,14
Retail,S008,ST0024_L,2026-03-19,1
Retail,S008,ST0010_L,2026-03-19,12
Retail,S008,ST0023_XL,2026-03-19,12
Retail,S008,ST0011_XL,2026-03-19,4
Retail,S008,ST0050_M,2026-03-19,17
Retail,S008,ST0004_L,2026-03-19,15
Retail,S008,ST0005_M,2026-03-19,25
Retail,S008,ST0026_S,2026-03-19,29
Retail,S009,ST0017_XL,2026-03-19,22
Retail,S009,ST0042_L,2026-03-19,43
Retail,S009,ST0014_L,2026-03-19,24
Retail,S009,ST0031_XL,2026-03-19,22
Retail,S009,ST0021_XL,2026-03-19,7
Retail,S009,ST0017_S,2026-03-19,44
Retail,S009,ST0008_S,2026-03-19,41
Retail,S009,ST0020_S,2026-03-19,49
Retail,S009,ST0009_S,2026-03-19,27
Retail,S009,ST0021_L,2026-03-19,18
Retail,S009,ST0034_L,2026-03-19,36
Retail,S009,ST0041_L,2026-03-19,29
Retail,S009,ST0048_M,2026-03-19,7
Retail,S009,ST0039_XL,2026-03-19,38
Retail,S009,ST0044_S,2026-03-19,39
Retail,S009,ST0050_M,2026-03-19,38
Retail,S009,ST0039_M,2026-03-19,25
Retail,S009,ST0023_S,2026-03-19,7
Retail,S009,ST0013_L,2026-03-19,27
Retail,S009,ST0047_M,2026-03-19,48
Retail,S010,ST0042_L,2026-03-19,20
Retail,S010,ST0019_XL,2026-03-19,11
Retail,S010,ST0032_M,2026-03-19,20
Retail,S010,ST0027_S,2026-03-19,44
Retail,S010,ST0050_S,2026-03-19,13
Retail,S010,ST0002_S,2026-03-19,25
Retail,S010,ST0011_S,2026-03-19,18
Retail,S010,ST0045_M,2026-03-19,29
Retail,S010,ST0024_S,2026-03-19,44
Retail,S010,ST0015_L,2026-03-19,37
Retail,S010,ST0002_XL,2026-03-19,17
Retail,S010,ST0026_M,2026-03-19,22
Retail,S010,ST0014_L,2026-03-19,18
Retail,S010,ST0013_L,2026-03-19,25
Retail,S010,ST0049_L,2026-03-19,36
Retail,S010,ST0001_XL,2026-03-19,25
Retail,S010,ST0044_S,2026-03-19,12
Retail,S010,ST0033_S,2026-03-19,22
Retail,S010,ST0019_L,2026-03-19,16
Retail,S010,ST0043_M,2026-03-19,10
Retail,S001,ST0024_S,2026-03-20,14
Retail,S001,ST0050_M,2026-03-20,3
Retail,S001,ST0007_XL,2026-03-20,47
Retail,S001,ST0011_M,2026-03-20,16
Retail,S001,ST0047_L,2026-03-20,28
Retail,S001,ST0036_S,2026-03-20,2
Retail,S001,ST0014_L,2026-03-20,37
Retail,S001,ST0022_M,2026-03-20,35
Retail,S001,ST0024_M,2026-03-20,46
Retail,S001,ST0028_M,2026-03-20,4
Retail,S001,ST0034_M,2026-03-20,18
Retail,S001,ST0042_XL,2026-03-20,19
Retail,S001,ST0001_L,2026-03-20,30
Retail,S001,ST0050_XL,2026-03-20,37
Retail,S001,ST0002_M,2026-03-20,16
Retail,S001,ST0008_S,2026-03-20,0
Retail,S001,ST0001_S,2026-03-20,15
Retail,S001,ST0006_S,2026-03-20,2
Retail,S001,ST0037_L,2026-03-20,48
Retail,S001,ST0045_L,2026-03-20,46
Retail,S002,ST0029_L,2026-03-20,39
Retail,S002,ST0015_XL,2026-03-20,33
Retail,S002,ST0002_XL,2026-03-20,14
Retail,S002,ST0016_M,2026-03-20,46
Retail,S002,ST0044_XL,2026-03-20,37
Retail,S002,ST0004_M,2026-03-20,46
Retail,S002,ST0013_M,2026-03-20,38
Retail,S002,ST0041_L,2026-03-20,39
Retail,S002,ST0021_M,2026-03-20,32
Retail,S002,ST0039_M,2026-03-20,47
Retail,S002,ST0029_S,2026-03-20,37
Retail,S002,ST0033_L,2026-03-20,18
Retail,S002,ST0004_L,2026-03-20,31
Retail,S002,ST0026_XL,2026-03-20,3
Retail,S002,ST0040_XL,2026-03-20,9
Retail,S002,ST0046_XL,2026-03-20,32
Retail,S002,ST0035_XL,2026-03-20,22
Retail,S002,ST0002_L,2026-03-20,15
Retail,S002,ST0027_L,2026-03-20,29
Retail,S002,ST0022_L,2026-03-20,6
Retail,S003,ST0035_S,2026-03-20,12
Retail,S003,ST0034_M,2026-03-20,28
Retail,S003,ST0018_XL,2026-03-20,29
Retail,S003,ST0019_XL,2026-03-20,45
Retail,S003,ST0050_L,2026-03-20,25
Retail,S003,ST0032_M,2026-03-20,17
Retail,S003,ST0046_M,2026-03-20,15
Retail,S003,ST0041_XL,2026-03-20,13
Retail,S003,ST0004_S,2026-03-20,42
Retail,S003,ST0025_L,2026-03-20,14
Retail,S003,ST0002_M,2026-03-20,32
Retail,S003,ST0026_S,2026-03-20,34
Retail,S003,ST0045_L,2026-03-20,39
Retail,S003,ST0040_S,2026-03-20,21
Retail,S003,ST0034_L,2026-03-20,10
Retail,S003,ST0049_M,2026-03-20,45
Retail,S003,ST0014_XL,2026-03-20,38
Retail,S003,ST0025_M,2026-03-20,44
Retail,S003,ST0025_XL,2026-03-20,47
Retail,S003,ST0005_L,2026-03-20,25
Retail,S004,ST0003_S,2026-03-20,2
Retail,S004,ST0045_L,2026-03-20,21
Retail,S004,ST0041_L,2026-03-20,34
Retail,S004,ST0032_S,2026-03-20,12
Retail,S004,ST0024_M,2026-03-20,25
Retail,S004,ST0044_L,2026-03-20,45
Retail,S004,ST0017_S,2026-03-20,25
Retail,S004,ST0047_L,2026-03-20,46
Retail,S004,ST0044_XL,2026-03-20,43
Retail,S004,ST0036_XL,2026-03-20,34
Retail,S004,ST0026_S,2026-03-20,15
Retail,S004,ST0038_XL,2026-03-20,7
Retail,S004,ST0023_XL,2026-03-20,43
Retail,S004,ST0041_M,2026-03-20,49
Retail,S004,ST0043_M,2026-03-20,3
Retail,S004,ST0039_S,2026-03-20,27
Retail,S004,ST0043_L,2026-03-20,47
Retail,S004,ST0032_M,2026-03-20,26
Retail,S004,ST0013_L,2026-03-20,45
Retail,S004,ST0007_XL,2026-03-20,20
Retail,S005,ST0004_S,2026-03-20,1
Retail,S005,ST0006_S,2026-03-20,5
Retail,S005,ST0002_L,2026-03-20,31
Retail,S005,ST0049_M,2026-03-20,17
Retail,S005,ST0004_XL,2026-03-20,21
Retail,S005,ST0031_XL,2026-03-20,2
Retail,S005,ST0038_S,2026-03-20,24
Retail,S005,ST0012_M,2026-03-20,24
Retail,S005,ST0045_XL,2026-03-20,28
Retail,S005,ST0008_L,2026-03-20,12
Retail,S005,ST0003_S,2026-03-20,10
Retail,S005,ST0024_S,2026-03-20,32
Retail,S005,ST0033_S,2026-03-20,44
Retail,S005,ST0040_M,2026-03-20,4
Retail,S005,ST0022_S,2026-03-20,4
Retail,S005,ST0011_L,2026-03-20,15
Retail,S005,ST0010_M,2026-03-20,0
Retail,S005,ST0021_M,2026-03-20,25
Retail,S005,ST0043_XL,2026-03-20,36
Retail,S005,ST0036_XL,2026-03-20,39
Retail,S006,ST0028_M,2026-03-20,2
Retail,S006,ST0002_M,2026-03-20,5
Retail,S006,ST0039_L,2026-03-20,20
Retail,S006,ST0011_XL,2026-03-20,32
Retail,S006,ST0008_L,2026-03-20,39
Retail,S006,ST0037_L,2026-03-20,36
Retail,S006,ST0016_XL,2026-03-20,18
Retail,S006,ST0011_L,2026-03-20,6
Retail,S006,ST0048_L,2026-03-20,0
Retail,S006,ST0029_L,2026-03-20,6
Retail,S006,ST0018_S,2026-03-20,32
Retail,S006,ST0050_XL,2026-03-20,28
Retail,S006,ST0014_M,2026-03-20,20
Retail,S006,ST0018_L,2026-03-20,18
Retail,S006,ST0047_L,2026-03-20,28
Retail,S006,ST0033_M,2026-03-20,28
Retail,S006,ST0032_L,2026-03-20,48
Retail,S006,ST0035_L,2026-03-20,5
Retail,S006,ST0037_M,2026-03-20,10
Retail,S006,ST0040_L,2026-03-20,48
Retail,S007,ST0030_S,2026-03-20,30
Retail,S007,ST0027_M,2026-03-20,34
Retail,S007,ST0048_M,2026-03-20,10
Retail,S007,ST0025_XL,2026-03-20,41
Retail,S007,ST0047_XL,2026-03-20,0
Retail,S007,ST0046_L,2026-03-20,31
Retail,S007,ST0017_M,2026-03-20,34
Retail,S007,ST0015_S,2026-03-20,1
Retail,S007,ST0011_S,2026-03-20,48
Retail,S007,ST0013_XL,2026-03-20,17
Retail,S007,ST0017_L,2026-03-20,2
Retail,S007,ST0009_M,2026-03-20,26
Retail,S007,ST0025_M,2026-03-20,13
Retail,S007,ST0012_XL,2026-03-20,31
Retail,S007,ST0006_M,2026-03-20,10
Retail,S007,ST0024_M,2026-03-20,33
Retail,S007,ST0019_XL,2026-03-20,38
Retail,S007,ST0026_XL,2026-03-20,14
Retail,S007,ST0020_M,2026-03-20,14
Retail,S007,ST0018_XL,2026-03-20,24
Retail,S008,ST0007_S,2026-03-20,6
Retail,S008,ST0004_M,2026-03-20,42
Retail,S008,ST0008_L,2026-03-20,40
Retail,S008,ST0027_M,2026-03-20,12
Retail,S008,ST0040_S,2026-03-20,47
Retail,S008,ST0012_M,2026-03-20,49
Retail,S008,ST0002_M,2026-03-20,49
Retail,S008,ST0038_XL,2026-03-20,44
Retail,S008,ST0004_L,2026-03-20,21
Retail,S008,ST0027_S,2026-03-20,43
Retail,S008,ST0047_XL,2026-03-20,46
Retail,S008,ST0036_S,2026-03-20,42
Retail,S008,ST0050_M,2026-03-20,0
Retail,S008,ST0005_S,2026-03-20,31
Retail,S008,ST0022_XL,2026-03-20,12
Retail,S008,ST0031_M,2026-03-20,8
Retail,S008,ST0009_M,2026-03-20,39
Retail,S008,ST0001_L,2026-03-20,48
Retail,S008,ST0040_L,2026-03-20,23
Retail,S008,ST0024_L,2026-03-20,34
Retail,S009,ST0018_XL,2026-03-20,26
Retail,S009,ST0003_S,2026-03-20,36
Retail,S009,ST0012_L,2026-03-20,44
Retail,S009,ST0012_M,2026-03-20,24
Retail,S009,ST0020_M,2026-03-20,37
Retail,S009,ST0022_S,2026-03-20,15
Retail,S009,ST0010_S,2026-03-20,41
Retail,S009,ST0043_XL,2026-03-20,37
Retail,S009,ST0047_L,2026-03-20,0
Retail,S009,ST0035_XL,2026-03-20,24
Retail,S009,ST0001_S,2026-03-20,2
Retail,S009,ST0004_S,2026-03-20,6
Retail,S009,ST0042_XL,2026-03-20,36
Retail,S009,ST0013_L,2026-03-20,44
Retail,S009,ST0005_S,2026-03-20,14
Retail,S009,ST0005_XL,2026-03-20,30
Retail,S009,ST0048_XL,2026-03-20,12
Retail,S009,ST0008_M,2026-03-20,13
Retail,S009,ST0009_S,2026-03-20,37
Retail,S009,ST0029_XL,2026-03-20,20
Retail,S010,ST0046_M,2026-03-20,48
Retail,S010,ST0006_L,2026-03-20,40
Retail,S010,ST0048_XL,2026-03-20,11
Retail,S010,ST0003_XL,2026-03-20,24
Retail,S010,ST0008_XL,2026-03-20,2
Retail,S010,ST0014_M,2026-03-20,4
Retail,S010,ST0008_M,2026-03-20,18
Retail,S010,ST0019_M,2026-03-20,1
Retail,S010,ST0040_S,2026-03-20,20
Retail,S010,ST0003_L,2026-03-20,40
Retail,S010,ST0034_L,2026-03-20,21
Retail,S010,ST0017_M,2026-03-20,25
Retail,S010,ST0031_L,2026-03-20,35
Retail,S010,ST0033_M,2026-03-20,3
Retail,S010,ST0043_XL,2026-03-20,34
Retail,S010,ST0049_L,2026-03-20,42
Retail,S010,ST0036_L,2026-03-20,44
Retail,S010,ST0018_M,2026-03-20,12
Retail,S010,ST0030_L,2026-03-20,36
Retail,S010,ST0005_XL,2026-03-20,16
Retail,S001,ST0003_L,2026-03-21,33
Retail,S001,ST0032_L,2026-03-21,48
Retail,S001,ST0039_M,2026-03-21,37
Retail,S001,ST0032_M,2026-03-21,11
Retail,S001,ST0003_XL,2026-03-21,32
Retail,S001,ST0026_M,2026-03-21,20
Retail,S001,ST0016_M,2026-03-21,14
Retail,S001,ST0020_S,2026-03-21,18
Retail,S001,ST0005_XL,2026-03-21,33
Retail,S001,ST0014_M,2026-03-21,40
Retail,S001,ST0011_S,2026-03-21,6
Retail,S001,ST0017_L,2026-03-21,22
Retail,S001,ST0024_M,2026-03-21,34
Retail,S001,ST0018_M,2026-03-21,20
Retail,S001,ST0043_M,2026-03-21,1
Retail,S001,ST0031_M,2026-03-21,24
Retail,S001,ST0028_L,2026-03-21,6
Retail,S001,ST0039_S,2026-03-21,31
Retail,S001,ST0011_L,2026-03-21,36
Retail,S001,ST0006_XL,2026-03-21,2
Retail,S002,ST0027_L,2026-03-21,18
Retail,S002,ST0012_M,2026-03-21,11
Retail,S002,ST0042_L,2026-03-21,44
Retail,S002,ST0032_M,2026-03-21,45
Retail,S002,ST0044_M,2026-03-21,35
Retail,S002,ST0014_XL,2026-03-21,23
Retail,S002,ST0018_S,2026-03-21,21
Retail,S002,ST0011_S,2026-03-21,12
Retail,S002,ST0039_S,2026-03-21,48
Retail,S002,ST0022_XL,2026-03-21,35
Retail,S002,ST0028_S,2026-03-21,33
Retail,S002,ST0007_S,2026-03-21,22
Retail,S002,ST0010_S,2026-03-21,16
Retail,S002,ST0048_L,2026-03-21,6
Retail,S002,ST0034_S,2026-03-21,48
Retail,S002,ST0035_S,2026-03-21,13
Retail,S002,ST0013_XL,2026-03-21,3
Retail,S002,ST0045_S,2026-03-21,13
Retail,S002,ST0034_L,2026-03-21,44
Retail,S002,ST0011_L,2026-03-21,8
Retail,S003,ST0017_XL,2026-03-21,4
Retail,S003,ST0035_M,2026-03-21,48
Retail,S003,ST0010_XL,2026-03-21,22
Retail,S003,ST0017_L,2026-03-21,0
Retail,S003,ST0025_XL,2026-03-21,41
Retail,S003,ST0015_XL,2026-03-21,4
Retail,S003,ST0036_S,2026-03-21,8
Retail,S003,ST0019_M,2026-03-21,47
Retail,S003,ST0002_S,2026-03-21,29
Retail,S003,ST0038_M,2026-03-21,20
Retail,S003,ST0034_XL,2026-03-21,16
Retail,S003,ST0012_L,2026-03-21,46
Retail,S003,ST0027_XL,2026-03-21,46
Retail,S003,ST0049_XL,2026-03-21,39
Retail,S003,ST0028_L,2026-03-21,27
Retail,S003,ST0036_XL,2026-03-21,23
Retail,S003,ST0035_XL,2026-03-21,41
Retail,S003,ST0041_XL,2026-03-21,42
Retail,S003,ST0048_S,2026-03-21,27
Retail,S003,ST0029_M,2026-03-21,32
Retail,S004,ST0029_L,2026-03-21,23
Retail,S004,ST0013_M,2026-03-21,14
Retail,S004,ST0036_XL,2026-03-21,48
Retail,S004,ST0016_XL,2026-03-21,2
Retail,S004,ST0021_S,2026-03-21,13
Retail,S004,ST0018_L,2026-03-21,45
Retail,S004,ST0045_XL,2026-03-21,24
Retail,S004,ST0042_L,2026-03-21,46
Retail,S004,ST0029_M,2026-03-21,26
Retail,S004,ST0030_L,2026-03-21,34
Retail,S004,ST0031_XL,2026-03-21,17
Retail,S004,ST0004_S,2026-03-21,5
Retail,S004,ST0038_L,2026-03-21,39
Retail,S004,ST0003_S,2026-03-21,24
Retail,S004,ST0009_S,2026-03-21,47
Retail,S004,ST0045_L,2026-03-21,6
Retail,S004,ST0027_S,2026-03-21,32
Retail,S004,ST0040_S,2026-03-21,38
Retail,S004,ST0026_L,2026-03-21,30
Retail,S004,ST0005_XL,2026-03-21,43
Retail,S005,ST0013_S,2026-03-21,0
Retail,S005,ST0001_L,2026-03-21,12
Retail,S005,ST0019_M,2026-03-21,27
Retail,S005,ST0019_S,2026-03-21,7
Retail,S005,ST0004_L,2026-03-21,2
Retail,S005,ST0010_M,2026-03-21,32
Retail,S005,ST0016_XL,2026-03-21,49
Retail,S005,ST0041_L,2026-03-21,33
Retail,S005,ST0023_S,2026-03-21,26
Retail,S005,ST0038_XL,2026-03-21,6
Retail,S005,ST0029_M,2026-03-21,32
Retail,S005,ST0007_S,2026-03-21,33
Retail,S005,ST0049_L,2026-03-21,6
Retail,S005,ST0023_XL,2026-03-21,48
Retail,S005,ST0034_L,2026-03-21,29
Retail,S005,ST0046_M,2026-03-21,27
Retail,S005,ST0014_XL,2026-03-21,23
Retail,S005,ST0012_S,2026-03-21,20
Retail,S005,ST0023_M,2026-03-21,35
Retail,S005,ST0028_L,2026-03-21,32
Retail,S006,ST0004_S,2026-03-21,48
Retail,S006,ST0024_XL,2026-03-21,47
Retail,S006,ST0018_XL,2026-03-21,13
Retail,S006,ST0050_M,2026-03-21,14
Retail,S006,ST0011_M,2026-03-21,7
Retail,S006,ST0016_L,2026-03-21,3
Retail,S006,ST0006_XL,2026-03-21,31
Retail,S006,ST0047_XL,2026-03-21,37
Retail,S006,ST0013_M,2026-03-21,17
Retail,S006,ST0038_S,2026-03-21,23
Retail,S006,ST0020_XL,2026-03-21,47
Retail,S006,ST0014_XL,2026-03-21,0
Retail,S006,ST0033_S,2026-03-21,26
Retail,S006,ST0028_XL,2026-03-21,38
Retail,S006,ST0017_S,2026-03-21,49
Retail,S006,ST0025_L,2026-03-21,17
Retail,S006,ST0013_XL,2026-03-21,6
Retail,S006,ST0037_M,2026-03-21,34
Retail,S006,ST0044_XL,2026-03-21,26
Retail,S006,ST0042_XL,2026-03-21,15
Retail,S007,ST0037_M,2026-03-21,22
Retail,S007,ST0018_XL,2026-03-21,44
Retail,S007,ST0003_S,2026-03-21,11
Retail,S007,ST0039_M,2026-03-21,8
Retail,S007,ST0046_XL,2026-03-21,19
Retail,S007,ST0008_XL,2026-03-21,35
Retail,S007,ST0050_M,2026-03-21,43
Retail,S007,ST0004_M,2026-03-21,14
Retail,S007,ST0017_M,2026-03-21,7
Retail,S007,ST0028_M,2026-03-21,45
Retail,S007,ST0005_L,2026-03-21,25
Retail,S007,ST0019_S,2026-03-21,36
Retail,S007,ST0036_XL,2026-03-21,36
Retail,S007,ST0033_XL,2026-03-21,29
Retail,S007,ST0013_XL,2026-03-21,33
Retail,S007,ST0021_S,2026-03-21,29
Retail,S007,ST0029_S,2026-03-21,23
Retail,S007,ST0045_S,2026-03-21,13
Retail,S007,ST0030_M,2026-03-21,48
Retail,S007,ST0027_L,2026-03-21,13
Retail,S008,ST0018_XL,2026-03-21,7
Retail,S008,ST0004_M,2026-03-21,48
Retail,S008,ST0049_S,2026-03-21,11
Retail,S008,ST0039_S,2026-03-21,45
Retail,S008,ST0012_L,2026-03-21,4
Retail,S008,ST0044_M,2026-03-21,28
Retail,S008,ST0031_M,2026-03-21,47
Retail,S008,ST0020_M,2026-03-21,38
Retail,S008,ST0030_S,2026-03-21,0
Retail,S008,ST0020_XL,2026-03-21,13
Retail,S008,ST0032_L,2026-03-21,10
Retail,S008,ST0045_L,2026-03-21,48
Retail,S008,ST0033_L,2026-03-21,12
Retail,S008,ST0005_S,2026-03-21,32
Retail,S008,ST0049_L,2026-03-21,0
Retail,S008,ST0001_L,2026-03-21,43
Retail,S008,ST0029_M,2026-03-21,24
Retail,S008,ST0021_XL,2026-03-21,11
Retail,S008,ST0004_XL,2026-03-21,33
Retail,S008,ST0022_L,2026-03-21,38
Retail,S009,ST0012_S,2026-03-21,49
Retail,S009,ST0042_L,2026-03-21,9
Retail,S009,ST0047_L,2026-03-21,22
Retail,S009,ST0048_M,2026-03-21,48
Retail,S009,ST0007_S,2026-03-21,11
Retail,S009,ST0005_S,2026-03-21,45
Retail,S009,ST0003_M,2026-03-21,37
Retail,S009,ST0011_L,2026-03-21,40
Retail,S009,ST0047_XL,2026-03-21,40
Retail,S009,ST0007_L,2026-03-21,49
Retail,S009,ST0016_S,2026-03-21,23
Retail,S009,ST0037_S,2026-03-21,24
Retail,S009,ST0014_M,2026-03-21,39
Retail,S009,ST0009_M,2026-03-21,0
Retail,S009,ST0003_S,2026-03-21,30
Retail,S009,ST0022_M,2026-03-21,29
Retail,S009,ST0003_L,2026-03-21,10
Retail,S009,ST0022_L,2026-03-21,38
Retail,S009,ST0007_M,2026-03-21,48
Retail,S009,ST0001_S,2026-03-21,35
Retail,S010,ST0032_M,2026-03-21,37
Retail,S010,ST0048_XL,2026-03-21,35
Retail,S010,ST0009_XL,2026-03-21,47
Retail,S010,ST0022_L,2026-03-21,17
Retail,S010,ST0047_S,2026-03-21,13
Retail,S010,ST0037_XL,2026-03-21,17
Retail,S010,ST0032_S,2026-03-21,23
Retail,S010,ST0029_XL,2026-03-21,13
Retail,S010,ST0030_S,2026-03-21,44
Retail,S010,ST0007_M,2026-03-21,20
Retail,S010,ST0009_M,2026-03-21,12
Retail,S010,ST0036_L,2026-03-21,46
Retail,S010,ST0039_XL,2026-03-21,41
Retail,S010,ST0008_XL,2026-03-21,3
Retail,S010,ST0025_M,2026-03-21,41
Retail,S010,ST0024_L,2026-03-21,49
Retail,S010,ST0016_S,2026-03-21,47
Retail,S010,ST0045_L,2026-03-21,16
Retail,S010,ST0020_M,2026-03-21,22
Retail,S010,ST0008_L,2026-03-21,28
Retail,S001,ST0006_M,2026-03-22,12
Retail,S001,ST0029_XL,2026-03-22,32
Retail,S001,ST0042_M,2026-03-22,33
Retail,S001,ST0011_M,2026-03-22,31
Retail,S001,ST0025_M,2026-03-22,32
Retail,S001,ST0025_S,2026-03-22,43
Retail,S001,ST0022_M,2026-03-22,14
Retail,S001,ST0004_S,2026-03-22,37
Retail,S001,ST0041_S,2026-03-22,40
Retail,S001,ST0040_XL,2026-03-22,36
Retail,S001,ST0023_XL,2026-03-22,37
Retail,S001,ST0044_L,2026-03-22,9
Retail,S001,ST0027_XL,2026-03-22,33
Retail,S001,ST0033_L,2026-03-22,9
Retail,S001,ST0022_S,2026-03-22,21
Retail,S001,ST0043_S,2026-03-22,33
Retail,S001,ST0018_M,2026-03-22,40
Retail,S001,ST0020_M,2026-03-22,22
Retail,S001,ST0014_L,2026-03-22,1
Retail,S001,ST0042_S,2026-03-22,33
Retail,S002,ST0050_S,2026-03-22,31
Retail,S002,ST0048_XL,2026-03-22,18
Retail,S002,ST0048_S,2026-03-22,39
Retail,S002,ST0046_L,2026-03-22,20
Retail,S002,ST0040_M,2026-03-22,18
Retail,S002,ST0013_XL,2026-03-22,26
Retail,S002,ST0007_L,2026-03-22,13
Retail,S002,ST0041_L,2026-03-22,3
Retail,S002,ST0020_S,2026-03-22,33
Retail,S002,ST0036_XL,2026-03-22,38
Retail,S002,ST0043_L,2026-03-22,17
Retail,S002,ST0010_S,2026-03-22,8
Retail,S002,ST0039_M,2026-03-22,44
Retail,S002,ST0001_S,2026-03-22,43
Retail,S002,ST0039_XL,2026-03-22,39
Retail,S002,ST0022_L,2026-03-22,34
Retail,S002,ST0002_S,2026-03-22,47
Retail,S002,ST0043_XL,2026-03-22,43
Retail,S002,ST0015_S,2026-03-22,15
Retail,S002,ST0020_L,2026-03-22,39
Retail,S003,ST0031_M,2026-03-22,41
Retail,S003,ST0022_S,2026-03-22,2
Retail,S003,ST0018_S,2026-03-22,39
Retail,S003,ST0025_XL,2026-03-22,17
Retail,S003,ST0037_L,2026-03-22,36
Retail,S003,ST0003_M,2026-03-22,23
Retail,S003,ST0040_XL,2026-03-22,29
Retail,S003,ST0028_XL,2026-03-22,15
Retail,S003,ST0016_XL,2026-03-22,38
Retail,S003,ST0034_XL,2026-03-22,49
Retail,S003,ST0009_L,2026-03-22,36
Retail,S003,ST0028_S,2026-03-22,42
Retail,S003,ST0005_L,2026-03-22,47
Retail,S003,ST0024_XL,2026-03-22,35
Retail,S003,ST0018_L,2026-03-22,38
Retail,S003,ST0001_L,2026-03-22,3
Retail,S003,ST0015_S,2026-03-22,12
Retail,S003,ST0032_S,2026-03-22,14
Retail,S003,ST0032_L,2026-03-22,26
Retail,S003,ST0024_L,2026-03-22,0
Retail,S004,ST0029_L,2026-03-22,25
Retail,S004,ST0021_M,2026-03-22,48
Retail,S004,ST0004_M,2026-03-22,13
Retail,S004,ST0047_M,2026-03-22,12
Retail,S004,ST0003_L,2026-03-22,42
Retail,S004,ST0033_XL,2026-03-22,18
Retail,S004,ST0019_S,2026-03-22,10
Retail,S004,ST0036_M,2026-03-22,23
Retail,S004,ST0013_S,2026-03-22,4
Retail,S004,ST0009_M,2026-03-22,39
Retail,S004,ST0040_M,2026-03-22,2
Retail,S004,ST0036_S,2026-03-22,29
Retail,S004,ST0044_M,2026-03-22,30
Retail,S004,ST0032_S,2026-03-22,36
Retail,S004,ST0045_S,2026-03-22,36
Retail,S004,ST0021_L,2026-03-22,15
Retail,S004,ST0005_S,2026-03-22,43
Retail,S004,ST0049_XL,2026-03-22,44
Retail,S004,ST0041_L,2026-03-22,9
Retail,S004,ST0014_L,2026-03-22,34
Retail,S005,ST0019_L,2026-03-22,32
Retail,S005,ST0001_S,2026-03-22,15
Retail,S005,ST0030_S,2026-03-22,23
Retail,S005,ST0003_L,2026-03-22,30
Retail,S005,ST0016_M,2026-03-22,19
Retail,S005,ST0049_XL,2026-03-22,34
Retail,S005,ST0025_L,2026-03-22,1
Retail,S005,ST0020_XL,2026-03-22,5
Retail,S005,ST0007_L,2026-03-22,0
Retail,S005,ST0015_XL,2026-03-22,36
Retail,S005,ST0045_S,2026-03-22,44
Retail,S005,ST0040_S,2026-03-22,41
Retail,S005,ST0006_S,2026-03-22,49
Retail,S005,ST0004_L,2026-03-22,1
Retail,S005,ST0029_M,2026-03-22,40
Retail,S005,ST0049_S,2026-03-22,5
Retail,S005,ST0022_XL,2026-03-22,43
Retail,S005,ST0034_S,2026-03-22,37
Retail,S005,ST0023_XL,2026-03-22,19
Retail,S005,ST0035_M,2026-03-22,35
Retail,S006,ST0046_XL,2026-03-22,22
Retail,S006,ST0013_M,2026-03-22,44
Retail,S006,ST0001_S,2026-03-22,40
Retail,S006,ST0039_XL,2026-03-22,16
Retail,S006,ST0050_L,2026-03-22,9
Retail,S006,ST0042_L,2026-03-22,47
Retail,S006,ST0022_XL,2026-03-22,39
Retail,S006,ST0048_XL,2026-03-22,44
Retail,S006,ST0049_XL,2026-03-22,8
Retail,S006,ST0034_L,2026-03-22,1
Retail,S006,ST0006_S,2026-03-22,21
Retail,S006,ST0030_S,2026-03-22,6
Retail,S006,ST0038_XL,2026-03-22,35
Retail,S006,ST0037_S,2026-03-22,33
Retail,S006,ST0043_L,2026-03-22,9
Retail,S006,ST0024_M,2026-03-22,44
Retail,S006,ST0017_XL,2026-03-22,44
Retail,S006,ST0009_M,2026-03-22,20
Retail,S006,ST0013_XL,2026-03-22,20
Retail,S006,ST0010_M,2026-03-22,0
Retail,S007,ST0039_M,2026-03-22,47
Retail,S007,ST0002_M,2026-03-22,23
Retail,S007,ST0050_XL,2026-03-22,40
Retail,S007,ST0022_M,2026-03-22,12
Retail,S007,ST0011_XL,2026-03-22,26
Retail,S007,ST0014_XL,2026-03-22,47
Retail,S007,ST0043_S,2026-03-22,19
Retail,S007,ST0010_L,2026-03-22,38
Retail,S007,ST0035_M,2026-03-22,49
Retail,S007,ST0020_L,2026-03-22,41
Retail,S007,ST0044_L,2026-03-22,2
Retail,S007,ST0015_S,2026-03-22,20
Retail,S007,ST0038_L,2026-03-22,42
Retail,S007,ST0015_L,2026-03-22,22
Retail,S007,ST0040_S,2026-03-22,12
Retail,S007,ST0033_XL,2026-03-22,19
Retail,S007,ST0001_S,2026-03-22,49
Retail,S007,ST0048_XL,2026-03-22,16
Retail,S007,ST0024_S,2026-03-22,20
Retail,S007,ST0012_XL,2026-03-22,35
Retail,S008,ST0050_XL,2026-03-22,20
Retail,S008,ST0031_L,2026-03-22,40
Retail,S008,ST0033_M,2026-03-22,32
Retail,S008,ST0011_S,2026-03-22,2
Retail,S008,ST0038_S,2026-03-22,40
Retail,S008,ST0014_L,2026-03-22,2
Retail,S008,ST0027_XL,2026-03-22,9
Retail,S008,ST0003_L,2026-03-22,41
Retail,S008,ST0005_M,2026-03-22,14
Retail,S008,ST0007_XL,2026-03-22,36
Retail,S008,ST0015_XL,2026-03-22,13
Retail,S008,ST0019_S,2026-03-22,4
Retail,S008,ST0048_S,2026-03-22,36
Retail,S008,ST0028_S,2026-03-22,10
Retail,S008,ST0001_L,2026-03-22,17
Retail,S008,ST0027_M,2026-03-22,36
Retail,S008,ST0036_XL,2026-03-22,31
Retail,S008,ST0012_XL,2026-03-22,1
Retail,S008,ST0030_L,2026-03-22,27
Retail,S008,ST0002_XL,2026-03-22,13
Retail,S009,ST0036_XL,2026-03-22,1
Retail,S009,ST0034_S,2026-03-22,1
Retail,S009,ST0046_XL,2026-03-22,11
Retail,S009,ST0042_S,2026-03-22,24
Retail,S009,ST0002_XL,2026-03-22,22
Retail,S009,ST0030_S,2026-03-22,39
Retail,S009,ST0024_S,2026-03-22,21
Retail,S009,ST0026_M,2026-03-22,46
Retail,S009,ST0044_M,2026-03-22,45
Retail,S009,ST0010_L,2026-03-22,22
Retail,S009,ST0016_L,2026-03-22,14
Retail,S009,ST0037_XL,2026-03-22,36
Retail,S009,ST0038_XL,2026-03-22,12
Retail,S009,ST0015_S,2026-03-22,11
Retail,S009,ST0024_XL,2026-03-22,18
Retail,S009,ST0018_XL,2026-03-22,11
Retail,S009,ST0029_S,2026-03-22,36
Retail,S009,ST0021_M,2026-03-22,47
Retail,S009,ST0042_XL,2026-03-22,5
Retail,S009,ST0018_L,2026-03-22,48
Retail,S010,ST0019_L,2026-03-22,36
Retail,S010,ST0023_M,2026-03-22,11
Retail,S010,ST0018_M,2026-03-22,6
Retail,S010,ST0030_S,2026-03-22,35
Retail,S010,ST0017_L,2026-03-22,16
Retail,S010,ST0027_S,2026-03-22,39
Retail,S010,ST0010_S,2026-03-22,34
Retail,S010,ST0015_M,2026-03-22,33
Retail,S010,ST0014_XL,2026-03-22,24
Retail,S010,ST0018_L,2026-03-22,20
Retail,S010,ST0035_XL,2026-03-22,28
Retail,S010,ST0037_S,2026-03-22,35
Retail,S010,ST0018_S,2026-03-22,11
Retail,S010,ST0004_M,2026-03-22,8
Retail,S010,ST0002_M,2026-03-22,36
Retail,S010,ST0036_S,2026-03-22,16
Retail,S010,ST0036_XL,2026-03-22,34
Retail,S010,ST0011_M,2026-03-22,35
Retail,S010,ST0020_S,2026-03-22,23
Retail,S010,ST0036_L,2026-03-22,42
Retail,S001,ST0037_M,2026-03-23,10
Retail,S001,ST0026_M,2026-03-23,22
Retail,S001,ST0041_S,2026-03-23,29
Retail,S001,ST0017_S,2026-03-23,44
Retail,S001,ST0047_S,2026-03-23,35
Retail,S001,ST0036_L,2026-03-23,6
Retail,S001,ST0037_XL,2026-03-23,39
Retail,S001,ST0044_S,2026-03-23,5
Retail,S001,ST0043_S,2026-03-23,28
Retail,S001,ST0014_XL,2026-03-23,8
Retail,S001,ST0027_M,2026-03-23,33
Retail,S001,ST0032_S,2026-03-23,10
Retail,S001,ST0010_XL,2026-03-23,38
Retail,S001,ST0038_L,2026-03-23,42
Retail,S001,ST0025_M,2026-03-23,39
Retail,S001,ST0038_S,2026-03-23,28
Retail,S001,ST0005_M,2026-03-23,46
Retail,S001,ST0043_L,2026-03-23,48
Retail,S001,ST0002_XL,2026-03-23,48
Retail,S001,ST0004_M,2026-03-23,11
Retail,S002,ST0046_S,2026-03-23,30
Retail,S002,ST0016_S,2026-03-23,27
Retail,S002,ST0048_M,2026-03-23,35
Retail,S002,ST0005_XL,2026-03-23,1
Retail,S002,ST0001_M,2026-03-23,1
Retail,S002,ST0046_M,2026-03-23,41
Retail,S002,ST0020_L,2026-03-23,12
Retail,S002,ST0025_XL,2026-03-23,22
Retail,S002,ST0003_XL,2026-03-23,0
Retail,S002,ST0036_S,2026-03-23,35
Retail,S002,ST0012_S,2026-03-23,34
Retail,S002,ST0030_M,2026-03-23,12
Retail,S002,ST0032_S,2026-03-23,21
Retail,S002,ST0017_L,2026-03-23,22
Retail,S002,ST0008_L,2026-03-23,10
Retail,S002,ST0041_M,2026-03-23,40
Retail,S002,ST0017_M,2026-03-23,12
Retail,S002,ST0038_XL,2026-03-23,2
Retail,S002,ST0016_M,2026-03-23,20
Retail,S002,ST0012_XL,2026-03-23,5
Retail,S003,ST0024_L,2026-03-23,13
Retail,S003,ST0014_S,2026-03-23,20
Retail,S003,ST0044_S,2026-03-23,29
Retail,S003,ST0035_S,2026-03-23,32
Retail,S003,ST0007_L,2026-03-23,27
Retail,S003,ST0041_L,2026-03-23,24
Retail,S003,ST0001_M,2026-03-23,33
Retail,S003,ST0006_M,2026-03-23,9
Retail,S003,ST0040_M,2026-03-23,42
Retail,S003,ST0009_XL,2026-03-23,19
Retail,S003,ST0047_M,2026-03-23,39
Retail,S003,ST0014_XL,2026-03-23,40
Retail,S003,ST0002_M,2026-03-23,20
Retail,S003,ST0007_M,2026-03-23,43
Retail,S003,ST0023_S,2026-03-23,45
Retail,S003,ST0050_XL,2026-03-23,42
Retail,S003,ST0042_S,2026-03-23,17
Retail,S003,ST0008_XL,2026-03-23,26
Retail,S003,ST0038_XL,2026-03-23,49
Retail,S003,ST0029_L,2026-03-23,21
Retail,S004,ST0032_XL,2026-03-23,22
Retail,S004,ST0011_XL,2026-03-23,15
Retail,S004,ST0048_L,2026-03-23,1
Retail,S004,ST0016_XL,2026-03-23,46
Retail,S004,ST0004_M,2026-03-23,20
Retail,S004,ST0038_XL,2026-03-23,5
Retail,S004,ST0045_L,2026-03-23,14
Retail,S004,ST0037_S,2026-03-23,5
Retail,S004,ST0023_XL,2026-03-23,46
Retail,S004,ST0025_S,2026-03-23,34
Retail,S004,ST0039_S,2026-03-23,46
Retail,S004,ST0022_M,2026-03-23,27
Retail,S004,ST0020_M,2026-03-23,43
Retail,S004,ST0031_XL,2026-03-23,10
Retail,S004,ST0028_XL,2026-03-23,24
Retail,S004,ST0013_M,2026-03-23,30
Retail,S004,ST0050_XL,2026-03-23,18
Retail,S004,ST0007_S,2026-03-23,15
Retail,S004,ST0001_S,2026-03-23,20
Retail,S004,ST0048_XL,2026-03-23,21
Retail,S005,ST0042_M,2026-03-23,7
Retail,S005,ST0017_S,2026-03-23,11
Retail,S005,ST0038_L,2026-03-23,40
Retail,S005,ST0001_XL,2026-03-23,4
Retail,S005,ST0030_M,2026-03-23,15
Retail,S005,ST0014_S,2026-03-23,1
Retail,S005,ST0032_M,2026-03-23,34
Retail,S005,ST0029_S,2026-03-23,36
Retail,S005,ST0012_S,2026-03-23,32
Retail,S005,ST0003_XL,2026-03-23,41
Retail,S005,ST0027_XL,2026-03-23,20
Retail,S005,ST0018_M,2026-03-23,36
Retail,S005,ST0031_S,2026-03-23,43
Retail,S005,ST0033_S,2026-03-23,4
Retail,S005,ST0035_M,2026-03-23,22
Retail,S005,ST0020_S,2026-03-23,32
Retail,S005,ST0040_M,2026-03-23,45
Retail,S005,ST0047_M,2026-03-23,6
Retail,S005,ST0026_XL,2026-03-23,21
Retail,S005,ST0026_S,2026-03-23,7
Retail,S006,ST0031_XL,2026-03-23,3
Retail,S006,ST0011_XL,2026-03-23,48
Retail,S006,ST0009_S,2026-03-23,14
Retail,S006,ST0018_M,2026-03-23,32
Retail,S006,ST0028_M,2026-03-23,6
Retail,S006,ST0005_M,2026-03-23,21
Retail,S006,ST0005_L,2026-03-23,3
Retail,S006,ST0022_S,2026-03-23,44
Retail,S006,ST0038_XL,2026-03-23,11
Retail,S006,ST0032_XL,2026-03-23,21
Retail,S006,ST0012_M,2026-03-23,22
Retail,S006,ST0045_S,2026-03-23,3
Retail,S006,ST0026_M,2026-03-23,1
Retail,S006,ST0025_M,2026-03-23,39
Retail,S006,ST0010_S,2026-03-23,18
Retail,S006,ST0019_S,2026-03-23,25
Retail,S006,ST0006_L,2026-03-23,14
Retail,S006,ST0030_L,2026-03-23,46
Retail,S006,ST0008_XL,2026-03-23,46
Retail,S006,ST0021_S,2026-03-23,43
Retail,S007,ST0022_XL,2026-03-23,2
Retail,S007,ST0020_L,2026-03-23,6
Retail,S007,ST0010_M,2026-03-23,6
Retail,S007,ST0046_S,2026-03-23,3
Retail,S007,ST0015_M,2026-03-23,3
Retail,S007,ST0011_L,2026-03-23,12
Retail,S007,ST0026_M,2026-03-23,26
Retail,S007,ST0030_M,2026-03-23,26
Retail,S007,ST0020_M,2026-03-23,38
Retail,S007,ST0039_L,2026-03-23,43
Retail,S007,ST0003_L,2026-03-23,21
Retail,S007,ST0044_M,2026-03-23,17
Retail,S007,ST0042_XL,2026-03-23,5
Retail,S007,ST0048_XL,2026-03-23,6
Retail,S007,ST0039_M,2026-03-23,25
Retail,S007,ST0020_S,2026-03-23,20
Retail,S007,ST0042_L,2026-03-23,4
Retail,S007,ST0013_L,2026-03-23,32
Retail,S007,ST0027_L,2026-03-23,20
Retail,S007,ST0011_S,2026-03-23,41
Retail,S008,ST0028_L,2026-03-23,17
Retail,S008,ST0018_L,2026-03-23,11
Retail,S008,ST0040_XL,2026-03-23,2
Retail,S008,ST0036_XL,2026-03-23,26
Retail,S008,ST0008_M,2026-03-23,33
Retail,S008,ST0042_XL,2026-03-23,33
Retail,S008,ST0014_S,2026-03-23,1
Retail,S008,ST0026_XL,2026-03-23,20
Retail,S008,ST0045_XL,2026-03-23,6
Retail,S008,ST0047_XL,2026-03-23,25
Retail,S008,ST0029_S,2026-03-23,15
Retail,S008,ST0026_M,2026-03-23,32
Retail,S008,ST0046_XL,2026-03-23,3
Retail,S008,ST0011_XL,2026-03-23,4
Retail,S008,ST0023_L,2026-03-23,24
Retail,S008,ST0009_L,2026-03-23,39
Retail,S008,ST0001_S,2026-03-23,44
Retail,S008,ST0045_M,2026-03-23,15
Retail,S008,ST0036_L,2026-03-23,16
Retail,S008,ST0023_S,2026-03-23,48
Retail,S009,ST0034_M,2026-03-23,47
Retail,S009,ST0013_L,2026-03-23,3
Retail,S009,ST0005_M,2026-03-23,22
Retail,S009,ST0031_XL,2026-03-23,6
Retail,S009,ST0047_XL,2026-03-23,44
Retail,S009,ST0034_XL,2026-03-23,1
Retail,S009,ST0030_XL,2026-03-23,16
Retail,S009,ST0019_S,2026-03-23,31
Retail,S009,ST0044_XL,2026-03-23,0
Retail,S009,ST0018_XL,2026-03-23,18
Retail,S009,ST0020_S,2026-03-23,40
Retail,S009,ST0033_M,2026-03-23,7
Retail,S009,ST0014_S,2026-03-23,11
Retail,S009,ST0037_L,2026-03-23,29
Retail,S009,ST0032_M,2026-03-23,48
Retail,S009,ST0007_L,2026-03-23,47
Retail,S009,ST0008_M,2026-03-23,49
Retail,S009,ST0011_S,2026-03-23,12
Retail,S009,ST0037_S,2026-03-23,25
Retail,S009,ST0002_S,2026-03-23,25
Retail,S010,ST0040_L,2026-03-23,10
Retail,S010,ST0017_M,2026-03-23,15
Retail,S010,ST0031_XL,2026-03-23,22
Retail,S010,ST0040_S,2026-03-23,44
Retail,S010,ST0014_L,2026-03-23,44
Retail,S010,ST0022_M,2026-03-23,49
Retail,S010,ST0017_L,2026-03-23,2
Retail,S010,ST0039_M,2026-03-23,34
Retail,S010,ST0009_L,2026-03-23,40
Retail,S010,ST0025_M,2026-03-23,4
Retail,S010,ST0040_XL,2026-03-23,29
Retail,S010,ST0001_XL,2026-03-23,29
Retail,S010,ST0015_S,2026-03-23,43
Retail,S010,ST0026_M,2026-03-23,1
Retail,S010,ST0017_XL,2026-03-23,38
Retail,S010,ST0002_L,2026-03-23,28
Retail,S010,ST0013_L,2026-03-23,37
Retail,S010,ST0007_XL,2026-03-23,22
Retail,S010,ST0012_S,2026-03-23,43
Retail,S010,ST0019_M,2026-03-23,17
Retail,S001,ST0037_L,2026-03-24,14
Retail,S001,ST0037_XL,2026-03-24,39
Retail,S001,ST0049_M,2026-03-24,27
Retail,S001,ST0036_M,2026-03-24,12
Retail,S001,ST0033_L,2026-03-24,44
Retail,S001,ST0043_L,2026-03-24,11
Retail,S001,ST0023_M,2026-03-24,20
Retail,S001,ST0048_L,2026-03-24,30
Retail,S001,ST0027_M,2026-03-24,15
Retail,S001,ST0012_M,2026-03-24,1
Retail,S001,ST0044_XL,2026-03-24,46
Retail,S001,ST0020_L,2026-03-24,26
Retail,S001,ST0024_S,2026-03-24,25
Retail,S001,ST0024_L,2026-03-24,42
Retail,S001,ST0029_XL,2026-03-24,9
Retail,S001,ST0042_L,2026-03-24,32
Retail,S001,ST0027_S,2026-03-24,32
Retail,S001,ST0006_XL,2026-03-24,9
Retail,S001,ST0003_S,2026-03-24,47
Retail,S001,ST0050_L,2026-03-24,25
Retail,S002,ST0028_XL,2026-03-24,13
Retail,S002,ST0011_M,2026-03-24,46
Retail,S002,ST0023_M,2026-03-24,49
Retail,S002,ST0046_L,2026-03-24,17
Retail,S002,ST0018_L,2026-03-24,23
Retail,S002,ST0014_S,2026-03-24,46
Retail,S002,ST0042_M,2026-03-24,43
Retail,S002,ST0048_XL,2026-03-24,41
Retail,S002,ST0032_S,2026-03-24,7
Retail,S002,ST0035_S,2026-03-24,46
Retail,S002,ST0050_M,2026-03-24,29
Retail,S002,ST0039_S,2026-03-24,41
Retail,S002,ST0038_S,2026-03-24,13
Retail,S002,ST0011_S,2026-03-24,0
Retail,S002,ST0044_L,2026-03-24,12
Retail,S002,ST0005_L,2026-03-24,23
Retail,S002,ST0030_S,2026-03-24,46
Retail,S002,ST0016_XL,2026-03-24,8
Retail,S002,ST0039_L,2026-03-24,24
Retail,S002,ST0002_L,2026-03-24,49
Retail,S003,ST0022_M,2026-03-24,1
Retail,S003,ST0023_S,2026-03-24,8
Retail,S003,ST0004_L,2026-03-24,18
Retail,S003,ST0044_L,2026-03-24,35
Retail,S003,ST0024_L,2026-03-24,49
Retail,S003,ST0022_XL,2026-03-24,0
Retail,S003,ST0043_XL,2026-03-24,2
Retail,S003,ST0036_XL,2026-03-24,28
Retail,S003,ST0050_XL,2026-03-24,33
Retail,S003,ST0014_S,2026-03-24,34
Retail,S003,ST0008_M,2026-03-24,11
Retail,S003,ST0044_XL,2026-03-24,49
Retail,S003,ST0003_S,2026-03-24,3
Retail,S003,ST0043_L,2026-03-24,10
Retail,S003,ST0030_L,2026-03-24,39
Retail,S003,ST0014_M,2026-03-24,43
Retail,S003,ST0028_XL,2026-03-24,34
Retail,S003,ST0007_M,2026-03-24,16
Retail,S003,ST0017_L,2026-03-24,49
Retail,S003,ST0014_XL,2026-03-24,35
Retail,S004,ST0040_M,2026-03-24,0
Retail,S004,ST0042_L,2026-03-24,44
Retail,S004,ST0032_S,2026-03-24,43
Retail,S004,ST0037_L,2026-03-24,8
Retail,S004,ST0005_S,2026-03-24,44
Retail,S004,ST0001_M,2026-03-24,22
Retail,S004,ST0026_M,2026-03-24,11
Retail,S004,ST0036_M,2026-03-24,41
Retail,S004,ST0037_S,2026-03-24,40
Retail,S004,ST0036_XL,2026-03-24,6
Retail,S004,ST0034_S,2026-03-24,38
Retail,S004,ST0008_M,2026-03-24,30
Retail,S004,ST0039_XL,2026-03-24,27
Retail,S004,ST0040_L,2026-03-24,45
Retail,S004,ST0050_M,2026-03-24,44
Retail,S004,ST0007_M,2026-03-24,18
Retail,S004,ST0050_L,2026-03-24,24
Retail,S004,ST0003_L,2026-03-24,3
Retail,S004,ST0013_L,2026-03-24,33
Retail,S004,ST0031_S,2026-03-24,30
Retail,S005,ST0026_S,2026-03-24,4
Retail,S005,ST0009_S,2026-03-24,2
Retail,S005,ST0026_M,2026-03-24,2
Retail,S005,ST0040_M,2026-03-24,33
Retail,S005,ST0031_L,2026-03-24,41
Retail,S005,ST0046_S,2026-03-24,49
Retail,S005,ST0034_L,2026-03-24,41
Retail,S005,ST0035_XL,2026-03-24,44
Retail,S005,ST0024_L,2026-03-24,48
Retail,S005,ST0025_L,2026-03-24,22
Retail,S005,ST0011_XL,2026-03-24,6
Retail,S005,ST0015_M,2026-03-24,1
Retail,S005,ST0015_L,2026-03-24,35
Retail,S005,ST0044_S,2026-03-24,34
Retail,S005,ST0049_L,2026-03-24,27
Retail,S005,ST0040_L,2026-03-24,8
Retail,S005,ST0016_L,2026-03-24,38
Retail,S005,ST0023_L,2026-03-24,5
Retail,S005,ST0005_XL,2026-03-24,4
Retail,S005,ST0018_L,2026-03-24,5
Retail,S006,ST0046_S,2026-03-24,42
Retail,S006,ST0010_M,2026-03-24,48
Retail,S006,ST0010_XL,2026-03-24,12
Retail,S006,ST0015_L,2026-03-24,46
Retail,S006,ST0050_S,2026-03-24,27
Retail,S006,ST0038_M,2026-03-24,22
Retail,S006,ST0005_M,2026-03-24,40
Retail,S006,ST0029_M,2026-03-24,26
Retail,S006,ST0012_L,2026-03-24,10
Retail,S006,ST0013_S,2026-03-24,13
Retail,S006,ST0015_S,2026-03-24,19
Retail,S006,ST0016_L,2026-03-24,44
Retail,S006,ST0040_L,2026-03-24,12
Retail,S006,ST0027_S,2026-03-24,49
Retail,S006,ST0020_S,2026-03-24,31
Retail,S006,ST0002_M,2026-03-24,46
Retail,S006,ST0023_XL,2026-03-24,41
Retail,S006,ST0005_XL,2026-03-24,14
Retail,S006,ST0046_L,2026-03-24,20
Retail,S006,ST0001_M,2026-03-24,6
Retail,S007,ST0024_S,2026-03-24,33
Retail,S007,ST0047_L,2026-03-24,11
Retail,S007,ST0025_XL,2026-03-24,20
Retail,S007,ST0032_L,2026-03-24,9
Retail,S007,ST0027_S,2026-03-24,24
Retail,S007,ST0039_S,2026-03-24,40
Retail,S007,ST0043_XL,2026-03-24,3
Retail,S007,ST0011_M,2026-03-24,22
Retail,S007,ST0006_M,2026-03-24,45
Retail,S007,ST0048_S,2026-03-24,34
Retail,S007,ST0049_XL,2026-03-24,2
Retail,S007,ST0025_S,2026-03-24,19
Retail,S007,ST0006_S,2026-03-24,17
Retail,S007,ST0020_XL,2026-03-24,17
Retail,S007,ST0008_XL,2026-03-24,6
Retail,S007,ST0026_L,2026-03-24,42
Retail,S007,ST0028_L,2026-03-24,35
Retail,S007,ST0014_XL,2026-03-24,40
Retail,S007,ST0005_S,2026-03-24,20
Retail,S007,ST0010_L,2026-03-24,40
Retail,S008,ST0007_XL,2026-03-24,39
Retail,S008,ST0050_M,2026-03-24,27
Retail,S008,ST0035_XL,2026-03-24,40
Retail,S008,ST0038_M,2026-03-24,34
Retail,S008,ST0037_M,2026-03-24,33
Retail,S008,ST0035_M,2026-03-24,44
Retail,S008,ST0006_L,2026-03-24,25
Retail,S008,ST0040_XL,2026-03-24,2
Retail,S008,ST0035_S,2026-03-24,43
Retail,S008,ST0041_S,2026-03-24,24
Retail,S008,ST0005_S,2026-03-24,15
Retail,S008,ST0031_XL,2026-03-24,8
Retail,S008,ST0013_S,2026-03-24,41
Retail,S008,ST0012_L,2026-03-24,8
Retail,S008,ST0043_M,2026-03-24,1
Retail,S008,ST0047_M,2026-03-24,30
Retail,S008,ST0009_S,2026-03-24,10
Retail,S008,ST0039_M,2026-03-24,38
Retail,S008,ST0018_S,2026-03-24,17
Retail,S008,ST0019_M,2026-03-24,33
Retail,S009,ST0013_XL,2026-03-24,33
Retail,S009,ST0005_M,2026-03-24,8
Retail,S009,ST0008_L,2026-03-24,48
Retail,S009,ST0003_S,2026-03-24,4
Retail,S009,ST0028_S,2026-03-24,12
Retail,S009,ST0042_M,2026-03-24,45
Retail,S009,ST0046_M,2026-03-24,42
Retail,S009,ST0007_XL,2026-03-24,35
Retail,S009,ST0017_M,2026-03-24,33
Retail,S009,ST0017_L,2026-03-24,39
Retail,S009,ST0009_M,2026-03-24,1
Retail,S009,ST0023_S,2026-03-24,26
Retail,S009,ST0027_XL,2026-03-24,29
Retail,S009,ST0048_M,2026-03-24,6
Retail,S009,ST0027_L,2026-03-24,25
Retail,S009,ST0018_L,2026-03-24,28
Retail,S009,ST0037_L,2026-03-24,41
Retail,S009,ST0025_M,2026-03-24,24
Retail,S009,ST0020_XL,2026-03-24,11
Retail,S009,ST0001_M,2026-03-24,7
Retail,S010,ST0001_L,2026-03-24,20
Retail,S010,ST0047_L,2026-03-24,29
Retail,S010,ST0007_XL,2026-03-24,28
Retail,S010,ST0031_XL,2026-03-24,28
Retail,S010,ST0049_XL,2026-03-24,11
Retail,S010,ST0018_L,2026-03-24,25
Retail,S010,ST0036_M,2026-03-24,26
Retail,S010,ST0014_S,2026-03-24,21
Retail,S010,ST0043_L,2026-03-24,38
Retail,S010,ST0005_L,2026-03-24,10
Retail,S010,ST0015_L,2026-03-24,34
Retail,S010,ST0029_XL,2026-03-24,25
Retail,S010,ST0049_M,2026-03-24,41
Retail,S010,ST0018_XL,2026-03-24,46
Retail,S010,ST0023_S,2026-03-24,9
Retail,S010,ST0018_S,2026-03-24,44
Retail,S010,ST0003_S,2026-03-24,15
Retail,S010,ST0025_XL,2026-03-24,38
Retail,S010,ST0032_M,2026-03-24,37
Retail,S010,ST0013_S,2026-03-24,12
Retail,S001,ST0035_XL,2026-03-25,18
Retail,S001,ST0008_XL,2026-03-25,21
Retail,S001,ST0019_XL,2026-03-25,14
Retail,S001,ST0030_XL,2026-03-25,30
Retail,S001,ST0047_M,2026-03-25,9
Retail,S001,ST0025_XL,2026-03-25,32
Retail,S001,ST0049_S,2026-03-25,49
Retail,S001,ST0031_L,2026-03-25,37
Retail,S001,ST0020_XL,2026-03-25,7
Retail,S001,ST0049_XL,2026-03-25,35
Retail,S001,ST0023_XL,2026-03-25,24
Retail,S001,ST0029_L,2026-03-25,18
Retail,S001,ST0021_L,2026-03-25,21
Retail,S001,ST0033_M,2026-03-25,47
Retail,S001,ST0035_M,2026-03-25,34
Retail,S001,ST0034_L,2026-03-25,0
Retail,S001,ST0033_XL,2026-03-25,13
Retail,S001,ST0002_S,2026-03-25,14
Retail,S001,ST0013_M,2026-03-25,14
Retail,S001,ST0034_XL,2026-03-25,22
Retail,S002,ST0008_M,2026-03-25,32
Retail,S002,ST0013_XL,2026-03-25,10
Retail,S002,ST0040_L,2026-03-25,19
Retail,S002,ST0011_M,2026-03-25,32
Retail,S002,ST0001_L,2026-03-25,30
Retail,S002,ST0028_M,2026-03-25,9
Retail,S002,ST0040_XL,2026-03-25,49
Retail,S002,ST0006_M,2026-03-25,23
Retail,S002,ST0019_M,2026-03-25,5
Retail,S002,ST0032_S,2026-03-25,38
Retail,S002,ST0003_S,2026-03-25,17
Retail,S002,ST0024_M,2026-03-25,46
Retail,S002,ST0008_S,2026-03-25,41
Retail,S002,ST0023_M,2026-03-25,47
Retail,S002,ST0045_XL,2026-03-25,13
Retail,S002,ST0038_XL,2026-03-25,22
Retail,S002,ST0023_L,2026-03-25,22
Retail,S002,ST0014_S,2026-03-25,38
Retail,S002,ST0020_XL,2026-03-25,14
Retail,S002,ST0001_M,2026-03-25,28
Retail,S003,ST0002_S,2026-03-25,1
Retail,S003,ST0016_M,2026-03-25,39
Retail,S003,ST0021_XL,2026-03-25,9
Retail,S003,ST0024_L,2026-03-25,12
Retail,S003,ST0018_S,2026-03-25,37
Retail,S003,ST0027_L,2026-03-25,21
Retail,S003,ST0026_M,2026-03-25,7
Retail,S003,ST0040_L,2026-03-25,9
Retail,S003,ST0042_XL,2026-03-25,37
Retail,S003,ST0006_S,2026-03-25,15
Retail,S003,ST0044_L,2026-03-25,12
Retail,S003,ST0009_XL,2026-03-25,5
Retail,S003,ST0025_M,2026-03-25,15
Retail,S003,ST0036_S,2026-03-25,34
Retail,S003,ST0026_XL,2026-03-25,30
Retail,S003,ST0050_L,2026-03-25,1
Retail,S003,ST0026_S,2026-03-25,13
Retail,S003,ST0028_XL,2026-03-25,6
Retail,S003,ST0023_M,2026-03-25,8
Retail,S003,ST0015_XL,2026-03-25,42
Retail,S004,ST0032_XL,2026-03-25,44
Retail,S004,ST0041_L,2026-03-25,38
Retail,S004,ST0032_S,2026-03-25,18
Retail,S004,ST0007_XL,2026-03-25,49
Retail,S004,ST0008_M,2026-03-25,1
Retail,S004,ST0042_L,2026-03-25,9
Retail,S004,ST0025_L,2026-03-25,35
Retail,S004,ST0029_S,2026-03-25,5
Retail,S004,ST0022_M,2026-03-25,46
Retail,S004,ST0002_S,2026-03-25,38
Retail,S004,ST0022_S,2026-03-25,17
Retail,S004,ST0050_M,2026-03-25,30
Retail,S004,ST0019_XL,2026-03-25,23
Retail,S004,ST0034_M,2026-03-25,19
Retail,S004,ST0018_L,2026-03-25,31
Retail,S004,ST0030_M,2026-03-25,42
Retail,S004,ST0037_L,2026-03-25,29
Retail,S004,ST0046_S,2026-03-25,6
Retail,S004,ST0041_XL,2026-03-25,30
Retail,S004,ST0033_M,2026-03-25,36
Retail,S005,ST0026_M,2026-03-25,25
Retail,S005,ST0017_XL,2026-03-25,44
Retail,S005,ST0031_XL,2026-03-25,38
Retail,S005,ST0027_S,2026-03-25,10
Retail,S005,ST0011_S,2026-03-25,7
Retail,S005,ST0046_L,2026-03-25,35
Retail,S005,ST0038_M,2026-03-25,41
Retail,S005,ST0020_XL,2026-03-25,23
Retail,S005,ST0013_XL,2026-03-25,41
Retail,S005,ST0047_M,2026-03-25,16
Retail,S005,ST0040_S,2026-03-25,49
Retail,S005,ST0005_M,2026-03-25,20
Retail,S005,ST0006_XL,2026-03-25,44
Retail,S005,ST0016_M,2026-03-25,16
Retail,S005,ST0017_L,2026-03-25,39
Retail,S005,ST0026_L,2026-03-25,34
Retail,S005,ST0023_M,2026-03-25,15
Retail,S005,ST0037_M,2026-03-25,5
Retail,S005,ST0010_M,2026-03-25,9
Retail,S005,ST0029_M,2026-03-25,0
Retail,S006,ST0021_L,2026-03-25,11
Retail,S006,ST0022_XL,2026-03-25,35
Retail,S006,ST0041_S,2026-03-25,15
Retail,S006,ST0006_XL,2026-03-25,17
Retail,S006,ST0046_S,2026-03-25,11
Retail,S006,ST0027_M,2026-03-25,19
Retail,S006,ST0019_XL,2026-03-25,1
Retail,S006,ST0014_L,2026-03-25,26
Retail,S006,ST0025_L,2026-03-25,37
Retail,S006,ST0040_S,2026-03-25,6
Retail,S006,ST0019_S,2026-03-25,48
Retail,S006,ST0011_M,2026-03-25,16
Retail,S006,ST0036_S,2026-03-25,4
Retail,S006,ST0041_XL,2026-03-25,0
Retail,S006,ST0032_XL,2026-03-25,5
Retail,S006,ST0047_S,2026-03-25,40
Retail,S006,ST0024_L,2026-03-25,22
Retail,S006,ST0030_S,2026-03-25,27
Retail,S006,ST0025_M,2026-03-25,13
Retail,S006,ST0035_M,2026-03-25,4
Retail,S007,ST0022_XL,2026-03-25,42
Retail,S007,ST0048_M,2026-03-25,43
Retail,S007,ST0027_S,2026-03-25,46
Retail,S007,ST0050_M,2026-03-25,45
Retail,S007,ST0045_L,2026-03-25,10
Retail,S007,ST0035_XL,2026-03-25,7
Retail,S007,ST0014_S,2026-03-25,45
Retail,S007,ST0031_S,2026-03-25,36
Retail,S007,ST0044_L,2026-03-25,9
Retail,S007,ST0014_XL,2026-03-25,23
Retail,S007,ST0001_M,2026-03-25,11
Retail,S007,ST0003_M,2026-03-25,20
Retail,S007,ST0029_L,2026-03-25,9
Retail,S007,ST0008_M,2026-03-25,17
Retail,S007,ST0018_L,2026-03-25,2
Retail,S007,ST0050_XL,2026-03-25,32
Retail,S007,ST0041_XL,2026-03-25,17
Retail,S007,ST0040_L,2026-03-25,16
Retail,S007,ST0015_S,2026-03-25,45
Retail,S007,ST0004_S,2026-03-25,10
Retail,S008,ST0029_M,2026-03-25,39
Retail,S008,ST0012_XL,2026-03-25,18
Retail,S008,ST0044_S,2026-03-25,0
Retail,S008,ST0050_XL,2026-03-25,44
Retail,S008,ST0005_M,2026-03-25,33
Retail,S008,ST0045_S,2026-03-25,2
Retail,S008,ST0038_S,2026-03-25,29
Retail,S008,ST0045_M,2026-03-25,1
Retail,S008,ST0014_S,2026-03-25,48
Retail,S008,ST0049_XL,2026-03-25,4
Retail,S008,ST0022_L,2026-03-25,35
Retail,S008,ST0004_XL,2026-03-25,2
Retail,S008,ST0024_L,2026-03-25,27
Retail,S008,ST0030_S,2026-03-25,38
Retail,S008,ST0030_L,2026-03-25,8
Retail,S008,ST0027_XL,2026-03-25,20
Retail,S008,ST0047_XL,2026-03-25,22
Retail,S008,ST0005_S,2026-03-25,19
Retail,S008,ST0040_S,2026-03-25,15
Retail,S008,ST0028_S,2026-03-25,6
Retail,S009,ST0004_XL,2026-03-25,32
Retail,S009,ST0034_XL,2026-03-25,32
Retail,S009,ST0010_XL,2026-03-25,23
Retail,S009,ST0038_M,2026-03-25,13
Retail,S009,ST0026_XL,2026-03-25,48
Retail,S009,ST0027_S,2026-03-25,5
Retail,S009,ST0002_M,2026-03-25,38
Retail,S009,ST0037_XL,2026-03-25,3
Retail,S009,ST0022_M,2026-03-25,41
Retail,S009,ST0032_XL,2026-03-25,23
Retail,S009,ST0020_L,2026-03-25,31
Retail,S009,ST0044_S,2026-03-25,13
Retail,S009,ST0047_M,2026-03-25,9
Retail,S009,ST0047_L,2026-03-25,1
Retail,S009,ST0012_L,2026-03-25,39
Retail,S009,ST0048_S,2026-03-25,13
Retail,S009,ST0030_XL,2026-03-25,23
Retail,S009,ST0036_L,2026-03-25,27
Retail,S009,ST0043_M,2026-03-25,10
Retail,S009,ST0006_M,2026-03-25,29
Retail,S010,ST0032_XL,2026-03-25,14
Retail,S010,ST0009_XL,2026-03-25,4
Retail,S010,ST0005_XL,2026-03-25,27
Retail,S010,ST0041_L,2026-03-25,35
Retail,S010,ST0043_M,2026-03-25,20
Retail,S010,ST0024_M,2026-03-25,28
Retail,S010,ST0039_S,2026-03-25,42
Retail,S010,ST0010_M,2026-03-25,38
Retail,S010,ST0014_M,2026-03-25,39
Retail,S010,ST0010_S,2026-03-25,3
Retail,S010,ST0049_L,2026-03-25,33
Retail,S010,ST0049_XL,2026-03-25,13
Retail,S010,ST0041_M,2026-03-25,48
Retail,S010,ST0026_M,2026-03-25,12
Retail,S010,ST0030_XL,2026-03-25,18
Retail,S010,ST0033_L,2026-03-25,30
Retail,S010,ST0001_M,2026-03-25,5
Retail,S010,ST0017_S,2026-03-25,46
Retail,S010,ST0039_L,2026-03-25,46
Retail,S010,ST0021_M,2026-03-25,5
Retail,S001,ST0033_S,2026-03-26,46
Retail,S001,ST0028_S,2026-03-26,32
Retail,S001,ST0047_M,2026-03-26,22
Retail,S001,ST0006_M,2026-03-26,44
Retail,S001,ST0007_L,2026-03-26,43
Retail,S001,ST0047_XL,2026-03-26,36
Retail,S001,ST0020_XL,2026-03-26,49
Retail,S001,ST0032_L,2026-03-26,32
Retail,S001,ST0027_S,2026-03-26,36
Retail,S001,ST0005_M,2026-03-26,35
Retail,S001,ST0029_L,2026-03-26,20
Retail,S001,ST0049_XL,2026-03-26,10
Retail,S001,ST0041_XL,2026-03-26,27
Retail,S001,ST0046_M,2026-03-26,29
Retail,S001,ST0001_XL,2026-03-26,26
Retail,S001,ST0035_XL,2026-03-26,36
Retail,S001,ST0050_M,2026-03-26,30
Retail,S001,ST0040_S,2026-03-26,38
Retail,S001,ST0014_L,2026-03-26,22
Retail,S001,ST0011_L,2026-03-26,11
Retail,S002,ST0024_M,2026-03-26,18
Retail,S002,ST0022_S,2026-03-26,17
Retail,S002,ST0012_S,2026-03-26,35
Retail,S002,ST0010_XL,2026-03-26,48
Retail,S002,ST0022_M,2026-03-26,9
Retail,S002,ST0028_L,2026-03-26,32
Retail,S002,ST0016_L,2026-03-26,39
Retail,S002,ST0020_XL,2026-03-26,41
Retail,S002,ST0012_XL,2026-03-26,27
Retail,S002,ST0010_S,2026-03-26,15
Retail,S002,ST0047_S,2026-03-26,15
Retail,S002,ST0028_M,2026-03-26,0
Retail,S002,ST0028_XL,2026-03-26,36
Retail,S002,ST0001_S,2026-03-26,34
Retail,S002,ST0030_L,2026-03-26,30
Retail,S002,ST0045_M,2026-03-26,31
Retail,S002,ST0044_L,2026-03-26,12
Retail,S002,ST0011_L,2026-03-26,20
Retail,S002,ST0046_L,2026-03-26,0
Retail,S002,ST0013_XL,2026-03-26,19
Retail,S003,ST0012_M,2026-03-26,36
Retail,S003,ST0021_S,2026-03-26,23
Retail,S003,ST0004_L,2026-03-26,4
Retail,S003,ST0050_L,2026-03-26,42
Retail,S003,ST0045_M,2026-03-26,28
Retail,S003,ST0043_S,2026-03-26,47
Retail,S003,ST0030_L,2026-03-26,43
Retail,S003,ST0046_M,2026-03-26,43
Retail,S003,ST0036_M,2026-03-26,26
Retail,S003,ST0016_L,2026-03-26,35
Retail,S003,ST0017_XL,2026-03-26,47
Retail,S003,ST0027_XL,2026-03-26,17
Retail,S003,ST0047_M,2026-03-26,40
Retail,S003,ST0018_M,2026-03-26,29
Retail,S003,ST0008_XL,2026-03-26,47
Retail,S003,ST0002_S,2026-03-26,15
Retail,S003,ST0028_XL,2026-03-26,41
Retail,S003,ST0013_L,2026-03-26,11
Retail,S003,ST0033_M,2026-03-26,19
Retail,S003,ST0041_S,2026-03-26,14
Retail,S004,ST0030_M,2026-03-26,10
Retail,S004,ST0020_S,2026-03-26,35
Retail,S004,ST0034_L,2026-03-26,34
Retail,S004,ST0047_M,2026-03-26,20
Retail,S004,ST0009_XL,2026-03-26,0
Retail,S004,ST0028_M,2026-03-26,32
Retail,S004,ST0013_M,2026-03-26,43
Retail,S004,ST0012_L,2026-03-26,46
Retail,S004,ST0020_XL,2026-03-26,38
Retail,S004,ST0035_L,2026-03-26,40
Retail,S004,ST0037_XL,2026-03-26,33
Retail,S004,ST0002_L,2026-03-26,13
Retail,S004,ST0023_S,2026-03-26,10
Retail,S004,ST0018_XL,2026-03-26,36
Retail,S004,ST0007_L,2026-03-26,8
Retail,S004,ST0017_XL,2026-03-26,37
Retail,S004,ST0001_S,2026-03-26,48
Retail,S004,ST0029_S,2026-03-26,31
Retail,S004,ST0040_L,2026-03-26,13
Retail,S004,ST0018_L,2026-03-26,34
Retail,S005,ST0009_M,2026-03-26,13
Retail,S005,ST0019_XL,2026-03-26,32
Retail,S005,ST0003_M,2026-03-26,18
Retail,S005,ST0040_XL,2026-03-26,44
Retail,S005,ST0014_L,2026-03-26,30
Retail,S005,ST0018_S,2026-03-26,2
Retail,S005,ST0032_XL,2026-03-26,20
Retail,S005,ST0037_L,2026-03-26,37
Retail,S005,ST0016_M,2026-03-26,12
Retail,S005,ST0031_XL,2026-03-26,33
Retail,S005,ST0017_XL,2026-03-26,17
Retail,S005,ST0024_S,2026-03-26,13
Retail,S005,ST0044_S,2026-03-26,13
Retail,S005,ST0039_S,2026-03-26,10
Retail,S005,ST0005_S,2026-03-26,3
Retail,S005,ST0050_L,2026-03-26,1
Retail,S005,ST0033_M,2026-03-26,10
Retail,S005,ST0007_L,2026-03-26,45
Retail,S005,ST0004_L,2026-03-26,2
Retail,S005,ST0010_S,2026-03-26,47
Retail,S006,ST0038_S,2026-03-26,24
Retail,S006,ST0025_L,2026-03-26,15
Retail,S006,ST0043_L,2026-03-26,11
Retail,S006,ST0010_L,2026-03-26,1
Retail,S006,ST0021_XL,2026-03-26,3
Retail,S006,ST0042_S,2026-03-26,7
Retail,S006,ST0018_S,2026-03-26,8
Retail,S006,ST0030_L,2026-03-26,6
Retail,S006,ST0020_XL,2026-03-26,43
Retail,S006,ST0038_XL,2026-03-26,36
Retail,S006,ST0001_S,2026-03-26,33
Retail,S006,ST0047_M,2026-03-26,6
Retail,S006,ST0048_M,2026-03-26,5
Retail,S006,ST0015_L,2026-03-26,26
Retail,S006,ST0024_L,2026-03-26,45
Retail,S006,ST0025_S,2026-03-26,15
Retail,S006,ST0016_M,2026-03-26,38
Retail,S006,ST0036_S,2026-03-26,16
Retail,S006,ST0031_L,2026-03-26,24
Retail,S006,ST0029_L,2026-03-26,18
Retail,S007,ST0021_M,2026-03-26,40
Retail,S007,ST0031_S,2026-03-26,20
Retail,S007,ST0014_S,2026-03-26,39
Retail,S007,ST0031_L,2026-03-26,37
Retail,S007,ST0036_S,2026-03-26,11
Retail,S007,ST0022_L,2026-03-26,36
Retail,S007,ST0013_L,2026-03-26,44
Retail,S007,ST0040_M,2026-03-26,48
Retail,S007,ST0044_XL,2026-03-26,36
Retail,S007,ST0037_L,2026-03-26,27
Retail,S007,ST0021_XL,2026-03-26,31
Retail,S007,ST0016_S,2026-03-26,12
Retail,S007,ST0034_XL,2026-03-26,35
Retail,S007,ST0011_XL,2026-03-26,33
Retail,S007,ST0006_XL,2026-03-26,41
Retail,S007,ST0035_L,2026-03-26,20
Retail,S007,ST0030_XL,2026-03-26,8
Retail,S007,ST0033_XL,2026-03-26,46
Retail,S007,ST0046_M,2026-03-26,23
Retail,S007,ST0050_S,2026-03-26,19
Retail,S008,ST0009_S,2026-03-26,0
Retail,S008,ST0009_XL,2026-03-26,47
Retail,S008,ST0022_S,2026-03-26,0
Retail,S008,ST0013_XL,2026-03-26,31
Retail,S008,ST0005_M,2026-03-26,40
Retail,S008,ST0019_L,2026-03-26,32
Retail,S008,ST0019_XL,2026-03-26,15
Retail,S008,ST0027_XL,2026-03-26,25
Retail,S008,ST0039_M,2026-03-26,28
Retail,S008,ST0011_XL,2026-03-26,41
Retail,S008,ST0013_S,2026-03-26,41
Retail,S008,ST0001_M,2026-03-26,24
Retail,S008,ST0012_L,2026-03-26,40
Retail,S008,ST0003_XL,2026-03-26,37
Retail,S008,ST0022_XL,2026-03-26,45
Retail,S008,ST0046_XL,2026-03-26,6
Retail,S008,ST0026_S,2026-03-26,6
Retail,S008,ST0028_L,2026-03-26,37
Retail,S008,ST0008_L,2026-03-26,13
Retail,S008,ST0030_M,2026-03-26,10
Retail,S009,ST0009_M,2026-03-26,7
Retail,S009,ST0020_XL,2026-03-26,11
Retail,S009,ST0022_L,2026-03-26,13
Retail,S009,ST0040_L,2026-03-26,43
Retail,S009,ST0012_S,2026-03-26,15
Retail,S009,ST0009_L,2026-03-26,42
Retail,S009,ST0009_XL,2026-03-26,36
Retail,S009,ST0020_L,2026-03-26,29
Retail,S009,ST0021_XL,2026-03-26,27
Retail,S009,ST0044_M,2026-03-26,8
Retail,S009,ST0023_XL,2026-03-26,24
Retail,S009,ST0007_S,2026-03-26,43
Retail,S009,ST0001_XL,2026-03-26,24
Retail,S009,ST0049_XL,2026-03-26,30
Retail,S009,ST0042_M,2026-03-26,13
Retail,S009,ST0048_XL,2026-03-26,13
Retail,S009,ST0043_XL,2026-03-26,46
Retail,S009,ST0044_L,2026-03-26,24
Retail,S009,ST0041_L,2026-03-26,48
Retail,S009,ST0027_L,2026-03-26,47
Retail,S010,ST0043_M,2026-03-26,36
Retail,S010,ST0041_L,2026-03-26,47
Retail,S010,ST0049_S,2026-03-26,33
Retail,S010,ST0044_L,2026-03-26,8
Retail,S010,ST0018_M,2026-03-26,3
Retail,S010,ST0005_S,2026-03-26,30
Retail,S010,ST0041_XL,2026-03-26,20
Retail,S010,ST0008_XL,2026-03-26,39
Retail,S010,ST0024_XL,2026-03-26,18
Retail,S010,ST0008_M,2026-03-26,20
Retail,S010,ST0050_XL,2026-03-26,22
Retail,S010,ST0020_M,2026-03-26,4
Retail,S010,ST0045_S,2026-03-26,17
Retail,S010,ST0011_L,2026-03-26,45
Retail,S010,ST0042_XL,2026-03-26,4
Retail,S010,ST0017_XL,2026-03-26,0
Retail,S010,ST0014_M,2026-03-26,48
Retail,S010,ST0023_M,2026-03-26,25
Retail,S010,ST0036_S,2026-03-26,48
Retail,S010,ST0033_XL,2026-03-26,34
Retail,S001,ST0035_S,2026-03-27,1
Retail,S001,ST0019_M,2026-03-27,31
Retail,S001,ST0031_M,2026-03-27,39
Retail,S001,ST0027_M,2026-03-27,38
Retail,S001,ST0005_M,2026-03-27,35
Retail,S001,ST0030_S,2026-03-27,38
Retail,S001,ST0046_S,2026-03-27,15
Retail,S001,ST0003_XL,2026-03-27,34
Retail,S001,ST0043_M,2026-03-27,19
Retail,S001,ST0042_M,2026-03-27,8
Retail,S001,ST0023_S,2026-03-27,16
Retail,S001,ST0015_XL,2026-03-27,38
Retail,S001,ST0029_L,2026-03-27,37
Retail,S001,ST0011_XL,2026-03-27,14
Retail,S001,ST0009_M,2026-03-27,27
Retail,S001,ST0037_M,2026-03-27,10
Retail,S001,ST0044_XL,2026-03-27,29
Retail,S001,ST0017_XL,2026-03-27,45
Retail,S001,ST0032_XL,2026-03-27,38
Retail,S001,ST0019_S,2026-03-27,1
Retail,S002,ST0004_XL,2026-03-27,33
Retail,S002,ST0015_S,2026-03-27,41
Retail,S002,ST0023_XL,2026-03-27,21
Retail,S002,ST0006_M,2026-03-27,40
Retail,S002,ST0034_L,2026-03-27,29
Retail,S002,ST0049_L,2026-03-27,44
Retail,S002,ST0021_XL,2026-03-27,20
Retail,S002,ST0005_XL,2026-03-27,29
Retail,S002,ST0045_M,2026-03-27,1
Retail,S002,ST0013_M,2026-03-27,25
Retail,S002,ST0047_M,2026-03-27,2
Retail,S002,ST0008_XL,2026-03-27,47
Retail,S002,ST0015_XL,2026-03-27,2
Retail,S002,ST0033_XL,2026-03-27,40
Retail,S002,ST0011_S,2026-03-27,24
Retail,S002,ST0035_M,2026-03-27,14
Retail,S002,ST0037_S,2026-03-27,32
Retail,S002,ST0041_M,2026-03-27,48
Retail,S002,ST0027_XL,2026-03-27,47
Retail,S002,ST0001_M,2026-03-27,39
Retail,S003,ST0001_S,2026-03-27,1
Retail,S003,ST0046_S,2026-03-27,29
Retail,S003,ST0001_XL,2026-03-27,29
Retail,S003,ST0006_L,2026-03-27,10
Retail,S003,ST0010_XL,2026-03-27,30
Retail,S003,ST0016_L,2026-03-27,28
Retail,S003,ST0006_S,2026-03-27,47
Retail,S003,ST0046_L,2026-03-27,39
Retail,S003,ST0044_L,2026-03-27,25
Retail,S003,ST0012_M,2026-03-27,20
Retail,S003,ST0003_XL,2026-03-27,36
Retail,S003,ST0001_M,2026-03-27,18
Retail,S003,ST0017_XL,2026-03-27,48
Retail,S003,ST0039_M,2026-03-27,17
Retail,S003,ST0043_L,2026-03-27,18
Retail,S003,ST0029_L,2026-03-27,26
Retail,S003,ST0021_M,2026-03-27,46
Retail,S003,ST0028_L,2026-03-27,7
Retail,S003,ST0037_M,2026-03-27,34
Retail,S003,ST0040_XL,2026-03-27,46
Retail,S004,ST0026_XL,2026-03-27,43
Retail,S004,ST0021_S,2026-03-27,27
Retail,S004,ST0030_XL,2026-03-27,22
Retail,S004,ST0030_M,2026-03-27,38
Retail,S004,ST0048_S,2026-03-27,46
Retail,S004,ST0011_S,2026-03-27,22
Retail,S004,ST0030_L,2026-03-27,31
Retail,S004,ST0044_L,2026-03-27,46
Retail,S004,ST0043_XL,2026-03-27,31
Retail,S004,ST0005_S,2026-03-27,23
Retail,S004,ST0006_S,2026-03-27,26
Retail,S004,ST0045_XL,2026-03-27,40
Retail,S004,ST0031_S,2026-03-27,16
Retail,S004,ST0005_XL,2026-03-27,14
Retail,S004,ST0032_S,2026-03-27,37
Retail,S004,ST0026_M,2026-03-27,46
Retail,S004,ST0017_M,2026-03-27,48
Retail,S004,ST0049_L,2026-03-27,33
Retail,S004,ST0038_M,2026-03-27,49
Retail,S004,ST0010_L,2026-03-27,29
Retail,S005,ST0002_L,2026-03-27,11
Retail,S005,ST0021_L,2026-03-27,35
Retail,S005,ST0004_L,2026-03-27,14
Retail,S005,ST0031_XL,2026-03-27,39
Retail,S005,ST0013_M,2026-03-27,39
Retail,S005,ST0006_XL,2026-03-27,18
Retail,S005,ST0042_L,2026-03-27,41
Retail,S005,ST0012_L,2026-03-27,45
Retail,S005,ST0003_S,2026-03-27,9
Retail,S005,ST0013_L,2026-03-27,1
Retail,S005,ST0007_L,2026-03-27,25
Retail,S005,ST0025_XL,2026-03-27,24
Retail,S005,ST0041_M,2026-03-27,39
Retail,S005,ST0029_L,2026-03-27,29
Retail,S005,ST0008_S,2026-03-27,1
Retail,S005,ST0007_M,2026-03-27,9
Retail,S005,ST0020_M,2026-03-27,48
Retail,S005,ST0024_M,2026-03-27,7
Retail,S005,ST0022_XL,2026-03-27,2
Retail,S005,ST0034_XL,2026-03-27,4
Retail,S006,ST0045_XL,2026-03-27,35
Retail,S006,ST0040_M,2026-03-27,23
Retail,S006,ST0034_M,2026-03-27,9
Retail,S006,ST0030_L,2026-03-27,41
Retail,S006,ST0005_M,2026-03-27,18
Retail,S006,ST0014_L,2026-03-27,36
Retail,S006,ST0025_L,2026-03-27,1
Retail,S006,ST0040_S,2026-03-27,38
Retail,S006,ST0008_S,2026-03-27,18
Retail,S006,ST0012_XL,2026-03-27,0
Retail,S006,ST0006_S,2026-03-27,0
Retail,S006,ST0023_L,2026-03-27,17
Retail,S006,ST0016_M,2026-03-27,17
Retail,S006,ST0034_S,2026-03-27,37
Retail,S006,ST0003_S,2026-03-27,2
Retail,S006,ST0006_L,2026-03-27,16
Retail,S006,ST0006_XL,2026-03-27,21
Retail,S006,ST0010_XL,2026-03-27,10
Retail,S006,ST0003_XL,2026-03-27,28
Retail,S006,ST0026_S,2026-03-27,27
Retail,S007,ST0016_L,2026-03-27,36
Retail,S007,ST0025_S,2026-03-27,41
Retail,S007,ST0001_L,2026-03-27,29
Retail,S007,ST0047_M,2026-03-27,1
Retail,S007,ST0050_XL,2026-03-27,30
Retail,S007,ST0019_XL,2026-03-27,3
Retail,S007,ST0007_S,2026-03-27,10
Retail,S007,ST0018_S,2026-03-27,26
Retail,S007,ST0041_M,2026-03-27,45
Retail,S007,ST0006_L,2026-03-27,39
Retail,S007,ST0039_M,2026-03-27,6
Retail,S007,ST0002_L,2026-03-27,30
Retail,S007,ST0029_L,2026-03-27,19
Retail,S007,ST0015_XL,2026-03-27,37
Retail,S007,ST0048_L,2026-03-27,40
Retail,S007,ST0038_S,2026-03-27,15
Retail,S007,ST0030_S,2026-03-27,13
Retail,S007,ST0014_L,2026-03-27,21
Retail,S007,ST0033_XL,2026-03-27,19
Retail,S007,ST0016_M,2026-03-27,24
Retail,S008,ST0006_L,2026-03-27,48
Retail,S008,ST0050_M,2026-03-27,43
Retail,S008,ST0020_L,2026-03-27,26
Retail,S008,ST0013_XL,2026-03-27,5
Retail,S008,ST0004_S,2026-03-27,15
Retail,S008,ST0019_M,2026-03-27,46
Retail,S008,ST0014_M,2026-03-27,31
Retail,S008,ST0041_L,2026-03-27,25
Retail,S008,ST0015_M,2026-03-27,5
Retail,S008,ST0030_M,2026-03-27,16
Retail,S008,ST0033_XL,2026-03-27,16
Retail,S008,ST0022_M,2026-03-27,40
Retail,S008,ST0016_XL,2026-03-27,24
Retail,S008,ST0042_M,2026-03-27,46
Retail,S008,ST0041_XL,2026-03-27,14
Retail,S008,ST0021_S,2026-03-27,11
Retail,S008,ST0048_S,2026-03-27,21
Retail,S008,ST0030_L,2026-03-27,1
Retail,S008,ST0003_L,2026-03-27,47
Retail,S008,ST0008_S,2026-03-27,43
Retail,S009,ST0016_XL,2026-03-27,26
Retail,S009,ST0040_L,2026-03-27,28
Retail,S009,ST0031_S,2026-03-27,12
Retail,S009,ST0019_M,2026-03-27,47
Retail,S009,ST0015_M,2026-03-27,23
Retail,S009,ST0002_M,2026-03-27,27
Retail,S009,ST0023_M,2026-03-27,22
Retail,S009,ST0018_M,2026-03-27,45
Retail,S009,ST0017_L,2026-03-27,31
Retail,S009,ST0024_M,2026-03-27,22
Retail,S009,ST0043_S,2026-03-27,11
Retail,S009,ST0002_XL,2026-03-27,43
Retail,S009,ST0004_L,2026-03-27,26
Retail,S009,ST0050_S,2026-03-27,43
Retail,S009,ST0006_XL,2026-03-27,45
Retail,S009,ST0018_XL,2026-03-27,9
Retail,S009,ST0034_M,2026-03-27,46
Retail,S009,ST0014_S,2026-03-27,47
Retail,S009,ST0032_M,2026-03-27,2
Retail,S009,ST0036_M,2026-03-27,5
Retail,S010,ST0044_M,2026-03-27,6
Retail,S010,ST0045_M,2026-03-27,15
Retail,S010,ST0009_S,2026-03-27,44
Retail,S010,ST0049_M,2026-03-27,29
Retail,S010,ST0016_XL,2026-03-27,27
Retail,S010,ST0021_S,2026-03-27,39
Retail,S010,ST0040_S,2026-03-27,34
Retail,S010,ST0011_S,2026-03-27,31
Retail,S010,ST0046_L,2026-03-27,18
Retail,S010,ST0033_XL,2026-03-27,24
Retail,S010,ST0046_S,2026-03-27,16
Retail,S010,ST0030_M,2026-03-27,21
Retail,S010,ST0032_XL,2026-03-27,45
Retail,S010,ST0015_XL,2026-03-27,34
Retail,S010,ST0041_S,2026-03-27,45
Retail,S010,ST0018_L,2026-03-27,46
Retail,S010,ST0020_M,2026-03-27,39
Retail,S010,ST0017_L,2026-03-27,22
Retail,S010,ST0018_M,2026-03-27,38
Retail,S010,ST0033_M,2026-03-27,8
Retail,S001,ST0043_XL,2026-03-28,0
Retail,S001,ST0047_S,2026-03-28,13
Retail,S001,ST0033_M,2026-03-28,25
Retail,S001,ST0006_M,2026-03-28,15
Retail,S001,ST0023_M,2026-03-28,49
Retail,S001,ST0038_XL,2026-03-28,48
Retail,S001,ST0002_L,2026-03-28,23
Retail,S001,ST0017_M,2026-03-28,36
Retail,S001,ST0028_S,2026-03-28,26
Retail,S001,ST0050_XL,2026-03-28,8
Retail,S001,ST0034_S,2026-03-28,48
Retail,S001,ST0030_XL,2026-03-28,30
Retail,S001,ST0015_M,2026-03-28,20
Retail,S001,ST0012_L,2026-03-28,14
Retail,S001,ST0005_XL,2026-03-28,19
Retail,S001,ST0044_M,2026-03-28,48
Retail,S001,ST0013_XL,2026-03-28,23
Retail,S001,ST0044_S,2026-03-28,20
Retail,S001,ST0008_XL,2026-03-28,49
Retail,S001,ST0042_S,2026-03-28,20
Retail,S002,ST0047_S,2026-03-28,18
Retail,S002,ST0016_XL,2026-03-28,16
Retail,S002,ST0016_M,2026-03-28,4
Retail,S002,ST0027_XL,2026-03-28,14
Retail,S002,ST0033_M,2026-03-28,33
Retail,S002,ST0002_S,2026-03-28,21
Retail,S002,ST0044_XL,2026-03-28,4
Retail,S002,ST0034_L,2026-03-28,11
Retail,S002,ST0015_XL,2026-03-28,6
Retail,S002,ST0005_M,2026-03-28,9
Retail,S002,ST0032_XL,2026-03-28,41
Retail,S002,ST0010_L,2026-03-28,46
Retail,S002,ST0024_M,2026-03-28,16
Retail,S002,ST0006_XL,2026-03-28,18
Retail,S002,ST0036_S,2026-03-28,39
Retail,S002,ST0001_M,2026-03-28,11
Retail,S002,ST0024_XL,2026-03-28,32
Retail,S002,ST0024_L,2026-03-28,39
Retail,S002,ST0008_S,2026-03-28,29
Retail,S002,ST0029_XL,2026-03-28,41
Retail,S003,ST0044_S,2026-03-28,49
Retail,S003,ST0046_S,2026-03-28,7
Retail,S003,ST0040_XL,2026-03-28,19
Retail,S003,ST0023_XL,2026-03-28,44
Retail,S003,ST0015_S,2026-03-28,22
Retail,S003,ST0044_XL,2026-03-28,36
Retail,S003,ST0002_M,2026-03-28,22
Retail,S003,ST0037_M,2026-03-28,47
Retail,S003,ST0022_M,2026-03-28,37
Retail,S003,ST0015_XL,2026-03-28,43
Retail,S003,ST0042_S,2026-03-28,1
Retail,S003,ST0012_L,2026-03-28,35
Retail,S003,ST0010_XL,2026-03-28,47
Retail,S003,ST0025_M,2026-03-28,8
Retail,S003,ST0039_XL,2026-03-28,41
Retail,S003,ST0031_M,2026-03-28,36
Retail,S003,ST0037_L,2026-03-28,48
Retail,S003,ST0006_XL,2026-03-28,29
Retail,S003,ST0018_XL,2026-03-28,4
Retail,S003,ST0020_S,2026-03-28,35
Retail,S004,ST0021_L,2026-03-28,15
Retail,S004,ST0044_S,2026-03-28,24
Retail,S004,ST0003_M,2026-03-28,45
Retail,S004,ST0006_S,2026-03-28,26
Retail,S004,ST0029_XL,2026-03-28,8
Retail,S004,ST0017_M,2026-03-28,37
Retail,S004,ST0027_L,2026-03-28,4
Retail,S004,ST0035_XL,2026-03-28,29
Retail,S004,ST0030_M,2026-03-28,16
Retail,S004,ST0024_XL,2026-03-28,20
Retail,S004,ST0013_M,2026-03-28,9
Retail,S004,ST0018_S,2026-03-28,36
Retail,S004,ST0049_XL,2026-03-28,44
Retail,S004,ST0028_L,2026-03-28,13
Retail,S004,ST0045_L,2026-03-28,19
Retail,S004,ST0014_M,2026-03-28,4
Retail,S004,ST0049_L,2026-03-28,34
Retail,S004,ST0004_M,2026-03-28,10
Retail,S004,ST0026_XL,2026-03-28,31
Retail,S004,ST0022_L,2026-03-28,31
Retail,S005,ST0009_S,2026-03-28,3
Retail,S005,ST0032_S,2026-03-28,0
Retail,S005,ST0018_S,2026-03-28,34
Retail,S005,ST0037_S,2026-03-28,42
Retail,S005,ST0027_L,2026-03-28,14
Retail,S005,ST0020_L,2026-03-28,39
Retail,S005,ST0017_L,2026-03-28,39
Retail,S005,ST0006_XL,2026-03-28,4
Retail,S005,ST0048_M,2026-03-28,9
Retail,S005,ST0015_XL,2026-03-28,11
Retail,S005,ST0025_XL,2026-03-28,33
Retail,S005,ST0034_S,2026-03-28,24
Retail,S005,ST0021_S,2026-03-28,3
Retail,S005,ST0045_S,2026-03-28,15
Retail,S005,ST0043_XL,2026-03-28,19
Retail,S005,ST0023_XL,2026-03-28,46
Retail,S005,ST0008_M,2026-03-28,9
Retail,S005,ST0038_M,2026-03-28,46
Retail,S005,ST0035_S,2026-03-28,35
Retail,S005,ST0039_S,2026-03-28,16
Retail,S006,ST0029_S,2026-03-28,46
Retail,S006,ST0039_M,2026-03-28,0
Retail,S006,ST0027_L,2026-03-28,3
Retail,S006,ST0003_M,2026-03-28,31
Retail,S006,ST0032_S,2026-03-28,49
Retail,S006,ST0007_S,2026-03-28,40
Retail,S006,ST0035_XL,2026-03-28,4
Retail,S006,ST0009_M,2026-03-28,27
Retail,S006,ST0034_M,2026-03-28,18
Retail,S006,ST0040_M,2026-03-28,11
Retail,S006,ST0007_M,2026-03-28,47
Retail,S006,ST0008_XL,2026-03-28,35
Retail,S006,ST0047_XL,2026-03-28,19
Retail,S006,ST0016_S,2026-03-28,19
Retail,S006,ST0040_S,2026-03-28,29
Retail,S006,ST0015_XL,2026-03-28,10
Retail,S006,ST0008_M,2026-03-28,21
Retail,S006,ST0044_XL,2026-03-28,28
Retail,S006,ST0017_M,2026-03-28,49
Retail,S006,ST0024_L,2026-03-28,8
Retail,S007,ST0021_M,2026-03-28,13
Retail,S007,ST0038_L,2026-03-28,27
Retail,S007,ST0018_XL,2026-03-28,25
Retail,S007,ST0042_L,2026-03-28,38
Retail,S007,ST0032_XL,2026-03-28,21
Retail,S007,ST0016_XL,2026-03-28,43
Retail,S007,ST0004_XL,2026-03-28,13
Retail,S007,ST0048_M,2026-03-28,23
Retail,S007,ST0043_XL,2026-03-28,15
Retail,S007,ST0004_L,2026-03-28,17
Retail,S007,ST0030_M,2026-03-28,47
Retail,S007,ST0024_M,2026-03-28,4
Retail,S007,ST0014_XL,2026-03-28,36
Retail,S007,ST0045_XL,2026-03-28,7
Retail,S007,ST0022_XL,2026-03-28,10
Retail,S007,ST0033_XL,2026-03-28,31
Retail,S007,ST0018_M,2026-03-28,1
Retail,S007,ST0011_S,2026-03-28,11
Retail,S007,ST0007_XL,2026-03-28,23
Retail,S007,ST0044_M,2026-03-28,30
Retail,S008,ST0013_S,2026-03-28,13
Retail,S008,ST0008_L,2026-03-28,48
Retail,S008,ST0025_M,2026-03-28,28
Retail,S008,ST0012_L,2026-03-28,30
Retail,S008,ST0001_XL,2026-03-28,35
Retail,S008,ST0041_L,2026-03-28,41
Retail,S008,ST0049_L,2026-03-28,15
Retail,S008,ST0022_M,2026-03-28,18
Retail,S008,ST0009_XL,2026-03-28,34
Retail,S008,ST0049_M,2026-03-28,6
Retail,S008,ST0040_S,2026-03-28,29
Retail,S008,ST0005_M,2026-03-28,32
Retail,S008,ST0040_M,2026-03-28,26
Retail,S008,ST0002_XL,2026-03-28,13
Retail,S008,ST0037_S,2026-03-28,17
Retail,S008,ST0030_S,2026-03-28,17
Retail,S008,ST0029_XL,2026-03-28,19
Retail,S008,ST0039_S,2026-03-28,15
Retail,S008,ST0028_XL,2026-03-28,7
Retail,S008,ST0040_L,2026-03-28,19
Retail,S009,ST0035_M,2026-03-28,18
Retail,S009,ST0044_XL,2026-03-28,13
Retail,S009,ST0016_S,2026-03-28,24
Retail,S009,ST0019_M,2026-03-28,21
Retail,S009,ST0045_XL,2026-03-28,5
Retail,S009,ST0027_S,2026-03-28,17
Retail,S009,ST0024_M,2026-03-28,0
Retail,S009,ST0011_S,2026-03-28,25
Retail,S009,ST0046_M,2026-03-28,34
Retail,S009,ST0030_XL,2026-03-28,46
Retail,S009,ST0025_L,2026-03-28,22
Retail,S009,ST0042_M,2026-03-28,13
Retail,S009,ST0003_S,2026-03-28,35
Retail,S009,ST0002_XL,2026-03-28,44
Retail,S009,ST0001_M,2026-03-28,23
Retail,S009,ST0010_M,2026-03-28,11
Retail,S009,ST0021_XL,2026-03-28,40
Retail,S009,ST0033_M,2026-03-28,7
Retail,S009,ST0049_L,2026-03-28,32
Retail,S009,ST0034_XL,2026-03-28,1
Retail,S010,ST0016_M,2026-03-28,9
Retail,S010,ST0007_S,2026-03-28,9
Retail,S010,ST0027_S,2026-03-28,23
Retail,S010,ST0026_L,2026-03-28,14
Retail,S010,ST0023_L,2026-03-28,30
Retail,S010,ST0012_S,2026-03-28,6
Retail,S010,ST0030_S,2026-03-28,4
Retail,S010,ST0014_L,2026-03-28,3
Retail,S010,ST0002_XL,2026-03-28,28
Retail,S010,ST0008_M,2026-03-28,28
Retail,S010,ST0009_S,2026-03-28,42
Retail,S010,ST0011_XL,2026-03-28,17
Retail,S010,ST0021_S,2026-03-28,25
Retail,S010,ST0032_XL,2026-03-28,17
Retail,S010,ST0004_S,2026-03-28,42
Retail,S010,ST0015_S,2026-03-28,32
Retail,S010,ST0033_L,2026-03-28,30
Retail,S010,ST0023_XL,2026-03-28,28
Retail,S010,ST0036_S,2026-03-28,49
Retail,S010,ST0047_XL,2026-03-28,34
Retail,S001,ST0012_XL,2026-03-29,38
Retail,S001,ST0045_XL,2026-03-29,6
Retail,S001,ST0013_L,2026-03-29,44
Retail,S001,ST0031_L,2026-03-29,10
Retail,S001,ST0046_L,2026-03-29,6
Retail,S001,ST0027_S,2026-03-29,35
Retail,S001,ST0046_M,2026-03-29,35
Retail,S001,ST0001_S,2026-03-29,25
Retail,S001,ST0045_L,2026-03-29,17
Retail,S001,ST0047_XL,2026-03-29,20
Retail,S001,ST0013_XL,2026-03-29,9
Retail,S001,ST0021_M,2026-03-29,13
Retail,S001,ST0012_M,2026-03-29,0
Retail,S001,ST0024_L,2026-03-29,36
Retail,S001,ST0033_XL,2026-03-29,21
Retail,S001,ST0022_M,2026-03-29,32
Retail,S001,ST0034_M,2026-03-29,28
Retail,S001,ST0046_XL,2026-03-29,0
Retail,S001,ST0018_L,2026-03-29,42
Retail,S001,ST0037_L,2026-03-29,15
Retail,S002,ST0003_M,2026-03-29,25
Retail,S002,ST0045_XL,2026-03-29,49
Retail,S002,ST0035_L,2026-03-29,29
Retail,S002,ST0029_XL,2026-03-29,24
Retail,S002,ST0020_XL,2026-03-29,15
Retail,S002,ST0021_M,2026-03-29,34
Retail,S002,ST0050_M,2026-03-29,9
Retail,S002,ST0017_L,2026-03-29,23
Retail,S002,ST0038_L,2026-03-29,28
Retail,S002,ST0007_XL,2026-03-29,30
Retail,S002,ST0029_L,2026-03-29,37
Retail,S002,ST0046_L,2026-03-29,10
Retail,S002,ST0047_L,2026-03-29,5
Retail,S002,ST0034_XL,2026-03-29,44
Retail,S002,ST0009_L,2026-03-29,28
Retail,S002,ST0044_L,2026-03-29,28
Retail,S002,ST0040_S,2026-03-29,15
Retail,S002,ST0029_S,2026-03-29,4
Retail,S002,ST0003_L,2026-03-29,20
Retail,S002,ST0024_L,2026-03-29,0
Retail,S003,ST0025_M,2026-03-29,44
Retail,S003,ST0032_M,2026-03-29,28
Retail,S003,ST0003_XL,2026-03-29,37
Retail,S003,ST0010_XL,2026-03-29,49
Retail,S003,ST0039_L,2026-03-29,29
Retail,S003,ST0049_S,2026-03-29,46
Retail,S003,ST0011_M,2026-03-29,36
Retail,S003,ST0014_XL,2026-03-29,33
Retail,S003,ST0047_XL,2026-03-29,48
Retail,S003,ST0018_XL,2026-03-29,26
Retail,S003,ST0040_L,2026-03-29,28
Retail,S003,ST0021_XL,2026-03-29,47
Retail,S003,ST0045_S,2026-03-29,36
Retail,S003,ST0044_L,2026-03-29,37
Retail,S003,ST0013_L,2026-03-29,14
Retail,S003,ST0016_M,2026-03-29,22
Retail,S003,ST0037_S,2026-03-29,39
Retail,S003,ST0016_L,2026-03-29,23
Retail,S003,ST0040_XL,2026-03-29,32
Retail,S003,ST0037_L,2026-03-29,34
Retail,S004,ST0001_L,2026-03-29,48
Retail,S004,ST0019_S,2026-03-29,48
Retail,S004,ST0023_M,2026-03-29,35
Retail,S004,ST0023_S,2026-03-29,13
Retail,S004,ST0025_S,2026-03-29,10
Retail,S004,ST0033_L,2026-03-29,2
Retail,S004,ST0041_XL,2026-03-29,3
Retail,S004,ST0003_XL,2026-03-29,30
Retail,S004,ST0038_S,2026-03-29,33
Retail,S004,ST0038_L,2026-03-29,15
Retail,S004,ST0034_M,2026-03-29,28
Retail,S004,ST0044_L,2026-03-29,37
Retail,S004,ST0033_XL,2026-03-29,26
Retail,S004,ST0017_S,2026-03-29,21
Retail,S004,ST0016_L,2026-03-29,17
Retail,S004,ST0031_M,2026-03-29,5
Retail,S004,ST0037_S,2026-03-29,13
Retail,S004,ST0002_L,2026-03-29,3
Retail,S004,ST0021_M,2026-03-29,20
Retail,S004,ST0045_M,2026-03-29,28
Retail,S005,ST0050_XL,2026-03-29,41
Retail,S005,ST0007_L,2026-03-29,2
Retail,S005,ST0035_XL,2026-03-29,8
Retail,S005,ST0048_XL,2026-03-29,20
Retail,S005,ST0008_XL,2026-03-29,19
Retail,S005,ST0043_XL,2026-03-29,29
Retail,S005,ST0039_M,2026-03-29,45
Retail,S005,ST0011_L,2026-03-29,28
Retail,S005,ST0027_L,2026-03-29,48
Retail,S005,ST0027_M,2026-03-29,33
Retail,S005,ST0021_XL,2026-03-29,15
Retail,S005,ST0040_M,2026-03-29,21
Retail,S005,ST0010_L,2026-03-29,36
Retail,S005,ST0010_M,2026-03-29,26
Retail,S005,ST0013_L,2026-03-29,24
Retail,S005,ST0018_M,2026-03-29,8
Retail,S005,ST0033_L,2026-03-29,23
Retail,S005,ST0037_XL,2026-03-29,1
Retail,S005,ST0042_M,2026-03-29,19
Retail,S005,ST0010_S,2026-03-29,33
Retail,S006,ST0042_L,2026-03-29,41
Retail,S006,ST0050_L,2026-03-29,1
Retail,S006,ST0032_L,2026-03-29,0
Retail,S006,ST0001_L,2026-03-29,38
Retail,S006,ST0021_S,2026-03-29,17
Retail,S006,ST0040_L,2026-03-29,14
Retail,S006,ST0009_M,2026-03-29,10
Retail,S006,ST0025_XL,2026-03-29,1
Retail,S006,ST0020_M,2026-03-29,26
Retail,S006,ST0036_XL,2026-03-29,34
Retail,S006,ST0003_M,2026-03-29,8
Retail,S006,ST0029_S,2026-03-29,25
Retail,S006,ST0021_XL,2026-03-29,7
Retail,S006,ST0041_L,2026-03-29,29
Retail,S006,ST0010_S,2026-03-29,44
Retail,S006,ST0040_XL,2026-03-29,43
Retail,S006,ST0042_M,2026-03-29,45
Retail,S006,ST0026_XL,2026-03-29,38
Retail,S006,ST0013_XL,2026-03-29,1
Retail,S006,ST0007_XL,2026-03-29,22
Retail,S007,ST0029_S,2026-03-29,21
Retail,S007,ST0024_XL,2026-03-29,42
Retail,S007,ST0009_M,2026-03-29,8
Retail,S007,ST0021_M,2026-03-29,23
Retail,S007,ST0004_M,2026-03-29,26
Retail,S007,ST0044_M,2026-03-29,28
Retail,S007,ST0038_M,2026-03-29,30
Retail,S007,ST0007_XL,2026-03-29,23
Retail,S007,ST0023_S,2026-03-29,22
Retail,S007,ST0047_M,2026-03-29,39
Retail,S007,ST0046_L,2026-03-29,47
Retail,S007,ST0027_L,2026-03-29,48
Retail,S007,ST0022_S,2026-03-29,32
Retail,S007,ST0014_M,2026-03-29,47
Retail,S007,ST0025_L,2026-03-29,16
Retail,S007,ST0033_XL,2026-03-29,42
Retail,S007,ST0032_L,2026-03-29,11
Retail,S007,ST0044_S,2026-03-29,6
Retail,S007,ST0006_XL,2026-03-29,42
Retail,S007,ST0009_S,2026-03-29,5
Retail,S008,ST0003_M,2026-03-29,34
Retail,S008,ST0049_L,2026-03-29,14
Retail,S008,ST0010_S,2026-03-29,32
Retail,S008,ST0033_XL,2026-03-29,19
Retail,S008,ST0034_S,2026-03-29,21
Retail,S008,ST0022_L,2026-03-29,2
Retail,S008,ST0043_S,2026-03-29,25
Retail,S008,ST0048_XL,2026-03-29,12
Retail,S008,ST0045_S,2026-03-29,22
Retail,S008,ST0004_XL,2026-03-29,42
Retail,S008,ST0035_XL,2026-03-29,34
Retail,S008,ST0007_S,2026-03-29,28
Retail,S008,ST0018_M,2026-03-29,44
Retail,S008,ST0049_S,2026-03-29,43
Retail,S008,ST0006_XL,2026-03-29,49
Retail,S008,ST0009_XL,2026-03-29,33
Retail,S008,ST0018_L,2026-03-29,14
Retail,S008,ST0033_M,2026-03-29,19
Retail,S008,ST0028_M,2026-03-29,40
Retail,S008,ST0018_XL,2026-03-29,15
Retail,S009,ST0006_L,2026-03-29,38
Retail,S009,ST0043_M,2026-03-29,17
Retail,S009,ST0041_M,2026-03-29,49
Retail,S009,ST0035_XL,2026-03-29,39
Retail,S009,ST0012_XL,2026-03-29,48
Retail,S009,ST0008_S,2026-03-29,48
Retail,S009,ST0036_XL,2026-03-29,2
Retail,S009,ST0004_S,2026-03-29,49
Retail,S009,ST0030_M,2026-03-29,45
Retail,S009,ST0038_S,2026-03-29,32
Retail,S009,ST0015_S,2026-03-29,16
Retail,S009,ST0017_L,2026-03-29,12
Retail,S009,ST0013_S,2026-03-29,22
Retail,S009,ST0032_M,2026-03-29,7
Retail,S009,ST0025_L,2026-03-29,7
Retail,S009,ST0029_XL,2026-03-29,24
Retail,S009,ST0046_M,2026-03-29,47
Retail,S009,ST0037_L,2026-03-29,32
Retail,S009,ST0027_M,2026-03-29,39
Retail,S009,ST0039_M,2026-03-29,49
Retail,S010,ST0024_L,2026-03-29,34
Retail,S010,ST0025_XL,2026-03-29,24
Retail,S010,ST0002_XL,2026-03-29,35
Retail,S010,ST0017_M,2026-03-29,9
Retail,S010,ST0015_S,2026-03-29,7
Retail,S010,ST0009_XL,2026-03-29,33
Retail,S010,ST0047_S,2026-03-29,31
Retail,S010,ST0030_L,2026-03-29,7
Retail,S010,ST0008_M,2026-03-29,13
Retail,S010,ST0004_L,2026-03-29,7
Retail,S010,ST0001_L,2026-03-29,12
Retail,S010,ST0028_S,2026-03-29,8
Retail,S010,ST0021_XL,2026-03-29,21
Retail,S010,ST0004_S,2026-03-29,30
Retail,S010,ST0014_M,2026-03-29,10
Retail,S010,ST0022_L,2026-03-29,20
Retail,S010,ST0040_L,2026-03-29,3
Retail,S010,ST0050_L,2026-03-29,12
Retail,S010,ST0013_M,2026-03-29,35
Retail,S010,ST0024_XL,2026-03-29,47
Retail,S001,ST0048_S,2026-03-30,4
Retail,S001,ST0049_M,2026-03-30,9
Retail,S001,ST0014_S,2026-03-30,32
Retail,S001,ST0003_XL,2026-03-30,7
Retail,S001,ST0016_S,2026-03-30,10
Retail,S001,ST0047_M,2026-03-30,12
Retail,S001,ST0027_S,2026-03-30,30
Retail,S001,ST0014_M,2026-03-30,21
Retail,S001,ST0017_S,2026-03-30,23
Retail,S001,ST0003_S,2026-03-30,30
Retail,S001,ST0018_S,2026-03-30,12
Retail,S001,ST0002_M,2026-03-30,25
Retail,S001,ST0041_S,2026-03-30,15
Retail,S001,ST0041_M,2026-03-30,2
Retail,S001,ST0021_XL,2026-03-30,43
Retail,S001,ST0048_L,2026-03-30,13
Retail,S001,ST0046_S,2026-03-30,19
Retail,S001,ST0050_XL,2026-03-30,22
Retail,S001,ST0031_M,2026-03-30,11
Retail,S001,ST0014_L,2026-03-30,25
Retail,S002,ST0009_S,2026-03-30,17
Retail,S002,ST0029_XL,2026-03-30,9
Retail,S002,ST0010_M,2026-03-30,39
Retail,S002,ST0048_S,2026-03-30,18
Retail,S002,ST0032_L,2026-03-30,33
Retail,S002,ST0017_XL,2026-03-30,0
Retail,S002,ST0024_M,2026-03-30,47
Retail,S002,ST0047_M,2026-03-30,31
Retail,S002,ST0013_L,2026-03-30,6
Retail,S002,ST0030_L,2026-03-30,33
Retail,S002,ST0014_M,2026-03-30,14
Retail,S002,ST0026_XL,2026-03-30,31
Retail,S002,ST0043_S,2026-03-30,39
Retail,S002,ST0022_M,2026-03-30,40
Retail,S002,ST0033_M,2026-03-30,26
Retail,S002,ST0018_S,2026-03-30,29
Retail,S002,ST0016_L,2026-03-30,11
Retail,S002,ST0014_L,2026-03-30,26
Retail,S002,ST0003_M,2026-03-30,35
Retail,S002,ST0032_M,2026-03-30,10
Retail,S003,ST0001_M,2026-03-30,31
Retail,S003,ST0029_XL,2026-03-30,4
Retail,S003,ST0028_L,2026-03-30,43
Retail,S003,ST0023_L,2026-03-30,17
Retail,S003,ST0018_L,2026-03-30,10
Retail,S003,ST0033_S,2026-03-30,8
Retail,S003,ST0027_S,2026-03-30,13
Retail,S003,ST0042_M,2026-03-30,37
Retail,S003,ST0038_S,2026-03-30,12
Retail,S003,ST0047_L,2026-03-30,14
Retail,S003,ST0049_M,2026-03-30,33
Retail,S003,ST0021_M,2026-03-30,37
Retail,S003,ST0031_S,2026-03-30,10
Retail,S003,ST0015_M,2026-03-30,5
Retail,S003,ST0002_M,2026-03-30,40
Retail,S003,ST0010_M,2026-03-30,17
Retail,S003,ST0035_S,2026-03-30,39
Retail,S003,ST0016_M,2026-03-30,32
Retail,S003,ST0042_L,2026-03-30,23
Retail,S003,ST0044_L,2026-03-30,39
Retail,S004,ST0001_M,2026-03-30,3
Retail,S004,ST0011_M,2026-03-30,43
Retail,S004,ST0044_XL,2026-03-30,34
Retail,S004,ST0014_M,2026-03-30,6
Retail,S004,ST0046_L,2026-03-30,13
Retail,S004,ST0001_XL,2026-03-30,42
Retail,S004,ST0016_M,2026-03-30,27
Retail,S004,ST0022_S,2026-03-30,6
Retail,S004,ST0043_M,2026-03-30,9
Retail,S004,ST0007_XL,2026-03-30,21
Retail,S004,ST0041_S,2026-03-30,33
Retail,S004,ST0008_XL,2026-03-30,38
Retail,S004,ST0011_L,2026-03-30,23
Retail,S004,ST0005_M,2026-03-30,38
Retail,S004,ST0035_S,2026-03-30,1
Retail,S004,ST0037_XL,2026-03-30,45
Retail,S004,ST0014_L,2026-03-30,7
Retail,S004,ST0015_S,2026-03-30,13
Retail,S004,ST0033_L,2026-03-30,39
Retail,S004,ST0023_XL,2026-03-30,14
Retail,S005,ST0029_M,2026-03-30,44
Retail,S005,ST0004_S,2026-03-30,19
Retail,S005,ST0009_L,2026-03-30,37
Retail,S005,ST0042_L,2026-03-30,6
Retail,S005,ST0035_S,2026-03-30,16
Retail,S005,ST0011_XL,2026-03-30,35
Retail,S005,ST0037_M,2026-03-30,38
Retail,S005,ST0043_M,2026-03-30,31
Retail,S005,ST0029_L,2026-03-30,38
Retail,S005,ST0048_S,2026-03-30,39
Retail,S005,ST0024_L,2026-03-30,46
Retail,S005,ST0013_S,2026-03-30,16
Retail,S005,ST0038_XL,2026-03-30,4
Retail,S005,ST0045_S,2026-03-30,42
Retail,S005,ST0041_S,2026-03-30,3
Retail,S005,ST0002_L,2026-03-30,16
Retail,S005,ST0023_L,2026-03-30,2
Retail,S005,ST0001_M,2026-03-30,11
Retail,S005,ST0016_M,2026-03-30,15
Retail,S005,ST0017_L,2026-03-30,15
Retail,S006,ST0029_XL,2026-03-30,12
Retail,S006,ST0006_XL,2026-03-30,6
Retail,S006,ST0050_S,2026-03-30,17
Retail,S006,ST0013_M,2026-03-30,38
Retail,S006,ST0004_M,2026-03-30,22
Retail,S006,ST0004_XL,2026-03-30,37
Retail,S006,ST0027_S,2026-03-30,29
Retail,S006,ST0039_XL,2026-03-30,2
Retail,S006,ST0024_S,2026-03-30,29
Retail,S006,ST0014_M,2026-03-30,9
Retail,S006,ST0032_M,2026-03-30,37
Retail,S006,ST0005_M,2026-03-30,23
Retail,S006,ST0031_L,2026-03-30,5
Retail,S006,ST0045_M,2026-03-30,1
Retail,S006,ST0044_L,2026-03-30,41
Retail,S006,ST0020_S,2026-03-30,18
Retail,S006,ST0050_XL,2026-03-30,9
Retail,S006,ST0034_L,2026-03-30,20
Retail,S006,ST0001_L,2026-03-30,36
Retail,S006,ST0021_M,2026-03-30,42
Retail,S007,ST0020_XL,2026-03-30,21
Retail,S007,ST0025_S,2026-03-30,38
Retail,S007,ST0032_S,2026-03-30,0
Retail,S007,ST0013_S,2026-03-30,15
Retail,S007,ST0048_L,2026-03-30,24
Retail,S007,ST0047_M,2026-03-30,31
Retail,S007,ST0034_M,2026-03-30,17
Retail,S007,ST0018_M,2026-03-30,5
Retail,S007,ST0036_L,2026-03-30,40
Retail,S007,ST0031_M,2026-03-30,8
Retail,S007,ST0012_M,2026-03-30,47
Retail,S007,ST0021_XL,2026-03-30,6
Retail,S007,ST0004_S,2026-03-30,48
Retail,S007,ST0040_M,2026-03-30,5
Retail,S007,ST0023_XL,2026-03-30,25
Retail,S007,ST0038_M,2026-03-30,31
Retail,S007,ST0030_L,2026-03-30,35
Retail,S007,ST0012_L,2026-03-30,20
Retail,S007,ST0011_L,2026-03-30,8
Retail,S007,ST0016_S,2026-03-30,9
Retail,S008,ST0022_L,2026-03-30,15
Retail,S008,ST0039_XL,2026-03-30,12
Retail,S008,ST0015_XL,2026-03-30,24
Retail,S008,ST0003_S,2026-03-30,32
Retail,S008,ST0006_S,2026-03-30,24
Retail,S008,ST0034_XL,2026-03-30,47
Retail,S008,ST0042_M,2026-03-30,47
Retail,S008,ST0010_L,2026-03-30,48
Retail,S008,ST0036_XL,2026-03-30,9
Retail,S008,ST0027_S,2026-03-30,23
Retail,S008,ST0011_XL,2026-03-30,31
Retail,S008,ST0001_M,2026-03-30,8
Retail,S008,ST0032_XL,2026-03-30,21
Retail,S008,ST0045_XL,2026-03-30,15
Retail,S008,ST0040_S,2026-03-30,11
Retail,S008,ST0046_L,2026-03-30,10
Retail,S008,ST0003_M,2026-03-30,1
Retail,S008,ST0016_L,2026-03-30,26
Retail,S008,ST0010_M,2026-03-30,24
Retail,S008,ST0020_M,2026-03-30,40
Retail,S009,ST0030_L,2026-03-30,49
Retail,S009,ST0049_S,2026-03-30,13
Retail,S009,ST0028_XL,2026-03-30,42
Retail,S009,ST0028_S,2026-03-30,42
Retail,S009,ST0013_S,2026-03-30,3
Retail,S009,ST0021_M,2026-03-30,5
Retail,S009,ST0021_XL,2026-03-30,44
Retail,S009,ST0019_S,2026-03-30,36
Retail,S009,ST0020_M,2026-03-30,13
Retail,S009,ST0006_M,2026-03-30,21
Retail,S009,ST0003_M,2026-03-30,49
Retail,S009,ST0041_M,2026-03-30,27
Retail,S009,ST0037_XL,2026-03-30,12
Retail,S009,ST0012_S,2026-03-30,44
Retail,S009,ST0009_XL,2026-03-30,16
Retail,S009,ST0016_M,2026-03-30,27
Retail,S009,ST0027_XL,2026-03-30,26
Retail,S009,ST0008_L,2026-03-30,45
Retail,S009,ST0031_M,2026-03-30,45
Retail,S009,ST0021_S,2026-03-30,37
Retail,S010,ST0021_S,2026-03-30,9
Retail,S010,ST0039_S,2026-03-30,9
Retail,S010,ST0015_S,2026-03-30,10
Retail,S010,ST0032_M,2026-03-30,1
Retail,S010,ST0033_XL,2026-03-30,5
Retail,S010,ST0039_L,2026-03-30,13
Retail,S010,ST0040_M,2026-03-30,33
Retail,S010,ST0044_S,2026-03-30,36
Retail,S010,ST0021_XL,2026-03-30,46
Retail,S010,ST0006_M,2026-03-30,19
Retail,S010,ST0017_L,2026-03-30,27
Retail,S010,ST0036_M,2026-03-30,48
Retail,S010,ST0003_XL,2026-03-30,14
Retail,S010,ST0018_L,2026-03-30,47
Retail,S010,ST0049_L,2026-03-30,26
Retail,S010,ST0005_XL,2026-03-30,8
Retail,S010,ST0019_M,2026-03-30,21
Retail,S010,ST0006_XL,2026-03-30,0
Retail,S010,ST0016_M,2026-03-30,18
Retail,S010,ST0005_M,2026-03-30,31
Retail,S001,ST0047_M,2026-03-31,41
Retail,S001,ST0039_XL,2026-03-31,17
Retail,S001,ST0006_M,2026-03-31,49
Retail,S001,ST0037_S,2026-03-31,11
Retail,S001,ST0025_L,2026-03-31,34
Retail,S001,ST0003_XL,2026-03-31,45
Retail,S001,ST0046_S,2026-03-31,9
Retail,S001,ST0029_M,2026-03-31,42
Retail,S001,ST0026_S,2026-03-31,34
Retail,S001,ST0007_L,2026-03-31,42
Retail,S001,ST0020_L,2026-03-31,37
Retail,S001,ST0013_L,2026-03-31,9
Retail,S001,ST0010_L,2026-03-31,44
Retail,S001,ST0039_L,2026-03-31,44
Retail,S001,ST0022_M,2026-03-31,9
Retail,S001,ST0003_L,2026-03-31,5
Retail,S001,ST0009_S,2026-03-31,23
Retail,S001,ST0034_S,2026-03-31,17
Retail,S001,ST0017_L,2026-03-31,46
Retail,S001,ST0039_M,2026-03-31,49
Retail,S002,ST0039_S,2026-03-31,12
Retail,S002,ST0046_S,2026-03-31,32
Retail,S002,ST0032_L,2026-03-31,32
Retail,S002,ST0020_S,2026-03-31,20
Retail,S002,ST0024_L,2026-03-31,24
Retail,S002,ST0040_L,2026-03-31,8
Retail,S002,ST0041_M,2026-03-31,18
Retail,S002,ST0008_S,2026-03-31,39
Retail,S002,ST0037_S,2026-03-31,23
Retail,S002,ST0009_XL,2026-03-31,19
Retail,S002,ST0021_XL,2026-03-31,31
Retail,S002,ST0022_S,2026-03-31,41
Retail,S002,ST0034_M,2026-03-31,28
Retail,S002,ST0031_L,2026-03-31,14
Retail,S002,ST0012_M,2026-03-31,14
Retail,S002,ST0040_S,2026-03-31,39
Retail,S002,ST0026_S,2026-03-31,25
Retail,S002,ST0050_S,2026-03-31,26
Retail,S002,ST0008_XL,2026-03-31,8
Retail,S002,ST0048_L,2026-03-31,34
Retail,S003,ST0028_S,2026-03-31,25
Retail,S003,ST0016_S,2026-03-31,40
Retail,S003,ST0002_M,2026-03-31,14
Retail,S003,ST0045_L,2026-03-31,27
Retail,S003,ST0026_L,2026-03-31,2
Retail,S003,ST0050_L,2026-03-31,24
Retail,S003,ST0021_L,2026-03-31,36
Retail,S003,ST0043_L,2026-03-31,11
Retail,S003,ST0006_XL,2026-03-31,4
Retail,S003,ST0050_S,2026-03-31,43
Retail,S003,ST0028_XL,2026-03-31,19
Retail,S003,ST0049_L,2026-03-31,47
Retail,S003,ST0013_XL,2026-03-31,47
Retail,S003,ST0020_XL,2026-03-31,6
Retail,S003,ST0022_S,2026-03-31,39
Retail,S003,ST0006_S,2026-03-31,23
Retail,S003,ST0046_XL,2026-03-31,20
Retail,S003,ST0041_L,2026-03-31,36
Retail,S003,ST0025_L,2026-03-31,41
Retail,S003,ST0007_L,2026-03-31,12
Retail,S004,ST0005_XL,2026-03-31,48
Retail,S004,ST0037_L,2026-03-31,8
Retail,S004,ST0048_L,2026-03-31,0
Retail,S004,ST0012_S,2026-03-31,3
Retail,S004,ST0016_L,2026-03-31,43
Retail,S004,ST0004_XL,2026-03-31,1
Retail,S004,ST0048_XL,2026-03-31,24
Retail,S004,ST0020_L,2026-03-31,27
Retail,S004,ST0008_M,2026-03-31,3
Retail,S004,ST0042_XL,2026-03-31,21
Retail,S004,ST0050_M,2026-03-31,18
Retail,S004,ST0027_L,2026-03-31,30
Retail,S004,ST0049_S,2026-03-31,16
Retail,S004,ST0049_XL,2026-03-31,34
Retail,S004,ST0013_XL,2026-03-31,44
Retail,S004,ST0045_M,2026-03-31,47
Retail,S004,ST0036_L,2026-03-31,17
Retail,S004,ST0032_M,2026-03-31,31
Retail,S004,ST0017_M,2026-03-31,30
Retail,S004,ST0025_XL,2026-03-31,17
Retail,S005,ST0038_S,2026-03-31,5
Retail,S005,ST0034_XL,2026-03-31,26
Retail,S005,ST0008_L,2026-03-31,49
Retail,S005,ST0027_S,2026-03-31,23
Retail,S005,ST0029_XL,2026-03-31,43
Retail,S005,ST0002_XL,2026-03-31,44
Retail,S005,ST0005_L,2026-03-31,20
Retail,S005,ST0033_XL,2026-03-31,31
Retail,S005,ST0015_XL,2026-03-31,19
Retail,S005,ST0008_XL,2026-03-31,48
Retail,S005,ST0020_L,2026-03-31,41
Retail,S005,ST0031_XL,2026-03-31,22
Retail,S005,ST0002_M,2026-03-31,40
Retail,S005,ST0019_L,2026-03-31,3
Retail,S005,ST0017_M,2026-03-31,42
Retail,S005,ST0019_XL,2026-03-31,45
Retail,S005,ST0028_L,2026-03-31,1
Retail,S005,ST0025_M,2026-03-31,13
Retail,S005,ST0016_L,2026-03-31,26
Retail,S005,ST0024_L,2026-03-31,39
Retail,S006,ST0008_S,2026-03-31,31
Retail,S006,ST0044_S,2026-03-31,23
Retail,S006,ST0008_M,2026-03-31,33
Retail,S006,ST0002_S,2026-03-31,36
Retail,S006,ST0004_M,2026-03-31,29
Retail,S006,ST0017_M,2026-03-31,44
Retail,S006,ST0010_L,2026-03-31,17
Retail,S006,ST0031_XL,2026-03-31,24
Retail,S006,ST0009_M,2026-03-31,25
Retail,S006,ST0042_L,2026-03-31,34
Retail,S006,ST0017_S,2026-03-31,7
Retail,S006,ST0009_L,2026-03-31,21
Retail,S006,ST0047_L,2026-03-31,11
Retail,S006,ST0008_XL,2026-03-31,47
Retail,S006,ST0011_S,2026-03-31,8
Retail,S006,ST0031_M,2026-03-31,46
Retail,S006,ST0007_S,2026-03-31,47
Retail,S006,ST0046_M,2026-03-31,11
Retail,S006,ST0049_S,2026-03-31,34
Retail,S006,ST0024_XL,2026-03-31,36
Retail,S007,ST0012_XL,2026-03-31,16
Retail,S007,ST0034_M,2026-03-31,13
Retail,S007,ST0040_L,2026-03-31,1
Retail,S007,ST0045_L,2026-03-31,11
Retail,S007,ST0004_S,2026-03-31,31
Retail,S007,ST0026_S,2026-03-31,15
Retail,S007,ST0024_L,2026-03-31,38
Retail,S007,ST0012_S,2026-03-31,14
Retail,S007,ST0018_M,2026-03-31,18
Retail,S007,ST0041_S,2026-03-31,28
Retail,S007,ST0028_M,2026-03-31,8
Retail,S007,ST0050_L,2026-03-31,4
Retail,S007,ST0041_XL,2026-03-31,2
Retail,S007,ST0036_S,2026-03-31,10
Retail,S007,ST0010_XL,2026-03-31,46
Retail,S007,ST0027_M,2026-03-31,17
Retail,S007,ST0031_L,2026-03-31,5
Retail,S007,ST0016_S,2026-03-31,20
Retail,S007,ST0023_XL,2026-03-31,1
Retail,S007,ST0007_M,2026-03-31,20
Retail,S008,ST0011_L,2026-03-31,19
Retail,S008,ST0027_M,2026-03-31,31
Retail,S008,ST0010_XL,2026-03-31,20
Retail,S008,ST0002_S,2026-03-31,24
Retail,S008,ST0012_XL,2026-03-31,19
Retail,S008,ST0050_XL,2026-03-31,6
Retail,S008,ST0020_M,2026-03-31,5
Retail,S008,ST0026_XL,2026-03-31,16
Retail,S008,ST0004_XL,2026-03-31,3
Retail,S008,ST0029_S,2026-03-31,4
Retail,S008,ST0005_S,2026-03-31,45
Retail,S008,ST0025_S,2026-03-31,5
Retail,S008,ST0023_M,2026-03-31,3
Retail,S008,ST0026_S,2026-03-31,10
Retail,S008,ST0036_S,2026-03-31,41
Retail,S008,ST0035_M,2026-03-31,37
Retail,S008,ST0002_L,2026-03-31,5
Retail,S008,ST0036_L,2026-03-31,17
Retail,S008,ST0037_L,2026-03-31,47
Retail,S008,ST0020_S,2026-03-31,8
Retail,S009,ST0027_L,2026-03-31,28
Retail,S009,ST0044_M,2026-03-31,32
Retail,S009,ST0025_L,2026-03-31,47
Retail,S009,ST0016_XL,2026-03-31,20
Retail,S009,ST0041_L,2026-03-31,16
Retail,S009,ST0006_M,2026-03-31,34
Retail,S009,ST0033_M,2026-03-31,49
Retail,S009,ST0020_L,2026-03-31,37
Retail,S009,ST0026_S,2026-03-31,21
Retail,S009,ST0023_XL,2026-03-31,16
Retail,S009,ST0031_L,2026-03-31,1
Retail,S009,ST0026_XL,2026-03-31,43
Retail,S009,ST0019_L,2026-03-31,43
Retail,S009,ST0010_S,2026-03-31,4
Retail,S009,ST0022_M,2026-03-31,25
Retail,S009,ST0035_L,2026-03-31,49
Retail,S009,ST0024_S,2026-03-31,41
Retail,S009,ST0044_XL,2026-03-31,26
Retail,S009,ST0022_L,2026-03-31,0
Retail,S009,ST0019_M,2026-03-31,6
Retail,S010,ST0012_S,2026-03-31,21
Retail,S010,ST0002_L,2026-03-31,25
Retail,S010,ST0049_M,2026-03-31,49
Retail,S010,ST0015_S,2026-03-31,22
Retail,S010,ST0028_M,2026-03-31,32
Retail,S010,ST0022_M,2026-03-31,18
Retail,S010,ST0025_S,2026-03-31,40
Retail,S010,ST0032_XL,2026-03-31,2
Retail,S010,ST0027_S,2026-03-31,5
Retail,S010,ST0041_S,2026-03-31,3
Retail,S010,ST0007_M,2026-03-31,17
Retail,S010,ST0006_M,2026-03-31,16
Retail,S010,ST0041_L,2026-03-31,43
Retail,S010,ST0009_M,2026-03-31,12
Retail,S010,ST0037_M,2026-03-31,5
Retail,S010,ST0040_XL,2026-03-31,34
Retail,S010,ST0019_M,2026-03-31,18
Retail,S010,ST0016_XL,2026-03-31,36
Retail,S010,ST0003_S,2026-03-31,13
Retail,S010,ST0034_XL,2026-03-31,5
